UID,PHYLUM,CLASS,ORDER,FAMILY,GENUS,TARGET_TAXON,TAXA_ID,TOTAL300,IS_DISTINCT300,LAT_DD83,LON_DD83,STRAH_CAT,EPA_REG,SITE_ID,YEAR,DATE_COL,VISIT_NO,SAMPLE_TYPE,MMI_BENT,BENT_MMI_COND
1002013,ARTHROPODA,INSECTA,COLEOPTERA,DYTISCIDAE,AGABUS,AGABUS,3420,4.0,1.0,39.12843,-95.65402,SmallStreams,Region_7,KSRS-1288,2013,4/30/2013,1,BERW,16.45,Poor
1002014,ARTHROPODA,INSECTA,DIPTERA,CHIRONOMIDAE,CHIRONOMUS,CHIRONOMUS,3582,5.0,1.0,32.40882122,-111.1606295,RiversOther,Region_9,AZR9-0903,2013,5/6/2013,1,BERW,11.4,Poor
1002015,ARTHROPODA,INSECTA,EPHEMEROPTERA,AMELETIDAE,AMELETUS,AMELETUS,3439,1.0,1.0,34.33749,-111.0138,SmallStreams,Region_9,AZSS-1115,2013,5/7/2013,1,BERW,43.67,Fair
1002016,ARTHROPODA,INSECTA,ODONATA,COENAGRIONIDAE,ARGIA,ARGIA,3476,1.0,1.0,39.49523,-97.2319,RiversMajor,Region_7,KSR9-0910,2013,5/6/2013,1,BERW,22.4,Fair
1002017,ARTHROPODA,INSECTA,DIPTERA,CHIRONOMIDAE,ABLABESMYIA,ABLABESMYIA,3406,6.0,1.0,34.86995,-112.0693,LargeStreams,Region_9,AZLS-1055,2013,5/8/2013,1,BERW,34.38,Poor
1002018,ARTHROPODA,ARACHNIDA,,,,ARACHNIDA,3472,1.0,1.0,37.17128,-96.84909,LargeStreams,Region_7,KSRS-1270,2013,5/13/2013,1,BERW,24.28,Poor
1002019,ARTHROPODA,INSECTA,DIPTERA,CHIRONOMIDAE,ABLABESMYIA,ABLABESMYIA,3406,3.0,1.0,37.84409,-96.85665,LargeStreams,Region_7,KSS9-0933,2013,5/14/2013,1,BERW,31.53,Fair
1002020,ARTHROPODA,INSECTA,DIPTERA,CERATOPOGONIDAE,,CERATOPOGONIDAE,3566,,,,,,,AZR9-0903,2013,,2,BERW,,
1002021,ARTHROPODA,MALACOSTRACA,AMPHIPODA,,,AMPHIPODA,3450,1.0,0.0,38.51354,-85.02908,RiversMajor,Region_4,KYRM-1006,2013,5/21/2013,1,BETB,27.8,Poor
1002022,ARTHROPODA,INSECTA,EPHEMEROPTERA,BAETIDAE,,BAETIDAE,3500,3.0,0.0,37.8236,-97.46279,RiversMajor,Region_7,KSR9-0902,2013,5/21/2013,1,BERW,19.3,Poor
1002023,ARTHROPODA,MALACOSTRACA,AMPHIPODA,,,AMPHIPODA,3450,28.0,0.0,38.68588,-85.17831,RiversMajor,Region_4,KYRM-1002,2013,5/22/2013,1,BETB,3.87,Poor
1002024,ARTHROPODA,INSECTA,DIPTERA,CHIRONOMIDAE,ABLABESMYIA,ABLABESMYIA,3406,1.0,1.0,34.42897768,-82.90527557,SmallStreams,Region_4,GAS9-0921,2013,5/21/2013,1,BERW,10.3,Poor
1002025,ARTHROPODA,INSECTA,PLECOPTERA,NEMOURIDAE,AMPHINEMURA,AMPHINEMURA,3449,,,33.92673274,-85.05046408,SmallStreams,Region_4,GAS9-0915,2013,5/23/2013,1,BERW,8.28,Poor
1002026,ARTHROPODA,INSECTA,DIPTERA,CHIRONOMIDAE,ABLABESMYIA,ABLABESMYIA,3406,1.0,1.0,40.59864,-79.75119,RiversMajor,Region_3,PARM-1005,2013,5/29/2013,1,BETB,14.83,Poor
1002027,ARTHROPODA,INSECTA,DIPTERA,CHIRONOMIDAE,ABLABESMYIA,ABLABESMYIA,3406,5.0,1.0,40.14887,-80.70356,RiversMajor,Region_5,OHRM-1002,2013,5/28/2013,1,BETB,6.07,Poor
1002028,ARTHROPODA,INSECTA,EPHEMEROPTERA,CAENIDAE,CAENIS,CAENIS,3542,2.0,1.0,40.76001,-79.54689,RiversMajor,Region_3,PARM-1001,2013,5/29/2013,1,BETB,17.93,Poor
1002029,ARTHROPODA,INSECTA,DIPTERA,TIPULIDAE,ANTOCHA,ANTOCHA,3465,18.0,1.0,41.04212,-74.0473,SmallStreams,Region_2,NJS9-0908,2013,6/2/2013,1,BERW,13.15,Poor
1002030,ARTHROPODA,INSECTA,DIPTERA,CHIRONOMIDAE,,CRICOTOPUS/ORTHOCLADIUS,3623,9.0,1.0,38.43501,-121.5249,RiversMajor,Region_9,CARM-1007,2013,6/3/2013,1,BETB,9.87,Poor
1002031,ARTHROPODA,MALACOSTRACA,AMPHIPODA,,,AMPHIPODA,3450,3.0,1.0,36.43346223,-111.8640926,RiversMajor,Region_9,AZR9-0902,2013,5/27/2013,1,BETB,29.02,Poor
1002032,ARTHROPODA,MALACOSTRACA,AMPHIPODA,,,AMPHIPODA,3450,2.0,1.0,36.08766461,-111.8706113,RiversMajor,Region_9,AZR9-0901,2013,5/30/2013,1,BETB,21.37,Poor
1002033,ARTHROPODA,MALACOSTRACA,AMPHIPODA,GAMMARIDAE,AMERICOROPHIUM,AMERICOROPHIUM,3442,8.0,1.0,37.90976,-121.3253,RiversMajor,Region_9,CARM-1003,2013,6/4/2013,1,BETB,5.57,Poor
1002034,ARTHROPODA,MALACOSTRACA,AMPHIPODA,,,AMPHIPODA,3450,3.0,0.0,40.75796,-74.16351,RiversOther,Region_2,NJRO-1019,2013,6/4/2013,1,BETB,0.0,Poor
1002035,ARTHROPODA,INSECTA,DIPTERA,CERATOPOGONIDAE,ATRICHOPOGON,ATRICHOPOGON,3491,1.0,1.0,30.57973,-94.99791,RiversMajor,Region_6,TXR9-0907,2013,6/4/2013,1,BETB,37.6,Poor
1002036,ARTHROPODA,INSECTA,DIPTERA,CHIRONOMIDAE,ABLABESMYIA,ABLABESMYIA,3406,1.0,1.0,32.80115995,-82.92292172,SmallStreams,Region_4,GAS9-0916,2013,6/4/2013,1,BERW,63.47,Good
1002037,ARTHROPODA,INSECTA,COLEOPTERA,DYTISCIDAE,AGABUS,AGABUS,3420,,,40.90226,-96.60626,SmallStreams,Region_7,NES9-0934,2013,6/5/2013,1,BERW,0.0,Poor
1002038,ARTHROPODA,INSECTA,COLEOPTERA,DYTISCIDAE,AGABUS,AGABUS,3420,1.0,1.0,39.35249,-99.83154,RiversOther,Region_7,KSRS-1261,2013,6/5/2013,1,BERW,16.97,Poor
1002039,ANNELIDA,OLIGOCHAETA,HAPLOTAXIDA,TUBIFICIDAE,AULODRILUS,AULODRILUS,3496,,,39.04576,-99.04318,RiversOther,Region_7,KSRS-1277,2013,6/5/2013,1,BERW,40.15,Good
1002040,ARTHROPODA,INSECTA,COLEOPTERA,HYDROPHILIDAE,BEROSUS,BEROSUS,3511,5.0,1.0,35.92582,-99.51525,RiversMajor,Region_6,OKR9-0901,2013,6/3/2013,1,BERW,24.4,Fair
1002041,ARTHROPODA,INSECTA,EPHEMEROPTERA,BAETIDAE,ACENTRELLA,ACENTRELLA,3407,13.0,1.0,41.75655,-77.5552,LargeStreams,Region_3,PALS-1091,2013,6/5/2013,1,BERW,90.87,Good
1002042,ARTHROPODA,INSECTA,DIPTERA,CHIRONOMIDAE,ABLABESMYIA,ABLABESMYIA,3406,1.0,1.0,40.91547,-74.08986,LargeStreams,Region_2,NJLS-1043,2013,6/5/2013,1,BERW,11.75,Poor
1002043,ARTHROPODA,INSECTA,DIPTERA,CHIRONOMIDAE,ABLABESMYIA,ABLABESMYIA,3406,5.0,1.0,38.85149,-75.66956,LargeStreams,Region_3,DELS-1036,2013,6/5/2013,1,BERW,32.67,Poor
1002044,ANNELIDA,OLIGOCHAETA,HAPLOTAXIDA,TUBIFICIDAE,AULODRILUS,AULODRILUS,3496,3.0,1.0,41.41566,-98.08897,LargeStreams,Region_7,NES9-0923,2013,6/4/2013,1,BERW,31.65,Fair
1002045,ANNELIDA,OLIGOCHAETA,HAPLOTAXIDA,TUBIFICIDAE,AULODRILUS,AULODRILUS,3496,1.0,1.0,41.67311,-97.67665,LargeStreams,Region_7,NES9-0930,2013,6/3/2013,1,BERW,0.0,Poor
1002046,ARTHROPODA,INSECTA,PLECOPTERA,PERLIDAE,ACRONEURIA,ACRONEURIA,3412,9.0,1.0,,,,,WVRF-0001,2013,,1,BERW,,
1002047,ARTHROPODA,INSECTA,ODONATA,COENAGRIONIDAE,ARGIA,ARGIA,3476,2.0,1.0,35.54539,-99.72271,SmallStreams,Region_6,OKS9-0935,2013,6/4/2013,1,BERW,31.32,Fair
1002048,ARTHROPODA,INSECTA,EPHEMEROPTERA,BAETIDAE,ACENTRELLA,ACENTRELLA,3407,7.0,1.0,41.60763,-77.50377,SmallStreams,Region_3,PAS9-0918,2013,6/6/2013,1,BERW,79.53,Good
1002049,ARTHROPODA,INSECTA,DIPTERA,CHIRONOMIDAE,ABLABESMYIA,ABLABESMYIA,3406,5.0,1.0,38.68908,-75.7699,LargeStreams,Region_3,MDS9-0914,2013,6/6/2013,1,BETB,19.75,Poor
1002050,ARTHROPODA,MALACOSTRACA,AMPHIPODA,,,AMPHIPODA,3450,82.0,0.0,41.27242,-74.84022,RiversMajor,Region_2,NJR9-0901,2013,6/6/2013,1,BETB,49.85,Good
1002051,ANNELIDA,OLIGOCHAETA,HAPLOTAXIDA,TUBIFICIDAE,AULODRILUS,AULODRILUS,3496,1.0,1.0,29.91047,-95.49178,SmallStreams,Region_6,TXS9-0926,2013,6/6/2013,1,BERW,18.03,Poor
1002052,ARTHROPODA,INSECTA,PLECOPTERA,NEMOURIDAE,AMPHINEMURA,AMPHINEMURA,3449,4.0,1.0,41.0507,-74.38407,SmallStreams,Region_2,NJSS-1082,2013,6/7/2013,1,BERW,14.67,Poor
1002053,ARTHROPODA,MALACOSTRACA,AMPHIPODA,,,AMPHIPODA,3450,247.0,0.0,40.90745,-74.30466,RiversOther,Region_2,NJRO-1020,2013,6/9/2013,1,BETB,8.28,Poor
1002054,ARTHROPODA,INSECTA,DIPTERA,CHIRONOMIDAE,ABLABESMYIA,ABLABESMYIA,3406,,,44.94257,-93.02145,SmallStreams,Region_5,MNSS-1171,2013,6/6/2013,1,BERW,28.68,Fair
1002056,MOLLUSCA,GASTROPODA,BASOMMATOPHORA,ANCYLIDAE,,ANCYLIDAE,3458,1.0,1.0,40.52159,-79.39899,LargeStreams,Region_3,PAS9-0923,2013,6/10/2013,1,BERW,22.53,Poor
1002057,ARTHROPODA,INSECTA,ODONATA,AESHNIDAE,,AESHNIDAE,3418,1.0,1.0,41.11046,-74.84292,LargeStreams,Region_2,NJS9-0909,2013,6/11/2013,1,BERW,10.92,Poor
1002058,ARTHROPODA,INSECTA,EPHEMEROPTERA,CAENIDAE,CAENIS,CAENIS,3542,4.0,1.0,40.79966,-98.43775,RiversOther,Region_7,NER9-0904,2013,6/10/2013,1,BERW,24.17,Fair
1002059,ARTHROPODA,INSECTA,DIPTERA,CHIRONOMIDAE,,CRICOTOPUS/ORTHOCLADIUS,3623,2.0,1.0,35.9166,-113.3347,RiversMajor,Region_9,AZRM-1002,2013,6/8/2013,1,BETB,44.73,Fair
1002060,ARTHROPODA,INSECTA,DIPTERA,CHIRONOMIDAE,ABLABESMYIA,ABLABESMYIA,3406,,,39.44732,-78.97643,RiversMajor,Region_3,MDRM-1003,2013,6/11/2013,1,BETB,28.18,Poor
1002061,ARTHROPODA,INSECTA,ODONATA,COENAGRIONIDAE,ARGIA,ARGIA,3476,1.0,1.0,36.73991,-114.206,RiversMajor,Region_9,NVRM-1001,2013,6/10/2013,1,BERW,18.55,Poor
1002062,ARTHROPODA,INSECTA,COLEOPTERA,HYDROPHILIDAE,BEROSUS,BEROSUS,3511,2.0,1.0,34.59159,-99.02375,RiversOther,Region_6,OKR9-0909,2013,6/11/2013,1,BERW,20.17,Poor
1002063,ARTHROPODA,INSECTA,DIPTERA,CHIRONOMIDAE,ABLABESMYIA,ABLABESMYIA,3406,1.0,1.0,34.83934,-98.306,SmallStreams,Region_6,OKS9-0931,2013,6/10/2013,1,BERW,16.57,Poor
1002064,ARTHROPODA,INSECTA,ODONATA,COENAGRIONIDAE,ARGIA,ARGIA,3476,1.0,1.0,40.84166,-99.74438,LargeStreams,Region_7,NELS-1074,2013,6/11/2013,1,BERW,19.45,Poor
1002065,ARTHROPODA,INSECTA,EPHEMEROPTERA,BAETIDAE,ACENTRELLA,ACENTRELLA,3407,3.0,1.0,41.51621,-79.32288,LargeStreams,Region_3,PALS-1090,2013,6/11/2013,1,BERW,74.75,Good
1002066,ARTHROPODA,ARACHNIDA,TROMBIDIFORMES,ARRENURIDAE,ARRENURUS,ARRENURUS,3481,,,38.43482,-95.74648,LargeStreams,Region_7,KSRS-1340,2013,6/10/2013,1,BERW,13.3,Poor
1002067,ARTHROPODA,INSECTA,DIPTERA,CHIRONOMIDAE,ACRICOTOPUS,ACRICOTOPUS,3411,2.0,1.0,46.31488,-101.6123,SmallStreams,Region_8,NDSS-1103,2013,6/11/2013,1,BERW,15.65,Poor
1002068,ARTHROPODA,INSECTA,DIPTERA,CHIRONOMIDAE,ABLABESMYIA,ABLABESMYIA,3406,4.0,1.0,32.78727,-96.87091,SmallStreams,Region_6,TXSS-1216,2013,6/12/2013,1,BERW,28.08,Fair
1002069,ARTHROPODA,INSECTA,DIPTERA,CHIRONOMIDAE,ABLABESMYIA,ABLABESMYIA,3406,2.0,1.0,33.75841,-97.29398,SmallStreams,Region_6,TXS9-0928,2013,6/11/2013,1,BERW,31.85,Fair
1002070,ARTHROPODA,INSECTA,DIPTERA,CHIRONOMIDAE,ABLABESMYIA,ABLABESMYIA,3406,7.0,1.0,37.39754,-95.67977,RiversOther,Region_7,KSR9-0906,2013,6/11/2013,1,BETB,56.73,Good
1002071,ARTHROPODA,INSECTA,COLEOPTERA,ELMIDAE,ANCYRONYX,ANCYRONYX,3459,1.0,1.0,,,,,WIRF-0011,2013,,1,BERW,,
1002072,ARTHROPODA,INSECTA,PLECOPTERA,PERLIDAE,ACRONEURIA,ACRONEURIA,3412,3.0,1.0,41.65698,-78.61148,SmallStreams,Region_3,PAS9-0922,2013,6/12/2013,1,BERW,50.98,Fair
1002073,ARTHROPODA,INSECTA,DIPTERA,CHIRONOMIDAE,ABLABESMYIA,ABLABESMYIA,3406,,,44.51765,-94.02858,SmallStreams,Region_5,MNS9-0933,2013,6/11/2013,1,BERW,26.78,Fair
1002074,ARTHROPODA,MALACOSTRACA,AMPHIPODA,,,AMPHIPODA,3450,24.0,0.0,40.5089,-74.46615,RiversMajor,Region_2,NJR9-0902,2013,6/12/2013,1,BETB,7.4,Poor
1002075,ARTHROPODA,INSECTA,COLEOPTERA,HYDROPHILIDAE,BEROSUS,BEROSUS,3511,3.0,1.0,34.88904,-99.37742,RiversOther,Region_6,OKRO-1089,2013,6/12/2013,1,BERW,4.03,Poor
1002076,ARTHROPODA,INSECTA,DIPTERA,CHIRONOMIDAE,ABLABESMYIA,ABLABESMYIA,3406,2.0,1.0,42.79337,-72.52477,RiversMajor,Region_1,VTR9-0901,2013,6/11/2013,1,BETB,11.58,Poor
1002078,ARTHROPODA,INSECTA,EPHEMEROPTERA,BAETIDAE,ACERPENNA,ACERPENNA,3408,1.0,1.0,,,,,WIRF-0006,2013,,1,BERW,,
1002079,ARTHROPODA,INSECTA,EPHEMEROPTERA,BAETIDAE,BAETIS,BAETIS,3501,3.0,1.0,46.27863,-100.2429,LargeStreams,Region_8,NDLS-1055,2013,6/12/2013,1,BERW,58.57,Good
1002080,ARTHROPODA,INSECTA,DIPTERA,TIPULIDAE,ANTOCHA,ANTOCHA,3465,2.0,1.0,38.06736595,-105.08476,LargeStreams,Region_8,COS9-0934,2013,6/11/2013,1,BERW,36.85,Fair
1002081,ARTHROPODA,INSECTA,ODONATA,COENAGRIONIDAE,ARGIA,ARGIA,3476,,,34.35671322,-119.0198808,SmallStreams,Region_9,CAR9-0902,2013,5/29/2013,1,BERW,30.9,Poor
1002082,ARTHROPODA,INSECTA,DIPTERA,CHIRONOMIDAE,ABLABESMYIA,ABLABESMYIA,3406,6.0,1.0,32.77924,-96.55449,SmallStreams,Region_6,TXS9-0936,2013,6/13/2013,1,BERW,43.6,Good
1002083,ARTHROPODA,INSECTA,DIPTERA,CERATOPOGONIDAE,,CERATOPOGONINAE,3567,1.0,1.0,44.40724,-93.61883,SmallStreams,Region_5,MNS9-0934,2013,6/12/2013,1,BERW,13.28,Poor
1002084,ARTHROPODA,INSECTA,EPHEMEROPTERA,CAENIDAE,CAENIS,CAENIS,3542,1.0,1.0,44.17742,-95.60563,SmallStreams,Region_5,MNSS-1175,2013,6/13/2013,1,BERW,16.7,Poor
1002085,ARTHROPODA,INSECTA,DIPTERA,CHIRONOMIDAE,ABLABESMYIA,ABLABESMYIA,3406,1.0,1.0,37.60461992,-103.6059701,RiversOther,Region_8,COR9-0903,2013,6/13/2013,1,BERW,15.98,Poor
1002086,ARTHROPODA,INSECTA,EPHEMEROPTERA,CAENIDAE,CAENIS,CAENIS,3542,,,39.63865572,-102.1136539,LargeStreams,Region_8,COS9-0926,2013,6/14/2013,1,BERW,39.32,Good
1002088,ARTHROPODA,INSECTA,COLEOPTERA,DYTISCIDAE,AGABUS,AGABUS,3420,30.0,1.0,39.54923086,-105.1317434,LargeStreams,Region_8,COS9-0929,2013,6/16/2013,1,BERW,7.75,Poor
1002089,ARTHROPODA,INSECTA,EPHEMEROPTERA,BAETIDAE,ACENTRELLA,ACENTRELLA,3407,12.0,1.0,44.43994,-72.71384,LargeStreams,Region_1,VTRS-1007,2013,6/17/2013,1,BERW,79.12,Good
1002090,ARTHROPODA,INSECTA,DIPTERA,CHIRONOMIDAE,ABLABESMYIA,ABLABESMYIA,3406,3.0,1.0,39.43248,-77.37975,RiversOther,Region_3,MDRO-1018,2013,6/17/2013,1,BETB,34.98,Fair
1002091,ARTHROPODA,INSECTA,DIPTERA,CHIRONOMIDAE,ABLABESMYIA,ABLABESMYIA,3406,1.0,1.0,,,,,MORF-0009,2013,,1,BERW,,
1002092,ARTHROPODA,INSECTA,DIPTERA,CHIRONOMIDAE,ABLABESMYIA,ABLABESMYIA,3406,2.0,1.0,34.36679167,-85.08705529,SmallStreams,Region_4,GAS9-0922,2013,6/18/2013,1,BERW,31.98,Fair
1002093,ARTHROPODA,INSECTA,DIPTERA,CHIRONOMIDAE,ABLABESMYIA,ABLABESMYIA,3406,2.0,1.0,46.79972,-101.1068,RiversOther,Region_8,NDR9-0907,2013,6/18/2013,1,BERW,56.2,Fair
1002094,ARTHROPODA,INSECTA,COLEOPTERA,HYDROPHILIDAE,BEROSUS,BEROSUS,3511,2.0,1.0,,,,,OKR9-0901,2013,,2,BERW,,
1002095,ARTHROPODA,INSECTA,EPHEMEROPTERA,POTAMANTHIDAE,ANTHOPOTAMUS,ANTHOPOTAMUS,3463,3.0,1.0,45.23426,-93.49636,RiversMajor,Region_5,MNR9-0912,2013,6/18/2013,1,BETB,30.47,Fair
1002096,ARTHROPODA,INSECTA,PLECOPTERA,PERLIDAE,ACRONEURIA,ACRONEURIA,3412,,,,,,,MIRF-0004,2013,,1,BERW,,
1002097,ARTHROPODA,INSECTA,PLECOPTERA,PERLIDAE,ACRONEURIA,ACRONEURIA,3412,,,39.26903,-77.44567,RiversOther,Region_3,MDRO-1015,2013,6/18/2013,1,BETB,39.78,Fair
1002098,ARTHROPODA,INSECTA,DIPTERA,CHIRONOMIDAE,ABLABESMYIA,ABLABESMYIA,3406,5.0,1.0,38.62014,-85.41854,SmallStreams,Region_4,KYS9-0919,2013,6/18/2013,1,BERW,15.0,Poor
1002099,ARTHROPODA,INSECTA,EPHEMEROPTERA,BAETIDAE,,BAETIDAE,3500,1.0,1.0,39.42728,-98.53949,RiversOther,Region_7,KSR9-0904,2013,6/17/2013,1,BERW,37.4,Good
1002100,ARTHROPODA,INSECTA,EPHEMEROPTERA,BAETIDAE,,BAETIDAE,3500,1.0,0.0,35.53,-99.13021,RiversMajor,Region_6,OKR9-0905,2013,6/18/2013,1,BERW,28.15,Fair
1002101,ARTHROPODA,INSECTA,DIPTERA,CHIRONOMIDAE,ABLABESMYIA,ABLABESMYIA,3406,10.0,1.0,,,,,MORF-0004,2013,,1,BERW,,
1002102,ANNELIDA,OLIGOCHAETA,HAPLOTAXIDA,TUBIFICIDAE,AULODRILUS,AULODRILUS,3496,,,40.37315,-81.21327,SmallStreams,Region_5,OHS9-0919,2013,6/18/2013,1,BERW,0.0,Poor
1002103,ARTHROPODA,INSECTA,DIPTERA,CHIRONOMIDAE,ABLABESMYIA,ABLABESMYIA,3406,8.0,1.0,33.35583,-86.60633,SmallStreams,Region_4,ALSS-1063,2013,6/19/2013,1,BERW,20.03,Poor
1002104,ARTHROPODA,INSECTA,PLECOPTERA,PERLIDAE,ACRONEURIA,ACRONEURIA,3412,1.0,1.0,,,,,MIRF-0003,2013,,1,BERW,,
1002105,ARTHROPODA,INSECTA,ODONATA,AESHNIDAE,,AESHNIDAE,3418,1.0,1.0,40.70663,-80.79918,SmallStreams,Region_5,OHS9-0914,2013,6/19/2013,1,BERW,19.6,Poor
1002106,ARTHROPODA,INSECTA,DIPTERA,CHIRONOMIDAE,ACRICOTOPUS,ACRICOTOPUS,3411,2.0,1.0,43.958,-99.04698,SmallStreams,Region_8,SDSS-1190,2013,6/19/2013,1,BERW,20.0,Poor
1002107,ARTHROPODA,ARACHNIDA,,,,ARACHNIDA,3472,1.0,0.0,43.86581,-72.17822,RiversMajor,Region_1,NHR9-0903,2013,6/19/2013,1,BETB,7.22,Poor
1002108,ARTHROPODA,INSECTA,COLEOPTERA,ELMIDAE,ANCYRONYX,ANCYRONYX,3459,,,42.01009,-72.63232,SmallStreams,Region_1,CTSS-1077,2013,6/19/2013,1,BERW,10.87,Poor
1002109,ARTHROPODA,MALACOSTRACA,ISOPODA,ASELLIDAE,CAECIDOTEA,CAECIDOTEA,3540,1.0,1.0,39.61589,-81.92661,LargeStreams,Region_5,OHLS-1071,2013,6/18/2013,1,BERW,2.82,Poor
1002110,ARTHROPODA,INSECTA,EPHEMEROPTERA,BAETIDAE,ACENTRELLA,ACENTRELLA,3407,,,39.07659753,-106.0063979,LargeStreams,Region_8,COS9-0924,2013,6/18/2013,1,BERW,25.87,Poor
1002111,ARTHROPODA,INSECTA,COLEOPTERA,PTILODACTYLIDAE,ANCHYTARSUS,ANCHYTARSUS,3457,7.0,1.0,34.30314742,-84.47051375,SmallStreams,Region_4,GAS9-0919,2013,6/19/2013,1,BERW,62.97,Good
1002112,ARTHROPODA,INSECTA,DIPTERA,CHIRONOMIDAE,ABLABESMYIA,ABLABESMYIA,3406,1.0,1.0,47.18226,-101.7943,SmallStreams,Region_8,NDSS-1106,2013,6/20/2013,1,BERW,39.1,Poor
1002113,ARTHROPODA,INSECTA,EPHEMEROPTERA,BAETIDAE,BAETIS,BAETIS,3501,91.0,1.0,,,,,UTRF-0004,2013,,1,BERW,,
1002114,ARTHROPODA,MALACOSTRACA,AMPHIPODA,,,AMPHIPODA,3450,2.0,0.0,39.57122,-84.66835,SmallStreams,Region_5,OHSS-1125,2013,6/20/2013,1,BERW,36.37,Fair
1002115,ARTHROPODA,MALACOSTRACA,AMPHIPODA,,,AMPHIPODA,3450,3.0,0.0,40.52083,-81.30616,RiversOther,Region_5,OHRO-1031,2013,6/20/2013,1,BETB,8.32,Poor
1002116,ARTHROPODA,INSECTA,DIPTERA,CHIRONOMIDAE,ABLABESMYIA,ABLABESMYIA,3406,1.0,1.0,,,,,MIRF-0002,2013,,1,BETB,,
1002117,ARTHROPODA,INSECTA,DIPTERA,CHIRONOMIDAE,ABLABESMYIA,ABLABESMYIA,3406,4.0,1.0,,,,,MORF-0005,2013,,1,BERW,,
1002118,ARTHROPODA,INSECTA,EPHEMEROPTERA,BAETIDAE,BAETIS,BAETIS,3501,4.0,1.0,42.5695,-84.5928,SmallStreams,Region_5,MIS9-0923,2013,6/19/2013,1,BERW,20.1,Poor
1002119,ARTHROPODA,MALACOSTRACA,AMPHIPODA,,,AMPHIPODA,3450,5.0,0.0,42.82857,-85.6665,SmallStreams,Region_5,MISS-1136,2013,6/20/2013,1,BERW,22.92,Fair
1002120,ARTHROPODA,INSECTA,DIPTERA,CHIRONOMIDAE,ABLABESMYIA,ABLABESMYIA,3406,2.0,1.0,,,,,TXS9-0926,2013,,2,BERW,,
1002121,ARTHROPODA,INSECTA,PLECOPTERA,PERLIDAE,AGNETINA,AGNETINA,3424,,,39.31389,-77.4119,RiversOther,Region_3,MDRO-1014,2013,6/21/2013,1,BETB,22.95,Poor
1002122,ARTHROPODA,INSECTA,DIPTERA,CHIRONOMIDAE,ABLABESMYIA,ABLABESMYIA,3406,3.0,1.0,32.93231611,-86.36246869,SmallStreams,Region_4,ALS9-0918,2013,6/20/2013,1,BERW,32.52,Fair
1002123,ARTHROPODA,INSECTA,DIPTERA,CHIRONOMIDAE,ABLABESMYIA,ABLABESMYIA,3406,2.0,1.0,33.11467,-87.11905,SmallStreams,Region_4,ALSS-1064,2013,6/21/2013,1,BERW,28.65,Poor
1002124,ARTHROPODA,MALACOSTRACA,AMPHIPODA,,,AMPHIPODA,3450,2.0,0.0,44.04151,-92.33874,SmallStreams,Region_5,MNS9-0929,2013,6/20/2013,1,BERW,13.98,Poor
1002125,ARTHROPODA,INSECTA,EPHEMEROPTERA,BAETIDAE,BAETIS,BAETIS,3501,43.0,1.0,40.7413,-115.5544,SmallStreams,Region_9,NVS9-0921,2013,6/18/2013,1,BERW,36.6,Poor
1002126,ARTHROPODA,INSECTA,EPHEMEROPTERA,BAETIDAE,ACENTRELLA,ACENTRELLA,3407,11.0,1.0,41.88666,-114.6866,RiversOther,Region_9,NVR9-0920,2013,6/20/2013,1,BERW,70.22,Good
1002127,ARTHROPODA,INSECTA,COLEOPTERA,HYDROPHILIDAE,ANACAENA,ANACAENA,3453,1.0,1.0,39.97946,-82.38165,SmallStreams,Region_5,OHS9-0922,2013,6/19/2013,1,BERW,34.05,Poor
1002128,ARTHROPODA,INSECTA,DIPTERA,CHIRONOMIDAE,MICROPSECTRA,MICROPSECTRA,3981,1.0,1.0,46.30527,-123.781,SmallStreams,Region_10,WASS-1140,2013,6/19/2013,1,BERW,9.0,Poor
1002129,ARTHROPODA,INSECTA,EPHEMEROPTERA,BAETIDAE,ACENTRELLA,ACENTRELLA,3407,20.0,1.0,37.06135096,-105.982904,LargeStreams,Region_8,COS9-0925,2013,6/19/2013,1,BERW,54.15,Fair
1002130,ARTHROPODA,MALACOSTRACA,DECAPODA,CAMBARIDAE,,CAMBARIDAE,3548,1.0,1.0,,,,,MIRF-0005,2013,,1,BETB,,
1002131,ARTHROPODA,INSECTA,ODONATA,AESHNIDAE,,AESHNIDAE,3418,1.0,1.0,46.83757,-123.3863,SmallStreams,Region_10,WAS9-0919,2013,6/20/2013,1,BERW,14.37,Poor
1002132,ARTHROPODA,INSECTA,EPHEMEROPTERA,BAETIDAE,BAETIS,BAETIS,3501,1.0,1.0,41.02829,-83.21295,RiversOther,Region_5,OHR9-0907,2013,6/23/2013,1,BETB,42.53,Good
1002133,ARTHROPODA,INSECTA,DIPTERA,CHIRONOMIDAE,ABLABESMYIA,ABLABESMYIA,3406,2.0,1.0,40.63326,-81.54266,RiversOther,Region_5,OHRO-1035,2013,6/23/2013,1,BETB,19.02,Poor
1002134,ARTHROPODA,INSECTA,EPHEMEROPTERA,BAETIDAE,ACENTRELLA,ACENTRELLA,3407,25.0,1.0,37.71406867,-106.8381694,LargeStreams,Region_8,COS9-0922,2013,6/20/2013,1,BERW,45.67,Fair
1002135,ARTHROPODA,INSECTA,DIPTERA,CHIRONOMIDAE,ABLABESMYIA,ABLABESMYIA,3406,3.0,1.0,39.74567,-81.84162,SmallStreams,Region_5,OHS9-0915,2013,6/20/2013,1,BERW,19.45,Poor
1002136,ARTHROPODA,INSECTA,DIPTERA,CHIRONOMIDAE,ABLABESMYIA,ABLABESMYIA,3406,1.0,1.0,41.2338,-84.59052,RiversMajor,Region_5,OHRM-1001,2013,6/24/2013,1,BETB,44.53,Good
1002137,ARTHROPODA,MALACOSTRACA,AMPHIPODA,,,AMPHIPODA,3450,82.0,0.0,40.88572,-76.80151,RiversMajor,Region_3,PAR9-0910,2013,6/24/2013,1,BETB,14.38,Poor
1002138,ARTHROPODA,INSECTA,EPHEMEROPTERA,CAENIDAE,CAENIS,CAENIS,3542,15.0,1.0,46.41794,-103.5124,LargeStreams,Region_8,NDS9-0938,2013,6/24/2013,1,BERW,35.48,Poor
1002139,ARTHROPODA,INSECTA,DIPTERA,CHIRONOMIDAE,ABLABESMYIA,ABLABESMYIA,3406,2.0,1.0,38.70221,-96.98346,LargeStreams,Region_7,KSRS-1269,2013,6/24/2013,1,BETB,26.08,Poor
1002140,ARTHROPODA,INSECTA,EPHEMEROPTERA,BAETIDAE,ACENTRELLA,ACENTRELLA,3407,17.0,1.0,,,,,VTRF-0002,2013,,1,BERW,,
1002141,ARTHROPODA,INSECTA,EPHEMEROPTERA,AMELETIDAE,AMELETUS,AMELETUS,3439,2.0,1.0,44.78541,-72.02854,SmallStreams,Region_1,VTRS-1004,2013,6/24/2013,1,BERW,69.8,Good
1002142,ARTHROPODA,ARACHNIDA,,,,ARACHNIDA,3472,1.0,0.0,35.34665559,-91.32230048,SmallStreams,Region_6,ARS9-0946,2013,6/24/2013,1,BERW,14.23,Poor
1002143,ARTHROPODA,INSECTA,DIPTERA,CHIRONOMIDAE,ABLABESMYIA,ABLABESMYIA,3406,4.0,1.0,33.26014982,-85.50357137,SmallStreams,Region_4,ALS9-0916,2013,6/24/2013,1,BERW,5.7,Poor
1002144,ARTHROPODA,INSECTA,DIPTERA,TIPULIDAE,ANTOCHA,ANTOCHA,3465,5.0,1.0,41.24697,-81.55581,RiversOther,Region_5,OHRO-1036,2013,6/24/2013,1,BERW,17.77,Poor
1002146,ARTHROPODA,INSECTA,DIPTERA,CHIRONOMIDAE,ABLABESMYIA,ABLABESMYIA,3406,5.0,1.0,39.72867,-75.68322,SmallStreams,Region_3,DESS-1085,2013,6/24/2013,1,BERW,21.72,Poor
1002161,ARTHROPODA,INSECTA,COLEOPTERA,HYDROPHILIDAE,ANACAENA,ANACAENA,3453,2.0,1.0,,,,,KSRF-0004,2013,,1,BERW,,
1002162,ARTHROPODA,INSECTA,DIPTERA,CHIRONOMIDAE,ABLABESMYIA,ABLABESMYIA,3406,4.0,1.0,48.10913,-96.11106,SmallStreams,Region_5,MNSS-1169,2013,6/25/2013,1,BERW,23.78,Poor
1002164,ARTHROPODA,INSECTA,EPHEMEROPTERA,AMELETIDAE,AMELETUS,AMELETUS,3439,4.0,1.0,38.55320856,-107.5189582,LargeStreams,Region_8,COS9-0920,2013,6/24/2013,1,BERW,33.18,Poor
1002165,ARTHROPODA,ARACHNIDA,TROMBIDIFORMES,ATURIDAE,ALBIA,ALBIA,3428,1.0,1.0,,,,,TXS9-0928,2013,,2,BERW,,
1002166,ARTHROPODA,INSECTA,EPHEMEROPTERA,CAENIDAE,CAENIS,CAENIS,3542,8.0,1.0,35.81455,-98.70209,RiversMajor,Region_6,OKR9-0913,2013,6/25/2013,1,BERW,17.73,Poor
1002167,ARTHROPODA,INSECTA,COLEOPTERA,DYTISCIDAE,AGABUS,AGABUS,3420,2.0,1.0,48.14321,-112.1246,SmallStreams,Region_8,MTS9-0934,2013,6/25/2013,1,BERW,23.0,Poor
1002168,ARTHROPODA,INSECTA,EPHEMEROPTERA,BAETIDAE,,BAETIDAE,3500,2.0,0.0,37.81354,-112.0533,RiversOther,Region_8,UTRO-1035,2013,6/25/2013,1,BERW,2.58,Poor
1002169,ARTHROPODA,INSECTA,COLEOPTERA,DYTISCIDAE,AGABUS,AGABUS,3420,1.0,1.0,41.95777,-115.8638,SmallStreams,Region_9,NVSS-1104,2013,6/25/2013,1,BERW,60.2,Good
1002170,ARTHROPODA,INSECTA,DIPTERA,CHIRONOMIDAE,ABLABESMYIA,ABLABESMYIA,3406,,,38.60545,-83.95593,LargeStreams,Region_4,KYS9-0924,2013,6/25/2013,1,BERW,18.08,Poor
1002171,ARTHROPODA,INSECTA,DIPTERA,CHIRONOMIDAE,ABLABESMYIA,ABLABESMYIA,3406,,,39.10386,-96.49063,LargeStreams,Region_7,KSRS-1336,2013,6/25/2013,1,BERW,35.92,Fair
1002172,ARTHROPODA,INSECTA,DIPTERA,CHIRONOMIDAE,ABLABESMYIA,ABLABESMYIA,3406,1.0,1.0,35.0758,-92.63969,RiversMajor,Region_6,ARRM-1004,2013,6/25/2013,1,BETB,22.3,Poor
1002173,ARTHROPODA,INSECTA,DIPTERA,CHIRONOMIDAE,ABLABESMYIA,ABLABESMYIA,3406,1.0,1.0,45.95829,-103.1202,RiversOther,Region_8,NDR9-0910,2013,6/25/2013,1,BERW,39.68,Poor
1002174,ARTHROPODA,INSECTA,DIPTERA,CHIRONOMIDAE,ABLABESMYIA,ABLABESMYIA,3406,2.0,1.0,,,,,WIRF-0008,2013,,1,BETB,,
1002175,ARTHROPODA,INSECTA,EPHEMEROPTERA,BAETIDAE,APOBAETIS,APOBAETIS,3468,1.0,1.0,34.34592,-96.69948,LargeStreams,Region_6,OKS9-0939,2013,6/25/2013,1,BERW,58.58,Good
1002176,ARTHROPODA,INSECTA,DIPTERA,CHIRONOMIDAE,ABLABESMYIA,ABLABESMYIA,3406,1.0,1.0,44.15643,-103.2287,LargeStreams,Region_8,SDS9-0938,2013,6/25/2013,1,BERW,52.07,Fair
1002177,ARTHROPODA,INSECTA,DIPTERA,CHIRONOMIDAE,ABLABESMYIA,ABLABESMYIA,3406,8.0,1.0,33.41281268,-86.75189942,RiversMajor,Region_4,ALR9-0904,2013,6/25/2013,1,BETB,41.0,Fair
1002178,ARTHROPODA,INSECTA,DIPTERA,CHIRONOMIDAE,ABLABESMYIA,ABLABESMYIA,3406,7.0,1.0,,,,,KSRF-0002,2013,,1,BERW,,
1002179,ARTHROPODA,INSECTA,COLEOPTERA,DYTISCIDAE,AGABUS,AGABUS,3420,2.0,1.0,47.09141,-120.3099,LargeStreams,Region_10,WALS-1070,2013,6/25/2013,1,BERW,52.65,Fair
1002180,ARTHROPODA,INSECTA,DIPTERA,CHIRONOMIDAE,ABLABESMYIA,ABLABESMYIA,3406,2.0,1.0,41.06235,-76.85619,RiversMajor,Region_3,PARM-1002,2013,6/26/2013,1,BETB,44.15,Fair
1002181,ARTHROPODA,ARACHNIDA,TROMBIDIFORMES,ARRENURIDAE,ARRENURUS,ARRENURUS,3481,,,37.43042,-112.3516,SmallStreams,Region_8,UTSS-1107,2013,6/26/2013,1,BERW,19.98,Poor
1002182,ARTHROPODA,MALACOSTRACA,DECAPODA,CAMBARIDAE,,CAMBARIDAE,3548,3.0,0.0,40.31965,-84.63034,SmallStreams,Region_5,OHSS-1124,2013,6/26/2013,1,BERW,13.8,Poor
1002183,ARTHROPODA,INSECTA,EPHEMEROPTERA,BAETIDAE,ACENTRELLA,ACENTRELLA,3407,14.0,1.0,47.72172,-112.4911,LargeStreams,Region_8,MTS9-0941,2013,6/26/2013,1,BERW,85.98,Good
1002184,ARTHROPODA,INSECTA,DIPTERA,CHIRONOMIDAE,ACRICOTOPUS,ACRICOTOPUS,3411,1.0,1.0,45.98051,-102.8498,SmallStreams,Region_8,NDSS-1105,2013,6/26/2013,1,BERW,16.78,Poor
1002185,ARTHROPODA,INSECTA,DIPTERA,CHIRONOMIDAE,ABLABESMYIA,ABLABESMYIA,3406,,,39.62421,-78.42927,RiversMajor,Region_3,MDR9-0905,2013,6/26/2013,1,BETB,61.28,Good
1002186,ARTHROPODA,INSECTA,DIPTERA,CHIRONOMIDAE,ABLABESMYIA,ABLABESMYIA,3406,2.0,1.0,33.05566,-97.25306,RiversOther,Region_6,TXR9-0903,2013,6/26/2013,1,BERW,48.27,Good
1002187,ARTHROPODA,INSECTA,EPHEMEROPTERA,BAETIDAE,ACENTRELLA,ACENTRELLA,3407,,,,,,,WIRF-0002,2013,,1,BETB,,
1002188,ARTHROPODA,MALACOSTRACA,AMPHIPODA,,,AMPHIPODA,3450,5.0,0.0,45.48478,-122.9599,RiversOther,Region_10,ORR9-0912,2013,6/26/2013,1,BETB,9.13,Poor
1002189,ARTHROPODA,INSECTA,DIPTERA,CHIRONOMIDAE,ABLABESMYIA,ABLABESMYIA,3406,1.0,1.0,41.8773,-115.6285,LargeStreams,Region_9,NVS9-0926,2013,6/26/2013,1,BERW,60.8,Good
1002190,ARTHROPODA,ARACHNIDA,TROMBIDIFORMES,ARRENURIDAE,ARRENURUS,ARRENURUS,3481,1.0,1.0,41.79621,-80.91776,SmallStreams,Region_5,OHS9-0920,2013,6/26/2013,1,BERW,11.95,Poor
1002191,ARTHROPODA,INSECTA,DIPTERA,CERATOPOGONIDAE,,CERATOPOGONINAE,3567,6.0,1.0,35.92491,-97.86391,RiversMajor,Region_6,OKR9-0908,2013,6/26/2013,1,BERW,5.13,Poor
1002192,ARTHROPODA,INSECTA,DIPTERA,CHIRONOMIDAE,ABLABESMYIA,ABLABESMYIA,3406,3.0,1.0,34.22208,-96.70688,RiversMajor,Region_6,OKR9-0911,2013,6/26/2013,1,BETB,41.65,Good
1002193,ARTHROPODA,INSECTA,COLEOPTERA,DYTISCIDAE,AGABUS,AGABUS,3420,1.0,1.0,43.98931,-103.7802,SmallStreams,Region_8,SDSS-1191,2013,6/26/2013,1,BERW,4.77,Poor
1002194,ARTHROPODA,INSECTA,DIPTERA,CHIRONOMIDAE,ABLABESMYIA,ABLABESMYIA,3406,3.0,1.0,38.68525,-85.24408,SmallStreams,Region_4,KYSS-1080,2013,6/26/2013,1,BERW,26.0,Poor
1002204,ARTHROPODA,INSECTA,EPHEMEROPTERA,BAETIDAE,ACENTRELLA,ACENTRELLA,3407,12.0,1.0,44.62931,-72.03325,SmallStreams,Region_1,VTS9-0917,2013,6/26/2013,1,BERW,50.65,Fair
1002205,ARTHROPODA,INSECTA,DIPTERA,CHIRONOMIDAE,ABLABESMYIA,ABLABESMYIA,3406,3.0,1.0,,,,,VARF-0004,2013,,1,BERW,,
1002206,ARTHROPODA,ARACHNIDA,,,,ARACHNIDA,3472,,,48.65556,-94.98697,SmallStreams,Region_5,MNS9-0932,2013,6/26/2013,1,BERW,15.72,Poor
1002207,ANNELIDA,OLIGOCHAETA,HAPLOTAXIDA,TUBIFICIDAE,AULODRILUS,AULODRILUS,3496,2.0,1.0,32.49662,-97.35227,SmallStreams,Region_6,TXS9-0940,2013,6/27/2013,1,BERW,16.45,Poor
1002208,ARTHROPODA,MALACOSTRACA,AMPHIPODA,,,AMPHIPODA,3450,13.0,0.0,39.31512,-77.65539,RiversMajor,Region_3,MDRM-1004,2013,6/27/2013,1,BETB,40.92,Fair
1002209,ARTHROPODA,INSECTA,DIPTERA,CHIRONOMIDAE,ABLABESMYIA,ABLABESMYIA,3406,6.0,1.0,30.32848,-90.84382,RiversOther,Region_6,LAR9-0915,2013,6/26/2013,1,BETB,22.42,Poor
1002210,ARTHROPODA,INSECTA,EPHEMEROPTERA,AMELETIDAE,AMELETUS,AMELETUS,3439,3.0,1.0,39.16392,-107.8062,LargeStreams,Region_8,COLS-1060,2013,6/26/2013,1,BERW,28.33,Poor
1002211,ARTHROPODA,INSECTA,EPHEMEROPTERA,BAETIDAE,BAETIS,BAETIS,3501,,,47.74657,-112.3342,LargeStreams,Region_8,MTLS-1140,2013,6/27/2013,1,BERW,60.35,Good
1002212,ARTHROPODA,INSECTA,DIPTERA,CHIRONOMIDAE,ABLABESMYIA,ABLABESMYIA,3406,12.0,1.0,32.91383014,-87.5326477,SmallStreams,Region_4,ALS9-0919,2013,6/27/2013,1,BERW,42.25,Fair
1002213,ARTHROPODA,INSECTA,DIPTERA,CHIRONOMIDAE,ABLABESMYIA,ABLABESMYIA,3406,1.0,1.0,39.80551126,-108.6537634,LargeStreams,Region_8,COS9-0928,2013,6/27/2013,1,BERW,43.25,Fair
1002214,ARTHROPODA,INSECTA,DIPTERA,CHIRONOMIDAE,ABLABESMYIA,ABLABESMYIA,3406,2.0,1.0,,,,,KSRF-0003,2013,,1,BERW,,
1002215,ARTHROPODA,INSECTA,EPHEMEROPTERA,BAETIDAE,ACENTRELLA,ACENTRELLA,3407,36.0,1.0,38.93422,-107.3195,LargeStreams,Region_8,COLS-1064,2013,6/25/2013,1,BERW,51.52,Good
1002216,ARTHROPODA,MALACOSTRACA,ISOPODA,ASELLIDAE,CAECIDOTEA,CAECIDOTEA,3540,1.0,1.0,42.54559,-83.31093,SmallStreams,Region_5,MIS9-0934,2013,6/25/2013,1,BERW,2.43,Poor
1002217,ARTHROPODA,INSECTA,COLEOPTERA,DYTISCIDAE,AGABUS,AGABUS,3420,1.0,1.0,37.74306,-112.0986,RiversOther,Region_8,UTR9-0904,2013,6/27/2013,1,BERW,7.48,Poor
1002218,ARTHROPODA,INSECTA,DIPTERA,CHIRONOMIDAE,ABLABESMYIA,ABLABESMYIA,3406,29.0,1.0,30.57775,-91.52159,LargeStreams,Region_6,LALS-1038,2013,6/24/2013,1,BERW,16.57,Poor
1002219,ARTHROPODA,INSECTA,DIPTERA,CHIRONOMIDAE,ABLABESMYIA,ABLABESMYIA,3406,5.0,1.0,,,,,MIRF-0001,2013,,1,BETB,,
1002220,ARTHROPODA,INSECTA,DIPTERA,CHIRONOMIDAE,ABLABESMYIA,ABLABESMYIA,3406,5.0,1.0,43.14515,-71.18604,SmallStreams,Region_1,NHS9-0912,2013,6/27/2013,1,BERW,22.23,Poor
1002221,ARTHROPODA,ARACHNIDA,,,,ARACHNIDA,3472,2.0,0.0,48.03553,-92.90707,SmallStreams,Region_5,MNS9-0935,2013,6/27/2013,1,BERW,26.38,Fair
1002222,ARTHROPODA,INSECTA,EPHEMEROPTERA,AMELETIDAE,AMELETUS,AMELETUS,3439,1.0,1.0,45.21177,-121.8471,SmallStreams,Region_10,ORS9-0932,2013,6/27/2013,1,BERW,65.25,Good
1002223,ARTHROPODA,INSECTA,DIPTERA,CHIRONOMIDAE,ABLABESMYIA,ABLABESMYIA,3406,1.0,1.0,35.54235,-93.16002,RiversOther,Region_6,ARRO-1021,2013,6/27/2013,1,BERW,49.93,Good
1002224,ARTHROPODA,INSECTA,DIPTERA,CHIRONOMIDAE,ABLABESMYIA,ABLABESMYIA,3406,2.0,1.0,41.55244,-116.196,LargeStreams,Region_9,NVLS-1046,2013,6/27/2013,1,BERW,35.22,Poor
1002225,ARTHROPODA,INSECTA,DIPTERA,CHIRONOMIDAE,ABLABESMYIA,ABLABESMYIA,3406,5.0,1.0,41.24414,-87.11566,SmallStreams,Region_5,INSS-1089,2013,6/27/2013,1,BERW,32.5,Fair
1002226,ANNELIDA,OLIGOCHAETA,HAPLOTAXIDA,TUBIFICIDAE,AULODRILUS,AULODRILUS,3496,1.0,1.0,42.55559,-82.98477,LargeStreams,Region_5,MIS9-0924,2013,6/26/2013,1,BERW,0.0,Poor
1002227,ARTHROPODA,INSECTA,EPHEMEROPTERA,BAETIDAE,ACERPENNA,ACERPENNA,3408,3.0,1.0,,,,,WIRF-0003,2013,,1,BETB,,
1002228,ARTHROPODA,INSECTA,DIPTERA,CHIRONOMIDAE,ABLABESMYIA,ABLABESMYIA,3406,2.0,1.0,33.01342,-87.08608,RiversMajor,Region_4,ALRM-1003,2013,6/28/2013,1,BETB,63.67,Good
1002229,ARTHROPODA,INSECTA,DIPTERA,CHIRONOMIDAE,ABLABESMYIA,ABLABESMYIA,3406,5.0,1.0,39.98812383,-108.7779574,RiversOther,Region_8,COR9-0901,2013,6/28/2013,1,BERW,34.42,Poor
1002230,ARTHROPODA,MALACOSTRACA,DECAPODA,CAMBARIDAE,,CAMBARIDAE,3548,2.0,1.0,41.19717,-84.70796,RiversMajor,Region_5,OHRM-1005,2013,6/30/2013,1,BETB,9.95,Poor
1002231,ARTHROPODA,INSECTA,EPHEMEROPTERA,AMELETIDAE,AMELETUS,AMELETUS,3439,,,47.13147,-123.7646,LargeStreams,Region_10,WALS-1072,2013,6/30/2013,1,BERW,44.02,Fair
1002232,ARTHROPODA,INSECTA,DIPTERA,CHIRONOMIDAE,ABLABESMYIA,ABLABESMYIA,3406,2.0,1.0,34.50734375,-88.05036704,LargeStreams,Region_4,ALS9-0922,2013,6/30/2013,1,BERW,31.02,Poor
1002233,ARTHROPODA,INSECTA,DIPTERA,CHIRONOMIDAE,ABLABESMYIA,ABLABESMYIA,3406,1.0,1.0,,,,,MDS9-0914,2013,,2,BETB,,
1002235,ARTHROPODA,INSECTA,DIPTERA,CHIRONOMIDAE,ABLABESMYIA,ABLABESMYIA,3406,1.0,1.0,41.39327,-84.29579,SmallStreams,Region_5,OHSS-1123,2013,7/1/2013,1,BERW,24.6,Poor
1002236,ARTHROPODA,INSECTA,ODONATA,AESHNIDAE,,AESHNIDAE,3418,1.0,1.0,41.39956,-97.15694,LargeStreams,Region_7,NES9-0928,2013,7/1/2013,1,BERW,44.3,Good
1002237,ARTHROPODA,INSECTA,DIPTERA,CHIRONOMIDAE,ABLABESMYIA,ABLABESMYIA,3406,5.0,1.0,36.958,-97.42192,RiversOther,Region_6,OKR9-0902,2013,7/1/2013,1,BETB,29.28,Fair
1002238,ARTHROPODA,INSECTA,EPHEMEROPTERA,BAETIDAE,ACENTRELLA,ACENTRELLA,3407,,,46.53776,-122.0414,SmallStreams,Region_10,WAS9-0918,2013,7/1/2013,1,BERW,53.23,Good
1002239,ARTHROPODA,INSECTA,DIPTERA,CHIRONOMIDAE,ABLABESMYIA,ABLABESMYIA,3406,1.0,1.0,29.89733,-90.68334,LargeStreams,Region_6,LAS9-0944,2013,7/1/2013,1,BETB,21.88,Poor
1002240,ARTHROPODA,INSECTA,DIPTERA,CHIRONOMIDAE,ABLABESMYIA,ABLABESMYIA,3406,1.0,1.0,39.81091,-75.56715,SmallStreams,Region_3,DESS-1081,2013,7/1/2013,1,BERW,34.68,Fair
1002241,ARTHROPODA,INSECTA,DIPTERA,CHIRONOMIDAE,ABLABESMYIA,ABLABESMYIA,3406,1.0,1.0,,,,,NES9-0934,2013,,2,BERW,,
1002242,ARTHROPODA,INSECTA,EPHEMEROPTERA,CAENIDAE,CAENIS,CAENIS,3542,12.0,1.0,,,,,KSR9-0904,2013,,2,BERW,,
1002243,ARTHROPODA,INSECTA,EPHEMEROPTERA,BAETIDAE,ACENTRELLA,ACENTRELLA,3407,,,44.24753,-120.8595,RiversOther,Region_10,ORR9-0910,2013,7/2/2013,1,BERW,41.98,Fair
1002244,ARTHROPODA,INSECTA,TRICHOPTERA,BRACHYCENTRIDAE,BRACHYCENTRUS,BRACHYCENTRUS,3526,1.0,1.0,47.16789,-102.6458,LargeStreams,Region_8,NDS9-0941,2013,7/2/2013,1,BERW,26.05,Poor
1002245,ARTHROPODA,INSECTA,DIPTERA,CHIRONOMIDAE,ABLABESMYIA,ABLABESMYIA,3406,4.0,1.0,,,,,ALRF-0003,2013,,1,BERW,,
1002246,ANNELIDA,OLIGOCHAETA,HAPLOTAXIDA,NAIDIDAE,CHAETOGASTER,CHAETOGASTER,3572,2.0,1.0,42.9393,-115.7014,RiversMajor,Region_10,IDRM-1001,2013,7/1/2013,1,BETB,7.15,Poor
1002247,ARTHROPODA,INSECTA,DIPTERA,CHIRONOMIDAE,ABLABESMYIA,ABLABESMYIA,3406,2.0,1.0,42.525315,-115.490775,RiversOther,Region_10,IDR9-0903,2013,7/2/2013,1,BERW,44.88,Fair
1002248,ARTHROPODA,ARACHNIDA,,,,ARACHNIDA,3472,,,42.5756575,-113.6292099,RiversMajor,Region_10,IDR9-0901,2013,7/3/2013,1,BETB,18.13,Poor
1002249,ARTHROPODA,INSECTA,COLEOPTERA,HYDROPHILIDAE,BEROSUS,BEROSUS,3511,1.0,1.0,36.05503,-98.12901,RiversMajor,Region_6,OKR9-0906,2013,7/2/2013,1,BERW,11.77,Poor
1002250,ARTHROPODA,INSECTA,ODONATA,COENAGRIONIDAE,ARGIA,ARGIA,3476,,,40.19137,-117.2531,LargeStreams,Region_9,NVLS-1048,2013,7/2/2013,1,BERW,49.63,Fair
1002251,ARTHROPODA,INSECTA,DIPTERA,CHIRONOMIDAE,ABLABESMYIA,ABLABESMYIA,3406,1.0,1.0,39.19519,-117.3465,RiversOther,Region_9,NVRO-1020,2013,7/3/2013,1,BERW,34.22,Poor
1002252,ARTHROPODA,INSECTA,DIPTERA,CHIRONOMIDAE,ABLABESMYIA,ABLABESMYIA,3406,1.0,1.0,,,,,NJS9-0909,2013,,2,BERW,,
1002253,ARTHROPODA,INSECTA,EPHEMEROPTERA,BAETIDAE,ACENTRELLA,ACENTRELLA,3407,4.0,1.0,43.69342,-115.6677,RiversOther,Region_10,IDRO-1034,2013,7/7/2013,1,BETB,53.57,Good
1002255,ARTHROPODA,INSECTA,DIPTERA,CHIRONOMIDAE,ABLABESMYIA,ABLABESMYIA,3406,1.0,1.0,47.09669,-101.8017,LargeStreams,Region_8,NDS9-0943,2013,7/8/2013,1,BERW,57.1,Good
1002256,ARTHROPODA,INSECTA,DIPTERA,CHIRONOMIDAE,ABLABESMYIA,ABLABESMYIA,3406,2.0,1.0,,,,,NJR9-0901,2013,,2,BETB,,
1002257,ARTHROPODA,INSECTA,EPHEMEROPTERA,BAETIDAE,ACENTRELLA,ACENTRELLA,3407,,,43.96347066,-116.1891543,RiversOther,Region_10,IDR9-0906,2013,7/8/2013,1,BETB,23.02,Poor
1002258,ARTHROPODA,INSECTA,DIPTERA,CHIRONOMIDAE,ABLABESMYIA,ABLABESMYIA,3406,1.0,1.0,,,,,OHS9-0915,2013,,2,BERW,,
1002259,ARTHROPODA,MALACOSTRACA,ISOPODA,ASELLIDAE,CAECIDOTEA,CAECIDOTEA,3540,1.0,1.0,,,,,MIS9-0924,2013,,2,BERW,,
1002260,ANNELIDA,OLIGOCHAETA,HAPLOTAXIDA,TUBIFICIDAE,AULODRILUS,AULODRILUS,3496,1.0,1.0,40.75689,-82.11641,LargeStreams,Region_5,OHS9-0923,2013,7/8/2013,1,BERW,0.55,Poor
1002261,ARTHROPODA,INSECTA,EPHEMEROPTERA,CAENIDAE,AMERCAENIS,AMERCAENIS,3440,6.0,1.0,38.12609,-98.07809,RiversMajor,Region_7,KSR9-0903,2013,7/8/2013,1,BERW,50.28,Good
1002262,ARTHROPODA,INSECTA,EPHEMEROPTERA,CAENIDAE,AMERCAENIS,AMERCAENIS,3440,14.0,1.0,39.57579,-95.07163,RiversMajor,Region_7,KSRS-1316,2013,7/8/2013,1,BETB,44.7,Good
1002263,ARTHROPODA,INSECTA,DIPTERA,CHIRONOMIDAE,ABLABESMYIA,ABLABESMYIA,3406,1.0,1.0,35.74931,-97.13433,LargeStreams,Region_6,OKS9-0932,2013,7/8/2013,1,BERW,41.95,Good
1002264,ARTHROPODA,INSECTA,DIPTERA,CERATOPOGONIDAE,ATRICHOPOGON,ATRICHOPOGON,3491,1.0,1.0,43.45535,-89.2491,SmallStreams,Region_5,WIS9-0931,2013,7/1/2013,1,BERW,7.72,Poor
1002265,ARTHROPODA,INSECTA,ODONATA,COENAGRIONIDAE,ARGIA,ARGIA,3476,,,42.85481,-90.52929,SmallStreams,Region_5,WISS-1162,2013,7/2/2013,1,BERW,28.92,Fair
1002266,ARTHROPODA,INSECTA,DIPTERA,CHIRONOMIDAE,ABLABESMYIA,ABLABESMYIA,3406,1.0,1.0,42.80947,-86.17005,SmallStreams,Region_5,MIS9-0930,2013,7/9/2013,1,BERW,4.2,Poor
1002267,ARTHROPODA,INSECTA,DIPTERA,CHIRONOMIDAE,ABLABESMYIA,ABLABESMYIA,3406,13.0,1.0,30.7948,-91.20539,SmallStreams,Region_6,LASS-1050,2013,7/8/2013,1,BERW,40.58,Poor
1002268,ARTHROPODA,INSECTA,DIPTERA,CHIRONOMIDAE,ABLABESMYIA,ABLABESMYIA,3406,4.0,1.0,47.04646,-101.1047,LargeStreams,Region_8,NDS9-0940,2013,7/9/2013,1,BERW,67.12,Good
1002269,ARTHROPODA,MALACOSTRACA,AMPHIPODA,,,AMPHIPODA,3450,2.0,0.0,,,,,NJS9-0908,2013,,2,BERW,,
1002270,ARTHROPODA,INSECTA,EPHEMEROPTERA,BAETIDAE,,BAETIDAE,3500,1.0,1.0,35.96767,-97.12551,RiversMajor,Region_6,OKRM-1002,2013,7/9/2013,1,BERW,10.17,Poor
1002271,ARTHROPODA,INSECTA,DIPTERA,CHIRONOMIDAE,ALOTANYPUS,ALOTANYPUS,3437,,,33.89019,-109.472,SmallStreams,Region_9,AZSS-1106,2013,7/9/2013,1,BERW,4.87,Poor
1002272,ARTHROPODA,INSECTA,EPHEMEROPTERA,BAETIDAE,BAETIS,BAETIS,3501,44.0,1.0,42.79716,-100.0455,LargeStreams,Region_7,NES9-0932,2013,7/8/2013,1,BERW,52.73,Fair
1002273,ARTHROPODA,INSECTA,COLEOPTERA,DYTISCIDAE,AGABUS,AGABUS,3420,1.0,1.0,42.8028,-100.5568,SmallStreams,Region_7,NES9-0921,2013,7/9/2013,1,BERW,79.28,Good
1002274,ARTHROPODA,INSECTA,DIPTERA,CHIRONOMIDAE,ABLABESMYIA,ABLABESMYIA,3406,15.0,1.0,47.01519,-108.165,RiversOther,Region_8,MTR9-0913,2013,7/9/2013,1,BERW,36.37,Poor
1002275,ARTHROPODA,INSECTA,PLECOPTERA,PERLIDAE,AGNETINA,AGNETINA,3424,1.0,1.0,43.04999,-72.72147,SmallStreams,Region_1,VTS9-0910,2013,7/9/2013,1,BERW,63.8,Good
1002276,ARTHROPODA,INSECTA,EPHEMEROPTERA,BAETIDAE,BAETIS,BAETIS,3501,,,,,,,OHS9-0914,2013,,2,BERW,,
1002277,ARTHROPODA,INSECTA,DIPTERA,CHIRONOMIDAE,ABLABESMYIA,ABLABESMYIA,3406,3.0,1.0,44.56766,-92.48587,RiversMajor,Region_5,MNRM-1003,2013,7/8/2013,1,BETB,45.7,Good
1002278,ARTHROPODA,INSECTA,DIPTERA,CHIRONOMIDAE,ABLABESMYIA,ABLABESMYIA,3406,1.0,1.0,31.76248,-100.1405,RiversMajor,Region_6,TXR9-0915,2013,7/9/2013,1,BERW,31.38,Fair
1002279,ARTHROPODA,INSECTA,DIPTERA,CHIRONOMIDAE,ABLABESMYIA,ABLABESMYIA,3406,1.0,1.0,34.22702,-95.49317,RiversMajor,Region_6,OKRM-1008,2013,7/8/2013,1,BETB,7.17,Poor
1002280,ARTHROPODA,INSECTA,DIPTERA,CHIRONOMIDAE,ABLABESMYIA,ABLABESMYIA,3406,1.0,1.0,35.67817479,-93.74408948,RiversOther,Region_6,ARR9-0904,2013,7/9/2013,1,BERW,33.87,Fair
1002281,ARTHROPODA,INSECTA,DIPTERA,CHIRONOMIDAE,ABLABESMYIA,ABLABESMYIA,3406,3.0,1.0,36.96370513,-119.2314147,LargeStreams,Region_9,CAS9-0914,2013,7/9/2013,1,BERW,19.07,Poor
1002282,ARTHROPODA,INSECTA,DIPTERA,CHIRONOMIDAE,ABLABESMYIA,ABLABESMYIA,3406,1.0,1.0,39.87204,-95.02724,RiversMajor,Region_7,KSR9-0901,2013,7/9/2013,1,BETB,54.67,Good
1002283,ARTHROPODA,INSECTA,PLECOPTERA,PERLIDAE,ACRONEURIA,ACRONEURIA,3412,1.0,1.0,,,,,KYS9-0919,2013,,2,BERW,,
1002284,ARTHROPODA,INSECTA,EPHEMEROPTERA,BAETIDAE,BAETIS,BAETIS,3501,,,43.82918,-103.4591,SmallStreams,Region_8,SDSS-1188,2013,7/9/2013,1,BERW,17.2,Poor
1002285,ARTHROPODA,INSECTA,DIPTERA,CHIRONOMIDAE,ABLABESMYIA,ABLABESMYIA,3406,1.0,1.0,,,,,WYRF-0001,2013,,1,BERW,,
1002286,ARTHROPODA,INSECTA,EPHEMEROPTERA,BAETIDAE,ACENTRELLA,ACENTRELLA,3407,20.0,1.0,40.15970306,-105.1184267,LargeStreams,Region_8,COS9-0923,2013,7/9/2013,1,BERW,68.28,Good
1002287,ARTHROPODA,INSECTA,EPHEMEROPTERA,BAETIDAE,ACENTRELLA,ACENTRELLA,3407,2.0,1.0,33.67588001,-109.0840924,LargeStreams,Region_9,AZS9-0929,2013,7/10/2013,1,BERW,27.15,Poor
1002288,ARTHROPODA,INSECTA,DIPTERA,CHIRONOMIDAE,ABLABESMYIA,ABLABESMYIA,3406,12.0,1.0,46.24855,-101.5315,LargeStreams,Region_8,NDLS-1059,2013,7/10/2013,1,BERW,46.08,Fair
1002289,ARTHROPODA,INSECTA,EPHEMEROPTERA,BAETIDAE,BAETIS,BAETIS,3501,4.0,1.0,40.84438,-73.95545,RiversMajor,Region_2,NJRM-1001,2013,7/10/2013,1,BETB,6.6,Poor
1002290,ARTHROPODA,INSECTA,ODONATA,AESHNIDAE,,AESHNIDAE,3418,1.0,1.0,41.52683,-117.4287,RiversOther,Region_9,NVRO-1027,2013,7/8/2013,1,BERW,65.43,Good
1002291,ARTHROPODA,ARACHNIDA,,,,ARACHNIDA,3472,1.0,0.0,39.08216,-119.7573,LargeStreams,Region_9,NVR9-0910,2013,7/10/2013,1,BERW,41.65,Poor
1002292,MOLLUSCA,GASTROPODA,BASOMMATOPHORA,ANCYLIDAE,,ANCYLIDAE,3458,1.0,1.0,33.91141432,-84.31220042,LargeStreams,Region_4,GAS9-0924,2013,7/10/2013,1,BERW,21.32,Poor
1002293,ARTHROPODA,INSECTA,EPHEMEROPTERA,BAETIDAE,ACENTRELLA,ACENTRELLA,3407,1.0,1.0,42.89817,-100.4854,LargeStreams,Region_7,NES9-0927,2013,7/10/2013,1,BERW,72.05,Good
1002294,ARTHROPODA,INSECTA,DIPTERA,CHIRONOMIDAE,ABLABESMYIA,ABLABESMYIA,3406,2.0,1.0,42.19853,-77.4111,LargeStreams,Region_2,NYLS-1125,2013,7/10/2013,1,BERW,65.67,Good
1002295,ARTHROPODA,INSECTA,EPHEMEROPTERA,BAETIDAE,ACENTRELLA,ACENTRELLA,3407,7.0,1.0,40.89838315,-105.3801509,LargeStreams,Region_8,COS9-0932,2013,7/10/2013,1,BERW,50.73,Good
1002296,ARTHROPODA,INSECTA,EPHEMEROPTERA,BAETIDAE,BAETIS,BAETIS,3501,46.0,1.0,42.32681,-86.13682,LargeStreams,Region_5,MILS-1059,2013,7/10/2013,1,BERW,22.72,Fair
1002297,ARTHROPODA,ARACHNIDA,,,,ARACHNIDA,3472,2.0,0.0,44.06162,-103.6927,LargeStreams,Region_8,SDLS-1114,2013,7/10/2013,1,BERW,9.7,Poor
1002298,ARTHROPODA,INSECTA,DIPTERA,CHIRONOMIDAE,ABLABESMYIA,ABLABESMYIA,3406,1.0,1.0,31.73042,-99.93923,RiversMajor,Region_6,TXRM-1011,2013,7/10/2013,1,BERW,36.52,Good
1002299,ARTHROPODA,INSECTA,EPHEMEROPTERA,BAETIDAE,BAETIS,BAETIS,3501,66.0,1.0,43.14323,-91.02181,SmallStreams,Region_5,WIS9-0923,2013,7/10/2013,1,BERW,25.02,Fair
1002300,ARTHROPODA,INSECTA,EPHEMEROPTERA,BAETIDAE,ACENTRELLA,ACENTRELLA,3407,4.0,1.0,44.39606896,-116.0460788,RiversOther,Region_10,IDR9-0910,2013,7/9/2013,1,BETB,10.08,Poor
1002303,ARTHROPODA,INSECTA,EPHEMEROPTERA,BAETIDAE,ACENTRELLA,ACENTRELLA,3407,3.0,1.0,44.03468,-116.917,RiversOther,Region_10,IDRO-1030,2013,7/10/2013,1,BETB,55.77,Fair
1002304,ARTHROPODA,INSECTA,EPHEMEROPTERA,BAETIDAE,ACENTRELLA,ACENTRELLA,3407,24.0,1.0,48.95608,-119.6933,RiversOther,Region_10,WAR9-0901,2013,7/9/2013,1,BETB,71.42,Good
1002305,ARTHROPODA,INSECTA,EPHEMEROPTERA,BAETIDAE,ACENTRELLA,ACENTRELLA,3407,1.0,1.0,45.83769,-110.0458,LargeStreams,Region_8,MTS9-0923,2013,7/10/2013,1,BERW,72.68,Good
1002306,ARTHROPODA,INSECTA,COLEOPTERA,DYTISCIDAE,AGABUS,AGABUS,3420,1.0,1.0,41.39886615,-73.38664778,SmallStreams,Region_1,CTS9-0917,2013,7/10/2013,1,BERW,39.68,Poor
1002307,ARTHROPODA,INSECTA,DIPTERA,CHIRONOMIDAE,ABLABESMYIA,ABLABESMYIA,3406,5.0,1.0,39.8061351,-75.46540517,SmallStreams,Region_3,DES9-0912,2013,7/10/2013,1,BERW,16.73,Poor
1002308,ARTHROPODA,INSECTA,TRICHOPTERA,BRACHYCENTRIDAE,ADICROPHLEPS,ADICROPHLEPS,3414,1.0,1.0,41.60442,-71.49621,SmallStreams,Region_1,RISS-1083,2013,7/10/2013,1,BERW,59.43,Good
1002309,ARTHROPODA,INSECTA,DIPTERA,CHIRONOMIDAE,ABLABESMYIA,ABLABESMYIA,3406,3.0,1.0,,,,,VTR9-0901,2013,,2,BETB,,
1002310,ARTHROPODA,INSECTA,DIPTERA,CHIRONOMIDAE,ABLABESMYIA,ABLABESMYIA,3406,2.0,1.0,35.56233,-93.28855,LargeStreams,Region_6,ARLS-1047,2013,6/26/2013,1,BERW,48.78,Good
1002311,ARTHROPODA,INSECTA,DIPTERA,TIPULIDAE,ANTOCHA,ANTOCHA,3465,1.0,1.0,33.31357506,-84.17306649,LargeStreams,Region_4,GAS9-0917,2013,7/11/2013,1,BERW,21.95,Poor
1002312,ARTHROPODA,INSECTA,EPHEMEROPTERA,BAETIDAE,ACENTRELLA,ACENTRELLA,3407,,,34.48397,-92.84216,SmallStreams,Region_6,ARSS-1090,2013,7/11/2013,1,BERW,38.48,Fair
1002313,ARTHROPODA,INSECTA,DIPTERA,CHIRONOMIDAE,ABLABESMYIA,ABLABESMYIA,3406,2.0,1.0,34.92887774,-93.36068491,RiversOther,Region_6,ARR9-0906,2013,7/10/2013,1,BETB,3.67,Poor
1002314,ARTHROPODA,INSECTA,DIPTERA,CHIRONOMIDAE,ABLABESMYIA,ABLABESMYIA,3406,6.0,1.0,38.33388,-75.32309,LargeStreams,Region_3,MDLS-1041,2013,7/11/2013,1,BETB,35.15,Poor
1002315,ARTHROPODA,INSECTA,DIPTERA,CHIRONOMIDAE,ABLABESMYIA,ABLABESMYIA,3406,,,40.44914,-74.91378,SmallStreams,Region_2,NJSS-1081,2013,7/11/2013,1,BERW,27.97,Poor
1002316,ARTHROPODA,ARACHNIDA,TROMBIDIFORMES,HYGROBATIDAE,ATRACTIDES,ATRACTIDES,3490,,,46.45775,-110.3713,RiversOther,Region_8,MTR9-0909,2013,7/9/2013,1,BERW,68.15,Good
1002317,ARTHROPODA,INSECTA,EPHEMEROPTERA,BAETIDAE,ACENTRELLA,ACENTRELLA,3407,4.0,1.0,46.16677,-110.5491,LargeStreams,Region_8,MTS9-0924,2013,7/8/2013,1,BERW,93.33,Good
1002318,ARTHROPODA,MALACOSTRACA,AMPHIPODA,,,AMPHIPODA,3450,51.0,0.0,,,,,NJR9-0902,2013,,2,BETB,,
1002319,ARTHROPODA,MALACOSTRACA,AMPHIPODA,,,AMPHIPODA,3450,7.0,0.0,44.13431,-91.73915,RiversMajor,Region_5,MNRM-1012,2013,7/10/2013,1,BETB,35.22,Fair
1002320,ARTHROPODA,INSECTA,EPHEMEROPTERA,AMELETIDAE,AMELETUS,AMELETUS,3439,2.0,1.0,40.74967,-105.852,SmallStreams,Region_8,COSS-1099,2013,7/11/2013,1,BERW,59.9,Good
1002321,ARTHROPODA,ARACHNIDA,TROMBIDIFORMES,HYGROBATIDAE,ATRACTIDES,ATRACTIDES,3490,2.0,1.0,43.83178,-71.005,SmallStreams,Region_1,NHSS-1070,2013,7/11/2013,1,BERW,20.25,Poor
1002322,ARTHROPODA,ARACHNIDA,,,,ARACHNIDA,3472,2.0,0.0,44.13244,-91.72952,RiversMajor,Region_5,MNR9-0901,2013,7/11/2013,1,BETB,37.7,Good
1002323,ARTHROPODA,INSECTA,EPHEMEROPTERA,BAETIDAE,ACENTRELLA,ACENTRELLA,3407,2.0,1.0,45.8587,-117.6355,LargeStreams,Region_10,ORLS-1104,2013,7/11/2013,1,BERW,77.32,Good
1002324,ARTHROPODA,INSECTA,EPHEMEROPTERA,BAETIDAE,ACENTRELLA,ACENTRELLA,3407,15.0,1.0,45.7653,-117.7599,RiversMajor,Region_10,ORRM-1001,2013,7/10/2013,1,BETB,69.97,Good
1002325,ARTHROPODA,MALACOSTRACA,AMPHIPODA,,,AMPHIPODA,3450,28.0,0.0,39.18863,-76.85368,LargeStreams,Region_3,MDLS-1038,2013,7/12/2013,1,BERW,13.15,Poor
1002326,ARTHROPODA,INSECTA,EPHEMEROPTERA,AMELETIDAE,AMELETUS,AMELETUS,3439,2.0,1.0,41.0327,-105.6756,SmallStreams,Region_8,WYS9-0928,2013,7/12/2013,1,BERW,49.95,Fair
1002327,ARTHROPODA,INSECTA,DIPTERA,CHIRONOMIDAE,ABLABESMYIA,ABLABESMYIA,3406,9.0,1.0,40.04303,-74.60168,SmallStreams,Region_2,NJSS-1087,2013,7/12/2013,1,BERW,40.75,Fair
1002328,ANNELIDA,OLIGOCHAETA,HAPLOTAXIDA,NAIDIDAE,ALLONAIS,ALLONAIS,3434,6.0,1.0,29.67975,-91.28559,RiversOther,Region_6,LARO-1019,2013,7/11/2013,1,BETB,25.1,Poor
1002329,ARTHROPODA,ARACHNIDA,TROMBIDIFORMES,ARRENURIDAE,ARRENURUS,ARRENURUS,3481,1.0,1.0,,,,,WYRF-0004,2013,,1,BERW,,
1002330,ARTHROPODA,INSECTA,DIPTERA,CHIRONOMIDAE,ABLABESMYIA,ABLABESMYIA,3406,1.0,1.0,44.62279,-75.22698,RiversOther,Region_2,NYRO-1052,2013,7/14/2013,1,BETB,28.8,Poor
1002331,ARTHROPODA,INSECTA,DIPTERA,CHIRONOMIDAE,ACRICOTOPUS,ACRICOTOPUS,3411,,,39.83842155,-75.3539336,LargeStreams,Region_2,NJLS-1042,2013,7/14/2013,1,BETB,18.92,Poor
1002332,ARTHROPODA,INSECTA,EPHEMEROPTERA,BAETIDAE,BAETIS,BAETIS,3501,39.0,1.0,41.38215,-107.2276,SmallStreams,Region_8,WYS9-0924,2013,7/15/2013,1,BERW,10.03,Poor
1002333,ARTHROPODA,INSECTA,TRICHOPTERA,GLOSSOSOMATIDAE,AGAPETUS,AGAPETUS,3421,5.0,1.0,41.60117,-106.4195,LargeStreams,Region_8,WYLS-1088,2013,7/14/2013,1,BERW,71.93,Good
1002334,ARTHROPODA,INSECTA,DIPTERA,CHIRONOMIDAE,ABLABESMYIA,ABLABESMYIA,3406,1.0,1.0,44.49954,-74.88522,LargeStreams,Region_2,NYS9-0936,2013,7/15/2013,1,BERW,76.55,Good
1002335,ARTHROPODA,INSECTA,COLEOPTERA,ELMIDAE,ATRACTELMIS,ATRACTELMIS,3489,1.0,1.0,45.41502,-116.1287,RiversMajor,Region_10,IDRM-1022,2013,7/15/2013,1,BETB,30.27,Poor
1002336,ARTHROPODA,INSECTA,EPHEMEROPTERA,CAENIDAE,CAENIS,CAENIS,3542,13.0,1.0,42.44907,-102.999,RiversMajor,Region_7,NER9-0902,2013,7/15/2013,1,BERW,48.3,Good
1002337,ARTHROPODA,INSECTA,COLEOPTERA,ELMIDAE,ATRACTELMIS,ATRACTELMIS,3489,1.0,1.0,45.43318,-115.9813,RiversMajor,Region_10,IDRM-1019,2013,7/14/2013,1,BETB,20.35,Poor
1002338,ARTHROPODA,INSECTA,EPHEMEROPTERA,BAETIDAE,ACERPENNA,ACERPENNA,3408,,,45.76411,-100.6831,RiversOther,Region_8,SDR9-0911,2013,7/15/2013,1,BERW,38.43,Poor
1002339,ARTHROPODA,INSECTA,DIPTERA,TIPULIDAE,ANTOCHA,ANTOCHA,3465,1.0,1.0,40.80247233,-122.9300163,SmallStreams,Region_9,CAS9-0915,2013,7/15/2013,1,BERW,41.62,Fair
1002340,ARTHROPODA,INSECTA,EPHEMEROPTERA,AMELETIDAE,AMELETUS,AMELETUS,3439,,,39.2998874,-120.9695012,SmallStreams,Region_9,CAS9-0930,2013,7/10/2013,1,BERW,71.82,Good
1002341,ARTHROPODA,INSECTA,DIPTERA,CHIRONOMIDAE,ABLABESMYIA,ABLABESMYIA,3406,15.0,1.0,45.65369,-84.99924,SmallStreams,Region_5,MIS9-0929,2013,7/15/2013,1,BERW,34.4,Fair
1002342,ARTHROPODA,INSECTA,DIPTERA,CHIRONOMIDAE,ABLABESMYIA,ABLABESMYIA,3406,1.0,1.0,35.68552,-96.41488,RiversOther,Region_6,OKRO-1088,2013,7/15/2013,1,BERW,47.48,Good
1002343,ARTHROPODA,INSECTA,EPHEMEROPTERA,CAENIDAE,AMERCAENIS,AMERCAENIS,3440,72.0,1.0,39.72624,-94.91122,RiversMajor,Region_7,KSR9-0905,2013,7/15/2013,1,BETB,63.93,Good
1002344,ARTHROPODA,INSECTA,EPHEMEROPTERA,BAETIDAE,ACENTRELLA,ACENTRELLA,3407,1.0,1.0,39.50076,-121.9976,RiversMajor,Region_9,CARM-1010,2013,7/15/2013,1,BETB,30.35,Poor
1002345,ARTHROPODA,MALACOSTRACA,CUMACEA,NANNASTACIDAE,ALMYRACUMA,ALMYRACUMA,3436,7.0,1.0,39.87754,-75.13151,LargeStreams,Region_2,NJLS-1041,2013,7/15/2013,1,BETB,10.32,Poor
1002346,ARTHROPODA,INSECTA,DIPTERA,CHIRONOMIDAE,ABLABESMYIA,ABLABESMYIA,3406,,,39.4667372,-120.9644497,LargeStreams,Region_9,CAS9-0916,2013,7/11/2013,1,BERW,56.98,Good
1002347,ARTHROPODA,MALACOSTRACA,CUMACEA,NANNASTACIDAE,ALMYRACUMA,ALMYRACUMA,3436,4.0,1.0,38.61816614,-75.63092164,RiversOther,Region_3,DER9-0903,2013,7/15/2013,1,BETB,21.85,Poor
1002348,ARTHROPODA,INSECTA,DIPTERA,CHIRONOMIDAE,ACRICOTOPUS,ACRICOTOPUS,3411,1.0,1.0,42.13291,-106.0715,LargeStreams,Region_8,WYS9-0931,2013,7/16/2013,1,BERW,45.2,Fair
1002349,ARTHROPODA,INSECTA,DIPTERA,CHIRONOMIDAE,ABLABESMYIA,ABLABESMYIA,3406,1.0,1.0,44.91335,-74.93946,RiversOther,Region_2,NYRO-1049,2013,7/16/2013,1,BETB,34.67,Poor
1002350,ARTHROPODA,INSECTA,DIPTERA,CHIRONOMIDAE,ABLABESMYIA,ABLABESMYIA,3406,1.0,1.0,29.76361,-91.44424,RiversOther,Region_6,LARO-1020,2013,7/15/2013,1,BETB,40.5,Poor
1002351,ARTHROPODA,INSECTA,DIPTERA,CHIRONOMIDAE,ABLABESMYIA,ABLABESMYIA,3406,2.0,1.0,39.25252,-96.3266,RiversOther,Region_7,KSR9-0908,2013,7/16/2013,1,BETB,50.08,Good
1002352,ARTHROPODA,MALACOSTRACA,AMPHIPODA,,,AMPHIPODA,3450,1.0,1.0,44.79956,-93.53312,RiversMajor,Region_5,MNR9-0907,2013,7/15/2013,1,BETB,36.12,Fair
1002353,ARTHROPODA,INSECTA,EPHEMEROPTERA,BAETIDAE,ACENTRELLA,ACENTRELLA,3407,1.0,1.0,44.80982,-93.49899,RiversMajor,Region_5,MNRM-1010,2013,7/16/2013,1,BETB,49.88,Good
1002354,ARTHROPODA,MALACOSTRACA,AMPHIPODA,,,AMPHIPODA,3450,1.0,0.0,,,,,NDS9-0938,2013,,2,BERW,,
1002355,ARTHROPODA,INSECTA,EPHEMEROPTERA,BAETIDAE,ACERPENNA,ACERPENNA,3408,1.0,1.0,45.65636,-100.8508,RiversMajor,Region_8,SDR9-0901,2013,7/16/2013,1,BERW,68.83,Good
1002356,ARTHROPODA,INSECTA,COLEOPTERA,HYDROPHILIDAE,BEROSUS,BEROSUS,3511,1.0,1.0,36.58577,-97.0339,RiversMajor,Region_6,OKRM-1006,2013,7/16/2013,1,BETB,4.65,Poor
1002357,ARTHROPODA,INSECTA,DIPTERA,CHIRONOMIDAE,ABLABESMYIA,ABLABESMYIA,3406,3.0,1.0,41.79363,-80.82266,SmallStreams,Region_5,OHS9-0916,2013,7/16/2013,1,BERW,12.78,Poor
1002358,ARTHROPODA,INSECTA,DIPTERA,CHIRONOMIDAE,ABLABESMYIA,ABLABESMYIA,3406,13.0,1.0,40.8147,-115.8061,RiversOther,Region_9,NVR9-0905,2013,7/16/2013,1,BERW,45.02,Fair
1002359,ARTHROPODA,INSECTA,TRICHOPTERA,BRACHYCENTRIDAE,AMIOCENTRUS,AMIOCENTRUS,3445,12.0,1.0,40.47343,-122.3032,RiversMajor,Region_9,CARM-1011,2013,7/16/2013,1,BETB,35.82,Poor
1002360,ARTHROPODA,INSECTA,DIPTERA,CHIRONOMIDAE,ABLABESMYIA,ABLABESMYIA,3406,14.0,1.0,43.68129,-123.6684,RiversMajor,Region_10,ORRM-1008,2013,7/16/2013,1,BETB,15.72,Poor
1002361,ARTHROPODA,ARACHNIDA,,,,ARACHNIDA,3472,1.0,0.0,33.48298,-97.17612,SmallStreams,Region_6,TXS9-0937,2013,7/16/2013,1,BERW,32.85,Fair
1002362,ARTHROPODA,INSECTA,DIPTERA,CHIRONOMIDAE,ABLABESMYIA,ABLABESMYIA,3406,1.0,1.0,43.25604,-71.6225,RiversOther,Region_1,NHRO-1033,2013,7/16/2013,1,BETB,2.88,Poor
1002363,ARTHROPODA,INSECTA,EPHEMEROPTERA,BAETIDAE,ACENTRELLA,ACENTRELLA,3407,17.0,1.0,46.66522964,-115.5475071,RiversOther,Region_10,IDR9-0908,2013,7/16/2013,1,BETB,64.32,Good
1002364,ARTHROPODA,INSECTA,DIPTERA,CHIRONOMIDAE,ABLABESMYIA,ABLABESMYIA,3406,5.0,1.0,46.68717,-85.16703,SmallStreams,Region_5,MISS-1133,2013,7/16/2013,1,BERW,35.97,Fair
1002365,ARTHROPODA,INSECTA,PLECOPTERA,PERLIDAE,ACRONEURIA,ACRONEURIA,3412,,,45.49626,-87.98249,LargeStreams,Region_5,WIS9-0928,2013,7/16/2013,1,BERW,70.48,Good
1002366,ARTHROPODA,INSECTA,EPHEMEROPTERA,BAETIDAE,ACENTRELLA,ACENTRELLA,3407,3.0,1.0,34.53126,-94.71442,LargeStreams,Region_6,OKS9-0938,2013,7/15/2013,1,BERW,47.68,Good
1002367,ARTHROPODA,ARACHNIDA,,,,ARACHNIDA,3472,1.0,0.0,46.22895,-123.393,LargeStreams,Region_10,WAS9-0920,2013,7/16/2013,1,BETB,2.38,Poor
1002368,ARTHROPODA,INSECTA,DIPTERA,CHIRONOMIDAE,ABLABESMYIA,ABLABESMYIA,3406,3.0,1.0,40.6786,-99.48502,RiversMajor,Region_7,NERM-1003,2013,7/17/2013,1,BERW,29.73,Fair
1002369,ARTHROPODA,INSECTA,TRICHOPTERA,GLOSSOSOMATIDAE,AGAPETUS,AGAPETUS,3421,4.0,1.0,41.31835723,-123.0505146,LargeStreams,Region_9,CAS9-0921,2013,7/16/2013,1,BERW,80.07,Good
1002370,ARTHROPODA,INSECTA,DIPTERA,CHIRONOMIDAE,ABLABESMYIA,ABLABESMYIA,3406,2.0,1.0,39.73549,-95.82575,LargeStreams,Region_7,KSRS-1268,2013,7/17/2013,1,BERW,70.25,Good
1002371,ARTHROPODA,INSECTA,EPHEMEROPTERA,BAETIDAE,ACENTRELLA,ACENTRELLA,3407,,,,,,,MDR9-0905,2013,,2,BETB,,
1002372,ARTHROPODA,INSECTA,DIPTERA,CHIRONOMIDAE,ABLABESMYIA,ABLABESMYIA,3406,6.0,1.0,35.14815,-94.7019,RiversOther,Region_6,OKLS-1181,2013,7/17/2013,1,BERW,36.27,Fair
1002373,ARTHROPODA,ARACHNIDA,TROMBIDIFORMES,ARRENURIDAE,ARRENURUS,ARRENURUS,3481,3.0,1.0,,,,,TXR9-0903,2013,,2,BERW,,
1002374,ARTHROPODA,INSECTA,DIPTERA,CHIRONOMIDAE,ABLABESMYIA,ABLABESMYIA,3406,1.0,1.0,40.57471,-116.4405,RiversOther,Region_9,NVRO-1024,2013,7/17/2013,1,BERW,37.18,Poor
1002375,ARTHROPODA,INSECTA,EPHEMEROPTERA,BAETIDAE,ACENTRELLA,ACENTRELLA,3407,1.0,1.0,37.22372,-109.2087,RiversMajor,Region_8,UTR9-0901,2013,7/17/2013,1,BETB,57.13,Good
1002376,ARTHROPODA,INSECTA,DIPTERA,CHIRONOMIDAE,ABLABESMYIA,ABLABESMYIA,3406,2.0,1.0,45.90936,-111.5669,RiversOther,Region_8,MTR9-0920,2013,7/17/2013,1,BETB,72.1,Good
1002377,ARTHROPODA,INSECTA,EPHEMEROPTERA,AMELETIDAE,AMELETUS,AMELETUS,3439,3.0,1.0,44.16795,-122.2497,RiversOther,Region_10,ORR9-0903,2013,7/17/2013,1,BETB,65.7,Good
1002378,ARTHROPODA,INSECTA,DIPTERA,CHIRONOMIDAE,ABLABESMYIA,ABLABESMYIA,3406,4.0,1.0,44.81715,-103.6939,RiversOther,Region_8,SDR9-0909,2013,7/17/2013,1,BERW,30.45,Poor
1002379,ARTHROPODA,INSECTA,DIPTERA,CHIRONOMIDAE,ABLABESMYIA,ABLABESMYIA,3406,4.0,1.0,35.96545,-96.36807,LargeStreams,Region_6,OKS9-0936,2013,7/17/2013,1,BERW,36.82,Good
1002380,ARTHROPODA,INSECTA,TRICHOPTERA,APATANIIDAE,ALLOMYIA,ALLOMYIA,3433,1.0,1.0,40.62352247,-105.9780085,SmallStreams,Region_8,COS9-0938,2013,7/17/2013,1,BERW,34.48,Poor
1002381,ARTHROPODA,INSECTA,EPHEMEROPTERA,BAETIDAE,ACENTRELLA,ACENTRELLA,3407,16.0,1.0,43.90351,-72.82532,LargeStreams,Region_1,VTS9-0909,2013,7/17/2013,1,BERW,70.07,Good
1002382,ARTHROPODA,INSECTA,DIPTERA,CHIRONOMIDAE,ABLABESMYIA,ABLABESMYIA,3406,1.0,1.0,,,,,PARF-0004,2013,,1,BETB,,
1002387,ARTHROPODA,INSECTA,DIPTERA,CHIRONOMIDAE,ABLABESMYIA,ABLABESMYIA,3406,1.0,1.0,38.66194,-75.56498,RiversOther,Region_3,DERO-1001,2013,7/17/2013,1,BETB,32.87,Poor
1002388,ARTHROPODA,INSECTA,EPHEMEROPTERA,POTAMANTHIDAE,ANTHOPOTAMUS,ANTHOPOTAMUS,3463,2.0,1.0,41.88046368,-73.49701751,LargeStreams,Region_1,CTS9-0921,2013,7/17/2013,1,BERW,54.72,Fair
1002389,ARTHROPODA,INSECTA,DIPTERA,CHIRONOMIDAE,ABLABESMYIA,ABLABESMYIA,3406,3.0,1.0,44.50581,-75.04351,LargeStreams,Region_2,NYLS-1123,2013,7/18/2013,1,BERW,29.82,Poor
1002390,ARTHROPODA,INSECTA,EPHEMEROPTERA,CAENIDAE,CAENIS,CAENIS,3542,,,39.8978,-98.15768,LargeStreams,Region_7,KSS9-0932,2013,7/15/2013,1,BERW,5.95,Poor
1002391,ARTHROPODA,INSECTA,DIPTERA,TIPULIDAE,ANTOCHA,ANTOCHA,3465,,,47.11537,-111.3768,LargeStreams,Region_8,MTS9-0937,2013,7/18/2013,1,BERW,73.72,Good
1002392,ARTHROPODA,INSECTA,DIPTERA,CHIRONOMIDAE,ABLABESMYIA,ABLABESMYIA,3406,2.0,1.0,34.3619,-77.93378,RiversOther,Region_4,NCRO-1016,2013,7/16/2013,1,BETB,31.38,Poor
1002393,ARTHROPODA,INSECTA,DIPTERA,CHIRONOMIDAE,ABLABESMYIA,ABLABESMYIA,3406,2.0,1.0,44.84435,-75.08576,RiversOther,Region_2,NYRO-1056,2013,7/17/2013,1,BETB,41.9,Fair
1002394,ARTHROPODA,INSECTA,DIPTERA,CHIRONOMIDAE,RHEOSMITTIA,RHEOSMITTIA,4246,2.0,1.0,35.39708,-80.7245,LargeStreams,Region_4,NCS9-0920,2013,7/18/2013,1,BERW,16.67,Poor
1002395,ARTHROPODA,INSECTA,DIPTERA,CHIRONOMIDAE,ABLABESMYIA,ABLABESMYIA,3406,8.0,1.0,45.56509,-92.7953,RiversMajor,Region_5,MNR9-0908,2013,7/18/2013,1,BETB,51.23,Good
1002396,ARTHROPODA,ARACHNIDA,TROMBIDIFORMES,ARRENURIDAE,ARRENURUS,ARRENURUS,3481,1.0,1.0,44.88838,-93.17842,RiversOther,Region_5,MNRO-1052,2013,7/17/2013,1,BETB,15.62,Poor
1002397,ARTHROPODA,INSECTA,DIPTERA,CHIRONOMIDAE,ABLABESMYIA,ABLABESMYIA,3406,1.0,1.0,43.35118,-72.39344,RiversMajor,Region_1,NHR9-0905,2013,7/18/2013,1,BETB,22.72,Poor
1002398,ARTHROPODA,INSECTA,EPHEMEROPTERA,BAETIDAE,ACENTRELLA,ACENTRELLA,3407,4.0,1.0,38.57234221,-121.3577452,RiversOther,Region_9,CAR9-0912,2013,7/17/2013,1,BETB,33.4,Poor
1002399,ANNELIDA,OLIGOCHAETA,HAPLOTAXIDA,TUBIFICIDAE,AULODRILUS,AULODRILUS,3496,1.0,1.0,40.70241,-116.5235,RiversMajor,Region_9,NVRM-1006,2013,7/18/2013,1,BERW,39.45,Poor
1002400,ARTHROPODA,INSECTA,DIPTERA,CHIRONOMIDAE,ABLABESMYIA,ABLABESMYIA,3406,,,44.06547,-123.1063,RiversMajor,Region_10,ORR9-0911,2013,7/18/2013,1,BETB,21.65,Poor
1002401,ARTHROPODA,INSECTA,DIPTERA,CHIRONOMIDAE,ABLABESMYIA,ABLABESMYIA,3406,2.0,1.0,46.21593,-102.6037,RiversOther,Region_8,NDRO-1022,2013,7/17/2013,1,BERW,33.33,Poor
1002402,ARTHROPODA,INSECTA,DIPTERA,CHIRONOMIDAE,ABLABESMYIA,ABLABESMYIA,3406,1.0,1.0,46.45899,-102.6568,RiversMajor,Region_8,NDRM-1001,2013,7/18/2013,1,BERW,36.27,Poor
1002403,ARTHROPODA,INSECTA,DIPTERA,CHIRONOMIDAE,ABLABESMYIA,ABLABESMYIA,3406,2.0,1.0,41.51412,-80.73366,LargeStreams,Region_5,OHLS-1069,2013,7/17/2013,1,BERW,34.63,Poor
1002404,ARTHROPODA,INSECTA,EPHEMEROPTERA,AMELETIDAE,AMELETUS,AMELETUS,3439,,,48.68136,-121.72,SmallStreams,Region_10,WAS9-0921,2013,7/18/2013,1,BERW,49.65,Fair
1002405,ARTHROPODA,INSECTA,DIPTERA,BLEPHARICERIDAE,AGATHON,AGATHON,3423,,,39.81050134,-106.0032326,SmallStreams,Region_8,COS9-0937,2013,7/19/2013,1,BERW,42.43,Fair
1002406,ARTHROPODA,INSECTA,DIPTERA,CHIRONOMIDAE,ABLABESMYIA,ABLABESMYIA,3406,1.0,1.0,39.06027,-94.84195,RiversMajor,Region_7,KSR9-0911,2013,7/19/2013,1,BETB,9.47,Poor
1002407,ARTHROPODA,INSECTA,DIPTERA,CHIRONOMIDAE,ABLABESMYIA,ABLABESMYIA,3406,1.0,1.0,35.82241,-81.18403,RiversMajor,Region_4,NCRM-1002,2013,7/19/2013,1,BETB,1.75,Poor
1002408,ARTHROPODA,INSECTA,DIPTERA,CHIRONOMIDAE,ABLABESMYIA,ABLABESMYIA,3406,1.0,1.0,43.5808,-75.95908,SmallStreams,Region_2,NYSS-1241,2013,7/21/2013,1,BERW,48.1,Fair
1002409,ARTHROPODA,INSECTA,DIPTERA,CHIRONOMIDAE,ABLABESMYIA,ABLABESMYIA,3406,2.0,1.0,40.86244,-82.24619,LargeStreams,Region_5,OHLS-1074,2013,7/19/2013,1,BERW,42.68,Fair
1002410,ARTHROPODA,MALACOSTRACA,AMPHIPODA,,,AMPHIPODA,3450,2.0,1.0,41.44082,-83.03139,RiversOther,Region_5,OHRO-1033,2013,7/21/2013,1,BETB,18.32,Poor
1002411,ARTHROPODA,INSECTA,DIPTERA,CHIRONOMIDAE,ABLABESMYIA,ABLABESMYIA,3406,1.0,1.0,,,,,COS9-0920,2013,,2,BERW,,
1002412,ARTHROPODA,INSECTA,EPHEMEROPTERA,BAETIDAE,ACENTRELLA,ACENTRELLA,3407,7.0,1.0,39.36936448,-106.4524344,SmallStreams,Region_8,COS9-0921,2013,7/22/2013,1,BERW,39.63,Fair
1002413,ARTHROPODA,INSECTA,PLECOPTERA,PERLIDAE,ACRONEURIA,ACRONEURIA,3412,3.0,1.0,43.66568,-75.29471,LargeStreams,Region_2,NYLS-1124,2013,7/22/2013,1,BERW,78.88,Good
1002414,ARTHROPODA,INSECTA,EPHEMEROPTERA,BAETIDAE,ACERPENNA,ACERPENNA,3408,1.0,1.0,41.48847,-78.13261,SmallStreams,Region_3,PAS9-0919,2013,7/22/2013,1,BERW,71.95,Good
1002415,ARTHROPODA,INSECTA,EPHEMEROPTERA,BAETIDAE,BAETIS,BAETIS,3501,35.0,1.0,44.94776,-91.55695,SmallStreams,Region_5,WIS9-0927,2013,7/22/2013,1,BERW,43.23,Good
1002416,ARTHROPODA,INSECTA,EPHEMEROPTERA,BAETIDAE,ACENTRELLA,ACENTRELLA,3407,2.0,1.0,,,,,WYRF-0007,2013,,1,BERW,,
1002417,ARTHROPODA,INSECTA,DIPTERA,CERATOPOGONIDAE,,CERATOPOGONIDAE,3566,2.0,1.0,41.02658,-82.78515,SmallStreams,Region_5,OHSS-1122,2013,7/22/2013,1,BERW,12.38,Poor
1002418,ARTHROPODA,INSECTA,DIPTERA,CHIRONOMIDAE,ABLABESMYIA,ABLABESMYIA,3406,2.0,1.0,34.78806,-91.87005,LargeStreams,Region_6,ARLS-1045,2013,7/22/2013,1,BETB,42.43,Fair
1002419,ARTHROPODA,ARACHNIDA,,,,ARACHNIDA,3472,1.0,1.0,37.33922,-97.25535,RiversOther,Region_7,KSR9-0912,2013,7/22/2013,1,BERW,27.05,Fair
1002420,ARTHROPODA,INSECTA,DIPTERA,CHIRONOMIDAE,ABLABESMYIA,ABLABESMYIA,3406,29.0,1.0,42.10432,-93.35417,SmallStreams,Region_7,IASS-1090,2013,7/22/2013,1,BERW,39.27,Fair
1002421,ARTHROPODA,INSECTA,DIPTERA,CHIRONOMIDAE,ABLABESMYIA,ABLABESMYIA,3406,6.0,1.0,,,,,ILRF-0001,2013,,1,BERW,,
1002423,ARTHROPODA,INSECTA,DIPTERA,CHIRONOMIDAE,ABLABESMYIA,ABLABESMYIA,3406,6.0,1.0,39.18727,-85.3494,SmallStreams,Region_5,INS9-0918,2013,7/23/2013,1,BERW,29.38,Fair
1002424,ARTHROPODA,INSECTA,DIPTERA,CHIRONOMIDAE,ABLABESMYIA,ABLABESMYIA,3406,2.0,1.0,43.80096,-75.46669,RiversMajor,Region_2,NYRO-1051,2013,7/23/2013,1,BETB,16.6,Poor
1002425,ARTHROPODA,INSECTA,EPHEMEROPTERA,LEPTOHYPHIDAE,ASIOPLAX,ASIOPLAX,3485,1.0,1.0,34.16182,-109.3017,RiversMajor,Region_9,AZRM-1003,2013,7/23/2013,1,BERW,33.15,Poor
1002426,ARTHROPODA,INSECTA,EPHEMEROPTERA,BAETIDAE,,BAETIDAE,3500,3.0,0.0,,,,,IARF-0003,2013,,1,BERW,,
1002427,ARTHROPODA,INSECTA,DIPTERA,CHIRONOMIDAE,ABLABESMYIA,ABLABESMYIA,3406,7.0,1.0,38.80836237,-121.6352071,RiversOther,Region_9,CAR9-0904,2013,7/22/2013,1,BETB,30.0,Poor
1002428,ARTHROPODA,INSECTA,DIPTERA,CHIRONOMIDAE,ABLABESMYIA,ABLABESMYIA,3406,2.0,1.0,42.40356,-91.06747,SmallStreams,Region_7,IASS-1088,2013,7/22/2013,1,BERW,48.78,Good
1002429,ARTHROPODA,INSECTA,EPHEMEROPTERA,BAETIDAE,ACERPENNA,ACERPENNA,3408,2.0,1.0,44.31522,-84.21131,SmallStreams,Region_5,MIS9-0927,2013,7/23/2013,1,BERW,44.05,Good
1002430,ARTHROPODA,INSECTA,DIPTERA,CHIRONOMIDAE,ABLABESMYIA,ABLABESMYIA,3406,4.0,1.0,43.27803,-103.7202,RiversMajor,Region_8,SDRM-1007,2013,7/23/2013,1,BERW,29.07,Poor
1002431,ARTHROPODA,INSECTA,DIPTERA,CHIRONOMIDAE,ABLABESMYIA,ABLABESMYIA,3406,5.0,1.0,40.10650954,-123.793817,SmallStreams,Region_9,CAS9-0929,2013,7/23/2013,1,BERW,28.98,Poor
1002432,ARTHROPODA,INSECTA,DIPTERA,CHIRONOMIDAE,ABLABESMYIA,ABLABESMYIA,3406,13.0,1.0,44.91029,-90.49366,LargeStreams,Region_5,WIS9-0929,2013,7/23/2013,1,BERW,27.87,Fair
1002433,ARTHROPODA,INSECTA,EPHEMEROPTERA,BAETIDAE,ACENTRELLA,ACENTRELLA,3407,1.0,1.0,46.27117,-119.5705,RiversMajor,Region_10,WAR9-0908,2013,7/23/2013,1,BETB,57.28,Good
1002434,ARTHROPODA,INSECTA,DIPTERA,TIPULIDAE,ANTOCHA,ANTOCHA,3465,1.0,1.0,41.38763,-81.26877,SmallStreams,Region_5,OHSS-1127,2013,7/23/2013,1,BERW,49.45,Fair
1002435,ARTHROPODA,INSECTA,EPHEMEROPTERA,BAETIDAE,,BAETIDAE,3500,3.0,0.0,41.58755699,-94.39743921,LargeStreams,Region_7,IAS9-0924,2013,7/23/2013,1,BERW,54.07,Good
1002436,ARTHROPODA,INSECTA,EPHEMEROPTERA,AMELETIDAE,AMELETUS,AMELETUS,3439,14.0,1.0,46.58559,-111.2657,SmallStreams,Region_8,MTS9-0932,2013,7/23/2013,1,BERW,59.45,Good
1002437,ARTHROPODA,INSECTA,DIPTERA,CHIRONOMIDAE,ABLABESMYIA,ABLABESMYIA,3406,,,34.37759,-91.62511,RiversOther,Region_6,ARRO-1024,2013,7/24/2013,1,BETB,31.1,Poor
1002438,ARTHROPODA,INSECTA,DIPTERA,CHIRONOMIDAE,ABLABESMYIA,ABLABESMYIA,3406,1.0,1.0,45.32221,-93.8161,RiversMajor,Region_5,MNRM-1002,2013,7/23/2013,1,BETB,53.98,Good
1002439,ARTHROPODA,INSECTA,ODONATA,AESHNIDAE,,AESHNIDAE,3418,1.0,1.0,,,,,KSRF-0006,2013,,1,BERW,,
1002440,ARTHROPODA,INSECTA,DIPTERA,CHIRONOMIDAE,ABLABESMYIA,ABLABESMYIA,3406,4.0,1.0,40.1623,-88.02744,LargeStreams,Region_5,ILLS-1071,2013,7/23/2013,1,BERW,44.4,Good
1002442,ARTHROPODA,MALACOSTRACA,AMPHIPODA,,,AMPHIPODA,3450,4.0,0.0,44.9773,-93.24067,RiversMajor,Region_5,MNRM-1006,2013,7/22/2013,1,BETB,36.3,Fair
1002443,ARTHROPODA,INSECTA,DIPTERA,CHIRONOMIDAE,ABLABESMYIA,ABLABESMYIA,3406,1.0,1.0,30.60083,-91.87677,RiversOther,Region_6,LAS9-0948,2013,7/22/2013,1,BETB,45.17,Fair
1002444,ARTHROPODA,INSECTA,DIPTERA,CHIRONOMIDAE,ABLABESMYIA,ABLABESMYIA,3406,5.0,1.0,39.21987,-91.92117,LargeStreams,Region_7,MOS9-0932,2013,7/22/2013,1,BERW,16.27,Poor
1002445,ARTHROPODA,INSECTA,DIPTERA,CHIRONOMIDAE,ABLABESMYIA,ABLABESMYIA,3406,2.0,1.0,44.25928,-75.76743,RiversOther,Region_2,NYR9-0906,2013,7/24/2013,1,BETB,30.25,Poor
1002446,ARTHROPODA,INSECTA,EPHEMEROPTERA,BAETIDAE,ACERPENNA,ACERPENNA,3408,6.0,1.0,,,,,WYRF-0006,2013,,1,BERW,,
1002447,ARTHROPODA,INSECTA,DIPTERA,CHIRONOMIDAE,ABLABESMYIA,ABLABESMYIA,3406,1.0,1.0,39.71464,-85.18634,SmallStreams,Region_5,INSS-1088,2013,7/24/2013,1,BERW,36.4,Fair
1002448,ARTHROPODA,INSECTA,DIPTERA,CHIRONOMIDAE,ABLABESMYIA,ABLABESMYIA,3406,12.0,1.0,45.54624,-101.8726,RiversOther,Region_8,SDRO-1072,2013,7/19/2013,1,BERW,25.52,Poor
1002449,ARTHROPODA,INSECTA,DIPTERA,CHIRONOMIDAE,ABLABESMYIA,ABLABESMYIA,3406,9.0,1.0,45.56323,-101.5487,LargeStreams,Region_8,SDS9-0941,2013,7/17/2013,1,BERW,14.82,Poor
1002450,ARTHROPODA,INSECTA,DIPTERA,CHIRONOMIDAE,ABLABESMYIA,ABLABESMYIA,3406,1.0,1.0,43.22527,-92.80638,RiversOther,Region_7,IARO-1013,2013,7/24/2013,1,BERW,77.52,Good
1002451,ARTHROPODA,INSECTA,DIPTERA,CHIRONOMIDAE,ABLABESMYIA,ABLABESMYIA,3406,1.0,1.0,47.18952,-102.6249,RiversOther,Region_8,NDRO-1024,2013,7/24/2013,1,BERW,39.8,Poor
1002452,ARTHROPODA,INSECTA,EPHEMEROPTERA,BAETIDAE,ACENTRELLA,ACENTRELLA,3407,4.0,1.0,43.77084,-118.049,RiversOther,Region_10,ORR9-0914,2013,7/24/2013,1,BETB,59.23,Good
1002453,ARTHROPODA,INSECTA,EPHEMEROPTERA,AMELETIDAE,AMELETUS,AMELETUS,3439,1.0,1.0,44.14125,-119.2912,SmallStreams,Region_10,ORS9-0939,2013,7/23/2013,1,BERW,27.82,Poor
1002454,ARTHROPODA,INSECTA,EPHEMEROPTERA,BAETIDAE,BAETIS,BAETIS,3501,2.0,1.0,44.81844,-91.87926,SmallStreams,Region_5,WISS-1164,2013,7/24/2013,1,BERW,19.25,Poor
1002455,ARTHROPODA,INSECTA,EPHEMEROPTERA,BAETIDAE,ACERPENNA,ACERPENNA,3408,,,,,,,ILRF-0003,2013,,1,BERW,,
1002456,ARTHROPODA,INSECTA,DIPTERA,CHIRONOMIDAE,ABLABESMYIA,ABLABESMYIA,3406,3.0,1.0,,,,,OHRF-0002,2013,,1,BERW,,
1002457,ARTHROPODA,INSECTA,DIPTERA,CHIRONOMIDAE,ABLABESMYIA,ABLABESMYIA,3406,7.0,1.0,39.24991,-93.01204,SmallStreams,Region_7,MOSS-1159,2013,7/23/2013,1,BERW,60.97,Good
1002458,ARTHROPODA,INSECTA,DIPTERA,CHIRONOMIDAE,ABLABESMYIA,ABLABESMYIA,3406,1.0,1.0,30.92768,-97.99342,SmallStreams,Region_6,TXSS-1210,2013,7/24/2013,1,BERW,37.43,Good
1002459,ARTHROPODA,INSECTA,COLEOPTERA,ELMIDAE,ANCYRONYX,ANCYRONYX,3459,1.0,1.0,35.4757,-81.40958,SmallStreams,Region_4,NCS9-0921,2013,7/22/2013,1,BERW,41.23,Fair
1002460,ARTHROPODA,INSECTA,PLECOPTERA,NEMOURIDAE,AMPHINEMURA,AMPHINEMURA,3449,3.0,1.0,,,,,NCRF-0002,2013,,1,BERW,,
1002461,ARTHROPODA,INSECTA,DIPTERA,CHIRONOMIDAE,ABLABESMYIA,ABLABESMYIA,3406,1.0,1.0,46.59423,-111.0444,LargeStreams,Region_8,MTLS-1130,2013,7/24/2013,1,BERW,66.83,Good
1002462,ARTHROPODA,INSECTA,DIPTERA,CHIRONOMIDAE,ABLABESMYIA,ABLABESMYIA,3406,3.0,1.0,37.70662,-96.2133,LargeStreams,Region_7,KSRS-1303,2013,7/23/2013,1,BERW,32.97,Fair
1002463,ARTHROPODA,INSECTA,DIPTERA,CHIRONOMIDAE,ABLABESMYIA,ABLABESMYIA,3406,,,34.07899,-86.50564,SmallStreams,Region_4,ALSS-1065,2013,7/24/2013,1,BERW,11.38,Poor
1002464,ARTHROPODA,ARACHNIDA,,,,ARACHNIDA,3472,,,43.39332,-103.3291,RiversMajor,Region_8,SDRM-1011,2013,7/24/2013,1,BERW,80.12,Good
1002465,ARTHROPODA,INSECTA,EPHEMEROPTERA,AMELETIDAE,AMELETUS,AMELETUS,3439,1.0,1.0,41.64846253,-124.0884502,SmallStreams,Region_9,CAS9-0926,2013,7/24/2013,1,BERW,74.17,Good
1002466,ARTHROPODA,INSECTA,DIPTERA,CHIRONOMIDAE,ABLABESMYIA,ABLABESMYIA,3406,8.0,1.0,35.71769,-96.37698,LargeStreams,Region_6,OKS9-0934,2013,7/23/2013,1,BERW,35.98,Good
1002467,ARTHROPODA,INSECTA,DIPTERA,CHIRONOMIDAE,ABLABESMYIA,ABLABESMYIA,3406,3.0,1.0,,,,,INRF-0001,2013,,1,BERW,,
1002468,ARTHROPODA,INSECTA,EPHEMEROPTERA,BAETIDAE,ACENTRELLA,ACENTRELLA,3407,13.0,1.0,47.18231,-120.9081,RiversMajor,Region_10,WARM-1001,2013,7/24/2013,1,BETB,67.05,Good
1002469,ARTHROPODA,INSECTA,DIPTERA,CHIRONOMIDAE,ABLABESMYIA,ABLABESMYIA,3406,2.0,1.0,,,,,IARF-0004,2013,,1,BERW,,
1002470,ARTHROPODA,INSECTA,EPHEMEROPTERA,BAETIDAE,,BAETIDAE,3500,2.0,1.0,42.24730753,-92.32474086,RiversOther,Region_7,IAR9-0905,2013,7/25/2013,1,BERW,31.55,Fair
1002471,ARTHROPODA,MALACOSTRACA,AMPHIPODA,,,AMPHIPODA,3450,1.0,0.0,40.82636,-74.59106,SmallStreams,Region_2,NJSS-1078,2013,7/25/2013,1,BERW,32.47,Poor
1002472,ARTHROPODA,INSECTA,EPHEMEROPTERA,CAENIDAE,CAENIS,CAENIS,3542,3.0,1.0,41.48585,-89.84848,RiversOther,Region_5,ILR9-0902,2013,7/24/2013,1,BERW,36.8,Fair
1002474,ARTHROPODA,INSECTA,TRICHOPTERA,APATANIIDAE,APATANIA,APATANIA,3466,1.0,1.0,40.72400294,-124.1173927,SmallStreams,Region_9,CAS9-0920,2013,7/25/2013,1,BERW,35.55,Poor
1002475,ANNELIDA,OLIGOCHAETA,HAPLOTAXIDA,TUBIFICIDAE,AULODRILUS,AULODRILUS,3496,4.0,1.0,43.76854,-75.50135,SmallStreams,Region_2,NYSS-1249,2013,7/25/2013,1,BERW,25.77,Poor
1002476,ARTHROPODA,INSECTA,DIPTERA,CHIRONOMIDAE,ABLABESMYIA,ABLABESMYIA,3406,2.0,1.0,47.69644765,-116.9152781,RiversMajor,Region_10,IDR9-0905,2013,7/25/2013,1,BETB,11.3,Poor
1002477,ARTHROPODA,INSECTA,EPHEMEROPTERA,BAETIDAE,ACENTRELLA,ACENTRELLA,3407,7.0,1.0,,,,,VTRF-0001,2013,,1,BERW,,
1002478,ARTHROPODA,INSECTA,DIPTERA,CHIRONOMIDAE,ABLABESMYIA,ABLABESMYIA,3406,22.0,1.0,40.54495,-84.92549,LargeStreams,Region_5,INS9-0923,2013,7/25/2013,1,BERW,40.25,Fair
1002479,ARTHROPODA,INSECTA,EPHEMEROPTERA,CAENIDAE,AMERCAENIS,AMERCAENIS,3440,2.0,1.0,,,,,IARF-0002,2013,,1,BERW,,
1002480,ARTHROPODA,INSECTA,EPHEMEROPTERA,BAETIDAE,ACERPENNA,ACERPENNA,3408,6.0,1.0,40.01636,-83.25297,LargeStreams,Region_5,OHS9-0921,2013,7/25/2013,1,BERW,81.77,Good
1002481,ARTHROPODA,INSECTA,EPHEMEROPTERA,AMELETIDAE,AMELETUS,AMELETUS,3439,6.0,1.0,44.85146,-118.1429,SmallStreams,Region_10,ORS9-0937,2013,7/25/2013,1,BERW,55.12,Good
1002482,ARTHROPODA,INSECTA,EPHEMEROPTERA,BAETIDAE,BAETIS,BAETIS,3501,31.0,1.0,,,,,NVS9-0921,2013,,2,BERW,,
1002483,ARTHROPODA,INSECTA,EPHEMEROPTERA,BAETIDAE,ACENTRELLA,ACENTRELLA,3407,3.0,1.0,,,,,NVR9-0920,2013,,2,BERW,,
1002484,ARTHROPODA,INSECTA,EPHEMEROPTERA,BAETIDAE,CENTROPTILUM,CENTROPTILUM,3564,4.0,1.0,,,,,NVS9-0926,2013,,2,BERW,,
1002485,ARTHROPODA,INSECTA,COLEOPTERA,ELMIDAE,ANCYRONYX,ANCYRONYX,3459,1.0,1.0,36.21492,-80.96029,RiversOther,Region_4,NCR9-0903,2013,7/24/2013,1,BETB,61.68,Good
1002486,ARTHROPODA,INSECTA,TRICHOPTERA,BRACHYCENTRIDAE,AMIOCENTRUS,AMIOCENTRUS,3445,2.0,1.0,46.60899,-111.0762,RiversOther,Region_8,MTRO-1070,2013,7/25/2013,1,BERW,68.55,Good
1002487,ARTHROPODA,INSECTA,DIPTERA,CHIRONOMIDAE,ABLABESMYIA,ABLABESMYIA,3406,7.0,1.0,33.55630442,-92.02261248,RiversMajor,Region_6,ARR9-0905,2013,7/25/2013,1,BETB,62.15,Good
1002488,ARTHROPODA,INSECTA,DIPTERA,CHIRONOMIDAE,ABLABESMYIA,ABLABESMYIA,3406,,,,,,,ALRF-0001,2013,,1,BERW,,
1002489,ARTHROPODA,INSECTA,DIPTERA,CHIRONOMIDAE,ABLABESMYIA,ABLABESMYIA,3406,2.0,1.0,,,,,LAS9-0944,2013,,2,BETB,,
1002490,ARTHROPODA,INSECTA,DIPTERA,CHIRONOMIDAE,ABLABESMYIA,ABLABESMYIA,3406,9.0,1.0,,,,,LAR9-0915,2013,,2,BETB,,
1002491,ARTHROPODA,INSECTA,DIPTERA,CHIRONOMIDAE,ABLABESMYIA,ABLABESMYIA,3406,9.0,1.0,40.05197,-92.15712,LargeStreams,Region_7,MOLS-1080,2013,7/24/2013,1,BERW,42.6,Good
1002492,ARTHROPODA,INSECTA,DIPTERA,CHIRONOMIDAE,ABLABESMYIA,ABLABESMYIA,3406,5.0,1.0,,,,,IARF-0005,2013,,1,BERW,,
1002494,ANNELIDA,OLIGOCHAETA,HAPLOTAXIDA,TUBIFICIDAE,AULODRILUS,AULODRILUS,3496,1.0,1.0,44.80659,-93.01163,RiversMajor,Region_5,MNR9-0913,2013,7/24/2013,1,BETB,26.38,Fair
1002495,ARTHROPODA,INSECTA,DIPTERA,CHIRONOMIDAE,ABLABESMYIA,ABLABESMYIA,3406,3.0,1.0,,,,,MNR9-0901,2013,,2,BETB,,
1002496,ARTHROPODA,INSECTA,DIPTERA,CHIRONOMIDAE,ABLABESMYIA,ABLABESMYIA,3406,4.0,1.0,30.6545,-97.92736,LargeStreams,Region_6,TXS9-0933,2013,7/25/2013,1,BERW,46.68,Good
1002497,ARTHROPODA,INSECTA,EPHEMEROPTERA,BAETIDAE,ACERPENNA,ACERPENNA,3408,8.0,1.0,,,,,INRF-0002,2013,,1,BERW,,
1002498,ARTHROPODA,INSECTA,EPHEMEROPTERA,BAETIDAE,ACENTRELLA,ACENTRELLA,3407,4.0,1.0,48.22178,-105.1217,RiversOther,Region_8,MTRO-1061,2013,7/24/2013,1,BERW,68.35,Good
1002500,ARTHROPODA,INSECTA,DIPTERA,CHIRONOMIDAE,ABLABESMYIA,ABLABESMYIA,3406,1.0,1.0,,,,,OHRF-0001,2013,,1,BERW,,
1002501,ARTHROPODA,INSECTA,DIPTERA,CHIRONOMIDAE,ABLABESMYIA,ABLABESMYIA,3406,14.0,1.0,,,,,ALS9-0916,2013,,2,BERW,,
1002502,ARTHROPODA,INSECTA,DIPTERA,CHIRONOMIDAE,ABLABESMYIA,ABLABESMYIA,3406,2.0,1.0,47.3171,-116.3267,RiversOther,Region_10,IDRO-1033,2013,7/28/2013,1,BETB,42.48,Fair
1002503,ARTHROPODA,INSECTA,DIPTERA,CHIRONOMIDAE,ABLABESMYIA,ABLABESMYIA,3406,2.0,1.0,48.16989,-116.7366,RiversMajor,Region_10,IDRM-1011,2013,7/26/2013,1,BETB,15.02,Poor
1002504,ARTHROPODA,INSECTA,DIPTERA,CHIRONOMIDAE,ABLABESMYIA,ABLABESMYIA,3406,3.0,1.0,48.26628,-116.8605,RiversOther,Region_10,IDRO-1025,2013,7/27/2013,1,BETB,51.25,Good
1002505,ARTHROPODA,INSECTA,EPHEMEROPTERA,BAETIDAE,ACERPENNA,ACERPENNA,3408,1.0,1.0,33.79214422,-86.13073021,SmallStreams,Region_4,ALS9-0923,2013,7/28/2013,1,BERW,21.83,Poor
1002506,ARTHROPODA,INSECTA,EPHEMEROPTERA,BAETIDAE,ACENTRELLA,ACENTRELLA,3407,23.0,1.0,44.8645,-74.128,LargeStreams,Region_2,NYS9-0925,2013,7/28/2013,1,BERW,81.62,Good
1002507,ARTHROPODA,MALACOSTRACA,AMPHIPODA,,,AMPHIPODA,3450,2.0,0.0,47.75863,-103.7374,LargeStreams,Region_8,NDLS-1057,2013,7/25/2013,1,BERW,31.27,Poor
1002508,ARTHROPODA,INSECTA,DIPTERA,CHIRONOMIDAE,ABLABESMYIA,ABLABESMYIA,3406,,,47.58122,-102.831,SmallStreams,Region_8,NDSS-1108,2013,7/26/2013,1,BERW,34.12,Poor
1002509,ARTHROPODA,INSECTA,EPHEMEROPTERA,CAENIDAE,CAENIS,CAENIS,3542,1.0,1.0,47.82305,-103.9888,SmallStreams,Region_8,NDSS-1111,2013,7/25/2013,1,BERW,50.78,Fair
1002510,ARTHROPODA,INSECTA,DIPTERA,TIPULIDAE,ANTOCHA,ANTOCHA,3465,1.0,1.0,42.10498,-89.16953,LargeStreams,Region_5,ILLS-1074,2013,7/25/2013,1,BERW,55.15,Good
1002511,ARTHROPODA,INSECTA,ODONATA,COENAGRIONIDAE,ARGIA,ARGIA,3476,2.0,1.0,,,,,MORF-0010,2013,,1,BERW,,
1002512,ARTHROPODA,INSECTA,DIPTERA,CHIRONOMIDAE,ABLABESMYIA,ABLABESMYIA,3406,2.0,1.0,40.8218,-88.37701,RiversOther,Region_5,ILRO-1027,2013,7/26/2013,1,BERW,23.47,Poor
1002513,ARTHROPODA,INSECTA,EPHEMEROPTERA,BAETIDAE,,BAETIDAE,3500,1.0,0.0,43.06807,-72.4487,RiversMajor,Region_1,NHR9-0902,2013,7/25/2013,1,BETB,34.53,Poor
1002514,ARTHROPODA,INSECTA,PLECOPTERA,NEMOURIDAE,AMPHINEMURA,AMPHINEMURA,3449,,,44.6575,-74.00524,SmallStreams,Region_2,NYS9-0937,2013,7/29/2013,1,BERW,49.72,Fair
1002515,ARTHROPODA,INSECTA,DIPTERA,CHIRONOMIDAE,ABLABESMYIA,ABLABESMYIA,3406,1.0,1.0,41.60742374,-91.67084764,LargeStreams,Region_7,IAS9-0931,2013,7/29/2013,1,BERW,33.53,Fair
1002516,ARTHROPODA,INSECTA,DIPTERA,CHIRONOMIDAE,ABLABESMYIA,ABLABESMYIA,3406,2.0,1.0,46.76034,-116.5153,RiversOther,Region_10,IDRO-1041,2013,7/29/2013,1,BERW,41.92,Fair
1002517,ARTHROPODA,INSECTA,DIPTERA,CHIRONOMIDAE,ABLABESMYIA,ABLABESMYIA,3406,1.0,1.0,41.87916,-71.47102,SmallStreams,Region_1,RISS-1084,2013,7/29/2013,1,BERW,56.3,Good
1002518,ARTHROPODA,INSECTA,DIPTERA,CHIRONOMIDAE,ABLABESMYIA,ABLABESMYIA,3406,1.0,1.0,33.58483,-87.09572,RiversOther,Region_4,ALRO-1021,2013,7/29/2013,1,BETB,11.85,Poor
1002519,ARTHROPODA,INSECTA,DIPTERA,CHIRONOMIDAE,,CHIRONOMIDAE,3581,2.0,0.0,42.43728,-93.34563,LargeStreams,Region_7,IALS-1051,2013,7/29/2013,1,BERW,29.72,Fair
1002520,ARTHROPODA,INSECTA,DIPTERA,CHIRONOMIDAE,ABLABESMYIA,ABLABESMYIA,3406,8.0,1.0,39.70522,-87.07882,LargeStreams,Region_5,INLS-1044,2013,7/29/2013,1,BERW,49.72,Good
1002522,ARTHROPODA,INSECTA,EPHEMEROPTERA,BAETIDAE,ACENTRELLA,ACENTRELLA,3407,1.0,1.0,39.88667,-104.9311,SmallStreams,Region_8,COSS-1097,2013,7/30/2013,1,BERW,12.55,Poor
1002523,ARTHROPODA,INSECTA,DIPTERA,CHIRONOMIDAE,ABLABESMYIA,ABLABESMYIA,3406,4.0,1.0,,,,,DES9-0912,2013,,2,BERW,,
1002525,ARTHROPODA,INSECTA,EPHEMEROPTERA,CAENIDAE,CAENIS,CAENIS,3542,2.0,1.0,39.19463,-90.5695,SmallStreams,Region_5,ILSS-1128,2013,7/30/2013,1,BERW,14.78,Poor
1002526,ARTHROPODA,INSECTA,EPHEMEROPTERA,BAETIDAE,ACENTRELLA,ACENTRELLA,3407,15.0,1.0,44.87431,-74.14309,LargeStreams,Region_2,NYLS-1119,2013,7/30/2013,1,BERW,79.78,Good
1002527,ARTHROPODA,INSECTA,DIPTERA,CHIRONOMIDAE,ABLABESMYIA,ABLABESMYIA,3406,1.0,1.0,39.59856,-77.88461,RiversMajor,Region_3,MDR9-0902,2013,7/30/2013,1,BETB,71.22,Good
1002529,ARTHROPODA,INSECTA,DIPTERA,CHIRONOMIDAE,ABLABESMYIA,ABLABESMYIA,3406,24.0,1.0,,,,,MORO-1055,2013,,1,BERW,,
1002530,ARTHROPODA,INSECTA,DIPTERA,CHIRONOMIDAE,ABLABESMYIA,ABLABESMYIA,3406,3.0,1.0,,,,,MORF-0002,2013,,1,BERW,,
1002531,ARTHROPODA,INSECTA,EPHEMEROPTERA,BAETIDAE,ACERPENNA,ACERPENNA,3408,,,45.99139,-111.4634,RiversMajor,Region_8,MTRM-1003,2013,7/30/2013,1,BETB,50.7,Good
1002532,ARTHROPODA,INSECTA,DIPTERA,CHIRONOMIDAE,ABLABESMYIA,ABLABESMYIA,3406,1.0,1.0,,,,,WIRF-0012,2013,,1,BERW,,
1002533,ARTHROPODA,INSECTA,EPHEMEROPTERA,BAETIDAE,ACENTRELLA,ACENTRELLA,3407,26.0,1.0,,,,,WAR9-0901,2013,,2,BETB,,
1002534,ARTHROPODA,INSECTA,DIPTERA,CHIRONOMIDAE,ABLABESMYIA,ABLABESMYIA,3406,3.0,1.0,41.15205,-96.54845,RiversOther,Region_7,NER9-0905,2013,7/30/2013,1,BERW,62.78,Good
1002535,ARTHROPODA,INSECTA,DIPTERA,CHIRONOMIDAE,ABLABESMYIA,ABLABESMYIA,3406,2.0,1.0,34.06954655,-84.53634847,LargeStreams,Region_4,GAS9-0914,2013,7/30/2013,1,BERW,30.35,Poor
1002536,ARTHROPODA,INSECTA,DIPTERA,CHIRONOMIDAE,ABLABESMYIA,ABLABESMYIA,3406,,,41.85046039,-94.0261349,LargeStreams,Region_7,IAS9-0920,2013,7/30/2013,1,BERW,71.82,Good
1002537,ARTHROPODA,INSECTA,DIPTERA,CHIRONOMIDAE,ABLABESMYIA,ABLABESMYIA,3406,2.0,1.0,41.17577,-80.72513,RiversOther,Region_5,OHRO-1032,2013,7/30/2013,1,BETB,0.0,Poor
1002538,ARTHROPODA,INSECTA,DIPTERA,CHIRONOMIDAE,ABLABESMYIA,ABLABESMYIA,3406,4.0,1.0,46.29206,-88.94179,SmallStreams,Region_5,MIS9-0928,2013,7/30/2013,1,BERW,11.68,Poor
1002539,ARTHROPODA,INSECTA,DIPTERA,CHIRONOMIDAE,GLYPTOTENDIPES,GLYPTOTENDIPES,3756,17.0,1.0,36.95135,-95.03539,SmallStreams,Region_6,OKS9-0933,2013,7/30/2013,1,BERW,4.8,Poor
1002540,ARTHROPODA,INSECTA,EPHEMEROPTERA,CAENIDAE,CAENIS,CAENIS,3542,4.0,1.0,,,,,KSR9-0901,2013,,2,BETB,,
1002541,ARTHROPODA,INSECTA,DIPTERA,CHIRONOMIDAE,ABLABESMYIA,ABLABESMYIA,3406,1.0,1.0,43.47996,-97.13014,RiversOther,Region_8,SDRO-1067,2013,7/30/2013,1,BERW,37.02,Fair
1002542,ARTHROPODA,INSECTA,DIPTERA,CHIRONOMIDAE,ABLABESMYIA,ABLABESMYIA,3406,1.0,1.0,33.91222,-95.54936,RiversMajor,Region_6,OKR9-0912,2013,7/30/2013,1,BETB,32.93,Poor
1002543,ARTHROPODA,INSECTA,EPHEMEROPTERA,BAETIDAE,ACERPENNA,ACERPENNA,3408,1.0,1.0,,,,,WIRF-0013,2013,,1,BERW,,
1002545,ARTHROPODA,MALACOSTRACA,AMPHIPODA,,,AMPHIPODA,3450,1.0,1.0,32.22869,-87.14828,RiversMajor,Region_4,ALRM-1001,2013,7/30/2013,1,BETB,35.55,Poor
1002546,ARTHROPODA,INSECTA,DIPTERA,CHIRONOMIDAE,,CRICOTOPUS/ORTHOCLADIUS,3623,1.0,1.0,43.62451,-72.33184,RiversMajor,Region_1,NHRM-1003,2013,7/30/2013,1,BETB,14.43,Poor
1002547,ARTHROPODA,INSECTA,DIPTERA,CULICIDAE,ANOPHELES,ANOPHELES,3462,1.0,1.0,,,,,CAS9-0914,2013,,2,BERW,,
1002548,ARTHROPODA,INSECTA,DIPTERA,CHIRONOMIDAE,ABLABESMYIA,ABLABESMYIA,3406,1.0,1.0,30.88169,-93.57254,RiversMajor,Region_6,TXR9-0916,2013,7/30/2013,1,BETB,45.52,Fair
1002549,ARTHROPODA,INSECTA,EPHEMEROPTERA,BAETIDAE,ACENTRELLA,ACENTRELLA,3407,1.0,1.0,45.12479,-93.99624,RiversOther,Region_5,MNR9-0904,2013,7/30/2013,1,BERW,56.53,Good
1002550,ARTHROPODA,INSECTA,DIPTERA,CHIRONOMIDAE,ACRICOTOPUS,ACRICOTOPUS,3411,1.0,1.0,,,,,NDS9-0943,2013,,2,BERW,,
1002551,ARTHROPODA,INSECTA,DIPTERA,CHIRONOMIDAE,ABLABESMYIA,ABLABESMYIA,3406,1.0,1.0,41.50319,-96.34988,LargeStreams,Region_7,NES9-0925,2013,7/31/2013,1,BERW,38.5,Fair
1002552,ANNELIDA,OLIGOCHAETA,HAPLOTAXIDA,TUBIFICIDAE,AULODRILUS,AULODRILUS,3496,3.0,1.0,47.45161,-111.3013,RiversMajor,Region_8,MTR9-0912,2013,7/31/2013,1,BETB,41.8,Poor
1002553,ARTHROPODA,INSECTA,DIPTERA,CHIRONOMIDAE,ABLABESMYIA,ABLABESMYIA,3406,3.0,1.0,40.1534,-89.91671,SmallStreams,Region_5,ILSS-1125,2013,7/31/2013,1,BERW,24.47,Poor
1002554,ARTHROPODA,INSECTA,EPHEMEROPTERA,BAETIDAE,ACERPENNA,ACERPENNA,3408,3.0,1.0,38.93963,-94.98134,LargeStreams,Region_7,KSRS-1280,2013,7/31/2013,1,BERW,71.82,Good
1002555,ARTHROPODA,INSECTA,EPHEMEROPTERA,BAETIDAE,,BAETIDAE,3500,11.0,0.0,42.11494,-104.9852,RiversOther,Region_8,WYR9-0913,2013,7/31/2013,1,BERW,41.05,Good
1002556,ARTHROPODA,INSECTA,EPHEMEROPTERA,BAETIDAE,BAETIS,BAETIS,3501,3.0,1.0,40.8737329,-95.59770401,SmallStreams,Region_7,IAS9-0918,2013,7/31/2013,1,BERW,42.48,Good
1002557,ARTHROPODA,INSECTA,DIPTERA,CHIRONOMIDAE,ABLABESMYIA,ABLABESMYIA,3406,1.0,1.0,38.71123,-87.17757,LargeStreams,Region_5,INS9-0920,2013,7/31/2013,1,BERW,14.35,Poor
1002558,ARTHROPODA,ARACHNIDA,,,,ARACHNIDA,3472,1.0,0.0,30.17777,-93.05098,SmallStreams,Region_6,LAS9-0950,2013,7/30/2013,1,BERW,26.5,Poor
1002559,ARTHROPODA,INSECTA,DIPTERA,CHIRONOMIDAE,ABLABESMYIA,ABLABESMYIA,3406,2.0,1.0,29.94629,-92.46156,LargeStreams,Region_6,LASS-1051,2013,7/31/2013,1,BETB,16.62,Poor
1002560,ARTHROPODA,INSECTA,DIPTERA,CHIRONOMIDAE,ABLABESMYIA,ABLABESMYIA,3406,1.0,1.0,46.33678,-89.67835,LargeStreams,Region_5,MILS-1057,2013,7/31/2013,1,BERW,61.68,Good
1002561,ARTHROPODA,INSECTA,ODONATA,AESHNIDAE,,AESHNIDAE,3418,1.0,0.0,43.53158,-74.55173,SmallStreams,Region_2,NYS9-0926,2013,7/31/2013,1,BERW,80.15,Good
1002562,ARTHROPODA,INSECTA,EPHEMEROPTERA,BAETIDAE,ACERPENNA,ACERPENNA,3408,1.0,1.0,39.13619,-84.34206,RiversOther,Region_5,OHR9-0904,2013,7/30/2013,1,BETB,66.07,Good
1002563,ARTHROPODA,INSECTA,DIPTERA,CHIRONOMIDAE,ABLABESMYIA,ABLABESMYIA,3406,1.0,1.0,43.27772,-97.29453,LargeStreams,Region_8,SDLS-1113,2013,7/31/2013,1,BERW,32.53,Fair
1002564,ARTHROPODA,INSECTA,DIPTERA,CHIRONOMIDAE,ABLABESMYIA,ABLABESMYIA,3406,2.0,1.0,41.15906,-81.81774,LargeStreams,Region_5,OHS9-0918,2013,7/31/2013,1,BERW,39.7,Poor
1002565,ARTHROPODA,INSECTA,DIPTERA,CERATOPOGONIDAE,,CERATOPOGONIDAE,3566,5.0,0.0,,,,,NVR9-0910,2013,,2,BERW,,
1002566,ARTHROPODA,INSECTA,DIPTERA,CHIRONOMIDAE,ABLABESMYIA,ABLABESMYIA,3406,1.0,1.0,34.06488091,-93.44225956,SmallStreams,Region_6,ARS9-0944,2013,7/31/2013,1,BERW,32.13,Fair
1002567,ARTHROPODA,INSECTA,EPHEMEROPTERA,BAETIDAE,,BAETIDAE,3500,9.0,0.0,47.41435,-111.4986,RiversMajor,Region_8,MTR9-0905,2013,8/1/2013,1,BETB,56.93,Good
1002568,ARTHROPODA,INSECTA,EPHEMEROPTERA,AMELETIDAE,AMELETUS,AMELETUS,3439,3.0,1.0,48.88244,-119.0718,SmallStreams,Region_10,WASS-1133,2013,7/31/2013,1,BERW,56.73,Good
1002569,ARTHROPODA,INSECTA,DIPTERA,CHIRONOMIDAE,ABLABESMYIA,ABLABESMYIA,3406,,,43.41402,-106.286,RiversOther,Region_8,WYR9-0904,2013,8/1/2013,1,BERW,24.1,Poor
1002571,ARTHROPODA,INSECTA,EPHEMEROPTERA,BAETIDAE,ACENTRELLA,ACENTRELLA,3407,,,,,,,CTS9-0921,2013,,2,BERW,,
1002572,ARTHROPODA,INSECTA,DIPTERA,CHIRONOMIDAE,ABLABESMYIA,ABLABESMYIA,3406,23.0,1.0,39.54833,-89.4336,SmallStreams,Region_5,ILS9-0920,2013,8/1/2013,1,BERW,13.47,Poor
1002573,ARTHROPODA,INSECTA,DIPTERA,CHIRONOMIDAE,ABLABESMYIA,ABLABESMYIA,3406,8.0,1.0,32.761,-94.30027,LargeStreams,Region_6,TXLS-1119,2013,8/1/2013,1,BETB,39.18,Poor
1002574,ARTHROPODA,INSECTA,DIPTERA,CHIRONOMIDAE,ABLABESMYIA,ABLABESMYIA,3406,1.0,1.0,39.0018,-94.80367,SmallStreams,Region_7,KSRS-1312,2013,8/1/2013,1,BERW,36.23,Fair
1002575,ARTHROPODA,INSECTA,DIPTERA,CHIRONOMIDAE,ABLABESMYIA,ABLABESMYIA,3406,9.0,1.0,41.20854,-80.81059,RiversOther,Region_5,OHR9-0908,2013,8/1/2013,1,BETB,13.9,Poor
1002577,ARTHROPODA,INSECTA,DIPTERA,CHIRONOMIDAE,ABLABESMYIA,ABLABESMYIA,3406,4.0,1.0,46.71527,-89.39489,SmallStreams,Region_5,MISS-1135,2013,8/1/2013,1,BERW,50.9,Good
1002578,ARTHROPODA,INSECTA,DIPTERA,CHIRONOMIDAE,AXARUS,AXARUS,3498,1.0,1.0,42.07903,-97.90916,RiversOther,Region_7,NERO-1039,2013,8/1/2013,1,BERW,21.12,Poor
1002579,ARTHROPODA,INSECTA,DIPTERA,CHIRONOMIDAE,ABLABESMYIA,ABLABESMYIA,3406,1.0,1.0,45.29729,-93.57205,RiversOther,Region_5,MNR9-0905,2013,7/31/2013,1,BETB,41.92,Good
1002580,ANNELIDA,OLIGOCHAETA,HAPLOTAXIDA,TUBIFICIDAE,AULODRILUS,AULODRILUS,3496,7.0,1.0,45.1924,-94.28959,RiversOther,Region_5,MNR9-0911,2013,8/1/2013,1,BERW,35.52,Fair
1002581,ARTHROPODA,INSECTA,DIPTERA,CHIRONOMIDAE,ABLABESMYIA,ABLABESMYIA,3406,,,39.68934,-84.25809,RiversMajor,Region_5,OHRM-1004,2013,8/1/2013,1,BETB,65.33,Good
1002582,ARTHROPODA,INSECTA,PLECOPTERA,PERLIDAE,AGNETINA,AGNETINA,3424,9.0,1.0,42.72312,-76.46325,SmallStreams,Region_2,NYSS-1245,2013,8/2/2013,1,BERW,60.47,Good
1002583,ARTHROPODA,INSECTA,DIPTERA,CHIRONOMIDAE,ABLABESMYIA,ABLABESMYIA,3406,2.0,1.0,,,,,NHS9-0912,2013,,2,BERW,,
1002584,ARTHROPODA,INSECTA,DIPTERA,CHIRONOMIDAE,ABLABESMYIA,ABLABESMYIA,3406,,,46.945,-89.1526,SmallStreams,Region_5,MIS9-0936,2013,8/2/2013,1,BERW,28.45,Fair
1002585,ARTHROPODA,INSECTA,DIPTERA,CHIRONOMIDAE,ABLABESMYIA,ABLABESMYIA,3406,,,43.49248,-106.6606,LargeStreams,Region_8,WYS9-0934,2013,8/2/2013,1,BERW,23.3,Poor
1002586,ARTHROPODA,INSECTA,DIPTERA,CHIRONOMIDAE,ABLABESMYIA,ABLABESMYIA,3406,8.0,1.0,,,,,MORF-0011,2013,,1,BERW,,
1002587,ARTHROPODA,INSECTA,DIPTERA,CHIRONOMIDAE,ABLABESMYIA,ABLABESMYIA,3406,2.0,1.0,29.90427,-92.116,RiversOther,Region_6,LAS9-0946,2013,8/1/2013,1,BETB,30.57,Poor
1002588,ARTHROPODA,INSECTA,DIPTERA,TIPULIDAE,ANTOCHA,ANTOCHA,3465,1.0,1.0,41.12102,-81.51976,LargeStreams,Region_5,OHLS-1070,2013,8/2/2013,1,BERW,42.5,Fair
1002589,ARTHROPODA,INSECTA,DIPTERA,CHIRONOMIDAE,ABLABESMYIA,ABLABESMYIA,3406,3.0,1.0,31.74166,-88.0956,RiversMajor,Region_4,ALRM-1002,2013,8/2/2013,1,BETB,23.52,Poor
1002591,ARTHROPODA,INSECTA,DIPTERA,CHIRONOMIDAE,ABLABESMYIA,ABLABESMYIA,3406,17.0,1.0,,,,,MORF-0012,2013,,1,BERW,,
1002592,ARTHROPODA,INSECTA,DIPTERA,CERATOPOGONIDAE,,CERATOPOGONIDAE,3566,1.0,1.0,,,,,ALRF-0004,2013,,1,BERW,,
1002593,ARTHROPODA,INSECTA,DIPTERA,CHIRONOMIDAE,ABLABESMYIA,ABLABESMYIA,3406,1.0,1.0,38.06906649,-122.5344472,SmallStreams,Region_9,CAS9-0925,2013,7/31/2013,1,BERW,7.15,Poor
1002594,ARTHROPODA,INSECTA,DIPTERA,CHIRONOMIDAE,ABLABESMYIA,ABLABESMYIA,3406,2.0,1.0,38.8302773,-122.9060675,LargeStreams,Region_9,CAS9-0928,2013,8/1/2013,1,BERW,64.0,Good
1002595,ARTHROPODA,INSECTA,EPHEMEROPTERA,BAETIDAE,,BAETIDAE,3500,5.0,1.0,39.21622,-89.02056,LargeStreams,Region_5,ILS9-0921,2013,8/2/2013,1,BERW,32.27,Fair
1002596,ANNELIDA,OLIGOCHAETA,HAPLOTAXIDA,TUBIFICIDAE,BRANCHIURA,BRANCHIURA,3532,5.0,1.0,37.47149,-87.11365,RiversOther,Region_4,KYRO-1031,2013,8/4/2013,1,BETB,13.0,Poor
1002597,ANNELIDA,OLIGOCHAETA,HAPLOTAXIDA,TUBIFICIDAE,AULODRILUS,AULODRILUS,3496,1.0,1.0,48.00585,-106.1089,RiversMajor,Region_8,MTRM-1009,2013,7/30/2013,1,BETB,23.6,Poor
1002598,ARTHROPODA,INSECTA,DIPTERA,CHIRONOMIDAE,ABLABESMYIA,ABLABESMYIA,3406,,,42.54145,-76.30084,LargeStreams,Region_2,NYLS-1122,2013,8/4/2013,1,BERW,49.2,Fair
1002602,ARTHROPODA,INSECTA,TRICHOPTERA,BRACHYCENTRIDAE,BRACHYCENTRUS,BRACHYCENTRUS,3526,1.0,1.0,45.44761,-91.87864,LargeStreams,Region_5,WILS-1089,2013,7/31/2013,1,BERW,37.53,Good
1002603,ARTHROPODA,INSECTA,DIPTERA,CHIRONOMIDAE,ABLABESMYIA,ABLABESMYIA,3406,1.0,1.0,,,,,WYRF-0002,2013,,1,BERW,,
1002604,ARTHROPODA,INSECTA,ODONATA,AESHNIDAE,,AESHNIDAE,3418,1.0,1.0,45.68021,-92.07058,SmallStreams,Region_5,WIS9-0935,2013,8/1/2013,1,BERW,36.62,Fair
1002606,ARTHROPODA,INSECTA,EPHEMEROPTERA,BAETIDAE,ACENTRELLA,ACENTRELLA,3407,1.0,1.0,38.43849,-119.0592,RiversMajor,Region_9,NVRM-1007,2013,8/2/2013,1,BERW,55.4,Fair
1002607,ARTHROPODA,INSECTA,DIPTERA,CERATOPOGONIDAE,,CERATOPOGONIDAE,3566,3.0,0.0,48.00521,-105.9092,RiversMajor,Region_8,MTR9-0916,2013,7/31/2013,1,BETB,21.55,Poor
1002608,ARTHROPODA,MALACOSTRACA,AMPHIPODA,,,AMPHIPODA,3450,5.0,0.0,43.00711,-76.68105,SmallStreams,Region_2,NYS9-0924,2013,8/5/2013,1,BERW,15.08,Poor
1002609,ARTHROPODA,INSECTA,ODONATA,COENAGRIONIDAE,ARGIA,ARGIA,3476,1.0,1.0,46.22149,-101.5025,RiversMajor,Region_8,NDR9-0905,2013,8/5/2013,1,BERW,54.92,Fair
1002610,ARTHROPODA,INSECTA,DIPTERA,CHIRONOMIDAE,ABLABESMYIA,ABLABESMYIA,3406,6.0,1.0,35.73299,-78.97088,SmallStreams,Region_4,NCSS-1083,2013,8/4/2013,1,BERW,10.93,Poor
1002611,ARTHROPODA,INSECTA,TRICHOPTERA,BRACHYCENTRIDAE,ADICROPHLEPS,ADICROPHLEPS,3414,,,43.31279,-72.77013,SmallStreams,Region_1,VTRS-1012,2013,8/5/2013,1,BERW,57.35,Good
1002612,ARTHROPODA,INSECTA,EPHEMEROPTERA,BAETIDAE,ACENTRELLA,ACENTRELLA,3407,7.0,1.0,42.94639,-72.87178,SmallStreams,Region_1,VTS9-0911,2013,8/5/2013,1,BERW,64.0,Good
1002613,ARTHROPODA,INSECTA,DIPTERA,CHIRONOMIDAE,ABLABESMYIA,ABLABESMYIA,3406,5.0,1.0,41.42111,-71.79528,LargeStreams,Region_1,RILS-1022,2013,8/5/2013,1,BERW,44.07,Fair
1002614,ARTHROPODA,INSECTA,DIPTERA,CHIRONOMIDAE,ABLABESMYIA,ABLABESMYIA,3406,1.0,1.0,39.42137,-98.04703,RiversOther,Region_7,KSRS-1258,2013,8/5/2013,1,BERW,39.82,Good
1002615,ARTHROPODA,INSECTA,DIPTERA,CHIRONOMIDAE,ABLABESMYIA,ABLABESMYIA,3406,2.0,1.0,34.85247,-94.61724,RiversOther,Region_6,OKRO-1087,2013,8/5/2013,1,BETB,20.58,Poor
1002616,ARTHROPODA,MALACOSTRACA,ISOPODA,ASELLIDAE,CAECIDOTEA,CAECIDOTEA,3540,5.0,1.0,39.7883,-111.1081,LargeStreams,Region_8,UTS9-0930,2013,8/5/2013,1,BERW,8.95,Poor
1002617,ARTHROPODA,INSECTA,EPHEMEROPTERA,CAENIDAE,CAENIS,CAENIS,3542,31.0,1.0,43.34957,-104.2957,RiversOther,Region_8,WYR9-0907,2013,8/5/2013,1,BERW,17.6,Poor
1002618,ARTHROPODA,MALACOSTRACA,AMPHIPODA,,,AMPHIPODA,3450,9.0,0.0,42.93689,-76.61918,SmallStreams,Region_2,NYS9-0923,2013,8/6/2013,1,BERW,2.8,Poor
1002619,ARTHROPODA,INSECTA,DIPTERA,CHIRONOMIDAE,ABLABESMYIA,ABLABESMYIA,3406,9.0,1.0,36.90474,-86.39364,RiversOther,Region_4,KYRO-1029,2013,8/5/2013,1,BETB,27.15,Poor
1002620,ARTHROPODA,INSECTA,DIPTERA,CHIRONOMIDAE,ABLABESMYIA,ABLABESMYIA,3406,1.0,1.0,42.94238,-82.48533,SmallStreams,Region_5,MIS9-0933,2013,8/6/2013,1,BERW,49.88,Good
1002621,ARTHROPODA,INSECTA,DIPTERA,CHIRONOMIDAE,ABLABESMYIA,ABLABESMYIA,3406,9.0,1.0,34.95092177,-87.042028,RiversOther,Region_4,ALR9-0901,2013,8/5/2013,1,BETB,18.7,Poor
1002622,ANNELIDA,OLIGOCHAETA,HAPLOTAXIDA,TUBIFICIDAE,AULODRILUS,AULODRILUS,3496,1.0,1.0,41.47516,-79.51793,RiversMajor,Region_3,PAR9-0902,2013,8/6/2013,1,BETB,54.97,Fair
1002623,ARTHROPODA,INSECTA,COLEOPTERA,DYTISCIDAE,AGABUS,AGABUS,3420,,,44.97626,-112.9966,RiversOther,Region_8,MTR9-0908,2013,8/6/2013,1,BERW,25.28,Poor
1002624,ARTHROPODA,INSECTA,DIPTERA,CHIRONOMIDAE,ABLABESMYIA,ABLABESMYIA,3406,1.0,1.0,46.75123,-102.3682,RiversOther,Region_8,NDRO-1020,2013,8/6/2013,1,BERW,53.55,Fair
1002625,ANNELIDA,OLIGOCHAETA,HAPLOTAXIDA,TUBIFICIDAE,AULODRILUS,AULODRILUS,3496,1.0,1.0,32.97839316,-84.87332035,LargeStreams,Region_4,GAS9-0925,2013,8/6/2013,1,BERW,6.95,Poor
1002626,ARTHROPODA,INSECTA,DIPTERA,CHIRONOMIDAE,ABLABESMYIA,ABLABESMYIA,3406,4.0,1.0,42.95269,-71.94206,RiversOther,Region_1,NHRO-1031,2013,8/6/2013,1,BETB,36.67,Poor
1002629,ARTHROPODA,INSECTA,DIPTERA,CHIRONOMIDAE,ABLABESMYIA,ABLABESMYIA,3406,6.0,1.0,40.31368,-87.27048,RiversOther,Region_5,INRO-1027,2013,8/6/2013,1,BERW,79.0,Good
1002630,ARTHROPODA,INSECTA,PLECOPTERA,NEMOURIDAE,AMPHINEMURA,AMPHINEMURA,3449,1.0,1.0,,,,,UTRF-0003,2013,,1,BERW,,
1002631,ARTHROPODA,INSECTA,DIPTERA,CHIRONOMIDAE,ABLABESMYIA,ABLABESMYIA,3406,9.0,1.0,39.71145,-94.15728,LargeStreams,Region_7,MOS9-0939,2013,8/6/2013,1,BERW,40.95,Good
1002632,ARTHROPODA,INSECTA,DIPTERA,CHIRONOMIDAE,ABLABESMYIA,ABLABESMYIA,3406,22.0,1.0,37.16191,-88.71408,LargeStreams,Region_5,ILLS-1067,2013,8/6/2013,1,BERW,43.95,Good
1002633,ARTHROPODA,INSECTA,ODONATA,COENAGRIONIDAE,ARGIA,ARGIA,3476,5.0,1.0,37.25659,-87.59639,LargeStreams,Region_4,KYLS-1055,2013,8/6/2013,1,BERW,33.73,Fair
1002634,ARTHROPODA,INSECTA,EPHEMEROPTERA,BAETIDAE,ACERPENNA,ACERPENNA,3408,,,42.96758,-72.80919,SmallStreams,Region_1,VTRS-1008,2013,8/6/2013,1,BERW,78.33,Good
1002635,ARTHROPODA,INSECTA,DIPTERA,CHIRONOMIDAE,ABLABESMYIA,ABLABESMYIA,3406,7.0,1.0,34.63573,-95.12159,RiversOther,Region_6,OKR9-0907,2013,8/6/2013,1,BERW,41.87,Fair
1002636,ARTHROPODA,INSECTA,DIPTERA,CHIRONOMIDAE,ABLABESMYIA,ABLABESMYIA,3406,1.0,1.0,32.46104,-94.70198,SmallStreams,Region_6,TXS9-0929,2013,8/6/2013,1,BERW,24.82,Poor
1002637,ARTHROPODA,INSECTA,DIPTERA,CHIRONOMIDAE,ABLABESMYIA,ABLABESMYIA,3406,26.0,1.0,34.06699,-94.90529,LargeStreams,Region_6,OKLS-1176,2013,8/6/2013,1,BETB,68.63,Good
1002642,ARTHROPODA,MALACOSTRACA,AMPHIPODA,,,AMPHIPODA,3450,10.0,0.0,43.01567,-76.85464,SmallStreams,Region_2,NYS9-0932,2013,8/7/2013,1,BERW,1.03,Poor
1002643,ARTHROPODA,INSECTA,EPHEMEROPTERA,BAETIDAE,BAETIS,BAETIS,3501,7.0,1.0,,,,,CORF-0001,2013,,1,BERW,,
1002644,ARTHROPODA,INSECTA,ODONATA,COENAGRIONIDAE,ARGIA,ARGIA,3476,3.0,1.0,39.03621,-98.23066,RiversOther,Region_7,KSRS-1306,2013,8/6/2013,1,BERW,33.48,Fair
1002645,ARTHROPODA,ARACHNIDA,,,,ARACHNIDA,3472,1.0,1.0,42.63643,-82.58948,SmallStreams,Region_5,MISS-1132,2013,8/7/2013,1,BERW,24.93,Poor
1002646,ARTHROPODA,ARACHNIDA,,,,ARACHNIDA,3472,,,43.94402,-105.4367,LargeStreams,Region_8,WYS9-0930,2013,8/6/2013,1,BERW,32.48,Poor
1002647,ARTHROPODA,INSECTA,DIPTERA,CHIRONOMIDAE,ABLABESMYIA,ABLABESMYIA,3406,3.0,1.0,43.76482,-94.04071,LargeStreams,Region_5,MNS9-0927,2013,8/5/2013,1,BERW,32.27,Fair
1002648,ARTHROPODA,INSECTA,DIPTERA,CHIRONOMIDAE,ABLABESMYIA,ABLABESMYIA,3406,2.0,1.0,,,,,MNLS-1105,2013,,1,BERW,,
1002649,ARTHROPODA,INSECTA,DIPTERA,CHIRONOMIDAE,ABLABESMYIA,ABLABESMYIA,3406,1.0,1.0,43.19317,-71.52351,RiversMajor,Region_1,NHR9-0904,2013,8/7/2013,1,BETB,20.32,Poor
1002651,ARTHROPODA,INSECTA,DIPTERA,CHIRONOMIDAE,ABLABESMYIA,ABLABESMYIA,3406,1.0,1.0,41.38091844,-72.78024571,SmallStreams,Region_1,CTS9-0916,2013,8/7/2013,1,BERW,60.68,Good
1002652,ARTHROPODA,INSECTA,EPHEMEROPTERA,BAETIDAE,ACENTRELLA,ACENTRELLA,3407,13.0,1.0,,,,,VTRF-0003,2013,,1,BERW,,
1002653,ARTHROPODA,INSECTA,DIPTERA,CHIRONOMIDAE,ABLABESMYIA,ABLABESMYIA,3406,6.0,1.0,39.1334,-110.9467,LargeStreams,Region_8,UTS9-0927,2013,8/7/2013,1,BERW,6.63,Poor
1002654,ARTHROPODA,INSECTA,TRICHOPTERA,BRACHYCENTRIDAE,AMIOCENTRUS,AMIOCENTRUS,3445,,,44.89928,-112.2601,LargeStreams,Region_8,MTLS-1131,2013,8/7/2013,1,BERW,17.05,Poor
1002655,ARTHROPODA,INSECTA,DIPTERA,CHIRONOMIDAE,ABLABESMYIA,ABLABESMYIA,3406,3.0,1.0,37.95013,-89.42698,LargeStreams,Region_5,ILLS-1069,2013,8/7/2013,1,BERW,35.4,Fair
1002656,ARTHROPODA,ARACHNIDA,TROMBIDIFORMES,ARRENURIDAE,ARRENURUS,ARRENURUS,3481,4.0,1.0,,,,,IDR9-0901,2013,,2,BETB,,
1002657,ARTHROPODA,INSECTA,EPHEMEROPTERA,CAENIDAE,CAENIS,CAENIS,3542,8.0,1.0,,,,,NERF-0005,2013,,1,BERW,,
1002658,ARTHROPODA,INSECTA,TRICHOPTERA,BRACHYCENTRIDAE,BRACHYCENTRUS,BRACHYCENTRUS,3526,1.0,1.0,42.58964,-97.87222,LargeStreams,Region_7,NES9-0926,2013,8/7/2013,1,BERW,41.7,Good
1002661,ARTHROPODA,INSECTA,DIPTERA,CHIRONOMIDAE,ABLABESMYIA,ABLABESMYIA,3406,6.0,1.0,31.49309,-94.83198,RiversOther,Region_6,TXRO-1080,2013,8/7/2013,1,BERW,54.7,Fair
1002662,ARTHROPODA,INSECTA,EPHEMEROPTERA,BAETIDAE,ACERPENNA,ACERPENNA,3408,1.0,1.0,,,,,INS9-0918,2013,,2,BERW,,
1002663,ARTHROPODA,MALACOSTRACA,AMPHIPODA,,,AMPHIPODA,3450,1.0,1.0,42.74127,-76.4744,SmallStreams,Region_2,NYS9-0934,2013,8/8/2013,1,BERW,36.3,Poor
1002664,ARTHROPODA,INSECTA,DIPTERA,CHIRONOMIDAE,ABLABESMYIA,ABLABESMYIA,3406,1.0,1.0,40.0218,-95.2643,LargeStreams,Region_7,MOLS-1088,2013,8/7/2013,1,BERW,21.87,Poor
1002665,ARTHROPODA,INSECTA,DIPTERA,CHIRONOMIDAE,ABLABESMYIA,ABLABESMYIA,3406,2.0,1.0,,,,,OHRF-0003,2013,,1,BERW,,
1002666,ARTHROPODA,INSECTA,PLECOPTERA,PERLIDAE,ACRONEURIA,ACRONEURIA,3412,7.0,1.0,40.70016,-74.78779,SmallStreams,Region_2,NJSS-1077,2013,8/8/2013,1,BERW,77.53,Good
1002667,ARTHROPODA,INSECTA,DIPTERA,CHIRONOMIDAE,ABLABESMYIA,ABLABESMYIA,3406,5.0,1.0,44.80369,-105.3685,RiversOther,Region_8,WYRO-1032,2013,8/8/2013,1,BERW,52.27,Fair
1002668,ARTHROPODA,INSECTA,ODONATA,COENAGRIONIDAE,ARGIA,ARGIA,3476,6.0,1.0,42.90106,-112.505,RiversOther,Region_10,IDRO-1039,2013,8/8/2013,1,BERW,54.58,Fair
1002669,ARTHROPODA,INSECTA,DIPTERA,CHIRONOMIDAE,ABLABESMYIA,ABLABESMYIA,3406,8.0,1.0,43.90668,-94.0603,RiversOther,Region_5,MNR9-0914,2013,8/6/2013,1,BERW,42.72,Good
1002670,ARTHROPODA,INSECTA,EPHEMEROPTERA,BAETIDAE,,BAETIDAE,3500,4.0,0.0,43.52059,-93.00273,RiversOther,Region_5,MNRO-1055,2013,8/7/2013,1,BERW,54.73,Good
1002671,ARTHROPODA,INSECTA,TRICHOPTERA,HYDROPTILIDAE,AGRAYLEA,AGRAYLEA,3425,1.0,1.0,41.88354,-115.4309,LargeStreams,Region_9,NVLS-1067,2013,8/6/2013,1,BERW,54.08,Fair
1002672,ARTHROPODA,INSECTA,EPHEMEROPTERA,POTAMANTHIDAE,ANTHOPOTAMUS,ANTHOPOTAMUS,3463,1.0,1.0,43.90549,-96.48497,LargeStreams,Region_8,SDS9-0942,2013,8/6/2013,1,BERW,77.13,Good
1002673,ARTHROPODA,INSECTA,DIPTERA,CHIRONOMIDAE,ABLABESMYIA,ABLABESMYIA,3406,3.0,1.0,38.7142,-87.59376,SmallStreams,Region_5,ILSS-1130,2013,8/8/2013,1,BERW,21.62,Poor
1002674,ARTHROPODA,INSECTA,DIPTERA,CHIRONOMIDAE,ABLABESMYIA,ABLABESMYIA,3406,4.0,1.0,37.29116,-85.59289,RiversMajor,Region_4,KYR9-0905,2013,8/8/2013,1,BETB,8.1,Poor
1002675,ARTHROPODA,INSECTA,DIPTERA,CHIRONOMIDAE,ABLABESMYIA,ABLABESMYIA,3406,1.0,1.0,39.69717,-94.88073,SmallStreams,Region_7,MOS9-0937,2013,8/8/2013,1,BERW,41.88,Good
1002676,ARTHROPODA,INSECTA,EPHEMEROPTERA,AMELETIDAE,AMELETUS,AMELETUS,3439,20.0,1.0,45.53162,-112.1075,LargeStreams,Region_8,MTS9-0928,2013,8/8/2013,1,BERW,52.07,Good
1002677,ARTHROPODA,INSECTA,DIPTERA,CHIRONOMIDAE,ABLABESMYIA,ABLABESMYIA,3406,,,41.8337,-79.17312,RiversMajor,Region_3,PARM-1004,2013,8/8/2013,1,BETB,37.4,Poor
1002678,ARTHROPODA,INSECTA,PLECOPTERA,PERLIDAE,ACRONEURIA,ACRONEURIA,3412,,,41.68358,-79.3751,RiversMajor,Region_3,PARM-1008,2013,8/7/2013,1,BETB,72.77,Good
1002679,ARTHROPODA,INSECTA,DIPTERA,CHIRONOMIDAE,ABLABESMYIA,ABLABESMYIA,3406,3.0,1.0,,,,,MNRF-0008,2013,,1,BERW,,
1002684,ARTHROPODA,INSECTA,EPHEMEROPTERA,CAENIDAE,CAENIS,CAENIS,3542,63.0,1.0,44.07423,-105.2546,RiversOther,Region_8,WYRO-1036,2013,8/9/2013,1,BERW,29.85,Poor
1002685,ARTHROPODA,INSECTA,DIPTERA,CERATOPOGONIDAE,,CERATOPOGONIDAE,3566,1.0,1.0,37.25037,-87.24123,SmallStreams,Region_4,KYS9-0925,2013,8/9/2013,1,BERW,9.67,Poor
1002686,ARTHROPODA,INSECTA,DIPTERA,CHIRONOMIDAE,ABLABESMYIA,ABLABESMYIA,3406,16.0,1.0,,,,,KYRF-0002,2013,,1,BERW,,
1002687,ARTHROPODA,INSECTA,DIPTERA,CHIRONOMIDAE,ABLABESMYIA,ABLABESMYIA,3406,1.0,1.0,43.14662,-112.4308,RiversOther,Region_10,IDRO-1031,2013,8/9/2013,1,BERW,56.78,Fair
1002688,ARTHROPODA,INSECTA,ODONATA,COENAGRIONIDAE,ARGIA,ARGIA,3476,4.0,1.0,39.78573,-110.1786,LargeStreams,Region_8,UTLS-1058,2013,8/8/2013,1,BERW,28.4,Poor
1002689,ARTHROPODA,INSECTA,DIPTERA,CHIRONOMIDAE,ABLABESMYIA,ABLABESMYIA,3406,36.0,1.0,31.93453,-95.43336,RiversMajor,Region_6,TXR9-0914,2013,8/8/2013,1,BERW,50.38,Fair
1002690,ARTHROPODA,INSECTA,DIPTERA,CHIRONOMIDAE,ABLABESMYIA,ABLABESMYIA,3406,,,42.79641,-75.86431,LargeStreams,Region_2,NYLS-1121,2013,8/11/2013,1,BERW,49.45,Fair
1002691,ARTHROPODA,INSECTA,DIPTERA,CHIRONOMIDAE,ABLABESMYIA,ABLABESMYIA,3406,3.0,1.0,35.458,-77.675,RiversOther,Region_4,NCR9-0905,2013,8/9/2013,1,BETB,16.62,Poor
1002692,ARTHROPODA,INSECTA,DIPTERA,CHIRONOMIDAE,ABLABESMYIA,ABLABESMYIA,3406,38.0,1.0,35.43982,-78.02565,LargeStreams,Region_4,NCLS-1038,2013,8/8/2013,1,BETB,43.28,Fair
1002693,ARTHROPODA,INSECTA,PLECOPTERA,CAPNIIDAE,,CAPNIIDAE,3555,1.0,1.0,37.20463,-83.52786,SmallStreams,Region_4,KYS9-0920,2013,8/11/2013,1,BERW,17.63,Poor
1002694,ARTHROPODA,INSECTA,DIPTERA,CHIRONOMIDAE,ABLABESMYIA,ABLABESMYIA,3406,1.0,1.0,44.74978,-104.9555,LargeStreams,Region_8,WYS9-0935,2013,8/11/2013,1,BERW,39.65,Poor
1002695,ARTHROPODA,INSECTA,EPHEMEROPTERA,BAETIDAE,ACENTRELLA,ACENTRELLA,3407,,,43.61997,-111.6627,RiversMajor,Region_10,IDRM-1023,2013,8/10/2013,1,BETB,53.05,Fair
1002696,ARTHROPODA,INSECTA,EPHEMEROPTERA,BAETIDAE,,BAETIDAE,3500,4.0,0.0,44.40736,-111.584,RiversOther,Region_10,IDRO-1029,2013,8/11/2013,1,BERW,51.38,Fair
1002697,ARTHROPODA,INSECTA,TRICHOPTERA,HYDROPSYCHIDAE,CHEUMATOPSYCHE,CHEUMATOPSYCHE,3578,2.0,1.0,40.19518,-96.22861,LargeStreams,Region_7,NELS-1073,2013,8/12/2013,1,BERW,40.28,Fair
1002698,ARTHROPODA,INSECTA,DIPTERA,CHIRONOMIDAE,ABLABESMYIA,ABLABESMYIA,3406,6.0,1.0,,,,,NCRF-0004,2013,,1,BERW,,
1002699,ARTHROPODA,INSECTA,EPHEMEROPTERA,BAETIDAE,ACENTRELLA,ACENTRELLA,3407,2.0,1.0,45.56444,-123.5731,LargeStreams,Region_10,ORLS-1093,2013,8/12/2013,1,BERW,67.3,Good
1002700,ARTHROPODA,INSECTA,DIPTERA,CHIRONOMIDAE,ABLABESMYIA,ABLABESMYIA,3406,1.0,1.0,43.13767,-76.29551,RiversOther,Region_2,NYR9-0910,2013,8/12/2013,1,BETB,15.18,Poor
1002701,ARTHROPODA,INSECTA,DIPTERA,CHIRONOMIDAE,ABLABESMYIA,ABLABESMYIA,3406,1.0,1.0,,,,,KYRF-0001,2013,,1,BERW,,
1002702,ARTHROPODA,INSECTA,DIPTERA,CHIRONOMIDAE,ABLABESMYIA,ABLABESMYIA,3406,1.0,1.0,34.27513,-97.19231,LargeStreams,Region_6,OKS9-0937,2013,8/12/2013,1,BERW,39.75,Good
1002703,ARTHROPODA,INSECTA,DIPTERA,CHIRONOMIDAE,ABLABESMYIA,ABLABESMYIA,3406,3.0,1.0,33.61703373,-93.86000774,RiversMajor,Region_6,ARR9-0908,2013,8/12/2013,1,BETB,32.67,Poor
1002704,ARTHROPODA,INSECTA,DIPTERA,CHIRONOMIDAE,ABLABESMYIA,ABLABESMYIA,3406,3.0,1.0,34.19471,-95.84755,RiversOther,Region_6,OKRO-1086,2013,8/12/2013,1,BETB,52.18,Fair
1002705,ARTHROPODA,INSECTA,DIPTERA,CHIRONOMIDAE,ABLABESMYIA,ABLABESMYIA,3406,,,43.01416,-114.2107,RiversOther,Region_10,IDRO-1036,2013,8/12/2013,1,BERW,48.27,Fair
1002706,ARTHROPODA,ARACHNIDA,TROMBIDIFORMES,ARRENURIDAE,ARRENURUS,ARRENURUS,3481,7.0,1.0,,,,,DER9-0903,2013,,2,BETB,,
1002707,ARTHROPODA,INSECTA,DIPTERA,CHIRONOMIDAE,ABLABESMYIA,ABLABESMYIA,3406,2.0,1.0,39.90521375,-121.0465597,SmallStreams,Region_9,CAS9-0918,2013,8/12/2013,1,BERW,71.23,Good
1002709,ARTHROPODA,INSECTA,DIPTERA,CERATOPOGONIDAE,,CERATOPOGONINAE,3567,10.0,1.0,36.68126,-84.70198,SmallStreams,Region_4,KYSS-1077,2013,8/13/2013,1,BERW,3.87,Poor
1002710,ARTHROPODA,INSECTA,EPHEMEROPTERA,BAETIDAE,ACERPENNA,ACERPENNA,3408,2.0,1.0,42.90824,-75.4783,SmallStreams,Region_2,NYS9-0931,2013,8/13/2013,1,BERW,47.37,Fair
1002711,ARTHROPODA,MALACOSTRACA,AMPHIPODA,CRANGONYCTIDAE,CRANGONYX,CRANGONYX,3622,1.0,1.0,36.48171,-77.65994,RiversOther,Region_4,NCR9-0901,2013,8/12/2013,1,BETB,1.97,Poor
1002712,ARTHROPODA,INSECTA,DIPTERA,CHIRONOMIDAE,ABLABESMYIA,ABLABESMYIA,3406,1.0,1.0,,,,,ILR9-0902,2013,,2,BERW,,
1002713,ARTHROPODA,INSECTA,DIPTERA,CHIRONOMIDAE,ABLABESMYIA,ABLABESMYIA,3406,2.0,1.0,33.99517,-93.38717,LargeStreams,Region_6,ARLS-1046,2013,8/13/2013,1,BERW,64.97,Good
1002714,ARTHROPODA,INSECTA,DIPTERA,CHIRONOMIDAE,ABLABESMYIA,ABLABESMYIA,3406,2.0,1.0,28.8784,-96.28717,LargeStreams,Region_6,TXS9-0934,2013,8/13/2013,1,BERW,39.72,Poor
1002715,ARTHROPODA,INSECTA,ODONATA,COENAGRIONIDAE,ARGIA,ARGIA,3476,2.0,1.0,33.87907,-95.91292,RiversMajor,Region_6,OKRM-1004,2013,8/13/2013,1,BETB,50.28,Fair
1002716,ARTHROPODA,INSECTA,DIPTERA,CHIRONOMIDAE,ABLABESMYIA,ABLABESMYIA,3406,1.0,1.0,34.75613,-96.38302,LargeStreams,Region_6,OKLS-1182,2013,8/13/2013,1,BERW,13.12,Poor
1002717,ARTHROPODA,INSECTA,EPHEMEROPTERA,POTAMANTHIDAE,ANTHOPOTAMUS,ANTHOPOTAMUS,3463,2.0,1.0,44.94299,-95.77757,RiversMajor,Region_5,MNR9-0918,2013,8/13/2013,1,BETB,49.92,Good
1002718,ANNELIDA,OLIGOCHAETA,HAPLOTAXIDA,TUBIFICIDAE,AULODRILUS,AULODRILUS,3496,6.0,1.0,44.29199,-94.42179,RiversMajor,Region_5,MNRM-1011,2013,8/12/2013,1,BETB,29.9,Fair
1002719,MOLLUSCA,GASTROPODA,BASOMMATOPHORA,ANCYLIDAE,,ANCYLIDAE,3458,,,43.91048,-85.82958,LargeStreams,Region_5,MILS-1058,2013,8/13/2013,1,BERW,54.65,Good
1002720,ARTHROPODA,INSECTA,EPHEMEROPTERA,BAETIDAE,CALLIBAETIS,CALLIBAETIS,3544,2.0,1.0,43.07013,-98.8004,SmallStreams,Region_8,SDS9-0939,2013,8/13/2013,1,BERW,23.4,Poor
1002721,ARTHROPODA,INSECTA,TRICHOPTERA,APATANIIDAE,APATANIA,APATANIA,3466,1.0,1.0,43.91462,-72.45775,SmallStreams,Region_1,VTRS-1002,2013,8/14/2013,1,BERW,73.33,Good
1002722,ARTHROPODA,MALACOSTRACA,AMPHIPODA,,,AMPHIPODA,3450,2.0,1.0,38.64932,-75.58961,RiversOther,Region_3,DERO-1005,2013,8/13/2013,1,BETB,14.38,Poor
1002724,ARTHROPODA,INSECTA,DIPTERA,CHIRONOMIDAE,ABLABESMYIA,ABLABESMYIA,3406,2.0,1.0,44.79838,-122.4811,LargeStreams,Region_10,ORLS-1097,2013,8/14/2013,1,BERW,66.05,Good
1002725,ARTHROPODA,INSECTA,DIPTERA,CHIRONOMIDAE,ABLABESMYIA,ABLABESMYIA,3406,3.0,1.0,43.16468,-76.25831,RiversOther,Region_2,NYRO-1058,2013,8/14/2013,1,BETB,18.02,Poor
1002726,ARTHROPODA,INSECTA,EPHEMEROPTERA,BAETIDAE,BAETIS,BAETIS,3501,55.0,1.0,,,,,WIS9-0927,2013,,2,BERW,,
1002727,ARTHROPODA,INSECTA,DIPTERA,CHIRONOMIDAE,ABLABESMYIA,ABLABESMYIA,3406,1.0,1.0,44.94887,-91.12384,LargeStreams,Region_5,WILS-1090,2013,8/13/2013,1,BERW,52.85,Good
1002728,ARTHROPODA,INSECTA,EPHEMEROPTERA,CAENIDAE,CAENIS,CAENIS,3542,2.0,1.0,37.29618,-83.06281,SmallStreams,Region_4,KYS9-0923,2013,8/14/2013,1,BERW,7.67,Poor
1002729,ARTHROPODA,INSECTA,EPHEMEROPTERA,BAETIDAE,ACERPENNA,ACERPENNA,3408,1.0,1.0,44.01722,-85.75155,SmallStreams,Region_5,MISS-1134,2013,8/14/2013,1,BERW,28.12,Fair
1002730,ARTHROPODA,INSECTA,DIPTERA,CHIRONOMIDAE,ABLABESMYIA,ABLABESMYIA,3406,2.0,1.0,,,,,ARS9-0944,2013,,2,BERW,,
1002732,ARTHROPODA,INSECTA,EPHEMEROPTERA,BAETIDAE,ACERPENNA,ACERPENNA,3408,1.0,1.0,,,,,NES9-0921,2013,,2,BERW,,
1002733,ARTHROPODA,INSECTA,EPHEMEROPTERA,BAETIDAE,ACENTRELLA,ACENTRELLA,3407,1.0,1.0,,,,,VARF-0005,2013,,1,BERW,,
1002739,ARTHROPODA,INSECTA,DIPTERA,CHIRONOMIDAE,ABLABESMYIA,ABLABESMYIA,3406,3.0,1.0,45.56153,-107.4351,RiversOther,Region_8,MTRO-1062,2013,8/14/2013,1,BETB,98.3,Good
1002740,ARTHROPODA,INSECTA,DIPTERA,CHIRONOMIDAE,ABLABESMYIA,ABLABESMYIA,3406,1.0,1.0,28.89089,-97.13556,RiversMajor,Region_6,TXRM-1010,2013,8/14/2013,1,BETB,31.45,Poor
1002741,ARTHROPODA,INSECTA,EPHEMEROPTERA,CAENIDAE,CAENIS,CAENIS,3542,13.0,1.0,44.66968,-94.45606,LargeStreams,Region_5,MNLS-1094,2013,8/14/2013,1,BERW,3.97,Poor
1002742,ARTHROPODA,INSECTA,DIPTERA,CHIRONOMIDAE,ABLABESMYIA,ABLABESMYIA,3406,1.0,1.0,43.12556,-75.58383,SmallStreams,Region_2,NYSS-1238,2013,8/15/2013,1,BERW,18.8,Poor
1002743,ARTHROPODA,INSECTA,EPHEMEROPTERA,BAETIDAE,ACENTRELLA,ACENTRELLA,3407,4.0,1.0,44.21852,-72.26004,SmallStreams,Region_1,VTRS-1003,2013,8/15/2013,1,BERW,60.85,Good
1002744,ARTHROPODA,INSECTA,EPHEMEROPTERA,AMELETIDAE,AMELETUS,AMELETUS,3439,,,47.09155,-120.5538,SmallStreams,Region_10,WASS-1145,2013,8/14/2013,1,BERW,72.72,Good
1002745,ARTHROPODA,INSECTA,DIPTERA,CHIRONOMIDAE,ABLABESMYIA,ABLABESMYIA,3406,1.0,1.0,,,,,ILRF-0002,2013,,1,BERW,,
1002746,ARTHROPODA,INSECTA,DIPTERA,CHIRONOMIDAE,ABLABESMYIA,ABLABESMYIA,3406,1.0,1.0,37.5641,-82.45177,LargeStreams,Region_4,KYLS-1054,2013,8/15/2013,1,BETB,4.53,Poor
1002747,ARTHROPODA,INSECTA,TRICHOPTERA,GLOSSOSOMATIDAE,AGAPETUS,AGAPETUS,3421,1.0,1.0,40.07704424,-121.5625018,LargeStreams,Region_9,CAS9-0927,2013,8/13/2013,1,BERW,68.78,Good
1002748,ARTHROPODA,INSECTA,DIPTERA,CHIRONOMIDAE,ABLABESMYIA,ABLABESMYIA,3406,10.0,1.0,,,,,CAS9-0916,2013,,2,BERW,,
1002749,ARTHROPODA,INSECTA,EPHEMEROPTERA,BAETIDAE,ACENTRELLA,ACENTRELLA,3407,4.0,1.0,44.85127,-93.98283,RiversOther,Region_5,MNR9-0910,2013,8/15/2013,1,BERW,33.0,Fair
1002750,ARTHROPODA,INSECTA,EPHEMEROPTERA,AMELETIDAE,AMELETUS,AMELETUS,3439,2.0,1.0,,,,,ORS9-0932,2013,,2,BERW,,
1002751,ARTHROPODA,INSECTA,DIPTERA,CHIRONOMIDAE,ABLABESMYIA,ABLABESMYIA,3406,1.0,1.0,43.68735,-71.61899,SmallStreams,Region_1,NHSS-1068,2013,8/15/2013,1,BERW,50.1,Fair
1002752,ARTHROPODA,INSECTA,DIPTERA,CHIRONOMIDAE,ABLABESMYIA,ABLABESMYIA,3406,16.0,1.0,37.04282,-84.04663,LargeStreams,Region_4,KYLS-1053,2013,8/16/2013,1,BERW,21.43,Poor
1002753,ARTHROPODA,INSECTA,DIPTERA,CHIRONOMIDAE,ABLABESMYIA,ABLABESMYIA,3406,9.0,1.0,42.76741,-77.83879,RiversOther,Region_2,NYRO-1057,2013,8/18/2013,1,BETB,62.52,Good
1002754,ARTHROPODA,INSECTA,DIPTERA,CHIRONOMIDAE,CHIRONOMUS,CHIRONOMUS,3582,7.0,1.0,36.76687,-89.08165,SmallStreams,Region_4,KYSS-1078,2013,8/18/2013,1,BERW,35.85,Poor
1002755,ARTHROPODA,INSECTA,DIPTERA,CHIRONOMIDAE,ABLABESMYIA,ABLABESMYIA,3406,10.0,1.0,39.19811,-75.57552,SmallStreams,Region_3,DESS-1090,2013,8/19/2013,1,BERW,33.83,Poor
1002756,ARTHROPODA,INSECTA,DIPTERA,CHIRONOMIDAE,ABLABESMYIA,ABLABESMYIA,3406,,,43.24839,-78.23876,SmallStreams,Region_2,NYSS-1237,2013,8/19/2013,1,BERW,35.08,Poor
1002757,ARTHROPODA,MALACOSTRACA,AMPHIPODA,,,AMPHIPODA,3450,1.0,0.0,41.38492,-75.80537,RiversMajor,Region_3,PARM-1006,2013,8/19/2013,1,BETB,69.47,Good
1002758,ARTHROPODA,INSECTA,DIPTERA,CHIRONOMIDAE,ABLABESMYIA,ABLABESMYIA,3406,3.0,1.0,38.82073,-84.70514,SmallStreams,Region_4,KYS9-0926,2013,8/19/2013,1,BERW,11.98,Poor
1002759,ARTHROPODA,INSECTA,DIPTERA,CHIRONOMIDAE,,CHIRONOMIDAE,3581,1.0,0.0,39.46603,-81.48059,RiversOther,Region_5,OHR9-0905,2013,8/19/2013,1,BETB,0.0,Poor
1002760,ARTHROPODA,INSECTA,DIPTERA,CHIRONOMIDAE,ABLABESMYIA,ABLABESMYIA,3406,1.0,1.0,,,,,MTS9-0923,2013,,2,BERW,,
1002761,ARTHROPODA,INSECTA,EPHEMEROPTERA,BAETIDAE,ACENTRELLA,ACENTRELLA,3407,1.0,1.0,46.71457,-87.84176,LargeStreams,Region_5,MILS-1060,2013,8/19/2013,1,BERW,64.12,Good
1002762,ARTHROPODA,INSECTA,ODONATA,COENAGRIONIDAE,ARGIA,ARGIA,3476,1.0,1.0,,,,,OKS9-0932,2013,,2,BERW,,
1002763,ANNELIDA,OLIGOCHAETA,HAPLOTAXIDA,TUBIFICIDAE,AULODRILUS,AULODRILUS,3496,1.0,1.0,39.55417,-99.74415,LargeStreams,Region_7,KSS9-0938,2013,8/19/2013,1,BERW,18.77,Poor
1002764,ARTHROPODA,INSECTA,ODONATA,AESHNIDAE,BOYERIA,BOYERIA,3524,1.0,1.0,,,,,IAS9-0918,2013,,2,BERW,,
1002765,ARTHROPODA,INSECTA,DIPTERA,CHIRONOMIDAE,ABLABESMYIA,ABLABESMYIA,3406,1.0,1.0,43.24112,-99.18716,LargeStreams,Region_8,SDS9-0937,2013,8/19/2013,1,BERW,45.17,Fair
1002766,ARTHROPODA,INSECTA,COLEOPTERA,DYTISCIDAE,AGABUS,AGABUS,3420,2.0,1.0,46.78712,-88.7409,SmallStreams,Region_5,MIS9-0937,2013,8/20/2013,1,BERW,46.77,Good
1002767,ARTHROPODA,INSECTA,EPHEMEROPTERA,POTAMANTHIDAE,ANTHOPOTAMUS,ANTHOPOTAMUS,3463,1.0,1.0,40.26612,-81.87411,RiversOther,Region_5,OHR9-0902,2013,8/20/2013,1,BETB,27.52,Poor
1002768,ARTHROPODA,INSECTA,DIPTERA,CHIRONOMIDAE,ABLABESMYIA,ABLABESMYIA,3406,,,42.97868,-77.5953,LargeStreams,Region_2,NYLS-1118,2013,8/20/2013,1,BERW,63.05,Good
1002769,ARTHROPODA,INSECTA,DIPTERA,CHIRONOMIDAE,ABLABESMYIA,ABLABESMYIA,3406,3.0,1.0,,,,,MORF-0007,2013,,1,BETB,,
1002770,ARTHROPODA,ARACHNIDA,TROMBIDIFORMES,HYGROBATIDAE,ATRACTIDES,ATRACTIDES,3490,1.0,1.0,45.9935,-110.7353,LargeStreams,Region_8,MTS9-0944,2013,8/20/2013,1,BERW,64.12,Good
1002771,ARTHROPODA,INSECTA,DIPTERA,CHIRONOMIDAE,ABLABESMYIA,ABLABESMYIA,3406,1.0,1.0,44.24285,-93.62669,LargeStreams,Region_5,MNLS-1097,2013,8/19/2013,1,BERW,23.38,Fair
1002772,ARTHROPODA,INSECTA,DIPTERA,CHIRONOMIDAE,ABLABESMYIA,ABLABESMYIA,3406,7.0,1.0,,,,,MNS9-0927,2013,,2,BERW,,
1002773,ARTHROPODA,INSECTA,ODONATA,COENAGRIONIDAE,ARGIA,ARGIA,3476,2.0,1.0,39.89553,-98.19393,LargeStreams,Region_7,KSRS-1338,2013,8/20/2013,1,BERW,34.53,Fair
1002774,ARTHROPODA,ARACHNIDA,TROMBIDIFORMES,ARRENURIDAE,ARRENURUS,ARRENURUS,3481,1.0,1.0,33.78372,-96.17145,RiversMajor,Region_6,OKRM-1001,2013,8/20/2013,1,BETB,49.3,Fair
1002775,ARTHROPODA,INSECTA,EPHEMEROPTERA,AMELETIDAE,AMELETUS,AMELETUS,3439,2.0,1.0,43.61499,-122.7665,SmallStreams,Region_10,ORS9-0933,2013,8/20/2013,1,BERW,79.63,Good
1002776,ARTHROPODA,INSECTA,DIPTERA,CHIRONOMIDAE,ABLABESMYIA,ABLABESMYIA,3406,1.0,1.0,44.68489,-98.29677,SmallStreams,Region_8,SDSS-1186,2013,8/20/2013,1,BERW,15.15,Poor
1002777,ARTHROPODA,INSECTA,ODONATA,COENAGRIONIDAE,ARGIA,ARGIA,3476,10.0,1.0,30.83924,-96.72312,RiversOther,Region_6,TXRO-1074,2013,8/20/2013,1,BETB,65.18,Good
1002778,ARTHROPODA,INSECTA,EPHEMEROPTERA,BAETIDAE,BAETIS,BAETIS,3501,4.0,1.0,43.92827,-89.90295,LargeStreams,Region_5,WILS-1087,2013,8/19/2013,1,BERW,22.0,Poor
1002779,ARTHROPODA,INSECTA,DIPTERA,CERATOPOGONIDAE,ATRICHOPOGON,ATRICHOPOGON,3491,1.0,1.0,44.219,-90.21632,SmallStreams,Region_5,WIS9-0924,2013,8/20/2013,1,BERW,2.28,Poor
1002781,ARTHROPODA,INSECTA,DIPTERA,CHIRONOMIDAE,ABLABESMYIA,ABLABESMYIA,3406,5.0,1.0,42.75674,-72.46335,SmallStreams,Region_1,NHSS-1067,2013,8/20/2013,1,BERW,58.52,Good
1002782,ARTHROPODA,INSECTA,DIPTERA,CHIRONOMIDAE,ABLABESMYIA,ABLABESMYIA,3406,1.0,1.0,,,,,MORF-0003,2013,,1,BETB,,
1002783,ARTHROPODA,INSECTA,DIPTERA,CHIRONOMIDAE,ABLABESMYIA,ABLABESMYIA,3406,5.0,1.0,39.20764401,-75.74852691,LargeStreams,Region_3,DES9-0908,2013,8/21/2013,1,BERW,42.0,Fair
1002784,ARTHROPODA,MALACOSTRACA,AMPHIPODA,,,AMPHIPODA,3450,1.0,1.0,42.85984,-77.84331,RiversOther,Region_2,NYR9-0915,2013,8/21/2013,1,BETB,10.37,Poor
1002785,ARTHROPODA,INSECTA,DIPTERA,CHIRONOMIDAE,ABLABESMYIA,ABLABESMYIA,3406,3.0,1.0,42.54689,-109.1164,SmallStreams,Region_8,WYS9-0932,2013,8/21/2013,1,BERW,47.83,Fair
1002786,ARTHROPODA,INSECTA,EPHEMEROPTERA,BAETIDAE,ACERPENNA,ACERPENNA,3408,1.0,1.0,42.50246,-108.2566,RiversOther,Region_8,WYRO-1038,2013,8/20/2013,1,BERW,43.7,Fair
1002787,ARTHROPODA,INSECTA,EPHEMEROPTERA,AMELETIDAE,AMELETUS,AMELETUS,3439,2.0,1.0,46.13171,-121.5873,LargeStreams,Region_10,WAS9-0915,2013,8/20/2013,1,BERW,34.93,Poor
1002788,ARTHROPODA,INSECTA,DIPTERA,CHIRONOMIDAE,ABLABESMYIA,ABLABESMYIA,3406,,,41.92258,-77.12923,RiversOther,Region_3,PAR9-0903,2013,8/21/2013,1,BERW,29.57,Poor
1002789,ARTHROPODA,INSECTA,DIPTERA,CHIRONOMIDAE,ABLABESMYIA,ABLABESMYIA,3406,2.0,1.0,,,,,OKRF-0001,2013,,1,BERW,,
1002790,ARTHROPODA,INSECTA,DIPTERA,CHIRONOMIDAE,ABLABESMYIA,ABLABESMYIA,3406,2.0,1.0,46.05777,-87.24736,SmallStreams,Region_5,MIS9-0932,2013,8/21/2013,1,BERW,27.5,Fair
1002791,ARTHROPODA,MALACOSTRACA,AMPHIPODA,,,AMPHIPODA,3450,5.0,0.0,40.58128,-81.39514,RiversOther,Region_5,OHR9-0903,2013,8/21/2013,1,BETB,36.92,Fair
1002792,ARTHROPODA,INSECTA,EPHEMEROPTERA,BAETIDAE,ACENTRELLA,ACENTRELLA,3407,2.0,1.0,44.38713,-114.2643,RiversMajor,Region_10,IDRM-1013,2013,8/21/2013,1,BETB,60.67,Good
1002793,ARTHROPODA,INSECTA,DIPTERA,CHIRONOMIDAE,ABLABESMYIA,ABLABESMYIA,3406,2.0,1.0,42.85641,-123.1434,SmallStreams,Region_10,ORSS-1168,2013,8/21/2013,1,BERW,62.1,Good
1002794,ARTHROPODA,INSECTA,DIPTERA,CHIRONOMIDAE,ABLABESMYIA,ABLABESMYIA,3406,7.0,1.0,39.28797,-97.41126,SmallStreams,Region_7,KSS9-0936,2013,8/21/2013,1,BERW,29.47,Fair
1002795,ARTHROPODA,INSECTA,TRICHOPTERA,GLOSSOSOMATIDAE,AGAPETUS,AGAPETUS,3421,,,46.32795,-110.6049,SmallStreams,Region_8,MTS9-0946,2013,8/21/2013,1,BERW,93.67,Good
1002796,ARTHROPODA,INSECTA,DIPTERA,CHIRONOMIDAE,ABLABESMYIA,ABLABESMYIA,3406,2.0,1.0,42.72299,-88.31107,LargeStreams,Region_5,WILS-1088,2013,8/21/2013,1,BERW,71.92,Good
1002801,ARTHROPODA,INSECTA,DIPTERA,CHIRONOMIDAE,ABLABESMYIA,ABLABESMYIA,3406,8.0,1.0,31.12623,-96.24693,LargeStreams,Region_6,TXLS-1123,2013,8/21/2013,1,BERW,48.28,Fair
1002829,ARTHROPODA,INSECTA,DIPTERA,CHIRONOMIDAE,ABLABESMYIA,ABLABESMYIA,3406,1.0,1.0,45.00144,-98.63766,RiversOther,Region_8,SDR9-0904,2013,8/21/2013,1,BERW,24.0,Poor
1002836,ARTHROPODA,INSECTA,DIPTERA,CHIRONOMIDAE,ABLABESMYIA,ABLABESMYIA,3406,1.0,1.0,,,,,CTS9-0916,2013,,2,BERW,,
1002837,ARTHROPODA,INSECTA,DIPTERA,CHIRONOMIDAE,ABLABESMYIA,ABLABESMYIA,3406,,,36.11488648,-91.96699076,SmallStreams,Region_6,ARS9-0949,2013,8/22/2013,1,BERW,34.63,Fair
1002838,ARTHROPODA,INSECTA,DIPTERA,CHIRONOMIDAE,ABLABESMYIA,ABLABESMYIA,3406,8.0,1.0,35.51270345,-91.61686914,SmallStreams,Region_6,ARS9-0950,2013,8/21/2013,1,BERW,7.95,Poor
1002840,ARTHROPODA,INSECTA,DIPTERA,CHIRONOMIDAE,ABLABESMYIA,ABLABESMYIA,3406,2.0,1.0,,,,,MORF-0008,2013,,1,BETB,,
1002841,ARTHROPODA,ARACHNIDA,TROMBIDIFORMES,ATURIDAE,,ATURIDAE,3494,,,46.07532,-110.0509,SmallStreams,Region_8,MTSS-1292,2013,8/22/2013,1,BERW,78.77,Good
1002842,ARTHROPODA,INSECTA,PLECOPTERA,PERLIDAE,ACRONEURIA,ACRONEURIA,3412,1.0,1.0,41.45998,-77.5098,RiversOther,Region_3,PARO-1050,2013,8/22/2013,1,BERW,58.18,Good
1002843,ARTHROPODA,INSECTA,EPHEMEROPTERA,BAETIDAE,ACENTRELLA,ACENTRELLA,3407,3.0,1.0,44.42427139,-114.2349763,RiversMajor,Region_10,IDR9-0913,2013,8/22/2013,1,BETB,66.03,Good
1002844,ARTHROPODA,INSECTA,EPHEMEROPTERA,BAETIDAE,ACERPENNA,ACERPENNA,3408,1.0,1.0,42.67849,-77.70648,SmallStreams,Region_2,NYS9-0927,2013,8/22/2013,1,BERW,26.25,Poor
1002845,ARTHROPODA,INSECTA,COLEOPTERA,PSEPHENIDAE,ACNEUS,ACNEUS,3410,,,43.841,-122.8208,SmallStreams,Region_10,ORSS-1173,2013,8/19/2013,1,BERW,73.98,Good
1002846,ARTHROPODA,INSECTA,DIPTERA,CHIRONOMIDAE,ABLABESMYIA,ABLABESMYIA,3406,1.0,1.0,45.84948,-87.11052,SmallStreams,Region_5,MISS-1137,2013,8/22/2013,1,BERW,51.8,Good
1002847,ANNELIDA,OLIGOCHAETA,HAPLOTAXIDA,TUBIFICIDAE,AULODRILUS,AULODRILUS,3496,1.0,1.0,,,,,KYR9-0905,2013,,2,BETB,,
1002854,ARTHROPODA,INSECTA,EPHEMEROPTERA,AMELETIDAE,AMELETUS,AMELETUS,3439,3.0,1.0,38.27112925,-119.3316508,SmallStreams,Region_9,CAS9-0919,2013,8/22/2013,1,BERW,56.37,Fair
1002855,ARTHROPODA,INSECTA,EPHEMEROPTERA,AMELETIDAE,AMELETUS,AMELETUS,3439,3.0,1.0,37.56388064,-118.7547913,SmallStreams,Region_9,CAS9-0924,2013,8/21/2013,1,BERW,82.7,Good
1002856,ARTHROPODA,INSECTA,COLEOPTERA,DYTISCIDAE,,DYTISCIDAE,3679,1.0,1.0,42.95101,-90.349,SmallStreams,Region_5,WISS-1166,2013,8/22/2013,1,BERW,27.47,Fair
1002857,ARTHROPODA,INSECTA,EPHEMEROPTERA,POTAMANTHIDAE,ANTHOPOTAMUS,ANTHOPOTAMUS,3463,12.0,1.0,43.7194,-95.04622,RiversMajor,Region_5,MNR9-0903,2013,8/21/2013,1,BERW,44.95,Good
1002858,ARTHROPODA,INSECTA,DIPTERA,CHIRONOMIDAE,ABLABESMYIA,ABLABESMYIA,3406,1.0,1.0,42.60283,-78.19505,SmallStreams,Region_2,NYSS-1253,2013,8/23/2013,1,BERW,38.75,Poor
1002859,ANNELIDA,OLIGOCHAETA,HAPLOTAXIDA,TUBIFICIDAE,AULODRILUS,AULODRILUS,3496,8.0,1.0,47.06727,-123.8236,SmallStreams,Region_10,WAS9-0925,2013,8/22/2013,1,BERW,26.95,Poor
1002860,ARTHROPODA,ARACHNIDA,TROMBIDIFORMES,ARRENURIDAE,ARRENURUS,ARRENURUS,3481,2.0,1.0,,,,,KYS9-0925,2013,,2,BERW,,
1002861,ARTHROPODA,INSECTA,TRICHOPTERA,APATANIIDAE,ALLOMYIA,ALLOMYIA,3433,9.0,1.0,48.94596,-114.0254,SmallStreams,Region_8,MTSS-1265,2013,8/21/2013,1,BERW,34.23,Poor
1002862,ARTHROPODA,INSECTA,ODONATA,COENAGRIONIDAE,ARGIA,ARGIA,3476,1.0,1.0,,,,,UTR9-0901,2013,,2,BETB,,
1002863,ARTHROPODA,INSECTA,ODONATA,COENAGRIONIDAE,ARGIA,ARGIA,3476,7.0,1.0,37.25537,-109.6218,RiversMajor,Region_8,UTRM-1009,2013,8/21/2013,1,BETB,49.43,Fair
1002864,ARTHROPODA,INSECTA,DIPTERA,CHIRONOMIDAE,ABLABESMYIA,ABLABESMYIA,3406,13.0,1.0,35.79718,-76.63771,SmallStreams,Region_4,NCSS-1081,2013,8/23/2013,1,BETB,36.2,Poor
1002865,ARTHROPODA,INSECTA,DIPTERA,CHIRONOMIDAE,ABLABESMYIA,ABLABESMYIA,3406,5.0,1.0,36.93503,-85.77766,SmallStreams,Region_4,KYS9-0921,2013,8/25/2013,1,BERW,23.62,Poor
1002866,ARTHROPODA,MALACOSTRACA,AMPHIPODA,,,AMPHIPODA,3450,11.0,0.0,,,,,NYS9-0923,2013,,2,BERW,,
1002867,ARTHROPODA,INSECTA,DIPTERA,CHIRONOMIDAE,ABLABESMYIA,ABLABESMYIA,3406,6.0,1.0,44.35518,-110.514,SmallStreams,Region_8,WYSS-1197,2013,8/25/2013,1,BERW,5.0,Poor
1002868,MOLLUSCA,GASTROPODA,BASOMMATOPHORA,ANCYLIDAE,,ANCYLIDAE,3458,1.0,1.0,,,,,NYS9-0924,2013,,2,BERW,,
1002869,ARTHROPODA,INSECTA,EPHEMEROPTERA,AMELETIDAE,AMELETUS,AMELETUS,3439,2.0,1.0,42.81299,-110.689,LargeStreams,Region_8,WYS9-0927,2013,8/23/2013,1,BERW,53.25,Good
1002870,ARTHROPODA,INSECTA,EPHEMEROPTERA,AMELETIDAE,AMELETUS,AMELETUS,3439,,,42.93435,-110.7209,LargeStreams,Region_8,WYLS-1091,2013,8/22/2013,1,BERW,70.25,Good
1002871,ARTHROPODA,INSECTA,DIPTERA,CERATOPOGONIDAE,,CERATOPOGONINAE,3567,6.0,1.0,40.92973,-78.26005,SmallStreams,Region_3,PAS9-0917,2013,8/26/2013,1,BERW,19.73,Poor
1002872,ARTHROPODA,MALACOSTRACA,AMPHIPODA,,,AMPHIPODA,3450,1.0,0.0,,,,,ORR9-0912,2013,,2,BETB,,
1002873,ARTHROPODA,MALACOSTRACA,AMPHIPODA,,,AMPHIPODA,3450,2.0,1.0,40.78034,-80.32113,RiversOther,Region_3,PARO-1052,2013,8/26/2013,1,BETB,15.02,Poor
1002874,ARTHROPODA,INSECTA,DIPTERA,CHIRONOMIDAE,ABLABESMYIA,ABLABESMYIA,3406,4.0,1.0,39.13624,-96.78261,LargeStreams,Region_7,KSRS-1301,2013,8/26/2013,1,BERW,20.88,Poor
1002875,ARTHROPODA,INSECTA,DIPTERA,CHIRONOMIDAE,,CHIRONOMIDAE,3581,1.0,0.0,36.92339,-89.00926,RiversOther,Region_4,KYRO-1032,2013,8/26/2013,1,BETB,31.08,Poor
1002876,ARTHROPODA,INSECTA,TRICHOPTERA,BRACHYCENTRIDAE,BRACHYCENTRUS,BRACHYCENTRUS,3526,4.0,1.0,44.25218,-90.76171,SmallStreams,Region_5,WIS9-0926,2013,8/26/2013,1,BERW,44.22,Good
1002877,ARTHROPODA,INSECTA,EPHEMEROPTERA,BAETIDAE,ACENTRELLA,ACENTRELLA,3407,3.0,1.0,43.93061,-116.1794,RiversOther,Region_10,IDRO-1050,2013,8/26/2013,1,BETB,43.8,Fair
1002878,ARTHROPODA,INSECTA,DIPTERA,CERATOPOGONIDAE,ATRICHOPOGON,ATRICHOPOGON,3491,1.0,1.0,38.81627171,-123.0111924,RiversMajor,Region_9,CAR9-0903,2013,8/26/2013,1,BETB,34.4,Poor
1002879,ARTHROPODA,INSECTA,DIPTERA,CHIRONOMIDAE,ABLABESMYIA,ABLABESMYIA,3406,2.0,1.0,40.93107,-80.37396,RiversOther,Region_3,PAR9-0905,2013,8/27/2013,1,BETB,34.02,Poor
1002880,ARTHROPODA,INSECTA,DIPTERA,CHIRONOMIDAE,ABLABESMYIA,ABLABESMYIA,3406,11.0,1.0,37.12219,-79.35359,RiversMajor,Region_3,VAR9-0911,2013,8/27/2013,1,BETB,55.42,Good
1002881,ARTHROPODA,INSECTA,TRICHOPTERA,HYDROPSYCHIDAE,ARCTOPSYCHE,ARCTOPSYCHE,3475,4.0,1.0,43.1383,-110.3885,LargeStreams,Region_8,WYLS-1087,2013,8/27/2013,1,BERW,37.32,Fair
1002882,ARTHROPODA,INSECTA,EPHEMEROPTERA,BAETIDAE,ACENTRELLA,ACENTRELLA,3407,1.0,1.0,43.55855,-110.2491,LargeStreams,Region_8,WYLS-1094,2013,8/26/2013,1,BERW,45.1,Fair
1002883,ARTHROPODA,INSECTA,DIPTERA,CHIRONOMIDAE,ABLABESMYIA,ABLABESMYIA,3406,7.0,1.0,35.5326437,-90.44201227,RiversOther,Region_6,ARR9-0909,2013,8/27/2013,1,BETB,47.82,Fair
1002884,ARTHROPODA,INSECTA,EPHEMEROPTERA,AMELETIDAE,AMELETUS,AMELETUS,3439,,,46.1589,-112.9051,LargeStreams,Region_8,MTS9-0931,2013,8/27/2013,1,BERW,54.22,Good
1002885,ARTHROPODA,INSECTA,ODONATA,COENAGRIONIDAE,ARGIA,ARGIA,3476,1.0,1.0,28.72577,-99.81584,RiversMajor,Region_6,TXR9-0917,2013,8/27/2013,1,BETB,23.13,Fair
1002886,ARTHROPODA,INSECTA,PLECOPTERA,PERLIDAE,AGNETINA,AGNETINA,3424,5.0,1.0,41.02419,-80.16323,RiversOther,Region_3,PAR9-0908,2013,8/27/2013,1,BERW,53.72,Fair
1002887,ARTHROPODA,INSECTA,EPHEMEROPTERA,BAETIDAE,ACENTRELLA,ACENTRELLA,3407,3.0,1.0,40.21900407,-121.9974197,LargeStreams,Region_9,CAS9-0917,2013,8/27/2013,1,BERW,71.42,Good
1002888,ARTHROPODA,INSECTA,ODONATA,COENAGRIONIDAE,ARGIA,ARGIA,3476,9.0,1.0,43.42244,-103.9918,RiversMajor,Region_8,SDR9-0907,2013,8/27/2013,1,BERW,39.9,Poor
1002903,ARTHROPODA,INSECTA,DIPTERA,TIPULIDAE,ANTOCHA,ANTOCHA,3465,4.0,1.0,45.36948405,-114.2899056,RiversMajor,Region_10,IDR9-0904,2013,8/23/2013,1,BETB,49.4,Fair
1002904,ANNELIDA,HIRUDINEA,RHYNCHOBDELLIDA,GLOSSIPHONIIDAE,ACTINOBDELLA,ACTINOBDELLA,3413,,,44.68544,-114.0657,RiversMajor,Region_10,IDRM-1009,2013,8/24/2013,1,BETB,38.72,Fair
1002905,ARTHROPODA,INSECTA,EPHEMEROPTERA,BAETIDAE,ACENTRELLA,ACENTRELLA,3407,4.0,1.0,45.3167,-114.4641,RiversMajor,Region_10,IDRM-1021,2013,8/23/2013,1,BETB,50.85,Good
1002906,ARTHROPODA,INSECTA,ODONATA,COENAGRIONIDAE,ARGIA,ARGIA,3476,,,43.86404,-116.9933,RiversMajor,Region_10,IDRM-1024,2013,8/27/2013,1,BETB,27.12,Poor
1002907,ARTHROPODA,INSECTA,EPHEMEROPTERA,BAETIDAE,ACENTRELLA,ACENTRELLA,3407,1.0,1.0,45.18622,-113.8928,RiversMajor,Region_10,IDRM-1002,2013,8/24/2013,1,BETB,41.33,Fair
1002908,ARTHROPODA,INSECTA,DIPTERA,CHIRONOMIDAE,ABLABESMYIA,ABLABESMYIA,3406,1.0,1.0,,,,,PAR9-0902,2013,,2,BETB,,
1002909,ARTHROPODA,INSECTA,DIPTERA,CHIRONOMIDAE,ABLABESMYIA,ABLABESMYIA,3406,1.0,1.0,,,,,NHR9-0902,2013,,2,BETB,,
1002921,ARTHROPODA,INSECTA,DIPTERA,CHIRONOMIDAE,ABLABESMYIA,ABLABESMYIA,3406,2.0,1.0,39.55767,-97.21205,LargeStreams,Region_7,KSRS-1317,2013,8/27/2013,1,BERW,52.97,Good
1002922,ARTHROPODA,ARACHNIDA,,,,ARACHNIDA,3472,1.0,0.0,39.01663,-97.48087,LargeStreams,Region_7,KSRS-1313,2013,8/27/2013,1,BERW,34.87,Fair
1002923,ARTHROPODA,INSECTA,DIPTERA,CHIRONOMIDAE,ABLABESMYIA,ABLABESMYIA,3406,1.0,1.0,,,,,GAS9-0914,2013,,2,BERW,,
1002924,ARTHROPODA,INSECTA,DIPTERA,CHIRONOMIDAE,ABLABESMYIA,ABLABESMYIA,3406,10.0,1.0,,,,,GAS9-0925,2013,,2,BERW,,
1002925,ARTHROPODA,INSECTA,DIPTERA,CHIRONOMIDAE,ABLABESMYIA,ABLABESMYIA,3406,2.0,1.0,37.23007,-84.24396,RiversOther,Region_4,KYR9-0907,2013,8/28/2013,1,BETB,68.98,Good
1002926,ARTHROPODA,INSECTA,DIPTERA,CHIRONOMIDAE,ABLABESMYIA,ABLABESMYIA,3406,,,44.23643,-92.3252,RiversOther,Region_5,MNRO-1051,2013,8/27/2013,1,BETB,45.75,Good
1002927,ARTHROPODA,MALACOSTRACA,AMPHIPODA,,,AMPHIPODA,3450,154.0,0.0,42.61669,-85.7282,SmallStreams,Region_5,MIS9-0935,2013,8/28/2013,1,BERW,12.37,Poor
1002928,ARTHROPODA,INSECTA,DIPTERA,CHIRONOMIDAE,ABLABESMYIA,ABLABESMYIA,3406,4.0,1.0,41.69945,-72.52501,SmallStreams,Region_1,CTSS-1079,2013,8/28/2013,1,BERW,46.25,Fair
1002929,ARTHROPODA,INSECTA,DIPTERA,CHIRONOMIDAE,ABLABESMYIA,ABLABESMYIA,3406,3.0,1.0,36.1023,-91.6197,LargeStreams,Region_6,ARLS-1048,2013,8/28/2013,1,BERW,43.63,Fair
1002930,ARTHROPODA,INSECTA,DIPTERA,CHIRONOMIDAE,ABLABESMYIA,ABLABESMYIA,3406,3.0,1.0,29.23893,-98.45168,RiversOther,Region_6,TXR9-0910,2013,8/28/2013,1,BETB,42.25,Good
1002931,ARTHROPODA,INSECTA,DIPTERA,CHIRONOMIDAE,ABLABESMYIA,ABLABESMYIA,3406,,,37.59328,-79.38321,RiversMajor,Region_3,VAR9-0906,2013,8/28/2013,1,BETB,45.27,Good
1002932,ARTHROPODA,INSECTA,DIPTERA,TIPULIDAE,ANTOCHA,ANTOCHA,3465,1.0,1.0,43.967,-91.24195,LargeStreams,Region_5,WIS9-0933,2013,8/28/2013,1,BERW,16.37,Poor
1002933,ARTHROPODA,INSECTA,EPHEMEROPTERA,AMELETIDAE,AMELETUS,AMELETUS,3439,,,45.80915,-112.3638,LargeStreams,Region_8,MTLS-1133,2013,8/28/2013,1,BERW,64.12,Good
1002934,ARTHROPODA,INSECTA,TRICHOPTERA,BRACHYCENTRIDAE,AMIOCENTRUS,AMIOCENTRUS,3445,1.0,1.0,42.97962,-111.0067,SmallStreams,Region_8,WYSS-1201,2013,8/28/2013,1,BERW,29.3,Poor
1002959,ARTHROPODA,INSECTA,DIPTERA,CHIRONOMIDAE,ABLABESMYIA,ABLABESMYIA,3406,5.0,1.0,45.15509,-102.7526,RiversMajor,Region_8,SDRM-1001,2013,8/28/2013,1,BERW,47.58,Fair
1002960,ARTHROPODA,MALACOSTRACA,CUMACEA,NANNASTACIDAE,ALMYRACUMA,ALMYRACUMA,3436,1.0,1.0,38.57155,-75.67426,RiversOther,Region_3,DERO-1002,2013,8/28/2013,1,BETB,21.73,Poor
1002961,ANNELIDA,OLIGOCHAETA,HAPLOTAXIDA,NAIDIDAE,ARCTEONAIS,ARCTEONAIS,3474,5.0,1.0,35.51034,-91.92887,RiversOther,Region_6,ARRO-1022,2013,8/20/2013,1,BETB,2.03,Poor
1002962,ARTHROPODA,INSECTA,DIPTERA,TIPULIDAE,ANTOCHA,ANTOCHA,3465,12.0,1.0,45.99369,-113.0349,SmallStreams,Region_8,MTSS-1262,2013,8/29/2013,1,BERW,70.53,Good
1002963,ARTHROPODA,INSECTA,EPHEMEROPTERA,AMELETIDAE,AMELETUS,AMELETUS,3439,6.0,1.0,47.99068,-123.5023,SmallStreams,Region_10,WASS-1136,2013,8/27/2013,1,BERW,69.47,Good
1002964,MOLLUSCA,GASTROPODA,BASOMMATOPHORA,ANCYLIDAE,,ANCYLIDAE,3458,,,42.42834,-85.58468,SmallStreams,Region_5,MIS9-0925,2013,8/27/2013,1,BERW,41.78,Good
1002965,ARTHROPODA,INSECTA,DIPTERA,CHIRONOMIDAE,ABLABESMYIA,ABLABESMYIA,3406,12.0,1.0,36.8776,-88.41156,LargeStreams,Region_4,KYLS-1056,2013,8/27/2013,1,BERW,36.63,Poor
1002966,ARTHROPODA,INSECTA,EPHEMEROPTERA,CAENIDAE,CAENIS,CAENIS,3542,8.0,1.0,28.30211,-98.05815,RiversMajor,Region_6,TXR9-0909,2013,8/29/2013,1,BETB,37.55,Good
1002967,ARTHROPODA,INSECTA,DIPTERA,CHIRONOMIDAE,ABLABESMYIA,ABLABESMYIA,3406,3.0,1.0,41.24333,-80.50937,RiversOther,Region_3,PAR9-0911,2013,8/29/2013,1,BETB,21.02,Poor
1002968,ARTHROPODA,INSECTA,EPHEMEROPTERA,BAETIDAE,ACENTRELLA,ACENTRELLA,3407,1.0,1.0,45.39535,-122.1494,RiversOther,Region_10,ORR9-0902,2013,8/29/2013,1,BETB,30.7,Poor
1002969,ARTHROPODA,INSECTA,DIPTERA,CHIRONOMIDAE,ABLABESMYIA,ABLABESMYIA,3406,1.0,1.0,43.81142,-92.09543,RiversMajor,Region_5,MNRM-1007,2013,8/28/2013,1,BERW,63.33,Good
1002971,ARTHROPODA,INSECTA,DIPTERA,CHIRONOMIDAE,ABLABESMYIA,ABLABESMYIA,3406,9.0,1.0,36.23849513,-91.90776753,LargeStreams,Region_6,ARS9-0945,2013,8/29/2013,1,BERW,26.83,Poor
1002972,ARTHROPODA,INSECTA,DIPTERA,CHIRONOMIDAE,ABLABESMYIA,ABLABESMYIA,3406,2.0,1.0,33.63585,-93.90638,RiversMajor,Region_6,ARRM-1003,2013,8/15/2013,1,BETB,42.83,Fair
1002973,ARTHROPODA,MALACOSTRACA,AMPHIPODA,,,AMPHIPODA,3450,,,43.56311,-91.73165,LargeStreams,Region_5,MNLS-1091,2013,8/29/2013,1,BERW,16.82,Poor
1002974,ARTHROPODA,MALACOSTRACA,AMPHIPODA,,,AMPHIPODA,3450,1.0,1.0,42.03475,-77.55209,SmallStreams,Region_2,NYSS-1251,2013,9/2/2013,1,BERW,44.98,Fair
1003000,MOLLUSCA,GASTROPODA,BASOMMATOPHORA,ANCYLIDAE,,ANCYLIDAE,3458,5.0,0.0,42.14603,-77.05409,RiversOther,Region_2,NYR9-0902,2013,9/3/2013,1,BETB,70.03,Good
1003001,ARTHROPODA,INSECTA,DIPTERA,TIPULIDAE,ANTOCHA,ANTOCHA,3465,,,42.45469,-78.48087,SmallStreams,Region_2,NYSS-1252,2013,9/3/2013,1,BERW,39.57,Poor
1003002,ARTHROPODA,INSECTA,DIPTERA,CHIRONOMIDAE,ABLABESMYIA,ABLABESMYIA,3406,1.0,1.0,36.9366,-80.7462,RiversOther,Region_3,VARS11-131,2013,9/3/2013,1,BETB,62.8,Good
1003003,ARTHROPODA,INSECTA,DIPTERA,CHIRONOMIDAE,ABLABESMYIA,ABLABESMYIA,3406,,,42.06591,-78.46922,RiversMajor,Region_2,NYR9-0909,2013,9/4/2013,1,BETB,47.7,Fair
1003004,ARTHROPODA,MALACOSTRACA,AMPHIPODA,,,AMPHIPODA,3450,7.0,1.0,45.46216,-122.9433,RiversOther,Region_10,ORRO-1060,2013,9/4/2013,1,BETB,4.77,Poor
1003005,ARTHROPODA,INSECTA,DIPTERA,CHIRONOMIDAE,ABLABESMYIA,ABLABESMYIA,3406,2.0,1.0,41.65584,-76.7847,LargeStreams,Region_3,PALS-1087,2013,9/4/2013,1,BERW,49.95,Fair
1003006,ARTHROPODA,INSECTA,ODONATA,COENAGRIONIDAE,ARGIA,ARGIA,3476,1.0,1.0,37.44358,-98.77875,LargeStreams,Region_7,KSRS-1343,2013,9/3/2013,1,BERW,41.67,Good
1003007,ARTHROPODA,INSECTA,DIPTERA,CHIRONOMIDAE,ABLABESMYIA,ABLABESMYIA,3406,3.0,1.0,37.84788,-97.14895,SmallStreams,Region_7,KSRS-1278,2013,9/4/2013,1,BERW,27.67,Fair
1003008,ARTHROPODA,INSECTA,COLEOPTERA,PTILODACTYLIDAE,ANCHYTARSUS,ANCHYTARSUS,3457,17.0,1.0,41.61153,-73.44651,SmallStreams,Region_1,CTSS-1080,2013,9/4/2013,1,BERW,52.25,Fair
1003009,ARTHROPODA,INSECTA,PLECOPTERA,NEMOURIDAE,AMPHINEMURA,AMPHINEMURA,3449,1.0,1.0,46.84538,-111.1383,SmallStreams,Region_8,MTSS-1260,2013,9/4/2013,1,BERW,46.48,Fair
1003010,ARTHROPODA,INSECTA,DIPTERA,CHIRONOMIDAE,ABLABESMYIA,ABLABESMYIA,3406,3.0,1.0,32.2973,-84.04997,LargeStreams,Region_4,GALS-1055,2013,9/3/2013,1,BERW,39.83,Poor
1003011,ARTHROPODA,INSECTA,DIPTERA,CHIRONOMIDAE,ABLABESMYIA,ABLABESMYIA,3406,1.0,1.0,37.31028,-80.68118,RiversOther,Region_3,VAR9-0903,2013,9/4/2013,1,BERW,70.67,Good
1003012,ARTHROPODA,INSECTA,DIPTERA,CHIRONOMIDAE,ABLABESMYIA,ABLABESMYIA,3406,,,42.31674,-75.94378,RiversOther,Region_2,NYRO-1050,2013,9/4/2013,1,BETB,50.98,Fair
1003013,ARTHROPODA,INSECTA,DIPTERA,CHIRONOMIDAE,ABLABESMYIA,ABLABESMYIA,3406,,,32.63661,-99.66784,LargeStreams,Region_6,TXLS-1118,2013,9/4/2013,1,BERW,7.25,Poor
1003014,ARTHROPODA,INSECTA,DIPTERA,CHIRONOMIDAE,ABLABESMYIA,ABLABESMYIA,3406,7.0,1.0,,,,,LARF-0002,2013,,1,BERW,,
1003015,ARTHROPODA,INSECTA,HEMIPTERA,BELOSTOMATIDAE,BELOSTOMA,BELOSTOMA,3509,1.0,1.0,,,,,WIS9-0924,2013,,2,BERW,,
1003016,ARTHROPODA,ARACHNIDA,,,,ARACHNIDA,3472,4.0,0.0,,,,,WARF-0105,2013,,1,BETB,,
1003017,ARTHROPODA,MALACOSTRACA,AMPHIPODA,,,AMPHIPODA,3450,5.0,0.0,,,,,OHR9-0902,2013,,2,BETB,,
1003018,ARTHROPODA,INSECTA,EPHEMEROPTERA,BAETIDAE,ACENTRELLA,ACENTRELLA,3407,4.0,1.0,46.79931,-121.0911,LargeStreams,Region_10,WAS9-0923,2013,9/4/2013,1,BERW,69.57,Good
1003019,ARTHROPODA,INSECTA,EPHEMEROPTERA,BAETIDAE,ACERPENNA,ACERPENNA,3408,2.0,1.0,43.83947,-71.89917,LargeStreams,Region_1,NHLS-1044,2013,9/4/2013,1,BERW,72.53,Good
1003020,ARTHROPODA,INSECTA,PLECOPTERA,PERLIDAE,ACRONEURIA,ACRONEURIA,3412,,,41.64813,-75.78612,LargeStreams,Region_3,PALS-1086,2013,9/5/2013,1,BERW,45.87,Fair
1003021,ARTHROPODA,INSECTA,DIPTERA,CHIRONOMIDAE,ABLABESMYIA,ABLABESMYIA,3406,2.0,1.0,42.08065,-78.42363,RiversOther,Region_2,NYR9-0908,2013,9/5/2013,1,BETB,29.98,Poor
1003022,ARTHROPODA,INSECTA,ODONATA,AESHNIDAE,,AESHNIDAE,3418,1.0,1.0,32.40337,-84.84836,LargeStreams,Region_4,GALS-1051,2013,9/4/2013,1,BERW,70.02,Good
1003023,ARTHROPODA,INSECTA,EPHEMEROPTERA,BAETIDAE,ACENTRELLA,ACENTRELLA,3407,8.0,1.0,36.8622,-80.9862,SmallStreams,Region_3,VARS11-113,2013,9/5/2013,1,BERW,50.17,Good
1003024,ARTHROPODA,INSECTA,EPHEMEROPTERA,AMELETIDAE,AMELETUS,AMELETUS,3439,1.0,1.0,42.46121103,-111.9125695,SmallStreams,Region_10,IDS9-0922,2013,9/5/2013,1,BERW,31.98,Poor
1003025,ARTHROPODA,INSECTA,DIPTERA,CHIRONOMIDAE,ABLABESMYIA,ABLABESMYIA,3406,4.0,1.0,32.78628,-98.19314,RiversMajor,Region_6,TXRM-1004,2013,9/5/2013,1,BETB,58.52,Good
1003026,ARTHROPODA,INSECTA,TRICHOPTERA,HYDROPSYCHIDAE,ARCTOPSYCHE,ARCTOPSYCHE,3475,17.0,1.0,,,,,WARF-0104,2013,,1,BETB,,
1003027,ARTHROPODA,INSECTA,DIPTERA,CHIRONOMIDAE,CHIRONOMUS,CHIRONOMUS,3582,1.0,1.0,35.62598092,-89.87932864,RiversMajor,Region_6,ARR9-0901,2013,9/5/2013,1,BETB,36.58,Poor
1003028,ARTHROPODA,INSECTA,DIPTERA,CHIRONOMIDAE,ABLABESMYIA,ABLABESMYIA,3406,2.0,1.0,44.8774,-90.84792,LargeStreams,Region_5,WIS9-0934,2013,9/5/2013,1,BERW,23.9,Fair
1003029,ARTHROPODA,MALACOSTRACA,AMPHIPODA,COROPHIIDAE,APOCOROPHIUM,APOCOROPHIUM,3469,13.0,1.0,35.12047,-90.09057,RiversMajor,Region_6,ARRM-1005,2013,9/4/2013,1,BETB,32.8,Poor
1003030,ARTHROPODA,MALACOSTRACA,AMPHIPODA,COROPHIIDAE,APOCOROPHIUM,APOCOROPHIUM,3469,1.0,1.0,35.60184,-89.90212,RiversMajor,Region_6,ARRM-1001,2013,9/5/2013,1,BETB,25.48,Poor
1003031,ARTHROPODA,INSECTA,EPHEMEROPTERA,AMELETIDAE,AMELETUS,AMELETUS,3439,,,43.27598,-111.2419,LargeStreams,Region_10,IDLS-1063,2013,9/6/2013,1,BERW,30.57,Poor
1003032,ARTHROPODA,INSECTA,DIPTERA,CHIRONOMIDAE,ABLABESMYIA,ABLABESMYIA,3406,,,42.11547,-79.26637,LargeStreams,Region_2,NYS9-0930,2013,9/6/2013,1,BETB,1.03,Poor
1003033,ARTHROPODA,INSECTA,EPHEMEROPTERA,BAETIDAE,ACENTRELLA,ACENTRELLA,3407,2.0,1.0,42.4942,-75.57194,SmallStreams,Region_2,NYS9-0935,2013,9/6/2013,1,BERW,62.8,Good
1003034,ARTHROPODA,INSECTA,EPHEMEROPTERA,BAETIDAE,ACENTRELLA,ACENTRELLA,3407,2.0,1.0,42.42297,-75.63217,RiversOther,Region_2,NYR9-0901,2013,9/5/2013,1,BETB,33.43,Poor
1003035,ARTHROPODA,INSECTA,DIPTERA,CHIRONOMIDAE,ABLABESMYIA,ABLABESMYIA,3406,7.0,1.0,38.92612,-88.556,RiversOther,Region_5,ILRO-1025,2013,9/6/2013,1,BERW,26.47,Fair
1003036,ARTHROPODA,INSECTA,EPHEMEROPTERA,BAETIDAE,ACENTRELLA,ACENTRELLA,3407,,,42.08366,-76.29192,RiversMajor,Region_2,NYRM-1005,2013,9/8/2013,1,BETB,53.47,Fair
1003037,ARTHROPODA,MALACOSTRACA,AMPHIPODA,,,AMPHIPODA,3450,56.0,0.0,42.94959,-74.3836,RiversOther,Region_2,NYRO-1055,2013,9/8/2013,1,BETB,8.15,Poor
1003038,ARTHROPODA,INSECTA,DIPTERA,TIPULIDAE,ANTOCHA,ANTOCHA,3465,1.0,1.0,42.74116,-112.2166,RiversOther,Region_10,IDRO-1047,2013,9/7/2013,1,BERW,22.68,Poor
1003039,ARTHROPODA,ARACHNIDA,,,,ARACHNIDA,3472,,,42.66148588,-114.6627054,RiversMajor,Region_10,IDR9-0911,2013,9/8/2013,1,BETB,24.15,Poor
1003040,ANNELIDA,OLIGOCHAETA,HAPLOTAXIDA,TUBIFICIDAE,BRANCHIURA,BRANCHIURA,3532,2.0,1.0,42.82852,-73.98933,RiversOther,Region_2,NYR9-0903,2013,9/9/2013,1,BETB,8.33,Poor
1003041,ARTHROPODA,INSECTA,DIPTERA,CHIRONOMIDAE,ABLABESMYIA,ABLABESMYIA,3406,2.0,1.0,,,,,KSS9-0938,2013,,2,BERW,,
1003042,ARTHROPODA,INSECTA,EPHEMEROPTERA,POTAMANTHIDAE,ANTHOPOTAMUS,ANTHOPOTAMUS,3463,3.0,1.0,42.02896,-76.39831,RiversMajor,Region_2,NYR9-0911,2013,9/9/2013,1,BETB,38.82,Poor
1003043,ARTHROPODA,INSECTA,DIPTERA,CHIRONOMIDAE,,CHIRONOMIDAE,3581,2.0,0.0,,,,,UTS9-0927,2013,,2,BERW,,
1003044,ARTHROPODA,INSECTA,DIPTERA,CHIRONOMIDAE,ABLABESMYIA,ABLABESMYIA,3406,12.0,1.0,37.1379,-77.5003,LargeStreams,Region_3,VARS11-112,2013,9/9/2013,1,BERW,43.48,Fair
1003045,ARTHROPODA,INSECTA,PLECOPTERA,PERLIDAE,AGNETINA,AGNETINA,3424,1.0,1.0,38.49513,-84.16162,RiversMajor,Region_4,KYRM-1007,2013,9/9/2013,1,BETB,32.18,Fair
1003046,ARTHROPODA,INSECTA,EPHEMEROPTERA,BAETIDAE,ACENTRELLA,ACENTRELLA,3407,1.0,1.0,40.81218,-74.60707,SmallStreams,Region_2,NJSS-1085,2013,9/10/2013,1,BERW,61.4,Good
1003047,ARTHROPODA,INSECTA,EPHEMEROPTERA,BAETIDAE,APOBAETIS,APOBAETIS,3468,1.0,1.0,38.61272,-109.5584,RiversMajor,Region_8,UTRM-1002,2013,9/10/2013,1,BETB,25.63,Poor
1003048,ARTHROPODA,INSECTA,TRICHOPTERA,GLOSSOSOMATIDAE,AGAPETUS,AGAPETUS,3421,2.0,1.0,48.3454,-118.2804,LargeStreams,Region_10,WALS-1069,2013,9/10/2013,1,BERW,72.8,Good
1003049,ARTHROPODA,INSECTA,DIPTERA,CHIRONOMIDAE,BRILLIA,BRILLIA,3535,1.0,1.0,,,,,NCRF-0001,2013,,1,BERW,,
1003050,ARTHROPODA,INSECTA,DIPTERA,CHIRONOMIDAE,ABLABESMYIA,ABLABESMYIA,3406,,,31.71477,-98.01866,RiversOther,Region_6,TXRO-1081,2013,9/10/2013,1,BETB,32.13,Fair
1003051,ARTHROPODA,INSECTA,DIPTERA,CHIRONOMIDAE,ABLABESMYIA,ABLABESMYIA,3406,5.0,1.0,36.76203,-78.87142,RiversOther,Region_3,VAR9-0904,2013,9/10/2013,1,BETB,30.48,Poor
1003052,ARTHROPODA,INSECTA,EPHEMEROPTERA,BAETIDAE,BAETIS,BAETIS,3501,37.0,1.0,43.53297,-90.62979,SmallStreams,Region_5,WIS9-0925,2013,9/10/2013,1,BERW,28.27,Fair
1003053,ARTHROPODA,INSECTA,EPHEMEROPTERA,BAETIDAE,ACENTRELLA,ACENTRELLA,3407,3.0,1.0,39.65512778,-107.0671515,RiversMajor,Region_8,COR9-0908,2013,9/10/2013,1,BETB,59.77,Good
1003054,ARTHROPODA,INSECTA,DIPTERA,CHIRONOMIDAE,ABLABESMYIA,ABLABESMYIA,3406,6.0,1.0,,,,,SDS9-0942,2013,,2,BERW,,
1003055,ARTHROPODA,INSECTA,DIPTERA,CHIRONOMIDAE,ABLABESMYIA,ABLABESMYIA,3406,16.0,1.0,38.76631,-100.2741,RiversMajor,Region_7,KSR9-0907,2013,9/10/2013,1,BERW,32.3,Fair
1003056,ARTHROPODA,INSECTA,DIPTERA,CHIRONOMIDAE,ABLABESMYIA,ABLABESMYIA,3406,2.0,1.0,42.23492,-78.77276,SmallStreams,Region_2,NYS9-0933,2013,9/10/2013,1,BERW,42.37,Fair
1003057,ARTHROPODA,INSECTA,DIPTERA,CHIRONOMIDAE,ABLABESMYIA,ABLABESMYIA,3406,3.0,1.0,42.97827,-74.82221,LargeStreams,Region_2,NYLS-1120,2013,9/10/2013,1,BERW,21.88,Poor
1003058,ARTHROPODA,ARACHNIDA,,,,ARACHNIDA,3472,1.0,0.0,,,,,WARF-0103,2013,,1,BETB,,
1003059,ARTHROPODA,MALACOSTRACA,AMPHIPODA,,,AMPHIPODA,3450,,,,,,,PARF-0002,2013,,1,BETB,,
1003060,ARTHROPODA,INSECTA,PLECOPTERA,PERLIDAE,ACRONEURIA,ACRONEURIA,3412,7.0,1.0,41.79451,-71.67064,LargeStreams,Region_1,RILS-1026,2013,9/11/2013,1,BERW,44.98,Fair
1003061,ARTHROPODA,INSECTA,DIPTERA,CHIRONOMIDAE,ABLABESMYIA,ABLABESMYIA,3406,2.0,1.0,42.93558,-74.19445,RiversOther,Region_2,NYR9-0912,2013,9/11/2013,1,BETB,0.17,Poor
1003062,ARTHROPODA,INSECTA,DIPTERA,CHIRONOMIDAE,ABLABESMYIA,ABLABESMYIA,3406,4.0,1.0,42.56912,-79.13579,RiversOther,Region_2,NYRO-1053,2013,9/11/2013,1,BETB,5.6,Poor
1003063,ARTHROPODA,INSECTA,DIPTERA,CHIRONOMIDAE,ABLABESMYIA,ABLABESMYIA,3406,1.0,1.0,47.34634,-114.7239,RiversMajor,Region_8,MTRM-1008,2013,9/10/2013,1,BETB,17.15,Poor
1003064,ARTHROPODA,INSECTA,EPHEMEROPTERA,BAETIDAE,ACENTRELLA,ACENTRELLA,3407,11.0,1.0,43.69267,-72.27664,LargeStreams,Region_1,NHLS-1045,2013,9/11/2013,1,BERW,71.95,Good
1003065,ARTHROPODA,INSECTA,DIPTERA,CHIRONOMIDAE,ABLABESMYIA,ABLABESMYIA,3406,1.0,1.0,39.99012,-95.62911,LargeStreams,Region_7,KSRS-1348,2013,9/11/2013,1,BERW,31.98,Fair
1003066,ARTHROPODA,INSECTA,DIPTERA,CHIRONOMIDAE,ABLABESMYIA,ABLABESMYIA,3406,1.0,1.0,39.02827,-93.68119,LargeStreams,Region_7,MOS9-0930,2013,9/11/2013,1,BETB,14.82,Poor
1003067,ARTHROPODA,INSECTA,ODONATA,COENAGRIONIDAE,ARGIA,ARGIA,3476,1.0,1.0,,,,,MOS9-0937,2013,,2,BERW,,
1003068,ARTHROPODA,INSECTA,PLECOPTERA,PERLIDAE,ACRONEURIA,ACRONEURIA,3412,1.0,1.0,35.35514,-83.02467,SmallStreams,Region_4,NCSS-1086,2013,9/10/2013,1,BERW,74.37,Good
1003069,ARTHROPODA,INSECTA,PLECOPTERA,PERLIDAE,ACRONEURIA,ACRONEURIA,3412,4.0,1.0,41.62465,-79.0336,RiversOther,Region_3,PARO-1053,2013,9/11/2013,1,BERW,58.58,Good
1003070,ARTHROPODA,INSECTA,DIPTERA,CHIRONOMIDAE,ABLABESMYIA,ABLABESMYIA,3406,11.0,1.0,42.99859,-97.00442,RiversOther,Region_8,SDR9-0902,2013,9/11/2013,1,BERW,30.33,Fair
1003071,ARTHROPODA,INSECTA,DIPTERA,CHIRONOMIDAE,ABLABESMYIA,ABLABESMYIA,3406,3.0,1.0,31.55041,-97.09174,RiversMajor,Region_6,TXR9-0918,2013,9/11/2013,1,BETB,60.88,Good
1003072,ARTHROPODA,INSECTA,EPHEMEROPTERA,BAETIDAE,ACENTRELLA,ACENTRELLA,3407,2.0,1.0,38.7615,-109.3237,RiversMajor,Region_8,UTRM-1001,2013,9/11/2013,1,BETB,43.53,Fair
1003073,ARTHROPODA,INSECTA,DIPTERA,CHIRONOMIDAE,ABLABESMYIA,ABLABESMYIA,3406,5.0,1.0,38.12341,-83.55383,RiversMajor,Region_4,KYRM-1003,2013,9/11/2013,1,BETB,22.95,Poor
1003075,ARTHROPODA,INSECTA,DIPTERA,CHIRONOMIDAE,ABLABESMYIA,ABLABESMYIA,3406,,,47.5398,-115.0797,RiversMajor,Region_8,MTRM-1004,2013,9/11/2013,1,BETB,46.73,Fair
1003076,ARTHROPODA,ARACHNIDA,,,,ARACHNIDA,3472,,,42.54433,-74.95158,RiversMajor,Region_2,NYRM-1003,2013,9/12/2013,1,BETB,22.43,Poor
1003077,ARTHROPODA,INSECTA,DIPTERA,CHIRONOMIDAE,ABLABESMYIA,ABLABESMYIA,3406,1.0,1.0,42.76602,-85.29818,LargeStreams,Region_5,MILS-1056,2013,9/12/2013,1,BERW,47.97,Good
1003078,ARTHROPODA,INSECTA,DIPTERA,CHIRONOMIDAE,ABLABESMYIA,ABLABESMYIA,3406,13.0,1.0,,,,,KYLS-1062,2013,,1,BERW,,
1003079,ARTHROPODA,INSECTA,EPHEMEROPTERA,BAETIDAE,ACERPENNA,ACERPENNA,3408,1.0,1.0,41.47983,-78.06974,SmallStreams,Region_3,PASS-1163,2013,9/12/2013,1,BERW,59.43,Good
1003080,ARTHROPODA,INSECTA,EPHEMEROPTERA,BAETIDAE,ACENTRELLA,ACENTRELLA,3407,3.0,1.0,48.0872,-118.6916,RiversOther,Region_10,WARO-1040,2013,9/11/2013,1,BERW,41.78,Fair
1003081,ARTHROPODA,INSECTA,DIPTERA,CHIRONOMIDAE,ABLABESMYIA,ABLABESMYIA,3406,,,42.3999,-79.44188,SmallStreams,Region_2,NYSS-1236,2013,9/12/2013,1,BERW,45.47,Fair
1003082,ARTHROPODA,INSECTA,EPHEMEROPTERA,BAETIDAE,ACENTRELLA,ACENTRELLA,3407,11.0,1.0,,,,,WARF-0106,2013,,1,BETB,,
1003083,ARTHROPODA,INSECTA,DIPTERA,CHIRONOMIDAE,ABLABESMYIA,ABLABESMYIA,3406,5.0,1.0,36.87645,-79.06775,RiversOther,Region_3,VAR9-0902,2013,9/11/2013,1,BETB,46.87,Good
1003084,ARTHROPODA,INSECTA,DIPTERA,CHIRONOMIDAE,ABLABESMYIA,ABLABESMYIA,3406,2.0,1.0,42.97611,-90.99135,SmallStreams,Region_5,WIS9-0930,2013,9/12/2013,1,BERW,27.93,Fair
1003086,ARTHROPODA,INSECTA,EPHEMEROPTERA,AMELETIDAE,AMELETUS,AMELETUS,3439,5.0,1.0,47.06636,-114.7699,RiversMajor,Region_8,MTR9-0901,2013,9/12/2013,1,BETB,60.67,Good
1003087,ARTHROPODA,INSECTA,DIPTERA,CHIRONOMIDAE,ABLABESMYIA,ABLABESMYIA,3406,3.0,1.0,31.33678,-96.97263,RiversMajor,Region_6,TXRM-1002,2013,9/12/2013,1,BETB,37.67,Good
1003088,ARTHROPODA,INSECTA,EPHEMEROPTERA,BAETIDAE,ACENTRELLA,ACENTRELLA,3407,,,39.08975,-109.1016,RiversMajor,Region_8,UTR9-0905,2013,9/12/2013,1,BETB,24.13,Poor
1003089,ARTHROPODA,MALACOSTRACA,AMPHIPODA,,,AMPHIPODA,3450,1.0,1.0,41.15671,-81.04802,LargeStreams,Region_5,OHLS-1073,2013,9/13/2013,1,BETB,8.18,Poor
1003090,ARTHROPODA,INSECTA,EPHEMEROPTERA,BAETIDAE,ACENTRELLA,ACENTRELLA,3407,8.0,1.0,,,,,WARF-0102,2013,,1,BETB,,
1003091,ARTHROPODA,INSECTA,DIPTERA,CHIRONOMIDAE,ABLABESMYIA,ABLABESMYIA,3406,2.0,1.0,42.61359,-74.08873,LargeStreams,Region_2,NYLS-1117,2013,9/13/2013,1,BERW,44.13,Fair
1003092,ARTHROPODA,INSECTA,ODONATA,COENAGRIONIDAE,,COENAGRIONIDAE,3606,1.0,1.0,42.16144,-75.85678,RiversOther,Region_2,NYR9-0904,2013,9/15/2013,1,BETB,24.23,Poor
1003093,ARTHROPODA,INSECTA,EPHEMEROPTERA,BAETIDAE,ACENTRELLA,ACENTRELLA,3407,7.0,1.0,,,,,WARF-0101,2013,,1,BETB,,
1003094,ARTHROPODA,INSECTA,DIPTERA,CHIRONOMIDAE,ABLABESMYIA,ABLABESMYIA,3406,3.0,1.0,39.34233,-92.81175,RiversOther,Region_7,MORO-1045,2013,9/12/2013,1,BERW,33.57,Fair
1003096,ARTHROPODA,INSECTA,EPHEMEROPTERA,POTAMANTHIDAE,ANTHOPOTAMUS,ANTHOPOTAMUS,3463,1.0,1.0,42.34775,-75.69644,RiversOther,Region_2,NYR9-0913,2013,9/16/2013,1,BETB,38.55,Poor
1003097,ARTHROPODA,INSECTA,DIPTERA,CHIRONOMIDAE,ABLABESMYIA,ABLABESMYIA,3406,7.0,1.0,,,,,VAR9-0911,2013,,2,BETB,,
1003098,ARTHROPODA,INSECTA,EPHEMEROPTERA,BAETIDAE,ACENTRELLA,ACENTRELLA,3407,5.0,1.0,,,,,ORRF-0106,2013,,1,BETB,,
1003099,ARTHROPODA,INSECTA,DIPTERA,CHIRONOMIDAE,ABLABESMYIA,ABLABESMYIA,3406,,,43.61935,-82.78241,SmallStreams,Region_5,MIS9-0938,2013,9/16/2013,1,BERW,30.95,Fair
1003100,ARTHROPODA,INSECTA,DIPTERA,CHIRONOMIDAE,ABLABESMYIA,ABLABESMYIA,3406,5.0,1.0,,,,,OKR9-0902,2013,,2,BETB,,
1003101,ARTHROPODA,INSECTA,DIPTERA,CHIRONOMIDAE,ABLABESMYIA,ABLABESMYIA,3406,5.0,1.0,34.35270394,-91.10541947,RiversMajor,Region_6,ARR9-0902,2013,9/16/2013,1,BETB,21.63,Poor
1003102,ARTHROPODA,INSECTA,DIPTERA,CHIRONOMIDAE,ABLABESMYIA,ABLABESMYIA,3406,28.0,1.0,37.2097,-95.54539,LargeStreams,Region_7,KSRS-1255,2013,9/16/2013,1,BERW,47.35,Good
1003103,ARTHROPODA,INSECTA,DIPTERA,TIPULIDAE,ANTOCHA,ANTOCHA,3465,4.0,1.0,46.78863,-91.26534,LargeStreams,Region_5,WIS9-0936,2013,9/16/2013,1,BERW,41.98,Good
1003104,ARTHROPODA,INSECTA,EPHEMEROPTERA,BAETIDAE,CALLIBAETIS,CALLIBAETIS,3544,3.0,1.0,48.99286,-116.5348,RiversOther,Region_10,IDRO-1049,2013,9/16/2013,1,BETB,2.92,Poor
1003105,ARTHROPODA,INSECTA,DIPTERA,CHIRONOMIDAE,ABLABESMYIA,ABLABESMYIA,3406,9.0,1.0,,,,,NYR9-0902,2013,,2,BETB,,
1003106,ARTHROPODA,INSECTA,DIPTERA,CHIRONOMIDAE,ABLABESMYIA,ABLABESMYIA,3406,10.0,1.0,33.54325,-83.50925,SmallStreams,Region_4,GASS-1079,2013,9/17/2013,1,BERW,36.17,Fair
1003107,ARTHROPODA,INSECTA,DIPTERA,CHIRONOMIDAE,ABLABESMYIA,ABLABESMYIA,3406,,,,,,,TXRF-0009,2013,,1,BERW,,
1003108,ARTHROPODA,INSECTA,DIPTERA,CHIRONOMIDAE,ABLABESMYIA,ABLABESMYIA,3406,5.0,1.0,,,,,VAR9-0906,2013,,2,BETB,,
1003109,ARTHROPODA,INSECTA,DIPTERA,CHIRONOMIDAE,ABLABESMYIA,ABLABESMYIA,3406,1.0,1.0,35.98696,-94.91589,RiversMajor,Region_6,OKSS-1405,2013,9/17/2013,1,BERW,48.95,Good
1003110,ARTHROPODA,INSECTA,DIPTERA,CHIRONOMIDAE,ABLABESMYIA,ABLABESMYIA,3406,1.0,1.0,38.28136,-91.3765,RiversOther,Region_7,MORO-1044,2013,9/17/2013,1,BERW,52.43,Good
1003111,ARTHROPODA,INSECTA,DIPTERA,CHIRONOMIDAE,ABLABESMYIA,ABLABESMYIA,3406,9.0,1.0,,,,,ALR9-0901,2013,,2,BETB,,
1003112,ARTHROPODA,INSECTA,EPHEMEROPTERA,BAETIDAE,ACENTRELLA,ACENTRELLA,3407,2.0,1.0,40.00190523,-121.2682255,RiversOther,Region_9,CAR9-0909,2013,9/16/2013,1,BETB,30.03,Poor
1003113,ARTHROPODA,INSECTA,DIPTERA,CHIRONOMIDAE,ABLABESMYIA,ABLABESMYIA,3406,2.0,1.0,37.46056,-95.35744,LargeStreams,Region_7,KSRS-1324,2013,9/17/2013,1,BETB,27.87,Fair
1003114,ARTHROPODA,INSECTA,EPHEMEROPTERA,CAENIDAE,CAENIS,CAENIS,3542,2.0,1.0,44.89092,-96.49758,SmallStreams,Region_8,SDSS-1194,2013,9/17/2013,1,BERW,3.07,Poor
1003116,ARTHROPODA,INSECTA,DIPTERA,CHIRONOMIDAE,ABLABESMYIA,ABLABESMYIA,3406,1.0,1.0,41.92004,-71.53041,SmallStreams,Region_1,RISS-1080,2013,9/18/2013,1,BERW,43.83,Fair
1003117,ARTHROPODA,MALACOSTRACA,AMPHIPODA,,,AMPHIPODA,3450,7.0,0.0,42.01278,-75.77946,RiversMajor,Region_2,NYRM-1001,2013,9/18/2013,1,BETB,13.4,Poor
1003118,ARTHROPODA,INSECTA,DIPTERA,CHIRONOMIDAE,ABLABESMYIA,ABLABESMYIA,3406,4.0,1.0,33.92562,-85.34712,SmallStreams,Region_4,GASS-1081,2013,9/18/2013,1,BERW,51.95,Good
1003119,ARTHROPODA,INSECTA,EPHEMEROPTERA,BAETIDAE,ACENTRELLA,ACENTRELLA,3407,7.0,1.0,,,,,ORRF-0104,2013,,1,BETB,,
1003120,ARTHROPODA,INSECTA,DIPTERA,CHIRONOMIDAE,ABLABESMYIA,ABLABESMYIA,3406,5.0,1.0,38.9294,-77.8737,LargeStreams,Region_3,VARS11-111,2013,9/18/2013,1,BERW,32.5,Fair
1003121,ARTHROPODA,INSECTA,EPHEMEROPTERA,AMELETIDAE,AMELETUS,AMELETUS,3439,3.0,1.0,,,,,WAS9-0915,2013,,2,BERW,,
1003122,ARTHROPODA,INSECTA,DIPTERA,CHIRONOMIDAE,ABLABESMYIA,ABLABESMYIA,3406,,,31.13182,-99.32021,LargeStreams,Region_6,TXS9-0931,2013,9/18/2013,1,BERW,23.38,Fair
1003123,ARTHROPODA,MALACOSTRACA,AMPHIPODA,COROPHIIDAE,APOCOROPHIUM,APOCOROPHIUM,3469,41.0,1.0,33.32053,-91.16849,RiversMajor,Region_6,ARRM-1002,2013,9/17/2013,1,BETB,25.78,Poor
1003124,ARTHROPODA,INSECTA,EPHEMEROPTERA,BAETIDAE,ACENTRELLA,ACENTRELLA,3407,10.0,1.0,37.1760795,-105.7310464,RiversMajor,Region_8,COR9-0905,2013,9/18/2013,1,BETB,38.73,Poor
1003125,ARTHROPODA,INSECTA,DIPTERA,CHIRONOMIDAE,ABLABESMYIA,ABLABESMYIA,3406,9.0,1.0,,,,,ALRF-0002,2013,,1,BERW,,
1003126,ARTHROPODA,ARACHNIDA,,,,ARACHNIDA,3472,1.0,0.0,34.69500093,-90.64588479,RiversOther,Region_6,ARR9-0903,2013,9/18/2013,1,BETB,16.63,Poor
1003127,ARTHROPODA,INSECTA,DIPTERA,CHIRONOMIDAE,ABLABESMYIA,ABLABESMYIA,3406,2.0,1.0,38.30297,-90.62706,RiversOther,Region_7,MOR9-0911,2013,9/18/2013,1,BETB,36.83,Fair
1003128,ARTHROPODA,INSECTA,DIPTERA,CHIRONOMIDAE,ABLABESMYIA,ABLABESMYIA,3406,1.0,1.0,45.84817,-92.05125,LargeStreams,Region_5,WILS-1093,2013,9/18/2013,1,BERW,61.13,Good
1003129,ARTHROPODA,INSECTA,EPHEMEROPTERA,AMELETIDAE,AMELETUS,AMELETUS,3439,2.0,1.0,45.12655,-110.8041,RiversMajor,Region_8,MTRM-1007,2013,9/18/2013,1,BETB,55.95,Good
1003130,ARTHROPODA,INSECTA,DIPTERA,TIPULIDAE,ANTOCHA,ANTOCHA,3465,3.0,1.0,,,,,IDR9-0908,2013,,2,BETB,,
1003131,ARTHROPODA,INSECTA,EPHEMEROPTERA,BAETIDAE,ACENTRELLA,ACENTRELLA,3407,2.0,1.0,,,,,NYR9-0901,2013,,2,BETB,,
1003132,ARTHROPODA,INSECTA,DIPTERA,CHIRONOMIDAE,ABLABESMYIA,ABLABESMYIA,3406,7.0,1.0,,,,,TXRF-0004,2013,,1,BERW,,
1003133,ARTHROPODA,INSECTA,EPHEMEROPTERA,BAETIDAE,ACENTRELLA,ACENTRELLA,3407,,,47.06691,-117.9593,RiversOther,Region_10,WARO-1044,2013,9/18/2013,1,BERW,52.42,Fair
1003134,ARTHROPODA,INSECTA,DIPTERA,CHIRONOMIDAE,CHIRONOMUS,CHIRONOMUS,3582,3.0,1.0,,,,,ARR9-0901,2013,,2,BETB,,
1003135,ARTHROPODA,INSECTA,DIPTERA,CHIRONOMIDAE,ABLABESMYIA,ABLABESMYIA,3406,2.0,1.0,,,,,ORRF-0105,2013,,1,BETB,,
1003136,ARTHROPODA,ARACHNIDA,TROMBIDIFORMES,ATURIDAE,ALBIA,ALBIA,3428,1.0,1.0,31.37882,-98.77938,RiversMajor,Region_6,TXRM-1006,2013,9/19/2013,1,BERW,22.92,Fair
1003137,ARTHROPODA,MALACOSTRACA,AMPHIPODA,,,AMPHIPODA,3450,114.0,0.0,42.10099,-75.91594,RiversOther,Region_2,NYRO-1054,2013,9/20/2013,1,BETB,31.13,Poor
1003138,ARTHROPODA,INSECTA,DIPTERA,CHIRONOMIDAE,ABLABESMYIA,ABLABESMYIA,3406,2.0,1.0,45.26919,-92.49502,LargeStreams,Region_5,WIS9-0932,2013,9/19/2013,1,BERW,39.08,Good
1003139,ARTHROPODA,INSECTA,DIPTERA,CHIRONOMIDAE,ALOTANYPUS,ALOTANYPUS,3437,3.0,1.0,42.04489,-118.4328,LargeStreams,Region_10,ORLS-1096,2013,9/18/2013,1,BERW,60.45,Good
1003140,ARTHROPODA,INSECTA,EPHEMEROPTERA,BAETIDAE,ACENTRELLA,ACENTRELLA,3407,1.0,1.0,43.1829,-118.878,RiversOther,Region_10,ORRO-1058,2013,9/17/2013,1,BETB,25.32,Poor
1003141,ARTHROPODA,INSECTA,DIPTERA,CHIRONOMIDAE,ABLABESMYIA,ABLABESMYIA,3406,8.0,1.0,37.88325,-90.54442,RiversOther,Region_7,MOR9-0909,2013,9/19/2013,1,BERW,39.58,Fair
1003142,ARTHROPODA,INSECTA,DIPTERA,CHIRONOMIDAE,ABLABESMYIA,ABLABESMYIA,3406,22.0,1.0,32.12422056,-87.52831805,SmallStreams,Region_4,ALS9-0920,2013,9/20/2013,1,BERW,34.52,Poor
1003143,ARTHROPODA,INSECTA,DIPTERA,CHIRONOMIDAE,ABLABESMYIA,ABLABESMYIA,3406,36.0,1.0,,,,,NCRF-0003,2013,,1,BERW,,
1003144,ARTHROPODA,INSECTA,EPHEMEROPTERA,BAETIDAE,ACERPENNA,ACERPENNA,3408,,,32.25358,-87.00951,SmallStreams,Region_4,ALSS-1066,2013,9/19/2013,1,BERW,62.13,Good
1003145,ARTHROPODA,INSECTA,DIPTERA,CHIRONOMIDAE,ABLABESMYIA,ABLABESMYIA,3406,9.0,1.0,35.17608,-78.80974,RiversMajor,Region_4,NCR9-0909,2013,9/19/2013,1,BETB,43.58,Fair
1003146,ARTHROPODA,INSECTA,DIPTERA,CHIRONOMIDAE,ABLABESMYIA,ABLABESMYIA,3406,10.0,1.0,34.92337,-78.7982,RiversMajor,Region_4,NCR9-0908,2013,9/20/2013,1,BETB,12.2,Poor
1003147,ARTHROPODA,INSECTA,EPHEMEROPTERA,BAETIDAE,ACENTRELLA,ACENTRELLA,3407,10.0,1.0,37.0711,-107.6141,LargeStreams,Region_8,COLS-1065,2013,9/20/2013,1,BERW,64.03,Good
1003148,ARTHROPODA,INSECTA,EPHEMEROPTERA,AMELETIDAE,AMELETUS,AMELETUS,3439,1.0,1.0,,,,,ORRF-0101,2013,,1,BETB,,
1003149,ARTHROPODA,INSECTA,EPHEMEROPTERA,BAETIDAE,,BAETIDAE,3500,3.0,0.0,37.10819,-107.0449,RiversMajor,Region_8,CORM-1003,2013,9/19/2013,1,BETB,48.9,Fair
1003150,ARTHROPODA,INSECTA,EPHEMEROPTERA,BAETIDAE,ACENTRELLA,ACENTRELLA,3407,8.0,1.0,,,,,ORRF-0102,2013,,1,BETB,,
1003151,ARTHROPODA,INSECTA,DIPTERA,CHIRONOMIDAE,ABLABESMYIA,ABLABESMYIA,3406,24.0,1.0,31.86806513,-85.76601507,LargeStreams,Region_4,ALS9-0921,2013,9/22/2013,1,BERW,39.27,Poor
1003152,ARTHROPODA,INSECTA,DIPTERA,CHIRONOMIDAE,ABLABESMYIA,ABLABESMYIA,3406,2.0,1.0,41.60206,-71.72025,SmallStreams,Region_1,RISS-1081,2013,9/23/2013,1,BERW,55.45,Good
1003153,ARTHROPODA,INSECTA,EPHEMEROPTERA,BAETIDAE,ACENTRELLA,ACENTRELLA,3407,1.0,1.0,42.31599,-74.32653,SmallStreams,Region_2,NYSS-1242,2013,9/23/2013,1,BERW,71.65,Good
1003154,ARTHROPODA,INSECTA,EPHEMEROPTERA,BAETIDAE,ACENTRELLA,ACENTRELLA,3407,2.0,1.0,42.55374,-73.82504,SmallStreams,Region_2,NYSS-1255,2013,9/22/2013,1,BERW,27.2,Poor
1003155,ARTHROPODA,INSECTA,PLECOPTERA,NEMOURIDAE,AMPHINEMURA,AMPHINEMURA,3449,1.0,1.0,44.43671,-89.22238,SmallStreams,Region_5,WISS-1168,2013,9/23/2013,1,BERW,55.97,Good
1003156,ARTHROPODA,INSECTA,DIPTERA,CHIRONOMIDAE,ABLABESMYIA,ABLABESMYIA,3406,4.0,1.0,38.40248,-96.74899,LargeStreams,Region_7,KSRS-1330,2013,9/23/2013,1,BETB,68.48,Good
1003157,ARTHROPODA,ARACHNIDA,TROMBIDIFORMES,HYGROBATIDAE,ATRACTIDES,ATRACTIDES,3490,,,38.60455418,-106.4649269,SmallStreams,Region_8,COS9-0931,2013,9/22/2013,1,BERW,60.63,Good
1003158,ARTHROPODA,INSECTA,TRICHOPTERA,APATANIIDAE,ALLOMYIA,ALLOMYIA,3433,4.0,1.0,38.76933,-106.4589,SmallStreams,Region_8,COSS-1109,2013,9/23/2013,1,BERW,23.7,Poor
1003159,ARTHROPODA,INSECTA,DIPTERA,CHIRONOMIDAE,ABLABESMYIA,ABLABESMYIA,3406,15.0,1.0,,,,,ARS9-0945,2013,,2,BERW,,
1003160,ARTHROPODA,INSECTA,DIPTERA,CHIRONOMIDAE,ABLABESMYIA,ABLABESMYIA,3406,4.0,1.0,38.90049,-93.97752,LargeStreams,Region_7,MOLS-1085,2013,9/23/2013,1,BERW,19.63,Poor
1003161,ARTHROPODA,INSECTA,EPHEMEROPTERA,POTAMANTHIDAE,ANTHOPOTAMUS,ANTHOPOTAMUS,3463,1.0,1.0,42.28799,-75.48149,RiversMajor,Region_2,NYRM-1007,2013,9/24/2013,1,BETB,21.93,Poor
1003162,ARTHROPODA,INSECTA,DIPTERA,CHIRONOMIDAE,ABLABESMYIA,ABLABESMYIA,3406,4.0,1.0,38.68744,-92.94992,RiversOther,Region_7,MOR9-0910,2013,9/24/2013,1,BERW,44.62,Fair
1003163,ARTHROPODA,INSECTA,EPHEMEROPTERA,AMELETIDAE,AMELETUS,AMELETUS,3439,4.0,1.0,,,,,MTR9-0901,2013,,2,BETB,,
1003164,ARTHROPODA,INSECTA,DIPTERA,TIPULIDAE,ANTOCHA,ANTOCHA,3465,4.0,1.0,38.56961,-106.9425,RiversMajor,Region_8,CORM-1002,2013,9/24/2013,1,BETB,46.15,Fair
1003165,ARTHROPODA,ARACHNIDA,TROMBIDIFORMES,ARRENURIDAE,ARRENURUS,ARRENURUS,3481,1.0,1.0,34.39702,-91.53054,SmallStreams,Region_6,ARSS-1091,2013,9/24/2013,1,BETB,2.93,Poor
1003166,ARTHROPODA,INSECTA,DIPTERA,CHIRONOMIDAE,ABLABESMYIA,ABLABESMYIA,3406,2.0,1.0,39.33002,-82.26817,LargeStreams,Region_5,OHLS-1068,2013,9/24/2013,1,BERW,12.65,Poor
1003167,ARTHROPODA,INSECTA,DIPTERA,CHIRONOMIDAE,ABLABESMYIA,ABLABESMYIA,3406,,,43.31057,-123.2115,RiversMajor,Region_10,ORR9-0908,2013,9/24/2013,1,BETB,40.63,Fair
1003168,ARTHROPODA,INSECTA,DIPTERA,CHIRONOMIDAE,ABLABESMYIA,ABLABESMYIA,3406,4.0,1.0,38.30562,-78.90091,RiversOther,Region_3,VAR9-0905,2013,9/23/2013,1,BETB,74.2,Good
1003169,ARTHROPODA,INSECTA,DIPTERA,CHIRONOMIDAE,ABLABESMYIA,ABLABESMYIA,3406,19.0,1.0,37.88165,-95.67601,LargeStreams,Region_7,KSS9-0934,2013,9/24/2013,1,BERW,38.63,Fair
1003170,ARTHROPODA,INSECTA,TRICHOPTERA,GLOSSOSOMATIDAE,AGAPETUS,AGAPETUS,3421,1.0,1.0,41.49712,-71.48931,SmallStreams,Region_1,RISS-1082,2013,9/25/2013,1,BERW,50.7,Fair
1003171,ARTHROPODA,INSECTA,DIPTERA,ATHERICIDAE,ATHERIX,ATHERIX,3487,1.0,1.0,,,,,COR9-0908,2013,,2,BETB,,
1003172,ARTHROPODA,INSECTA,DIPTERA,CHIRONOMIDAE,ABLABESMYIA,ABLABESMYIA,3406,4.0,1.0,38.7744,-78.3884,RiversMajor,Region_3,VARS11-139,2013,9/24/2013,1,BETB,61.35,Good
1003173,ARTHROPODA,INSECTA,EPHEMEROPTERA,BAETIDAE,ACENTRELLA,ACENTRELLA,3407,2.0,1.0,33.62222,-110.9257,RiversMajor,Region_9,AZRM-1004,2013,9/24/2013,1,BETB,36.62,Poor
1003174,ARTHROPODA,INSECTA,EPHEMEROPTERA,BAETIDAE,ACENTRELLA,ACENTRELLA,3407,1.0,1.0,41.59626,-74.36753,SmallStreams,Region_2,NYS9-0929,2013,9/25/2013,1,BERW,44.82,Fair
1003175,ARTHROPODA,INSECTA,PLECOPTERA,PERLIDAE,AGNETINA,AGNETINA,3424,4.0,1.0,41.9699,-76.51192,RiversMajor,Region_3,PAR9-0906,2013,9/25/2013,1,BETB,57.35,Good
1003176,ARTHROPODA,INSECTA,DIPTERA,CERATOPOGONIDAE,ATRICHOPOGON,ATRICHOPOGON,3491,1.0,1.0,45.28534,-88.72088,SmallStreams,Region_5,WISS-1165,2013,9/25/2013,1,BERW,20.7,Poor
1003177,ARTHROPODA,INSECTA,DIPTERA,CHIRONOMIDAE,ABLABESMYIA,ABLABESMYIA,3406,,,,,,,MOS9-0932,2013,,2,BERW,,
1003178,ARTHROPODA,INSECTA,PLECOPTERA,PERLIDAE,ACRONEURIA,ACRONEURIA,3412,1.0,1.0,,,,,NHRF-0003,2013,,1,BERW,,
1003179,ARTHROPODA,INSECTA,DIPTERA,CHIRONOMIDAE,ABLABESMYIA,ABLABESMYIA,3406,3.0,1.0,,,,,CAR9-0903,2013,,2,BETB,,
1003180,ARTHROPODA,INSECTA,TRICHOPTERA,HYDROPTILIDAE,AGRAYLEA,AGRAYLEA,3425,2.0,1.0,39.42576,-106.4124,LargeStreams,Region_8,COLS-1068,2013,9/26/2013,1,BERW,43.88,Fair
1003181,ARTHROPODA,INSECTA,EPHEMEROPTERA,BAETIDAE,ACENTRELLA,ACENTRELLA,3407,1.0,1.0,46.89505,-113.8148,RiversOther,Region_8,MTRO-1064,2013,9/25/2013,1,BETB,73.85,Good
1003182,ANNELIDA,OLIGOCHAETA,HAPLOTAXIDA,TUBIFICIDAE,AULODRILUS,AULODRILUS,3496,1.0,1.0,41.29257,-74.47551,LargeStreams,Region_2,NYLS-1115,2013,9/26/2013,1,BETB,6.8,Poor
1003183,ARTHROPODA,INSECTA,DIPTERA,CHIRONOMIDAE,ABLABESMYIA,ABLABESMYIA,3406,5.0,1.0,,,,,TXRF-0005,2013,,1,BERW,,
1003184,ARTHROPODA,INSECTA,EPHEMEROPTERA,BAETIDAE,ACENTRELLA,ACENTRELLA,3407,1.0,1.0,42.41324,-123.158,RiversMajor,Region_10,ORR9-0904,2013,9/26/2013,1,BETB,40.67,Fair
1003185,ARTHROPODA,INSECTA,PLECOPTERA,PERLIDAE,AGNETINA,AGNETINA,3424,,,41.97147,-75.74881,RiversMajor,Region_3,PARM-1007,2013,9/26/2013,1,BETB,51.65,Fair
1003194,ARTHROPODA,INSECTA,DIPTERA,CHIRONOMIDAE,ABLABESMYIA,ABLABESMYIA,3406,9.0,1.0,37.8312,-77.1222,RiversMajor,Region_3,VARS11-129,2013,9/26/2013,1,BETB,51.57,Fair
1003195,ARTHROPODA,INSECTA,DIPTERA,CHIRONOMIDAE,ABLABESMYIA,ABLABESMYIA,3406,1.0,1.0,34.8014198,-90.77003066,RiversOther,Region_6,ARR9-0907,2013,9/26/2013,1,BETB,11.2,Poor
1003196,ARTHROPODA,MALACOSTRACA,AMPHIPODA,,,AMPHIPODA,3450,1.0,1.0,33.19634,-93.39313,RiversOther,Region_6,ARRO-1023,2013,9/25/2013,1,BERW,14.43,Poor
1003197,ARTHROPODA,INSECTA,EPHEMEROPTERA,BAETIDAE,BAETIS,BAETIS,3501,5.0,1.0,47.25138,-122.2432,RiversOther,Region_10,WARO-1041,2013,9/25/2013,1,BETB,39.65,Fair
1003198,ARTHROPODA,INSECTA,DIPTERA,CHIRONOMIDAE,ABLABESMYIA,ABLABESMYIA,3406,7.0,1.0,,,,,NCRF-0005,2013,,1,BERW,,
1003199,ARTHROPODA,INSECTA,EPHEMEROPTERA,BAETIDAE,ACERPENNA,ACERPENNA,3408,3.0,1.0,45.01127,-89.30812,LargeStreams,Region_5,WILS-1092,2013,9/26/2013,1,BERW,53.97,Good
1003200,ANNELIDA,HIRUDINEA,RHYNCHOBDELLIDA,GLOSSIPHONIIDAE,ALBOGLOSSIPHONIA,ALBOGLOSSIPHONIA,3429,,,,,,,NCR9-0907,2013,,2,BETB,,
1003201,ARTHROPODA,INSECTA,COLEOPTERA,ELMIDAE,ANCYRONYX,ANCYRONYX,3459,2.0,1.0,42.20524,-73.3509,SmallStreams,Region_1,MASS-1073,2013,9/27/2013,1,BERW,22.05,Poor
1003212,ARTHROPODA,ARACHNIDA,TROMBIDIFORMES,HYGROBATIDAE,ATRACTIDES,ATRACTIDES,3490,1.0,1.0,40.98295,-111.4506,RiversMajor,Region_8,UTR9-0903,2013,9/30/2013,1,BERW,14.23,Poor
1003262,ARTHROPODA,INSECTA,DIPTERA,CHIRONOMIDAE,AXARUS,AXARUS,3498,2.0,1.0,,,,,ARR9-0902,2013,,2,BETB,,
1003263,ARTHROPODA,INSECTA,DIPTERA,CHIRONOMIDAE,ABLABESMYIA,ABLABESMYIA,3406,2.0,1.0,33.55278,-82.73688,SmallStreams,Region_4,GASS-1082,2013,10/1/2013,1,BERW,39.03,Fair
1003264,ARTHROPODA,INSECTA,ODONATA,AESHNIDAE,,AESHNIDAE,3418,1.0,1.0,34.6743,-85.48737,SmallStreams,Region_4,GASS-1077,2013,10/2/2013,1,BERW,20.6,Poor
1003265,ARTHROPODA,MALACOSTRACA,AMPHIPODA,,,AMPHIPODA,3450,1.0,0.0,42.53424,-71.30086,RiversOther,Region_1,MARO-1020,2013,9/30/2013,1,BETB,13.1,Poor
1003266,ARTHROPODA,INSECTA,DIPTERA,TIPULIDAE,ANTOCHA,ANTOCHA,3465,2.0,1.0,42.57532,-72.70657,RiversOther,Region_1,MARO-1021,2013,10/1/2013,1,BETB,15.62,Poor
1003267,ANNELIDA,OLIGOCHAETA,HAPLOTAXIDA,TUBIFICIDAE,AULODRILUS,AULODRILUS,3496,2.0,1.0,42.70917,-72.45897,SmallStreams,Region_1,MAS9-0916,2013,9/29/2013,1,BERW,37.83,Poor
1003456,ARTHROPODA,INSECTA,DIPTERA,CHIRONOMIDAE,CHIRONOMUS,CHIRONOMUS,3582,1.0,1.0,33.47634212,-114.6053022,RiversMajor,Region_9,AZR9-0913,2014,4/28/2014,1,BETB,22.78,Poor
1003457,MOLLUSCA,BIVALVIA,,,,BIVALVIA,3517,1.0,1.0,33.6684,-114.5313,RiversMajor,Region_9,AZRM-1001,2014,4/28/2014,1,BETB,23.6,Poor
1003458,ARTHROPODA,INSECTA,DIPTERA,CHIRONOMIDAE,ABLABESMYIA,ABLABESMYIA,3406,9.0,1.0,31.51466,-110.1282,LargeStreams,Region_9,AZLS-1054,2014,5/6/2014,1,BERW,46.62,Fair
1003459,ARTHROPODA,INSECTA,EPHEMEROPTERA,BAETIDAE,ACENTRELLA,ACENTRELLA,3407,55.0,1.0,33.29395085,-109.494703,RiversOther,Region_9,AZR9-0904,2014,5/7/2014,1,BERW,51.78,Fair
1003460,ARTHROPODA,INSECTA,EPHEMEROPTERA,BAETIDAE,ACENTRELLA,ACENTRELLA,3407,8.0,1.0,33.29637,-109.1921,RiversOther,Region_9,AZRO-1031,2014,5/8/2014,1,BERW,57.95,Good
1003461,ARTHROPODA,INSECTA,DIPTERA,CHIRONOMIDAE,ABLABESMYIA,ABLABESMYIA,3406,2.0,1.0,30.29491628,-85.29384067,SmallStreams,Region_4,FLS9-0917,2014,5/12/2014,1,BERW,25.37,Poor
1003462,ARTHROPODA,INSECTA,DIPTERA,CHIRONOMIDAE,ABLABESMYIA,ABLABESMYIA,3406,21.0,1.0,30.1072406,-82.13395911,SmallStreams,Region_4,FLS9-0921,2014,5/12/2014,1,BERW,26.3,Poor
1003463,ARTHROPODA,INSECTA,EPHEMEROPTERA,AMELETIDAE,AMELETUS,AMELETUS,3439,1.0,1.0,35.88864,-105.448,SmallStreams,Region_6,NMSS-1081,2014,5/12/2014,1,BERW,33.68,Poor
1003464,ARTHROPODA,INSECTA,ODONATA,AESHNIDAE,ANAX,ANAX,3455,,,35.27405,-100.7662,SmallStreams,Region_6,TXSS-1209,2014,5/13/2014,1,BERW,23.88,Fair
1003465,ARTHROPODA,INSECTA,DIPTERA,CHIRONOMIDAE,ABLABESMYIA,ABLABESMYIA,3406,1.0,1.0,29.98458621,-85.03298899,RiversOther,Region_4,FLR9-0902,2014,5/13/2014,1,BETB,21.75,Poor
1003466,ARTHROPODA,INSECTA,HEMIPTERA,NAUCORIDAE,AMBRYSUS,AMBRYSUS,3438,6.0,1.0,36.4193,-109.1022,SmallStreams,Region_9,AZSS-1111,2014,5/13/2014,1,BERW,21.63,Poor
1003467,MOLLUSCA,GASTROPODA,BASOMMATOPHORA,ANCYLIDAE,,ANCYLIDAE,3458,1.0,1.0,27.32147,-80.57938,SmallStreams,Region_4,FLSS-1069,2014,5/13/2014,1,BETB,26.13,Poor
1003468,ARTHROPODA,INSECTA,DIPTERA,CHIRONOMIDAE,CRYPTOCHIRONOMUS,CRYPTOCHIRONOMUS,3625,1.0,1.0,34.00485,-104.3148,RiversMajor,Region_6,NMR9-0906,2014,5/13/2014,1,BERW,5.57,Poor
1003471,ANNELIDA,OLIGOCHAETA,HAPLOTAXIDA,TUBIFICIDAE,AULODRILUS,AULODRILUS,3496,1.0,1.0,35.97241,-100.8244,RiversMajor,Region_6,TXR9-0905,2014,5/14/2014,1,BERW,33.7,Fair
1003472,ARTHROPODA,INSECTA,DIPTERA,CHIRONOMIDAE,ABLABESMYIA,ABLABESMYIA,3406,11.0,1.0,30.35243432,-84.68591558,RiversOther,Region_4,FLR9-0901,2014,5/14/2014,1,BETB,43.38,Fair
1003473,ARTHROPODA,INSECTA,COLEOPTERA,DYTISCIDAE,AGABUS,AGABUS,3420,1.0,1.0,35.77146,-105.0074,LargeStreams,Region_6,NMS9-0926,2014,5/14/2014,1,BERW,24.98,Fair
1003474,ARTHROPODA,INSECTA,EPHEMEROPTERA,BAETIDAE,ACERPENNA,ACERPENNA,3408,3.0,1.0,30.7611,-86.26433,SmallStreams,Region_4,FLSS-1068,2014,5/14/2014,1,BERW,80.75,Good
1003475,ARTHROPODA,INSECTA,DIPTERA,CHIRONOMIDAE,ABLABESMYIA,ABLABESMYIA,3406,14.0,1.0,32.1258,-82.19105,RiversOther,Region_4,GARO-1038,2014,5/14/2014,1,BETB,46.38,Fair
1003476,ARTHROPODA,INSECTA,DIPTERA,CHIRONOMIDAE,ABLABESMYIA,ABLABESMYIA,3406,6.0,1.0,34.69505835,-87.76208738,LargeStreams,Region_4,ALS9-0917,2014,5/14/2014,1,BETB,39.55,Fair
1003477,ARTHROPODA,INSECTA,ODONATA,COENAGRIONIDAE,ARGIA,ARGIA,3476,2.0,1.0,34.80287,-104.6276,RiversMajor,Region_6,NMRM-1002,2014,5/14/2014,1,BERW,64.18,Good
1003478,ARTHROPODA,INSECTA,DIPTERA,TIPULIDAE,ANTOCHA,ANTOCHA,3465,,,36.1106,-105.7319,SmallStreams,Region_6,NMS9-0920,2014,5/15/2014,1,BERW,53.58,Good
1003479,ARTHROPODA,INSECTA,EPHEMEROPTERA,BAETIDAE,BAETIS,BAETIS,3501,3.0,1.0,36.70098,-110.5256,LargeStreams,Region_9,AZLS-1048,2014,5/14/2014,1,BERW,35.48,Poor
1003480,ARTHROPODA,INSECTA,COLEOPTERA,DYTISCIDAE,AGABUS,AGABUS,3420,1.0,1.0,36.72811,-110.5395,LargeStreams,Region_9,AZLS-1063,2014,5/14/2014,1,BERW,37.22,Poor
1003481,ARTHROPODA,ARACHNIDA,TROMBIDIFORMES,HYGROBATIDAE,ATRACTIDES,ATRACTIDES,3490,1.0,1.0,36.8397,-110.6755,SmallStreams,Region_9,AZSS-1121,2014,5/15/2014,1,BERW,8.18,Poor
1003482,ARTHROPODA,INSECTA,DIPTERA,CHIRONOMIDAE,ABLABESMYIA,ABLABESMYIA,3406,5.0,1.0,27.41501906,-81.13116611,RiversOther,Region_4,FLR9-0903,2014,5/15/2014,1,BETB,30.52,Poor
1003483,ARTHROPODA,INSECTA,COLEOPTERA,HYDROPHILIDAE,BEROSUS,BEROSUS,3511,1.0,1.0,35.45114,-102.0051,RiversMajor,Region_6,TXR9-0923,2014,5/15/2014,1,BERW,6.42,Poor
1003484,ARTHROPODA,ARACHNIDA,,,,ARACHNIDA,3472,,,35.39091,-101.8318,SmallStreams,Region_6,TXSS-1205,2014,5/15/2014,1,BERW,7.87,Poor
1003485,ARTHROPODA,INSECTA,DIPTERA,CHIRONOMIDAE,APSECTROTANYPUS,APSECTROTANYPUS,3470,1.0,1.0,31.05989,-88.8882,SmallStreams,Region_4,MSS9-0913,2014,5/16/2014,1,BERW,9.42,Poor
1003486,ARTHROPODA,INSECTA,ODONATA,COENAGRIONIDAE,ARGIA,ARGIA,3476,,,32.92507,-105.3375,RiversOther,Region_6,NMR9-0903,2014,5/16/2014,1,BERW,27.68,Poor
1003487,ARTHROPODA,INSECTA,COLEOPTERA,DYTISCIDAE,AGABUS,AGABUS,3420,2.0,1.0,35.3899,-105.9688,LargeStreams,Region_6,NMLS-1045,2014,5/16/2014,1,BERW,23.82,Poor
1003488,ARTHROPODA,INSECTA,DIPTERA,CHIRONOMIDAE,ABLABESMYIA,ABLABESMYIA,3406,3.0,1.0,,,,,FLRF-0001,2014,,1,BERW,,
1003489,ARTHROPODA,INSECTA,ODONATA,AESHNIDAE,,AESHNIDAE,3418,,,27.41211,-81.14119,LargeStreams,Region_4,FLLS-1049,2014,5/18/2014,1,BETB,30.65,Poor
1003490,ARTHROPODA,INSECTA,DIPTERA,CHIRONOMIDAE,ABLABESMYIA,ABLABESMYIA,3406,6.0,1.0,27.05895881,-81.38416097,SmallStreams,Region_4,FLS9-0919,2014,5/16/2014,1,BERW,47.97,Fair
1003491,ARTHROPODA,INSECTA,DIPTERA,CHIRONOMIDAE,ABLABESMYIA,ABLABESMYIA,3406,11.0,1.0,29.77762355,-81.30897471,SmallStreams,Region_4,FLS9-0922,2014,5/18/2014,1,BERW,48.32,Fair
1003492,ARTHROPODA,INSECTA,ODONATA,AESHNIDAE,AESHNA,AESHNA,3417,,,30.75285334,-85.25415423,SmallStreams,Region_4,FLS9-0923,2014,5/18/2014,1,BERW,33.6,Poor
1003493,ARTHROPODA,INSECTA,EPHEMEROPTERA,BAETIDAE,PLAUDITUS,PLAUDITUS,4166,1.0,1.0,31.22619,-88.79175,SmallStreams,Region_4,MSLS-1038,2014,5/18/2014,1,BERW,34.37,Poor
1003494,ARTHROPODA,INSECTA,COLEOPTERA,HYDROPHILIDAE,AMETOR,AMETOR,3443,1.0,1.0,35.71713,-105.4943,SmallStreams,Region_6,NMSS-1085,2014,5/18/2014,1,BERW,35.23,Poor
1003495,ARTHROPODA,INSECTA,DIPTERA,CHIRONOMIDAE,ABLABESMYIA,ABLABESMYIA,3406,1.0,1.0,34.00166,-88.51833,RiversMajor,Region_4,MSR9-0901,2014,5/16/2014,1,BETB,44.87,Fair
1003496,ARTHROPODA,INSECTA,EPHEMEROPTERA,CAENIDAE,CAENIS,CAENIS,3542,14.0,1.0,33.05219,-100.7694,RiversOther,Region_6,TXRO-1079,2014,5/19/2014,1,BERW,17.7,Poor
1003497,ARTHROPODA,INSECTA,DIPTERA,CHIRONOMIDAE,ABLABESMYIA,ABLABESMYIA,3406,11.0,1.0,32.26957,-89.10569,LargeStreams,Region_4,MSLS-1040,2014,5/19/2014,1,BERW,60.45,Good
1003498,ARTHROPODA,INSECTA,DIPTERA,CHIRONOMIDAE,ABLABESMYIA,ABLABESMYIA,3406,5.0,1.0,35.79088,-104.6117,RiversOther,Region_6,NMR9-0901,2014,5/19/2014,1,BERW,36.8,Good
1003499,ARTHROPODA,INSECTA,DIPTERA,CHIRONOMIDAE,ABLABESMYIA,ABLABESMYIA,3406,7.0,1.0,30.58699,-84.35733,RiversOther,Region_4,FLRO-1024,2014,5/19/2014,1,BETB,39.35,Poor
1003501,ANNELIDA,OLIGOCHAETA,HAPLOTAXIDA,TUBIFICIDAE,AULODRILUS,AULODRILUS,3496,2.0,1.0,,,,,TXRF-0001,2014,,1,BERW,,
1003502,ARTHROPODA,INSECTA,DIPTERA,CHIRONOMIDAE,ABLABESMYIA,ABLABESMYIA,3406,,,,,,,TXRF-0003,2014,,1,BERW,,
1003503,ARTHROPODA,INSECTA,DIPTERA,CHIRONOMIDAE,ABLABESMYIA,ABLABESMYIA,3406,13.0,1.0,30.18840677,-83.60818538,SmallStreams,Region_4,FLS9-0918,2014,5/20/2014,1,BERW,47.72,Fair
1003504,ARTHROPODA,INSECTA,DIPTERA,CHIRONOMIDAE,ABLABESMYIA,ABLABESMYIA,3406,2.0,1.0,30.51884624,-87.29779287,SmallStreams,Region_4,FLS9-0915,2014,5/19/2014,1,BERW,37.52,Poor
1003505,ARTHROPODA,INSECTA,COLEOPTERA,DYTISCIDAE,AGABUS,AGABUS,3420,5.0,1.0,,,,,KSRF-0005,2014,,1,BERW,,
1003506,ARTHROPODA,INSECTA,DIPTERA,CERATOPOGONIDAE,,CERATOPOGONIDAE,3566,5.0,0.0,,,,,TXRF-0007,2014,,1,BERW,,
1003507,ARTHROPODA,INSECTA,DIPTERA,CHIRONOMIDAE,ABLABESMYIA,ABLABESMYIA,3406,1.0,1.0,31.34380862,-85.60881312,RiversMajor,Region_4,ALR9-0905,2014,5/20/2014,1,BETB,88.73,Good
1003509,ARTHROPODA,INSECTA,DIPTERA,CHIRONOMIDAE,ABLABESMYIA,ABLABESMYIA,3406,5.0,1.0,37.03778,-95.08089,RiversMajor,Region_7,KSRS-1260,2014,5/20/2014,1,BETB,42.0,Good
1003510,ARTHROPODA,INSECTA,ODONATA,AESHNIDAE,,AESHNIDAE,3418,,,32.49147,-89.15185,SmallStreams,Region_4,MSS9-0916,2014,5/20/2014,1,BERW,56.35,Good
1003511,ARTHROPODA,INSECTA,DIPTERA,CHIRONOMIDAE,ABLABESMYIA,ABLABESMYIA,3406,3.0,1.0,,,,,NMRF-0009,2014,,1,BERW,,
1003512,ARTHROPODA,INSECTA,DIPTERA,CHIRONOMIDAE,ABLABESMYIA,ABLABESMYIA,3406,1.0,1.0,35.8127,-104.906,RiversOther,Region_6,NMRO-1028,2014,5/20/2014,1,BERW,28.62,Fair
1003513,ARTHROPODA,ARACHNIDA,,,,ARACHNIDA,3472,2.0,1.0,37.51017,-112.0337,LargeStreams,Region_8,UTS9-0929,2014,5/20/2014,1,BERW,43.02,Fair
1003514,ARTHROPODA,INSECTA,EPHEMEROPTERA,BAETIDAE,ACENTRELLA,ACENTRELLA,3407,9.0,1.0,36.79741,-104.8783,LargeStreams,Region_6,NMS9-0925,2014,5/21/2014,1,BERW,32.85,Poor
1003515,ARTHROPODA,INSECTA,DIPTERA,CHIRONOMIDAE,ABLABESMYIA,ABLABESMYIA,3406,23.0,1.0,31.65539,-86.71585,LargeStreams,Region_4,ALLS-1039,2014,5/21/2014,1,BERW,40.22,Poor
1003516,ARTHROPODA,INSECTA,DIPTERA,CHIRONOMIDAE,ABLABESMYIA,ABLABESMYIA,3406,3.0,1.0,32.80646,-88.55028,SmallStreams,Region_4,MSS9-0915,2014,5/21/2014,1,BERW,33.45,Poor
1003517,ARTHROPODA,INSECTA,HEMIPTERA,NAUCORIDAE,AMBRYSUS,AMBRYSUS,3438,,,37.17928,-113.3778,RiversMajor,Region_8,UTRM-1008,2014,5/21/2014,1,BERW,43.58,Fair
1003518,ARTHROPODA,INSECTA,DIPTERA,CHIRONOMIDAE,ABLABESMYIA,ABLABESMYIA,3406,1.0,1.0,,,,,TXRF-0002,2014,,1,BERW,,
1003519,ARTHROPODA,INSECTA,DIPTERA,CHIRONOMIDAE,ABLABESMYIA,ABLABESMYIA,3406,1.0,1.0,29.83141,-82.66405,RiversOther,Region_4,FLRO-1025,2014,5/21/2014,1,BETB,62.13,Good
1003520,ARTHROPODA,INSECTA,EPHEMEROPTERA,BAETIDAE,BAETIS,BAETIS,3501,5.0,1.0,33.93082,-117.594,RiversMajor,Region_9,CALS-1089,2014,5/20/2014,1,BERW,33.93,Poor
1003521,ARTHROPODA,MALACOSTRACA,AMPHIPODA,GAMMARIDAE,AMERICOROPHIUM,AMERICOROPHIUM,3442,7.0,1.0,31.34047,-81.48489,RiversOther,Region_4,GARO-1032,2014,5/21/2014,1,BETB,24.78,Poor
1003522,ARTHROPODA,INSECTA,DIPTERA,CHIRONOMIDAE,ABLABESMYIA,ABLABESMYIA,3406,47.0,1.0,33.37182,-88.99623,LargeStreams,Region_4,MSLS-1039,2014,5/22/2014,1,BERW,49.3,Fair
1003523,ARTHROPODA,INSECTA,COLEOPTERA,DYTISCIDAE,AGABUS,AGABUS,3420,1.0,1.0,36.48122,-105.0151,LargeStreams,Region_6,NMLS-1047,2014,5/22/2014,1,BERW,17.8,Poor
1003524,ARTHROPODA,INSECTA,DIPTERA,CHIRONOMIDAE,ABLABESMYIA,ABLABESMYIA,3406,1.0,1.0,,,,,NMRF-0001,2014,,1,BERW,,
1003525,ARTHROPODA,INSECTA,ODONATA,COENAGRIONIDAE,ARGIA,ARGIA,3476,,,37.07694,-113.597,SmallStreams,Region_8,UTS9-0931,2014,5/22/2014,1,BERW,15.12,Poor
1003526,ARTHROPODA,INSECTA,DIPTERA,CHIRONOMIDAE,ABLABESMYIA,ABLABESMYIA,3406,4.0,1.0,,,,,NMRF-0002,2014,,1,BERW,,
1003527,ANNELIDA,OLIGOCHAETA,HAPLOTAXIDA,TUBIFICIDAE,AULODRILUS,AULODRILUS,3496,2.0,1.0,33.50947,-90.41456,SmallStreams,Region_4,MSSS-1082,2014,5/23/2014,1,BERW,19.33,Poor
1003529,ARTHROPODA,INSECTA,DIPTERA,CHIRONOMIDAE,ABLABESMYIA,ABLABESMYIA,3406,2.0,1.0,,,,,TXRF-0008,2014,,1,BERW,,
1003530,ARTHROPODA,INSECTA,DIPTERA,CHIRONOMIDAE,ABLABESMYIA,ABLABESMYIA,3406,2.0,1.0,30.01741,-81.97161,LargeStreams,Region_4,FLLS-1047,2014,5/23/2014,1,BERW,59.45,Good
1003531,ARTHROPODA,INSECTA,EPHEMEROPTERA,BAETIDAE,ACENTRELLA,ACENTRELLA,3407,9.0,1.0,34.35425,-106.8532,RiversMajor,Region_6,NMRM-1001,2014,5/23/2014,1,BERW,49.6,Fair
1003532,ARTHROPODA,INSECTA,DIPTERA,CHIRONOMIDAE,ABLABESMYIA,ABLABESMYIA,3406,25.0,1.0,,,,,FLS9-0921,2014,,2,BERW,,
1003533,ARTHROPODA,INSECTA,DIPTERA,CHIRONOMIDAE,ABLABESMYIA,ABLABESMYIA,3406,1.0,1.0,33.09741,-85.84587,LargeStreams,Region_4,ALLS-1042,2014,5/23/2014,1,BERW,59.78,Good
1003534,ARTHROPODA,INSECTA,EPHEMEROPTERA,BAETIDAE,ACERPENNA,ACERPENNA,3408,2.0,1.0,32.48594217,-85.72031495,RiversOther,Region_4,ALR9-0902,2014,5/22/2014,1,BETB,51.72,Fair
1003535,ARTHROPODA,INSECTA,EPHEMEROPTERA,BAETIDAE,ACENTRELLA,ACENTRELLA,3407,39.0,1.0,33.30077,-108.1255,RiversOther,Region_6,NMR9-0904,2014,5/26/2014,1,BERW,43.03,Fair
1003536,ARTHROPODA,MALACOSTRACA,AMPHIPODA,,,AMPHIPODA,3450,1.0,0.0,35.07424,-114.6043,RiversMajor,Region_9,NVR9-0902,2014,5/26/2014,1,BETB,14.5,Poor
1003537,ARTHROPODA,ARACHNIDA,TROMBIDIFORMES,ARRENURIDAE,ARRENURUS,ARRENURUS,3481,2.0,1.0,26.625,-80.16233,SmallStreams,Region_4,FLSS-1076,2014,5/21/2014,1,BERW,26.95,Poor
1003538,ARTHROPODA,INSECTA,DIPTERA,CHIRONOMIDAE,ABLABESMYIA,ABLABESMYIA,3406,3.0,1.0,,,,,FLR9-0902,2014,,2,BETB,,
1003539,ARTHROPODA,INSECTA,DIPTERA,CHIRONOMIDAE,ALOTANYPUS,ALOTANYPUS,3437,2.0,1.0,38.97275,-121.2915,SmallStreams,Region_9,CASS-1215,2014,5/27/2014,1,BERW,50.72,Fair
1003540,ARTHROPODA,INSECTA,EPHEMEROPTERA,BAETIDAE,ACENTRELLA,ACENTRELLA,3407,8.0,1.0,33.55138,-107.5537,RiversOther,Region_6,NMRO-1030,2014,5/27/2014,1,BERW,19.55,Poor
1003542,ARTHROPODA,INSECTA,EPHEMEROPTERA,BAETIDAE,APOBAETIS,APOBAETIS,3468,3.0,1.0,,,,,AZR9-0913,2014,,2,BETB,,
1003543,ARTHROPODA,INSECTA,EPHEMEROPTERA,BAETIDAE,ACENTRELLA,ACENTRELLA,3407,2.0,1.0,36.57492,-106.0472,LargeStreams,Region_6,NMLS-1044,2014,5/28/2014,1,BERW,50.43,Good
1003544,ARTHROPODA,INSECTA,ODONATA,COENAGRIONIDAE,ARGIA,ARGIA,3476,1.0,1.0,33.23304,-98.90742,RiversMajor,Region_6,TXRM-1015,2014,5/28/2014,1,BERW,2.38,Poor
1003547,ARTHROPODA,INSECTA,EPHEMEROPTERA,BAETIDAE,ACENTRELLA,ACENTRELLA,3407,,,,,,,GARF-0003,2014,,1,BERW,,
1003549,ARTHROPODA,ARACHNIDA,TROMBIDIFORMES,HYGROBATIDAE,ATRACTIDES,ATRACTIDES,3490,1.0,1.0,33.87507,-84.44903,RiversMajor,Region_4,GARM-1002,2014,5/28/2014,1,BETB,22.2,Poor
1003550,ARTHROPODA,INSECTA,EPHEMEROPTERA,AMELETIDAE,AMELETUS,AMELETUS,3439,21.0,1.0,39.14468,-120.4665,SmallStreams,Region_9,CASS-1278,2014,5/28/2014,1,BERW,76.0,Good
1003551,ARTHROPODA,INSECTA,ODONATA,AESHNIDAE,AESHNA,AESHNA,3417,,,38.59731,-122.5984,SmallStreams,Region_9,CASS-1339,2014,5/29/2014,1,BERW,27.57,Poor
1003552,ARTHROPODA,INSECTA,DIPTERA,CHIRONOMIDAE,ABLABESMYIA,ABLABESMYIA,3406,3.0,1.0,30.21423,-85.11154,RiversMajor,Region_4,FLRM-1001,2014,5/29/2014,1,BETB,36.4,Poor
1003553,ARTHROPODA,INSECTA,EPHEMEROPTERA,BAETIDAE,BAETIS,BAETIS,3501,1.0,1.0,34.75015,-106.7425,RiversMajor,Region_6,NMR9-0902,2014,5/29/2014,1,BERW,39.7,Poor
1003554,ARTHROPODA,INSECTA,EPHEMEROPTERA,BAETIDAE,ACENTRELLA,ACENTRELLA,3407,42.0,1.0,36.75052,-108.4182,RiversMajor,Region_6,NMRM-1005,2014,5/29/2014,1,BETB,39.0,Poor
1003555,ARTHROPODA,INSECTA,DIPTERA,CHIRONOMIDAE,ABLABESMYIA,ABLABESMYIA,3406,,,33.20418,-97.80536,RiversOther,Region_6,TXRO-1082,2014,5/29/2014,1,BERW,28.03,Fair
1003557,ARTHROPODA,INSECTA,EPHEMEROPTERA,BAETIDAE,BAETIS,BAETIS,3501,5.0,1.0,,,,,NMS9-0926,2014,,2,BERW,,
1003558,ARTHROPODA,INSECTA,EPHEMEROPTERA,BAETIDAE,ACENTRELLA,ACENTRELLA,3407,5.0,1.0,,,,,GARF-0001,2014,,1,BERW,,
1003559,ARTHROPODA,INSECTA,DIPTERA,CHIRONOMIDAE,ABLABESMYIA,ABLABESMYIA,3406,28.0,1.0,32.46543,-81.03892,SmallStreams,Region_4,SCSS-1058,2014,6/1/2014,1,BERW,30.0,Poor
1003560,ARTHROPODA,INSECTA,EPHEMEROPTERA,BAETIDAE,ACENTRELLA,ACENTRELLA,3407,3.0,1.0,34.51919,-84.59084,LargeStreams,Region_4,GALS-1052,2014,5/29/2014,1,BETB,56.57,Good
1003561,ARTHROPODA,INSECTA,DIPTERA,CHIRONOMIDAE,ABLABESMYIA,ABLABESMYIA,3406,5.0,1.0,,,,,GARF-0002,2014,,1,BETB,,
1003562,ARTHROPODA,INSECTA,DIPTERA,CHIRONOMIDAE,ABLABESMYIA,ABLABESMYIA,3406,4.0,1.0,,,,,FLR9-0901,2014,,2,BETB,,
1003564,ARTHROPODA,INSECTA,DIPTERA,CHIRONOMIDAE,ABLABESMYIA,ABLABESMYIA,3406,8.0,1.0,,,,,SCRF-0002,2014,,1,BERW,,
1003565,ARTHROPODA,INSECTA,DIPTERA,CERATOPOGONIDAE,,CERATOPOGONINAE,3567,1.0,1.0,38.3528,-109.7535,RiversMajor,Region_8,UTR9-0906,2014,6/2/2014,1,BETB,46.3,Fair
1003566,ARTHROPODA,INSECTA,EPHEMEROPTERA,CAENIDAE,CAENIS,CAENIS,3542,4.0,1.0,35.02582,-97.35414,RiversMajor,Region_6,OKRM-1021,2014,6/2/2014,1,BERW,9.77,Poor
1003567,ARTHROPODA,INSECTA,ODONATA,COENAGRIONIDAE,ARGIA,ARGIA,3476,1.0,1.0,42.82316,-84.93878,RiversOther,Region_5,MIR9-0907,2014,6/2/2014,1,BETB,46.88,Good
1003568,ARTHROPODA,ARACHNIDA,,,,ARACHNIDA,3472,1.0,0.0,37.97943,-82.67112,RiversOther,Region_4,KYR9-0906,2014,9/10/2014,1,BETB,17.6,Poor
1003569,ARTHROPODA,INSECTA,DIPTERA,CHIRONOMIDAE,ABLABESMYIA,ABLABESMYIA,3406,7.0,1.0,39.90839,-84.29816,RiversOther,Region_5,OHRO-1034,2014,9/4/2014,1,BETB,63.27,Good
1003570,ARTHROPODA,INSECTA,DIPTERA,CERATOPOGONIDAE,ATRICHOPOGON,ATRICHOPOGON,3491,1.0,1.0,46.55055,-101.705,SmallStreams,Region_8,NDSS-1131,2014,6/3/2014,1,BERW,41.28,Poor
1003571,ARTHROPODA,INSECTA,DIPTERA,CHIRONOMIDAE,ABLABESMYIA,ABLABESMYIA,3406,,,41.37959378,-94.89794017,SmallStreams,Region_7,IAS9-0919,2014,6/3/2014,1,BERW,11.28,Poor
1003572,ARTHROPODA,INSECTA,EPHEMEROPTERA,AMELETIDAE,AMELETUS,AMELETUS,3439,1.0,1.0,39.6101,-84.95963,SmallStreams,Region_5,INS9-0925,2014,6/3/2014,1,BERW,25.63,Poor
1003573,ARTHROPODA,MALACOSTRACA,AMPHIPODA,,,AMPHIPODA,3450,40.0,0.0,32.72384,-80.49558,SmallStreams,Region_4,SCSS-1054,2014,6/3/2014,1,BETB,13.03,Poor
1003574,ARTHROPODA,INSECTA,COLEOPTERA,DYTISCIDAE,AGABUS,AGABUS,3420,1.0,1.0,39.30653,-110.4052,RiversOther,Region_8,UTR9-0907,2014,6/3/2014,1,BERW,25.12,Poor
1003575,ARTHROPODA,INSECTA,DIPTERA,CHIRONOMIDAE,ABLABESMYIA,ABLABESMYIA,3406,2.0,1.0,37.11441,-119.1693,SmallStreams,Region_9,CASS-1226,2014,6/3/2014,1,BERW,28.65,Poor
1003576,ARTHROPODA,INSECTA,DIPTERA,CHIRONOMIDAE,ABLABESMYIA,ABLABESMYIA,3406,4.0,1.0,45.90933,-103.429,LargeStreams,Region_8,SDS9-0944,2014,6/3/2014,1,BERW,27.35,Poor
1003577,ARTHROPODA,INSECTA,DIPTERA,CHIRONOMIDAE,ABLABESMYIA,ABLABESMYIA,3406,2.0,1.0,39.2489,-77.8141,RiversMajor,Region_3,WVRM-1001,2014,6/3/2014,1,BETB,60.85,Good
1003578,ARTHROPODA,INSECTA,DIPTERA,CHIRONOMIDAE,ABLABESMYIA,ABLABESMYIA,3406,25.0,1.0,38.89431,-93.02175,RiversOther,Region_7,MORO-1049,2014,6/2/2014,1,BETB,43.73,Good
1003579,ARTHROPODA,INSECTA,DIPTERA,CHIRONOMIDAE,ABLABESMYIA,ABLABESMYIA,3406,13.0,1.0,,,,,AZLS-1054,2014,,2,BERW,,
1003580,ARTHROPODA,INSECTA,DIPTERA,CHIRONOMIDAE,ABLABESMYIA,ABLABESMYIA,3406,2.0,1.0,34.85096,-97.91055,SmallStreams,Region_6,OKSS-1444,2014,6/3/2014,1,BERW,24.95,Fair
1003581,ARTHROPODA,INSECTA,DIPTERA,CHIRONOMIDAE,ABLABESMYIA,ABLABESMYIA,3406,1.0,1.0,29.61204,-104.4674,RiversMajor,Region_6,TXRM-1017,2014,6/4/2014,1,BERW,2.63,Poor
1003582,ARTHROPODA,INSECTA,DIPTERA,CHIRONOMIDAE,ABLABESMYIA,ABLABESMYIA,3406,1.0,1.0,38.24012,-91.80405,RiversMajor,Region_7,MOR9-0905,2014,6/4/2014,1,BETB,36.22,Fair
1003583,ARTHROPODA,INSECTA,DIPTERA,CHIRONOMIDAE,ABLABESMYIA,ABLABESMYIA,3406,24.0,1.0,33.82362,-80.06803,SmallStreams,Region_4,SCS9-0920,2014,6/4/2014,1,BERW,44.45,Fair
1003586,ARTHROPODA,INSECTA,DIPTERA,CHIRONOMIDAE,ABLABESMYIA,ABLABESMYIA,3406,2.0,1.0,44.39509,-102.8051,RiversOther,Region_8,SDR9-0919,2014,6/4/2014,1,BERW,30.67,Poor
1003587,ARTHROPODA,INSECTA,ODONATA,AESHNIDAE,,AESHNIDAE,3418,1.0,1.0,31.88153,-109.2165,SmallStreams,Region_9,AZSS-1116,2014,6/5/2014,1,BERW,63.3,Good
1003588,ARTHROPODA,INSECTA,DIPTERA,CHIRONOMIDAE,ABLABESMYIA,ABLABESMYIA,3406,5.0,1.0,31.33362,-92.50204,LargeStreams,Region_6,LAS9-0945,2014,6/4/2014,1,BERW,30.58,Poor
1003589,ARTHROPODA,INSECTA,DIPTERA,CHIRONOMIDAE,ABLABESMYIA,ABLABESMYIA,3406,2.0,1.0,31.55119,-91.80545,RiversMajor,Region_6,LAR9-0904,2014,6/3/2014,1,BETB,9.47,Poor
1003590,ARTHROPODA,INSECTA,EPHEMEROPTERA,AMELETIDAE,AMELETUS,AMELETUS,3439,5.0,1.0,38.73232,-120.4784,SmallStreams,Region_9,CASS-1181,2014,6/5/2014,1,BERW,54.55,Good
1003591,ARTHROPODA,INSECTA,DIPTERA,CERATOPOGONIDAE,ATRICHOPOGON,ATRICHOPOGON,3491,1.0,1.0,38.18245,-120.701,RiversOther,Region_9,CARO-1043,2014,6/4/2014,1,BERW,14.23,Poor
1003592,ARTHROPODA,INSECTA,DIPTERA,CHIRONOMIDAE,ABLABESMYIA,ABLABESMYIA,3406,2.0,1.0,47.30733,-93.83196,RiversMajor,Region_5,MNRM-1004,2014,6/5/2014,1,BETB,25.87,Fair
1003593,ARTHROPODA,INSECTA,DIPTERA,CHIRONOMIDAE,ABLABESMYIA,ABLABESMYIA,3406,,,38.09329,-91.13971,RiversOther,Region_7,MORO-1048,2014,6/5/2014,1,BETB,60.28,Good
1003594,ARTHROPODA,INSECTA,DIPTERA,CHIRONOMIDAE,ABLABESMYIA,ABLABESMYIA,3406,2.0,1.0,46.61594,-102.0195,SmallStreams,Region_8,NDSS-1115,2014,6/5/2014,1,BERW,34.52,Poor
1003595,ARTHROPODA,INSECTA,PLECOPTERA,PERLIDAE,ACRONEURIA,ACRONEURIA,3412,3.0,1.0,39.472,-78.36353,SmallStreams,Region_3,WVS9-0924,2014,6/5/2014,1,BERW,53.68,Good
1003596,ARTHROPODA,INSECTA,DIPTERA,CHIRONOMIDAE,ACRICOTOPUS,ACRICOTOPUS,3411,1.0,1.0,47.28029,-101.1779,RiversOther,Region_8,NDR9-0921,2014,6/8/2014,1,BETB,18.23,Poor
1003597,ARTHROPODA,INSECTA,DIPTERA,CHIRONOMIDAE,ABLABESMYIA,ABLABESMYIA,3406,3.0,1.0,33.88391,-78.78474,RiversOther,Region_4,SCR9-0901,2014,6/6/2014,1,BETB,30.23,Poor
1003598,ARTHROPODA,INSECTA,DIPTERA,CHIRONOMIDAE,ABLABESMYIA,ABLABESMYIA,3406,3.0,1.0,33.90909,-79.4403,RiversMajor,Region_4,SCR9-0902,2014,6/5/2014,1,BETB,59.58,Good
1003599,ARTHROPODA,INSECTA,ODONATA,COENAGRIONIDAE,ARGIA,ARGIA,3476,5.0,1.0,29.02616,-103.3128,RiversMajor,Region_6,TXRM-1001,2014,6/6/2014,1,BERW,20.9,Poor
1003600,ARTHROPODA,INSECTA,DIPTERA,CHIRONOMIDAE,ABLABESMYIA,ABLABESMYIA,3406,2.0,1.0,29.77151,-101.7318,RiversMajor,Region_6,TXR9-0902,2014,6/8/2014,1,BETB,49.02,Fair
1003601,ARTHROPODA,INSECTA,DIPTERA,CHIRONOMIDAE,ABLABESMYIA,ABLABESMYIA,3406,1.0,1.0,33.91374,-88.53107,RiversMajor,Region_4,MSR9-0902,2014,6/8/2014,1,BETB,30.22,Poor
1003602,ARTHROPODA,INSECTA,DIPTERA,CHIRONOMIDAE,ABLABESMYIA,ABLABESMYIA,3406,1.0,1.0,26.66816,-81.98964,SmallStreams,Region_4,FLSS-1107,2014,6/8/2014,1,BETB,20.78,Poor
1003603,ARTHROPODA,INSECTA,EPHEMEROPTERA,BAETIDAE,ACENTRELLA,ACENTRELLA,3407,1.0,1.0,38.6962,-104.7115,RiversOther,Region_8,CORO-1032,2014,6/9/2014,1,BERW,8.47,Poor
1003604,ARTHROPODA,INSECTA,EPHEMEROPTERA,BAETIDAE,ACENTRELLA,ACENTRELLA,3407,,,41.02335,-78.90572,SmallStreams,Region_3,PASS-1165,2014,6/9/2014,1,BERW,43.33,Fair
1003605,ARTHROPODA,INSECTA,DIPTERA,CHIRONOMIDAE,ABLABESMYIA,ABLABESMYIA,3406,10.0,1.0,38.1522,-121.2841,RiversOther,Region_9,CARO-1047,2014,6/9/2014,1,BETB,28.73,Poor
1003606,ARTHROPODA,INSECTA,DIPTERA,CHIRONOMIDAE,ABLABESMYIA,ABLABESMYIA,3406,2.0,1.0,45.97889,-98.16758,RiversMajor,Region_8,NDR9-0918,2014,6/9/2014,1,BETB,22.3,Poor
1003607,ARTHROPODA,INSECTA,DIPTERA,CHIRONOMIDAE,ABLABESMYIA,ABLABESMYIA,3406,1.0,1.0,,,,,ORRF-0113,2014,,1,BETB,,
1003608,ARTHROPODA,INSECTA,EPHEMEROPTERA,AMELETIDAE,AMELETUS,AMELETUS,3439,4.0,1.0,,,,,ORRF-0115,2014,,1,BETB,,
1003609,ARTHROPODA,INSECTA,DIPTERA,CHIRONOMIDAE,ABLABESMYIA,ABLABESMYIA,3406,2.0,1.0,37.76799,-93.58094,SmallStreams,Region_7,MOS9-0940,2014,6/9/2014,1,BERW,26.02,Poor
1003610,ARTHROPODA,INSECTA,DIPTERA,CHIRONOMIDAE,ABLABESMYIA,ABLABESMYIA,3406,15.0,1.0,,,,,MSRF-0002,2014,,1,BERW,,
1003611,ARTHROPODA,INSECTA,EPHEMEROPTERA,CAENIDAE,CAENIS,CAENIS,3542,3.0,1.0,,,,,OKRF-0101,2014,,1,BETB,,
1003612,ARTHROPODA,INSECTA,EPHEMEROPTERA,BAETIDAE,ACENTRELLA,ACENTRELLA,3407,18.0,1.0,43.79297,-72.67631,RiversOther,Region_1,VTR9-0902,2014,6/9/2014,1,BETB,72.93,Good
1003613,ARTHROPODA,INSECTA,DIPTERA,CHIRONOMIDAE,ABLABESMYIA,ABLABESMYIA,3406,3.0,1.0,38.65011,-80.76148,SmallStreams,Region_3,WVSS-1042,2014,6/9/2014,1,BERW,52.32,Good
1003614,ARTHROPODA,INSECTA,EPHEMEROPTERA,BAETIDAE,ACENTRELLA,ACENTRELLA,3407,11.0,1.0,43.00886,-91.87465,RiversOther,Region_7,IARO-1018,2014,6/10/2014,1,BERW,23.42,Fair
1003615,ARTHROPODA,INSECTA,DIPTERA,CERATOPOGONIDAE,,CERATOPOGONIDAE,3566,1.0,1.0,38.35013,-104.6111,RiversOther,Region_8,CORO-1035,2014,6/10/2014,1,BERW,7.35,Poor
1003616,ARTHROPODA,INSECTA,DIPTERA,CHIRONOMIDAE,ABLABESMYIA,ABLABESMYIA,3406,1.0,1.0,46.83159,-102.5029,SmallStreams,Region_8,NDSS-1112,2014,6/10/2014,1,BERW,31.83,Poor
1003617,ARTHROPODA,INSECTA,ODONATA,COENAGRIONIDAE,ARGIA,ARGIA,3476,2.0,1.0,,,,,UTRF-0001,2014,,1,BERW,,
1003618,ARTHROPODA,INSECTA,PLECOPTERA,PERLIDAE,ACRONEURIA,ACRONEURIA,3412,8.0,1.0,41.74656,-79.30665,SmallStreams,Region_3,PASS-1164,2014,6/10/2014,1,BERW,78.03,Good
1003619,ARTHROPODA,INSECTA,DIPTERA,CHIRONOMIDAE,CHIRONOMUS,CHIRONOMUS,3582,6.0,1.0,42.8542,-97.28016,RiversMajor,Region_8,SDR9-0913,2014,6/10/2014,1,BETB,12.65,Poor
1003620,ARTHROPODA,INSECTA,DIPTERA,CHIRONOMIDAE,ABLABESMYIA,ABLABESMYIA,3406,1.0,1.0,38.12113,-121.5295,RiversOther,Region_9,CARO-1040,2014,6/10/2014,1,BETB,18.35,Poor
1003621,MOLLUSCA,GASTROPODA,BASOMMATOPHORA,ANCYLIDAE,,ANCYLIDAE,3458,2.0,1.0,27.09596,-82.21519,LargeStreams,Region_4,FLLS-1063,2014,6/10/2014,1,BERW,38.68,Poor
1003622,ARTHROPODA,INSECTA,DIPTERA,CHIRONOMIDAE,ABLABESMYIA,ABLABESMYIA,3406,20.0,1.0,34.32929,-79.03643,RiversOther,Region_4,NCRO-1015,2014,6/9/2014,1,BETB,53.38,Fair
1003623,ARTHROPODA,INSECTA,DIPTERA,CHIRONOMIDAE,ABLABESMYIA,ABLABESMYIA,3406,17.0,1.0,34.3282,-79.32,RiversOther,Region_4,SCRO-1015,2014,6/8/2014,1,BETB,51.08,Fair
1003624,ARTHROPODA,INSECTA,EPHEMEROPTERA,BAETIDAE,,BAETIDAE,3500,,,37.63481,-97.75061,RiversOther,Region_7,KSRS-1314,2014,6/10/2014,1,BERW,25.57,Fair
1003625,ARTHROPODA,INSECTA,DIPTERA,CHIRONOMIDAE,ABLABESMYIA,ABLABESMYIA,3406,2.0,1.0,37.53898,-92.36536,RiversMajor,Region_7,MOR9-0908,2014,6/10/2014,1,BETB,59.9,Good
1003626,ARTHROPODA,INSECTA,DIPTERA,CHIRONOMIDAE,ABLABESMYIA,ABLABESMYIA,3406,1.0,1.0,44.65121,-72.97038,LargeStreams,Region_1,VTRS-1011,2014,6/10/2014,1,BETB,17.63,Poor
1003627,ARTHROPODA,INSECTA,EPHEMEROPTERA,BAETIDAE,BAETIS,BAETIS,3501,6.0,1.0,43.16721,-91.67862,SmallStreams,Region_7,IASS-1091,2014,6/11/2014,1,BERW,20.6,Poor
1003628,ARTHROPODA,INSECTA,EPHEMEROPTERA,BAETIDAE,ACENTRELLA,ACENTRELLA,3407,29.0,1.0,44.39319,-71.21993,LargeStreams,Region_1,NHS9-0913,2014,6/10/2014,1,BERW,67.9,Good
1003629,ARTHROPODA,INSECTA,DIPTERA,CHIRONOMIDAE,ACRICOTOPUS,ACRICOTOPUS,3411,2.0,1.0,44.38846,-103.4086,SmallStreams,Region_8,SDSS-1195,2014,6/10/2014,1,BERW,13.52,Poor
1003630,ARTHROPODA,INSECTA,EPHEMEROPTERA,AMELETIDAE,AMELETUS,AMELETUS,3439,5.0,1.0,47.61666,-112.6811,RiversOther,Region_8,MTR9-0918,2014,6/10/2014,1,BETB,67.93,Good
1003631,ARTHROPODA,INSECTA,DIPTERA,CHIRONOMIDAE,ABLABESMYIA,ABLABESMYIA,3406,1.0,1.0,,,,,WVRF-0004,2014,,1,BETB,,
1003632,ARTHROPODA,INSECTA,DIPTERA,CHIRONOMIDAE,ABLABESMYIA,ABLABESMYIA,3406,1.0,1.0,,,,,OKRF-0004,2014,,1,BETB,,
1003633,ARTHROPODA,INSECTA,DIPTERA,CHIRONOMIDAE,ABLABESMYIA,ABLABESMYIA,3406,,,39.75739,-123.7248,LargeStreams,Region_9,CALS-1098,2014,6/10/2014,1,BERW,56.4,Good
1003634,ARTHROPODA,INSECTA,PLECOPTERA,PERLIDAE,ACRONEURIA,ACRONEURIA,3412,1.0,1.0,41.28689,-78.52937,SmallStreams,Region_3,PASS-1167,2014,6/11/2014,1,BERW,43.55,Fair
1003635,ARTHROPODA,INSECTA,DIPTERA,CHIRONOMIDAE,ABLABESMYIA,ABLABESMYIA,3406,1.0,1.0,30.96981875,-86.99358916,SmallStreams,Region_4,FLS9-0929,2014,6/11/2014,1,BERW,72.38,Good
1003636,ARTHROPODA,INSECTA,EPHEMEROPTERA,CAENIDAE,CAENIS,CAENIS,3542,2.0,1.0,31.23039,-91.92194,RiversMajor,Region_6,LARM-1003,2014,6/11/2014,1,BETB,17.82,Poor
1003637,ARTHROPODA,INSECTA,DIPTERA,CHIRONOMIDAE,ABLABESMYIA,ABLABESMYIA,3406,6.0,1.0,46.61228,-96.03441,LargeStreams,Region_5,MNLS-1096,2014,6/11/2014,1,BETB,33.22,Fair
1003638,ARTHROPODA,INSECTA,PLECOPTERA,NEMOURIDAE,AMPHINEMURA,AMPHINEMURA,3449,32.0,1.0,36.78886,-106.2405,SmallStreams,Region_6,NMS9-0924,2014,6/11/2014,1,BERW,39.18,Fair
1003639,ARTHROPODA,INSECTA,EPHEMEROPTERA,BAETIDAE,ACENTRELLA,ACENTRELLA,3407,81.0,1.0,43.79749,-72.5009,RiversOther,Region_1,VTR9-0904,2014,6/11/2014,1,BETB,61.72,Good
1003641,ARTHROPODA,INSECTA,DIPTERA,CHIRONOMIDAE,CHIRONOMUS,CHIRONOMUS,3582,49.0,1.0,40.78429,-98.73232,RiversOther,Region_7,NER9-0913,2014,6/9/2014,1,BERW,10.68,Poor
1003642,ARTHROPODA,INSECTA,COLEOPTERA,HYDROPHILIDAE,BEROSUS,BEROSUS,3511,1.0,1.0,40.24371,-97.53552,LargeStreams,Region_7,NES9-0931,2014,6/10/2014,1,BERW,9.48,Poor
1003643,ARTHROPODA,INSECTA,DIPTERA,CHIRONOMIDAE,ABLABESMYIA,ABLABESMYIA,3406,15.0,1.0,38.58809,-80.89452,RiversOther,Region_3,WVR9-0904,2014,6/10/2014,1,BETB,53.68,Good
1003644,ARTHROPODA,INSECTA,EPHEMEROPTERA,BAETIDAE,ACENTRELLA,ACENTRELLA,3407,1.0,1.0,38.80394,-80.89189,SmallStreams,Region_3,WVS9-0925,2014,6/11/2014,1,BERW,38.93,Fair
1003645,ARTHROPODA,INSECTA,DIPTERA,CERATOPOGONIDAE,ATRICHOPOGON,ATRICHOPOGON,3491,2.0,1.0,42.61752155,-91.28994821,LargeStreams,Region_7,IAS9-0927,2014,6/12/2014,1,BERW,22.12,Poor
1003646,ARTHROPODA,INSECTA,EPHEMEROPTERA,BAETIDAE,ACENTRELLA,ACENTRELLA,3407,2.0,1.0,40.35743,-98.13044,RiversOther,Region_7,NER9-0908,2014,6/11/2014,1,BERW,49.77,Good
1003647,ARTHROPODA,INSECTA,EPHEMEROPTERA,BAETIDAE,ACENTRELLA,ACENTRELLA,3407,,,42.88145,-94.2817,SmallStreams,Region_7,IASS-1092,2014,6/11/2014,1,BERW,10.2,Poor
1003648,ARTHROPODA,INSECTA,EPHEMEROPTERA,BAETIDAE,APOBAETIS,APOBAETIS,3468,1.0,1.0,,,,,NMR9-0902,2014,,2,BERW,,
1003649,ARTHROPODA,INSECTA,EPHEMEROPTERA,BAETIDAE,ACENTRELLA,ACENTRELLA,3407,1.0,1.0,39.88092,-122.0575,RiversMajor,Region_9,CARM-1014,2014,6/11/2014,1,BETB,35.6,Poor
1003650,ARTHROPODA,INSECTA,DIPTERA,CHIRONOMIDAE,ABLABESMYIA,ABLABESMYIA,3406,13.0,1.0,43.81879,-71.19524,LargeStreams,Region_1,NHS9-0911,2014,6/12/2014,1,BERW,17.9,Poor
1003651,ARTHROPODA,INSECTA,DIPTERA,CHIRONOMIDAE,ABLABESMYIA,ABLABESMYIA,3406,1.0,1.0,43.40178,-100.9843,LargeStreams,Region_8,SDLS-1110,2014,6/12/2014,1,BERW,79.45,Good
1003652,ARTHROPODA,INSECTA,EPHEMEROPTERA,AMELETIDAE,AMELETUS,AMELETUS,3439,3.0,1.0,38.01992,-111.6545,SmallStreams,Region_8,UTSS-1100,2014,6/11/2014,1,BERW,27.32,Poor
1003653,ARTHROPODA,INSECTA,PLECOPTERA,NEMOURIDAE,AMPHINEMURA,AMPHINEMURA,3449,1.0,1.0,,,,,UTRF-0002,2014,,1,BERW,,
1003654,ARTHROPODA,INSECTA,DIPTERA,CHIRONOMIDAE,ABLABESMYIA,ABLABESMYIA,3406,2.0,1.0,30.69485,-87.92435,LargeStreams,Region_4,ALLS-1041,2014,6/12/2014,1,BETB,33.18,Poor
1003655,ARTHROPODA,INSECTA,DIPTERA,CHIRONOMIDAE,ABLABESMYIA,ABLABESMYIA,3406,5.0,1.0,46.26806,-94.34819,RiversMajor,Region_5,MNRM-1008,2014,6/12/2014,1,BETB,45.67,Good
1003656,ARTHROPODA,INSECTA,DIPTERA,CHIRONOMIDAE,ABLABESMYIA,ABLABESMYIA,3406,1.0,1.0,39.88029105,-75.27583202,SmallStreams,Region_3,PASS-1166,2014,6/12/2014,1,BETB,4.43,Poor
1003657,ARTHROPODA,INSECTA,EPHEMEROPTERA,BAETIDAE,ACENTRELLA,ACENTRELLA,3407,23.0,1.0,43.35914965,-93.86842916,SmallStreams,Region_7,IAS9-0922,2014,6/12/2014,1,BERW,24.67,Poor
1003658,ARTHROPODA,INSECTA,DIPTERA,CHIRONOMIDAE,ABLABESMYIA,ABLABESMYIA,3406,2.0,1.0,37.91398,-90.825,LargeStreams,Region_7,MOLS-1082,2014,6/12/2014,1,BERW,49.45,Good
1003659,ARTHROPODA,INSECTA,DIPTERA,TIPULIDAE,ANTOCHA,ANTOCHA,3465,4.0,1.0,39.21429,-114.5413,LargeStreams,Region_9,NVS9-0924,2014,6/12/2014,1,BERW,48.73,Fair
1003664,ARTHROPODA,INSECTA,EPHEMEROPTERA,CAENIDAE,CAENIS,CAENIS,3542,3.0,1.0,,,,,OKRF-0003,2014,,1,BERW,,
1003666,ARTHROPODA,INSECTA,EPHEMEROPTERA,BAETIDAE,ACENTRELLA,ACENTRELLA,3407,,,33.03974,-108.5324,RiversMajor,Region_6,NMRM-1007,2014,6/13/2014,1,BERW,48.07,Fair
1003667,ARTHROPODA,INSECTA,DIPTERA,CERATOPOGONIDAE,,CERATOPOGONIDAE,3566,10.0,0.0,38.80907,-111.316,LargeStreams,Region_8,UTLS-1059,2014,6/13/2014,1,BERW,33.33,Poor
1003668,ARTHROPODA,INSECTA,EPHEMEROPTERA,BAETIDAE,ACENTRELLA,ACENTRELLA,3407,17.0,1.0,,,,,NDRF-0001,2014,,1,BETB,,
1003669,ARTHROPODA,INSECTA,DIPTERA,CHIRONOMIDAE,ABLABESMYIA,ABLABESMYIA,3406,5.0,1.0,34.12622,-80.65031,RiversMajor,Region_4,SCR9-0903,2014,6/13/2014,1,BETB,41.47,Fair
1003670,ARTHROPODA,INSECTA,DIPTERA,CHIRONOMIDAE,ABLABESMYIA,ABLABESMYIA,3406,2.0,1.0,,,,,SCRF-0001,2014,,1,BERW,,
1003671,ARTHROPODA,INSECTA,DIPTERA,CHIRONOMIDAE,ABLABESMYIA,ABLABESMYIA,3406,11.0,1.0,33.76763,-80.07379,SmallStreams,Region_4,SCS9-0922,2014,6/10/2014,1,BERW,28.57,Poor
1003672,ARTHROPODA,INSECTA,DIPTERA,CHIRONOMIDAE,CHIRONOMUS,CHIRONOMUS,3582,1.0,1.0,43.68389,-100.2087,RiversMajor,Region_8,SDRM-1005,2014,6/13/2014,1,BETB,38.12,Poor
1003673,ARTHROPODA,INSECTA,EPHEMEROPTERA,CAENIDAE,CAENIS,CAENIS,3542,2.0,1.0,,,,,ALR9-0902,2014,,2,BETB,,
1003674,ARTHROPODA,INSECTA,DIPTERA,CHIRONOMIDAE,ABLABESMYIA,ABLABESMYIA,3406,17.0,1.0,,,,,ALS9-0917,2014,,2,BETB,,
1003675,ARTHROPODA,INSECTA,EPHEMEROPTERA,BAETIDAE,ACENTRELLA,ACENTRELLA,3407,10.0,1.0,,,,,ORRF-0108,2014,,1,BETB,,
1003676,ARTHROPODA,INSECTA,EPHEMEROPTERA,BAETIDAE,ACENTRELLA,ACENTRELLA,3407,1.0,1.0,,,,,ORRF-0110,2014,,1,BETB,,
1003677,ARTHROPODA,INSECTA,EPHEMEROPTERA,BAETIDAE,ACENTRELLA,ACENTRELLA,3407,1.0,1.0,,,,,ORRF-0119,2014,,1,BERW,,
1003678,ARTHROPODA,INSECTA,DIPTERA,CERATOPOGONIDAE,,CERATOPOGONINAE,3567,6.0,1.0,41.59625,-109.1488,RiversOther,Region_8,WYR9-0902,2014,6/16/2014,1,BERW,25.0,Poor
1003679,ARTHROPODA,INSECTA,EPHEMEROPTERA,BAETIDAE,ACENTRELLA,ACENTRELLA,3407,3.0,1.0,39.69017,-76.93024,SmallStreams,Region_3,MDS9-0918,2014,6/16/2014,1,BERW,38.75,Fair
1003680,ARTHROPODA,INSECTA,DIPTERA,CHIRONOMIDAE,ABLABESMYIA,ABLABESMYIA,3406,1.0,1.0,41.56816,-71.18604,SmallStreams,Region_1,RISS-1079,2014,6/16/2014,1,BERW,12.0,Poor
1003681,ARTHROPODA,INSECTA,DIPTERA,CHIRONOMIDAE,ABLABESMYIA,ABLABESMYIA,3406,1.0,1.0,46.33039,-102.9981,LargeStreams,Region_8,NDLS-1067,2014,6/16/2014,1,BERW,19.62,Poor
1003682,ARTHROPODA,INSECTA,DIPTERA,CHIRONOMIDAE,ABLABESMYIA,ABLABESMYIA,3406,1.0,1.0,,,,,SDRF-0002,2014,,1,BERW,,
1003683,ARTHROPODA,INSECTA,EPHEMEROPTERA,CAENIDAE,CAENIS,CAENIS,3542,19.0,1.0,34.17387,-96.08742,LargeStreams,Region_6,OKLS-1204,2014,6/16/2014,1,BERW,24.25,Poor
1003684,ARTHROPODA,INSECTA,DIPTERA,CHIRONOMIDAE,ABLABESMYIA,ABLABESMYIA,3406,1.0,1.0,34.30293,-95.65807,LargeStreams,Region_6,OKLS-1209,2014,6/16/2014,1,BERW,24.85,Poor
1003685,ARTHROPODA,INSECTA,DIPTERA,CHIRONOMIDAE,ABLABESMYIA,ABLABESMYIA,3406,5.0,1.0,34.93019,-80.8684,RiversMajor,Region_4,SCRM-1001,2014,6/15/2014,1,BETB,40.6,Fair
1003686,ARTHROPODA,INSECTA,DIPTERA,CHIRONOMIDAE,ABLABESMYIA,ABLABESMYIA,3406,3.0,1.0,34.70969,-82.46106,RiversOther,Region_4,SCRO-1013,2014,6/16/2014,1,BETB,0.0,Poor
1003687,ARTHROPODA,INSECTA,EPHEMEROPTERA,BAETIDAE,BAETIS,BAETIS,3501,9.0,1.0,39.61126,-111.0646,SmallStreams,Region_8,UTSS-1110,2014,6/16/2014,1,BERW,29.77,Poor
1003688,ARTHROPODA,INSECTA,DIPTERA,CERATOPOGONIDAE,ATRICHOPOGON,ATRICHOPOGON,3491,,,39.32064,-77.20777,SmallStreams,Region_3,MDSS-1090,2014,6/17/2014,1,BERW,19.28,Poor
1003689,ARTHROPODA,INSECTA,EPHEMEROPTERA,BAETIDAE,BAETIS,BAETIS,3501,2.0,1.0,41.14847,-92.53798,SmallStreams,Region_7,IASS-1093,2014,6/17/2014,1,BERW,15.6,Poor
1003690,ARTHROPODA,INSECTA,TRICHOPTERA,APATANIIDAE,ALLOMYIA,ALLOMYIA,3433,1.0,1.0,40.64981,-106.9236,SmallStreams,Region_8,COSS-1095,2014,6/17/2014,1,BERW,7.45,Poor
1003691,ARTHROPODA,INSECTA,EPHEMEROPTERA,BAETIDAE,BAETIS,BAETIS,3501,71.0,1.0,,,,,AZLS-1048,2014,,2,BERW,,
1003692,ARTHROPODA,INSECTA,DIPTERA,CHIRONOMIDAE,ABLABESMYIA,ABLABESMYIA,3406,24.0,1.0,48.14733,-107.549,RiversOther,Region_8,MTR9-0919,2014,6/17/2014,1,BERW,42.33,Poor
1003693,ARTHROPODA,INSECTA,DIPTERA,CERATOPOGONIDAE,,CERATOPOGONINAE,3567,1.0,1.0,31.77034,-103.7793,RiversMajor,Region_6,TXR9-0911,2014,6/17/2014,1,BERW,36.4,Poor
1003694,ARTHROPODA,INSECTA,DIPTERA,CHIRONOMIDAE,ABLABESMYIA,ABLABESMYIA,3406,1.0,1.0,37.59637606,-121.1287613,RiversOther,Region_9,CAR9-0910,2014,6/17/2014,1,BETB,20.28,Poor
1003695,ARTHROPODA,INSECTA,DIPTERA,CHIRONOMIDAE,ABLABESMYIA,ABLABESMYIA,3406,,,34.14459,-90.10347,SmallStreams,Region_4,MSSS-1081,2014,6/16/2014,1,BERW,10.95,Poor
1003696,ARTHROPODA,INSECTA,ODONATA,COENAGRIONIDAE,ARGIA,ARGIA,3476,1.0,1.0,30.70226826,-83.0338573,RiversOther,Region_4,GAR9-0901,2014,6/17/2014,1,BETB,68.15,Good
1003697,ARTHROPODA,INSECTA,DIPTERA,CHIRONOMIDAE,ABLABESMYIA,ABLABESMYIA,3406,2.0,1.0,31.6265,-92.90921,RiversMajor,Region_6,LAR9-0902,2014,6/12/2014,1,BETB,35.18,Poor
1003698,ARTHROPODA,INSECTA,TRICHOPTERA,HYDROPSYCHIDAE,CHEUMATOPSYCHE,CHEUMATOPSYCHE,3578,2.0,1.0,45.97747,-102.9781,LargeStreams,Region_8,NDLS-1072,2014,6/17/2014,1,BERW,12.63,Poor
1003699,ARTHROPODA,INSECTA,EPHEMEROPTERA,BAETIDAE,ACENTRELLA,ACENTRELLA,3407,5.0,1.0,44.63184,-119.6373,RiversMajor,Region_10,ORRM-1003,2014,6/17/2014,1,BETB,66.68,Good
1003700,ARTHROPODA,INSECTA,DIPTERA,CHIRONOMIDAE,ABLABESMYIA,ABLABESMYIA,3406,2.0,1.0,,,,,SDRF-0003,2014,,1,BERW,,
1003701,ARTHROPODA,INSECTA,EPHEMEROPTERA,AMELETIDAE,AMELETUS,AMELETUS,3439,30.0,1.0,39.66106,-120.8893,SmallStreams,Region_9,CASS-1248,2014,6/17/2014,1,BERW,58.77,Good
1003703,ARTHROPODA,INSECTA,DIPTERA,CHIRONOMIDAE,ABLABESMYIA,ABLABESMYIA,3406,5.0,1.0,31.77988,-93.58421,SmallStreams,Region_6,LASS-1049,2014,6/17/2014,1,BERW,34.45,Poor
1003704,ARTHROPODA,INSECTA,DIPTERA,CHIRONOMIDAE,ABLABESMYIA,ABLABESMYIA,3406,8.0,1.0,46.94815,-92.43222,RiversOther,Region_5,MNR9-0916,2014,6/19/2014,1,BETB,64.52,Good
1003705,ARTHROPODA,INSECTA,COLEOPTERA,DYTISCIDAE,AGABUS,AGABUS,3420,2.0,1.0,,,,,MNRF-0002,2014,,1,BERW,,
1003706,ARTHROPODA,INSECTA,DIPTERA,CHIRONOMIDAE,ABLABESMYIA,ABLABESMYIA,3406,2.0,1.0,34.96664,-82.10085,LargeStreams,Region_4,SCLS-1031,2014,6/17/2014,1,BERW,19.18,Poor
1003707,ARTHROPODA,INSECTA,EPHEMEROPTERA,BAETIDAE,ACENTRELLA,ACENTRELLA,3407,1.0,1.0,47.97871,-103.8253,RiversMajor,Region_8,NDR9-0908,2014,6/17/2014,1,BETB,40.77,Poor
1003708,ARTHROPODA,INSECTA,EPHEMEROPTERA,BAETIDAE,ACENTRELLA,ACENTRELLA,3407,1.0,1.0,44.5708,-71.59714,SmallStreams,Region_1,VTRS-1009,2014,6/16/2014,1,BERW,61.68,Good
1003709,ARTHROPODA,INSECTA,TRICHOPTERA,GLOSSOSOMATIDAE,AGAPETUS,AGAPETUS,3421,,,43.82188,-72.64266,SmallStreams,Region_1,VTRS-1061,2014,6/17/2014,1,BERW,68.28,Good
1003710,ARTHROPODA,INSECTA,DIPTERA,CHIRONOMIDAE,ABLABESMYIA,ABLABESMYIA,3406,3.0,1.0,39.65962,-80.59558,SmallStreams,Region_3,WVSS-1043,2014,6/17/2014,1,BERW,39.55,Fair
1003711,ARTHROPODA,INSECTA,EPHEMEROPTERA,BAETIDAE,ACERPENNA,ACERPENNA,3408,1.0,1.0,,,,,NHRF-0001,2014,,1,BERW,,
1003712,ARTHROPODA,INSECTA,DIPTERA,CHIRONOMIDAE,ABLABESMYIA,ABLABESMYIA,3406,5.0,1.0,38.76444,-75.73556,SmallStreams,Region_3,MDSS-1081,2014,6/18/2014,1,BERW,38.02,Poor
1003713,ARTHROPODA,INSECTA,DIPTERA,CHIRONOMIDAE,ABLABESMYIA,ABLABESMYIA,3406,13.0,1.0,46.27863,-104.0273,SmallStreams,Region_8,NDSS-1133,2014,6/18/2014,1,BERW,33.03,Poor
1003714,ARTHROPODA,INSECTA,ODONATA,COENAGRIONIDAE,ARGIA,ARGIA,3476,3.0,1.0,43.04438,-98.72007,SmallStreams,Region_8,SDSS-1201,2014,6/17/2014,1,BERW,21.62,Poor
1003715,ARTHROPODA,INSECTA,DIPTERA,CHIRONOMIDAE,ABLABESMYIA,ABLABESMYIA,3406,1.0,1.0,,,,,WVRF-0005,2014,,1,BETB,,
1003716,ARTHROPODA,INSECTA,EPHEMEROPTERA,BAETIDAE,BAETIS,BAETIS,3501,21.0,1.0,40.16962,-106.5673,SmallStreams,Region_8,COSS-1111,2014,6/18/2014,1,BERW,15.32,Poor
1003717,ARTHROPODA,INSECTA,EPHEMEROPTERA,BAETIDAE,ACENTRELLA,ACENTRELLA,3407,1.0,1.0,,,,,NDRF-0002,2014,,1,BERW,,
1003718,ARTHROPODA,INSECTA,DIPTERA,CHIRONOMIDAE,ABLABESMYIA,ABLABESMYIA,3406,1.0,1.0,31.4733,-100.4694,LargeStreams,Region_6,TXLS-1117,2014,6/18/2014,1,BERW,24.32,Fair
1003719,ARTHROPODA,MALACOSTRACA,AMPHIPODA,,,AMPHIPODA,3450,1.0,1.0,48.05018,-119.6806,RiversMajor,Region_10,WARM-1005,2014,6/17/2014,1,BETB,21.72,Poor
1003720,ARTHROPODA,INSECTA,EPHEMEROPTERA,BAETIDAE,ACENTRELLA,ACENTRELLA,3407,1.0,1.0,38.22115,-81.88153,SmallStreams,Region_3,WVSS-1045,2014,6/16/2014,1,BERW,38.33,Fair
1003721,ARTHROPODA,INSECTA,DIPTERA,CERATOPOGONIDAE,ATRICHOPOGON,ATRICHOPOGON,3491,1.0,1.0,39.56015,-79.75748,SmallStreams,Region_3,WVSS-1047,2014,6/18/2014,1,BERW,12.22,Poor
1003722,ARTHROPODA,INSECTA,DIPTERA,CHIRONOMIDAE,ABLABESMYIA,ABLABESMYIA,3406,2.0,1.0,33.71384,-110.8185,LargeStreams,Region_9,AZLS-1072,2014,6/18/2014,1,BERW,54.67,Fair
1003723,ARTHROPODA,INSECTA,EPHEMEROPTERA,AMELETIDAE,AMELETUS,AMELETUS,3439,6.0,1.0,39.15753,-107.7973,SmallStreams,Region_8,COSS-1114,2014,6/18/2014,1,BERW,49.67,Fair
1003724,ARTHROPODA,INSECTA,ODONATA,AESHNIDAE,,AESHNIDAE,3418,1.0,1.0,,,,,IAS9-0919,2014,,2,BERW,,
1003725,ARTHROPODA,INSECTA,DIPTERA,CHIRONOMIDAE,ABLABESMYIA,ABLABESMYIA,3406,3.0,1.0,46.76208,-97.19334,RiversOther,Region_8,NDR9-0909,2014,6/18/2014,1,BETB,42.2,Good
1003726,ARTHROPODA,INSECTA,COLEOPTERA,ELMIDAE,ANCYRONYX,ANCYRONYX,3459,1.0,1.0,34.57048,-81.77745,RiversOther,Region_4,SCR9-0904,2014,6/18/2014,1,BETB,15.33,Poor
1003727,ARTHROPODA,INSECTA,EPHEMEROPTERA,BAETIDAE,ACENTRELLA,ACENTRELLA,3407,4.0,1.0,44.31131,-72.10034,LargeStreams,Region_1,VTRS-1005,2014,6/18/2014,1,BERW,79.58,Good
1003728,ARTHROPODA,INSECTA,EPHEMEROPTERA,BAETIDAE,ACENTRELLA,ACENTRELLA,3407,1.0,1.0,,,,,SDRF-0004,2014,,1,BERW,,
1003729,ARTHROPODA,INSECTA,EPHEMEROPTERA,EPHEMERELLIDAE,ATTENELLA,ATTENELLA,3493,1.0,1.0,48.13943,-119.0654,RiversMajor,Region_10,WARM-1002,2014,6/18/2014,1,BETB,8.73,Poor
1003731,ARTHROPODA,INSECTA,DIPTERA,CHIRONOMIDAE,ABLABESMYIA,ABLABESMYIA,3406,1.0,1.0,38.46936,-82.27878,SmallStreams,Region_3,WVS9-0926,2014,6/19/2014,1,BERW,0.0,Poor
1003732,ARTHROPODA,INSECTA,DIPTERA,CHIRONOMIDAE,ABLABESMYIA,ABLABESMYIA,3406,2.0,1.0,32.0082543,-83.29546049,RiversMajor,Region_4,GAR9-0906,2014,6/18/2014,1,BETB,69.22,Good
1003733,ARTHROPODA,INSECTA,DIPTERA,CHIRONOMIDAE,ABLABESMYIA,ABLABESMYIA,3406,10.0,1.0,34.7692,-83.01151,LargeStreams,Region_4,SCS9-0921,2014,6/19/2014,1,BERW,12.75,Poor
1003734,ARTHROPODA,ARACHNIDA,,,,ARACHNIDA,3472,1.0,1.0,39.34781,-88.05272,SmallStreams,Region_5,ILS9-0922,2014,6/19/2014,1,BERW,7.98,Poor
1003735,ARTHROPODA,INSECTA,DIPTERA,CHIRONOMIDAE,ABLABESMYIA,ABLABESMYIA,3406,13.0,1.0,37.39213,-120.7909,RiversOther,Region_9,CARO-1042,2014,6/19/2014,1,BETB,25.63,Poor
1003738,ARTHROPODA,INSECTA,EPHEMEROPTERA,BAETIDAE,,BAETIDAE,3500,5.0,0.0,46.41016,-100.6711,RiversMajor,Region_8,NDRM-1002,2014,6/19/2014,1,BETB,46.45,Fair
1003739,ARTHROPODA,INSECTA,DIPTERA,CHIRONOMIDAE,ABLABESMYIA,ABLABESMYIA,3406,1.0,1.0,41.99317,-117.528,LargeStreams,Region_9,NVLS-1069,2014,6/18/2014,1,BERW,36.25,Poor
1003740,ARTHROPODA,INSECTA,DIPTERA,CHIRONOMIDAE,ABLABESMYIA,ABLABESMYIA,3406,5.0,1.0,41.00565,-117.3393,RiversMajor,Region_9,NVR9-0917,2014,6/17/2014,1,BERW,46.92,Fair
1003741,ARTHROPODA,INSECTA,DIPTERA,CHIRONOMIDAE,ABLABESMYIA,ABLABESMYIA,3406,,,41.02374,-107.504,RiversOther,Region_8,WYRO-1034,2014,6/19/2014,1,BETB,55.63,Fair
1003742,ARTHROPODA,INSECTA,DIPTERA,CHIRONOMIDAE,ABLABESMYIA,ABLABESMYIA,3406,1.0,1.0,39.98053,-121.9723,LargeStreams,Region_9,CALS-1115,2014,6/19/2014,1,BERW,79.27,Good
1003743,ARTHROPODA,INSECTA,EPHEMEROPTERA,AMELETIDAE,AMELETUS,AMELETUS,3439,1.0,1.0,39.59862885,-120.9971607,SmallStreams,Region_9,CAS9-0923,2014,6/18/2014,1,BERW,49.18,Fair
1003744,ARTHROPODA,INSECTA,DIPTERA,CHIRONOMIDAE,ABLABESMYIA,ABLABESMYIA,3406,4.0,1.0,31.53799,-100.1848,RiversOther,Region_6,TXRO-1078,2014,6/19/2014,1,BERW,38.93,Good
1003745,ARTHROPODA,INSECTA,EPHEMEROPTERA,BAETIDAE,ACENTRELLA,ACENTRELLA,3407,7.0,1.0,44.82284,-119.85,RiversMajor,Region_10,ORRM-1006,2014,6/19/2014,1,BETB,40.85,Fair
1003746,ARTHROPODA,ARACHNIDA,TROMBIDIFORMES,ARRENURIDAE,ARRENURUS,ARRENURUS,3481,,,32.58246,-89.8487,RiversMajor,Region_4,MSR9-0905,2014,6/18/2014,1,BETB,34.08,Poor
1003747,ARTHROPODA,ARACHNIDA,,,,ARACHNIDA,3472,,,41.99173,-95.12794,LargeStreams,Region_7,IALS-1055,2014,6/19/2014,1,BERW,4.77,Poor
1003748,ANNELIDA,OLIGOCHAETA,ENCHYTRAEIDA,ENCHYTRAEIDAE,,ENCHYTRAEIDAE,3697,1.0,1.0,30.12132,-90.91755,RiversMajor,Region_6,LARM-1002,2014,6/19/2014,1,BETB,0.0,Poor
1003749,ARTHROPODA,INSECTA,EPHEMEROPTERA,BAETIDAE,ACERPENNA,ACERPENNA,3408,1.0,1.0,,,,,NHRF-0002,2014,,1,BERW,,
1003750,ARTHROPODA,INSECTA,EPHEMEROPTERA,BAETIDAE,ACERPENNA,ACERPENNA,3408,6.0,1.0,40.51533,-107.236,RiversMajor,Region_8,CORM-1004,2014,6/20/2014,1,BETB,72.67,Good
1003751,ARTHROPODA,INSECTA,ODONATA,AESHNIDAE,,AESHNIDAE,3418,1.0,1.0,31.19723,-89.69055,SmallStreams,Region_4,MSS9-0917,2014,6/20/2014,1,BERW,50.75,Fair
1003752,ARTHROPODA,MALACOSTRACA,AMPHIPODA,GAMMARIDAE,AMERICOROPHIUM,AMERICOROPHIUM,3442,7.0,1.0,37.55588,-121.1505,RiversMajor,Region_9,CARM-1006,2014,6/18/2014,1,BETB,10.83,Poor
1003753,ARTHROPODA,INSECTA,DIPTERA,CHIRONOMIDAE,ABLABESMYIA,ABLABESMYIA,3406,1.0,1.0,,,,,MNRF-0005,2014,,1,BERW,,
1003754,ANNELIDA,OLIGOCHAETA,HAPLOTAXIDA,NAIDIDAE,ALLONAIS,ALLONAIS,3434,1.0,1.0,,,,,NDR9-0921,2014,,2,BETB,,
1003755,ARTHROPODA,INSECTA,EPHEMEROPTERA,BAETIDAE,ACENTRELLA,ACENTRELLA,3407,64.0,1.0,,,,,ORRF-0107,2014,,1,BETB,,
1003756,ARTHROPODA,ARACHNIDA,TROMBIDIFORMES,ARRENURIDAE,ARRENURUS,ARRENURUS,3481,1.0,1.0,31.41142,-86.06452,RiversOther,Region_4,ALRO-1020,2014,6/23/2014,1,BETB,44.3,Fair
1003757,ARTHROPODA,INSECTA,COLEOPTERA,DYTISCIDAE,AGABUS,AGABUS,3420,1.0,1.0,39.38059,-121.633,RiversOther,Region_9,CARO-1050,2014,6/23/2014,1,BETB,34.27,Poor
1003758,ARTHROPODA,INSECTA,DIPTERA,CHIRONOMIDAE,ABLABESMYIA,ABLABESMYIA,3406,3.0,1.0,29.75396,-82.94206,RiversMajor,Region_4,FLRM-1002,2014,6/22/2014,1,BETB,24.4,Poor
1003759,ARTHROPODA,INSECTA,ODONATA,COENAGRIONIDAE,ARGIA,ARGIA,3476,1.0,1.0,45.43382,-107.7782,SmallStreams,Region_8,MTS9-0927,2014,6/23/2014,1,BERW,32.0,Poor
1003760,ARTHROPODA,INSECTA,EPHEMEROPTERA,AMELETIDAE,AMELETUS,AMELETUS,3439,8.0,1.0,46.40587,-112.3704,SmallStreams,Region_8,MTSS-1289,2014,6/23/2014,1,BERW,50.05,Fair
1003761,ARTHROPODA,ARACHNIDA,,,,ARACHNIDA,3472,2.0,0.0,,,,,NDR9-0918,2014,,2,BETB,,
1003762,ARTHROPODA,INSECTA,DIPTERA,CHIRONOMIDAE,ABLABESMYIA,ABLABESMYIA,3406,1.0,1.0,36.76012,-96.28956,SmallStreams,Region_6,OKSS-1431,2014,6/23/2014,1,BERW,38.63,Good
1003763,ARTHROPODA,INSECTA,EPHEMEROPTERA,AMELETIDAE,AMELETUS,AMELETUS,3439,4.0,1.0,,,,,ORRF-0116,2014,,1,BETB,,
1003764,ARTHROPODA,INSECTA,DIPTERA,CHIRONOMIDAE,ABLABESMYIA,ABLABESMYIA,3406,4.0,1.0,41.9999,-76.62264,RiversOther,Region_3,PARO-1049,2014,6/23/2014,1,BETB,54.67,Fair
1003765,ARTHROPODA,INSECTA,EPHEMEROPTERA,AMELETIDAE,AMELETUS,AMELETUS,3439,3.0,1.0,,,,,ORRF-0118,2014,,1,BERW,,
1003766,ARTHROPODA,INSECTA,DIPTERA,CHIRONOMIDAE,ABLABESMYIA,ABLABESMYIA,3406,,,47.14528,-101.3734,LargeStreams,Region_8,NDLS-1065,2014,6/24/2014,1,BERW,38.2,Poor
1003767,ARTHROPODA,INSECTA,DIPTERA,CHIRONOMIDAE,ABLABESMYIA,ABLABESMYIA,3406,1.0,1.0,42.09737,-101.1665,LargeStreams,Region_7,NES9-0922,2014,6/23/2014,1,BERW,69.48,Good
1003768,ARTHROPODA,INSECTA,DIPTERA,CHIRONOMIDAE,ABLABESMYIA,ABLABESMYIA,3406,4.0,1.0,31.98338,-82.13766,RiversOther,Region_4,GARO-1034,2014,6/24/2014,1,BETB,54.88,Fair
1003769,ARTHROPODA,INSECTA,DIPTERA,CHIRONOMIDAE,ABLABESMYIA,ABLABESMYIA,3406,,,,,,,MNRF-0004,2014,,1,BETB,,
1003771,MOLLUSCA,GASTROPODA,BASOMMATOPHORA,ANCYLIDAE,,ANCYLIDAE,3458,1.0,1.0,38.82912,-90.41661,RiversMajor,Region_7,MOR9-0912,2014,6/24/2014,1,BETB,49.63,Good
1003772,ARTHROPODA,INSECTA,COLEOPTERA,DYTISCIDAE,AGABUS,AGABUS,3420,2.0,1.0,45.00148,-107.6834,SmallStreams,Region_8,MTS9-0948,2014,6/24/2014,1,BERW,22.27,Poor
1003773,ARTHROPODA,INSECTA,DIPTERA,CHIRONOMIDAE,ABLABESMYIA,ABLABESMYIA,3406,,,41.71462,-76.32307,RiversMajor,Region_3,PARM-1003,2014,6/24/2014,1,BETB,66.6,Good
1003774,ARTHROPODA,INSECTA,DIPTERA,CHIRONOMIDAE,CLADOTANYTARSUS,CLADOTANYTARSUS,3594,4.0,1.0,,,,,SDR9-0913,2014,,2,BETB,,
1003775,ARTHROPODA,INSECTA,DIPTERA,CHIRONOMIDAE,ABLABESMYIA,ABLABESMYIA,3406,3.0,1.0,,,,,SDS9-0944,2014,,2,BERW,,
1003776,ARTHROPODA,INSECTA,DIPTERA,CHIRONOMIDAE,ABLABESMYIA,ABLABESMYIA,3406,2.0,1.0,,,,,TXR9-0902,2014,,2,BETB,,
1003777,ARTHROPODA,INSECTA,DIPTERA,CHIRONOMIDAE,ABLABESMYIA,ABLABESMYIA,3406,4.0,1.0,43.74102,-73.24526,SmallStreams,Region_1,VTRS-1006,2014,6/24/2014,1,BERW,20.8,Poor
1003778,ARTHROPODA,MALACOSTRACA,AMPHIPODA,GAMMARIDAE,AMERICOROPHIUM,AMERICOROPHIUM,3442,3.0,1.0,46.69022,-117.4968,RiversMajor,Region_10,WARM-1004,2014,6/24/2014,1,BETB,19.88,Poor
1003779,ARTHROPODA,INSECTA,DIPTERA,CHIRONOMIDAE,ABLABESMYIA,ABLABESMYIA,3406,1.0,1.0,43.26269,-71.5564,RiversMajor,Region_1,NHRM-1004,2014,6/24/2014,1,BETB,59.17,Good
1003780,ARTHROPODA,INSECTA,DIPTERA,CHIRONOMIDAE,ABLABESMYIA,ABLABESMYIA,3406,4.0,1.0,,,,,MNRF-0001,2014,,1,BETB,,
1003781,ARTHROPODA,INSECTA,DIPTERA,CHIRONOMIDAE,ABLABESMYIA,ABLABESMYIA,3406,3.0,1.0,37.58872,-121.0651,RiversOther,Region_9,CARO-1051,2014,6/25/2014,1,BETB,22.83,Poor
1003782,ARTHROPODA,INSECTA,DIPTERA,CHIRONOMIDAE,ABLABESMYIA,ABLABESMYIA,3406,1.0,1.0,41.8317,-76.33241,LargeStreams,Region_3,PAS9-0924,2014,6/25/2014,1,BERW,50.88,Fair
1003783,ARTHROPODA,INSECTA,EPHEMEROPTERA,BAETIDAE,ACENTRELLA,ACENTRELLA,3407,2.0,1.0,,,,,ORRF-0109,2014,,1,BETB,,
1003784,ARTHROPODA,INSECTA,DIPTERA,CHIRONOMIDAE,ABLABESMYIA,ABLABESMYIA,3406,8.0,1.0,38.90585,-88.99894,LargeStreams,Region_5,ILLS-1068,2014,6/24/2014,1,BERW,19.98,Poor
1003785,ARTHROPODA,INSECTA,DIPTERA,CHIRONOMIDAE,ABLABESMYIA,ABLABESMYIA,3406,2.0,1.0,39.41046,-89.1314,SmallStreams,Region_5,ILS9-0919,2014,6/20/2014,1,BERW,36.4,Fair
1003786,ARTHROPODA,INSECTA,EPHEMEROPTERA,BAETIDAE,,BAETIDAE,3500,4.0,0.0,,,,,MSRF-0003,2014,,1,BERW,,
1003787,ARTHROPODA,INSECTA,DIPTERA,CHIRONOMIDAE,ABLABESMYIA,ABLABESMYIA,3406,6.0,1.0,48.34598,-107.5838,RiversOther,Region_8,MTR9-0907,2014,6/25/2014,1,BETB,24.38,Poor
1003788,ARTHROPODA,INSECTA,DIPTERA,CHIRONOMIDAE,ABLABESMYIA,ABLABESMYIA,3406,4.0,1.0,48.34598,-107.5838,RiversOther,Region_8,MTRO-1069,2014,6/25/2014,1,BETB,26.07,Poor
1003789,ARTHROPODA,INSECTA,DIPTERA,CHIRONOMIDAE,ABLABESMYIA,ABLABESMYIA,3406,1.0,1.0,38.72384,-89.4926,RiversOther,Region_5,ILRO-1022,2014,6/25/2014,1,BETB,24.97,Poor
1003790,ARTHROPODA,INSECTA,EPHEMEROPTERA,CAENIDAE,CAENIS,CAENIS,3542,3.0,1.0,38.66484,-91.8674,RiversMajor,Region_7,MORM-1007,2014,6/25/2014,1,BETB,41.08,Good
1003791,ARTHROPODA,INSECTA,COLEOPTERA,DYTISCIDAE,AGABUS,AGABUS,3420,4.0,1.0,45.19492,-107.7614,SmallStreams,Region_8,MTSS-1291,2014,6/25/2014,1,BERW,41.02,Poor
1003792,ARTHROPODA,INSECTA,EPHEMEROPTERA,BAETIDAE,ACENTRELLA,ACENTRELLA,3407,1.0,1.0,42.05726,-93.73743,LargeStreams,Region_7,IALS-1052,2014,6/25/2014,1,BERW,57.25,Good
1003793,ARTHROPODA,ARACHNIDA,TROMBIDIFORMES,ARRENURIDAE,ARRENURUS,ARRENURUS,3481,1.0,1.0,43.41842,-101.0899,SmallStreams,Region_8,SDSS-1196,2014,6/25/2014,1,BERW,12.95,Poor
1003794,ARTHROPODA,INSECTA,DIPTERA,CHIRONOMIDAE,ABLABESMYIA,ABLABESMYIA,3406,15.0,1.0,,,,,FLS9-0929,2014,,2,BERW,,
1003795,ARTHROPODA,INSECTA,DIPTERA,CHIRONOMIDAE,ABLABESMYIA,ABLABESMYIA,3406,1.0,1.0,30.88339,-88.77355,RiversMajor,Region_4,MSR9-0903,2014,6/24/2014,1,BETB,17.58,Poor
1003796,ARTHROPODA,INSECTA,TRICHOPTERA,BRACHYCENTRIDAE,AMIOCENTRUS,AMIOCENTRUS,3445,1.0,1.0,44.29952,-103.5739,SmallStreams,Region_8,SDSS-1203,2014,6/25/2014,1,BERW,33.02,Poor
1003797,ARTHROPODA,INSECTA,DIPTERA,CHIRONOMIDAE,ABLABESMYIA,ABLABESMYIA,3406,15.0,1.0,39.61321,-121.7794,LargeStreams,Region_9,CALS-1087,2014,6/24/2014,1,BETB,23.35,Poor
1003798,ARTHROPODA,INSECTA,DIPTERA,CHIRONOMIDAE,ABLABESMYIA,ABLABESMYIA,3406,2.0,1.0,39.40277,-122.1703,LargeStreams,Region_9,CALS-1108,2014,6/24/2014,1,BETB,13.83,Poor
1003799,ARTHROPODA,INSECTA,EPHEMEROPTERA,BAETIDAE,,BAETIDAE,3500,5.0,0.0,48.50016,-108.8066,RiversMajor,Region_8,MTRM-1005,2014,6/26/2014,1,BETB,38.55,Poor
1003800,ARTHROPODA,INSECTA,DIPTERA,CHIRONOMIDAE,ABLABESMYIA,ABLABESMYIA,3406,3.0,1.0,47.50223,-97.33886,RiversOther,Region_8,NDR9-0906,2014,6/26/2014,1,BETB,25.27,Poor
1003801,ARTHROPODA,INSECTA,EPHEMEROPTERA,BAETIDAE,ACENTRELLA,ACENTRELLA,3407,2.0,1.0,,,,,WVS9-0924,2014,,2,BERW,,
1003802,ARTHROPODA,INSECTA,DIPTERA,CHIRONOMIDAE,ABLABESMYIA,ABLABESMYIA,3406,6.0,1.0,38.14842,-82.21046,SmallStreams,Region_3,WVSS-1041,2014,6/26/2014,1,BERW,33.48,Fair
1003803,ARTHROPODA,INSECTA,DIPTERA,CHIRONOMIDAE,ABLABESMYIA,ABLABESMYIA,3406,,,39.12646,-78.55908,LargeStreams,Region_3,WVLS-1019,2014,6/24/2014,1,BETB,62.17,Good
1003804,ARTHROPODA,MALACOSTRACA,AMPHIPODA,,,AMPHIPODA,3450,6.0,0.0,28.64427,-99.78095,RiversMajor,Region_6,TXRM-1021,2014,6/26/2014,1,BETB,32.6,Fair
1003805,ARTHROPODA,INSECTA,DIPTERA,CHIRONOMIDAE,ABLABESMYIA,ABLABESMYIA,3406,4.0,1.0,,,,,MNRF-0009,2014,,1,BETB,,
1003806,ARTHROPODA,INSECTA,DIPTERA,CHIRONOMIDAE,ABLABESMYIA,ABLABESMYIA,3406,1.0,1.0,48.29439,-92.74453,SmallStreams,Region_5,MNSS-1174,2014,6/26/2014,1,BERW,40.4,Good
1003807,ARTHROPODA,INSECTA,EPHEMEROPTERA,BAETIDAE,BAETIS,BAETIS,3501,1.0,1.0,40.89354,-96.60389,RiversOther,Region_7,NERO-1043,2014,6/26/2014,1,BERW,31.72,Fair
1003808,ARTHROPODA,INSECTA,DIPTERA,CHIRONOMIDAE,ABLABESMYIA,ABLABESMYIA,3406,3.0,1.0,41.78608,-114.9674,RiversOther,Region_9,NVRO-1041,2014,6/25/2014,1,BERW,45.9,Fair
1003809,ARTHROPODA,MALACOSTRACA,AMPHIPODA,,,AMPHIPODA,3450,2.0,0.0,46.58347,-118.4194,RiversMajor,Region_10,WARM-1008,2014,6/25/2014,1,BETB,3.38,Poor
1003811,ARTHROPODA,INSECTA,EPHEMEROPTERA,BAETIDAE,ACENTRELLA,ACENTRELLA,3407,1.0,1.0,40.47796874,-108.908221,RiversMajor,Region_8,COR9-0907,2014,6/25/2014,1,BETB,58.4,Good
1003812,ARTHROPODA,INSECTA,EPHEMEROPTERA,BAETIDAE,ACERPENNA,ACERPENNA,3408,4.0,1.0,40.48799,-108.7551,RiversMajor,Region_8,CORM-1007,2014,6/24/2014,1,BETB,57.32,Good
1003814,ARTHROPODA,INSECTA,EPHEMEROPTERA,BAETIDAE,ACERPENNA,ACERPENNA,3408,,,,,,,MNRF-0003,2014,,1,BERW,,
1003815,ARTHROPODA,INSECTA,HEMIPTERA,NAUCORIDAE,AMBRYSUS,AMBRYSUS,3438,2.0,1.0,29.44391,-99.99401,RiversMajor,Region_6,TXR9-0924,2014,6/27/2014,1,BERW,59.87,Good
1003816,ARTHROPODA,INSECTA,DIPTERA,CHIRONOMIDAE,ABLABESMYIA,ABLABESMYIA,3406,10.0,1.0,31.11972,-86.15249,LargeStreams,Region_4,ALLS-1037,2014,6/26/2014,1,BERW,66.73,Good
1003817,ARTHROPODA,INSECTA,DIPTERA,CHIRONOMIDAE,ABLABESMYIA,ABLABESMYIA,3406,2.0,1.0,31.08686327,-87.08175172,RiversOther,Region_4,ALR9-0903,2014,6/27/2014,1,BETB,69.68,Good
1003818,ARTHROPODA,INSECTA,DIPTERA,CHIRONOMIDAE,ABLABESMYIA,ABLABESMYIA,3406,2.0,1.0,,,,,MNRF-0010,2014,,1,BETB,,
1003819,ARTHROPODA,INSECTA,DIPTERA,CHIRONOMIDAE,ABLABESMYIA,ABLABESMYIA,3406,1.0,1.0,45.16978,-120.4823,RiversMajor,Region_10,ORR9-0907,2014,6/25/2014,1,BETB,55.93,Fair
1003820,ARTHROPODA,INSECTA,DIPTERA,CHIRONOMIDAE,ABLABESMYIA,ABLABESMYIA,3406,1.0,1.0,,,,,MNRF-0006,2014,,1,BERW,,
1003821,ARTHROPODA,INSECTA,DIPTERA,CHIRONOMIDAE,ABLABESMYIA,ABLABESMYIA,3406,5.0,1.0,35.56492,-97.94991,RiversOther,Region_6,OKRO-1092,2014,6/30/2014,1,BERW,44.27,Good
1003822,ARTHROPODA,INSECTA,DIPTERA,CHIRONOMIDAE,ABLABESMYIA,ABLABESMYIA,3406,1.0,1.0,43.99127,-123.6643,RiversOther,Region_10,ORR9-0901,2014,6/30/2014,1,BETB,58.35,Good
1003823,ARTHROPODA,INSECTA,DIPTERA,CHIRONOMIDAE,ABLABESMYIA,ABLABESMYIA,3406,1.0,1.0,42.8237,-116.8078,RiversOther,Region_10,IDRO-1052,2014,6/30/2014,1,BERW,37.97,Poor
1003824,ARTHROPODA,INSECTA,DIPTERA,CHIRONOMIDAE,ABLABESMYIA,ABLABESMYIA,3406,3.0,1.0,43.89401,-73.04,SmallStreams,Region_1,VTRS-1013,2014,6/30/2014,1,BERW,78.2,Good
1003825,ARTHROPODA,INSECTA,DIPTERA,CHIRONOMIDAE,ABLABESMYIA,ABLABESMYIA,3406,3.0,1.0,,,,,MNRF-0007,2014,,1,BETB,,
1003826,ARTHROPODA,ARACHNIDA,TROMBIDIFORMES,ARRENURIDAE,ARRENURUS,ARRENURUS,3481,1.0,1.0,,,,,OKRF-0002,2014,,1,BERW,,
1003827,ARTHROPODA,INSECTA,DIPTERA,CHIRONOMIDAE,ABLABESMYIA,ABLABESMYIA,3406,5.0,1.0,42.7527138,-116.0743669,LargeStreams,Region_10,IDS9-0924,2014,7/1/2014,1,BERW,55.2,Fair
1003828,ARTHROPODA,INSECTA,DIPTERA,CHIRONOMIDAE,ABLABESMYIA,ABLABESMYIA,3406,20.0,1.0,37.57781,-88.65127,SmallStreams,Region_5,ILSS-1118,2014,6/26/2014,1,BERW,15.25,Poor
1003829,ARTHROPODA,MALACOSTRACA,DECAPODA,CAMBARIDAE,,CAMBARIDAE,3548,3.0,0.0,31.36399,-93.19881,SmallStreams,Region_6,LAS9-0947,2014,7/1/2014,1,BERW,21.97,Poor
1003830,ARTHROPODA,INSECTA,EPHEMEROPTERA,BAETIDAE,ACENTRELLA,ACENTRELLA,3407,3.0,1.0,41.41992,-78.74775,RiversOther,Region_3,PAR9-0901,2014,7/1/2014,1,BETB,47.6,Fair
1003835,ARTHROPODA,INSECTA,ODONATA,LESTIDAE,ARCHILESTES,ARCHILESTES,3473,1.0,1.0,38.4235,-119.0023,LargeStreams,Region_9,NVLS-1072,2014,6/30/2014,1,BERW,42.93,Fair
1003836,ARTHROPODA,INSECTA,EPHEMEROPTERA,BAETIDAE,ACENTRELLA,ACENTRELLA,3407,34.0,1.0,47.69212,-121.9663,RiversOther,Region_10,WAR9-0909,2014,7/1/2014,1,BETB,31.05,Poor
1003837,ARTHROPODA,INSECTA,EPHEMEROPTERA,BAETIDAE,ACENTRELLA,ACENTRELLA,3407,25.0,1.0,,,,,WARF-0108,2014,,1,BETB,,
1003838,ARTHROPODA,INSECTA,EPHEMEROPTERA,BAETIDAE,ACENTRELLA,ACENTRELLA,3407,17.0,1.0,,,,,WARF-0109,2014,,1,BETB,,
1003839,ARTHROPODA,INSECTA,EPHEMEROPTERA,BAETIDAE,ACENTRELLA,ACENTRELLA,3407,9.0,1.0,39.72249,-75.66642,SmallStreams,Region_3,DESS-1092,2014,7/2/2014,1,BERW,32.27,Fair
1003840,ARTHROPODA,INSECTA,DIPTERA,CHIRONOMIDAE,CHIRONOMUS,CHIRONOMUS,3582,2.0,1.0,39.12838,-84.82103,RiversMajor,Region_5,INRM-1003,2014,7/2/2014,1,BETB,4.73,Poor
1003841,ARTHROPODA,INSECTA,ODONATA,COENAGRIONIDAE,,COENAGRIONIDAE,3606,1.0,1.0,41.82238,-96.85704,SmallStreams,Region_7,NESS-1134,2014,7/2/2014,1,BERW,3.03,Poor
1003842,ARTHROPODA,INSECTA,DIPTERA,CHIRONOMIDAE,ABLABESMYIA,ABLABESMYIA,3406,2.0,1.0,,,,,WIRF-0001,2014,,1,BETB,,
1003843,ARTHROPODA,INSECTA,DIPTERA,CHIRONOMIDAE,ABLABESMYIA,ABLABESMYIA,3406,2.0,1.0,,,,,LAS9-0945,2014,,2,BERW,,
1003845,ARTHROPODA,INSECTA,EPHEMEROPTERA,BAETIDAE,ACENTRELLA,ACENTRELLA,3407,7.0,1.0,,,,,WARF-0110,2014,,1,BETB,,
1003846,ARTHROPODA,INSECTA,DIPTERA,CHIRONOMIDAE,ABLABESMYIA,ABLABESMYIA,3406,,,47.05149,-122.7213,SmallStreams,Region_10,WAS9-0916,2014,7/2/2014,1,BERW,9.47,Poor
1003847,ARTHROPODA,INSECTA,DIPTERA,CHIRONOMIDAE,ABLABESMYIA,ABLABESMYIA,3406,1.0,1.0,31.31669,-90.29969,LargeStreams,Region_4,MSS9-0919,2014,7/6/2014,1,BERW,63.33,Good
1003848,ARTHROPODA,INSECTA,DIPTERA,CHIRONOMIDAE,ABLABESMYIA,ABLABESMYIA,3406,6.0,1.0,,,,,NYRF-0006,2014,,1,BETB,,
1003849,ARTHROPODA,INSECTA,DIPTERA,CHIRONOMIDAE,ABLABESMYIA,ABLABESMYIA,3406,,,44.37292,-123.8363,RiversOther,Region_10,ORR9-0906,2014,7/2/2014,1,BETB,27.88,Poor
1003850,ARTHROPODA,INSECTA,DIPTERA,CHIRONOMIDAE,ABLABESMYIA,ABLABESMYIA,3406,4.0,1.0,43.49885,-70.46423,RiversOther,Region_1,MER9-0905,2014,7/7/2014,1,BETB,24.03,Poor
1003851,ARTHROPODA,MALACOSTRACA,AMPHIPODA,,,AMPHIPODA,3450,23.0,0.0,42.40438954,-95.87348016,SmallStreams,Region_7,IAS9-0921,2014,7/7/2014,1,BERW,30.38,Fair
1003852,ARTHROPODA,INSECTA,TRICHOPTERA,APATANIIDAE,APATANIA,APATANIA,3466,1.0,1.0,43.25553,-73.5864,RiversMajor,Region_2,NYR9-0914,2014,7/7/2014,1,BETB,50.03,Fair
1003853,ARTHROPODA,INSECTA,COLEOPTERA,HYDROPHILIDAE,ANACAENA,ANACAENA,3453,1.0,1.0,27.56777,-97.79459,SmallStreams,Region_6,TXSS-1229,2014,7/7/2014,1,BERW,13.48,Poor
1003854,ARTHROPODA,INSECTA,DIPTERA,CHIRONOMIDAE,ABLABESMYIA,ABLABESMYIA,3406,5.0,1.0,,,,,CORF-0003,2014,,1,BERW,,
1003855,ARTHROPODA,INSECTA,DIPTERA,CHIRONOMIDAE,ABLABESMYIA,ABLABESMYIA,3406,7.0,1.0,44.67449,-84.32747,RiversMajor,Region_5,MIRM-1001,2014,7/7/2014,1,BETB,36.92,Good
1003856,ARTHROPODA,INSECTA,DIPTERA,CHIRONOMIDAE,ABLABESMYIA,ABLABESMYIA,3406,1.0,1.0,,,,,MSS9-0917,2014,,2,BERW,,
1003857,ARTHROPODA,INSECTA,DIPTERA,CHIRONOMIDAE,ABLABESMYIA,ABLABESMYIA,3406,2.0,1.0,35.75565,-96.21008,LargeStreams,Region_6,OKS9-0941,2014,7/7/2014,1,BERW,28.68,Fair
1003858,ARTHROPODA,INSECTA,EPHEMEROPTERA,BAETIDAE,ACENTRELLA,ACENTRELLA,3407,2.0,1.0,38.26276,-81.22258,LargeStreams,Region_3,WVLS-1020,2014,7/7/2014,1,BERW,55.17,Good
1003860,ARTHROPODA,INSECTA,DIPTERA,CHIRONOMIDAE,BRILLIA,BRILLIA,3535,1.0,1.0,40.3726,-89.40746,SmallStreams,Region_5,ILS9-0924,2014,7/8/2014,1,BERW,18.28,Poor
1003861,ARTHROPODA,INSECTA,DIPTERA,CHIRONOMIDAE,ABLABESMYIA,ABLABESMYIA,3406,1.0,1.0,,,,,WIRF-0010,2014,,1,BERW,,
1003862,ARTHROPODA,INSECTA,DIPTERA,CHIRONOMIDAE,ABLABESMYIA,ABLABESMYIA,3406,10.0,1.0,40.79022,-85.82739,RiversMajor,Region_5,INRM-1005,2014,7/8/2014,1,BETB,55.68,Good
1003863,ARTHROPODA,INSECTA,DIPTERA,CHIRONOMIDAE,ABLABESMYIA,ABLABESMYIA,3406,3.0,1.0,,,,,NYRF-0004,2014,,1,BETB,,
1003864,ARTHROPODA,INSECTA,DIPTERA,CHIRONOMIDAE,ABLABESMYIA,ABLABESMYIA,3406,4.0,1.0,43.47235,-73.84035,RiversMajor,Region_2,NYRM-1006,2014,7/8/2014,1,BETB,69.45,Good
1003865,ARTHROPODA,INSECTA,DIPTERA,CHIRONOMIDAE,ALOTANYPUS,ALOTANYPUS,3437,1.0,1.0,37.89016,-118.7154,LargeStreams,Region_9,CALS-1102,2014,7/8/2014,1,BERW,47.45,Fair
1003866,ARTHROPODA,INSECTA,HEMIPTERA,NAUCORIDAE,AMBRYSUS,AMBRYSUS,3438,2.0,1.0,,,,,CORF-0005,2014,,1,BERW,,
1003868,ARTHROPODA,INSECTA,EPHEMEROPTERA,BAETIDAE,ACERPENNA,ACERPENNA,3408,2.0,1.0,47.29311,-91.56625,SmallStreams,Region_5,MNSS-1168,2014,7/8/2014,1,BERW,41.5,Good
1003869,ARTHROPODA,INSECTA,DIPTERA,CHIRONOMIDAE,ABLABESMYIA,ABLABESMYIA,3406,1.0,1.0,37.25198,-89.66009,LargeStreams,Region_7,MOLS-1086,2014,7/8/2014,1,BETB,27.92,Poor
1003870,ARTHROPODA,INSECTA,DIPTERA,CHIRONOMIDAE,ABLABESMYIA,ABLABESMYIA,3406,1.0,1.0,31.5687,-89.32066,RiversMajor,Region_4,MSR9-0908,2014,7/8/2014,1,BETB,54.93,Good
1003871,ARTHROPODA,INSECTA,EPHEMEROPTERA,BAETIDAE,,BAETIDAE,3500,2.0,0.0,47.47418,-102.6896,LargeStreams,Region_8,NDLS-1068,2014,7/8/2014,1,BERW,48.8,Fair
1003872,ARTHROPODA,INSECTA,EPHEMEROPTERA,BAETIDAE,ACENTRELLA,ACENTRELLA,3407,5.0,1.0,40.05924,-101.753,SmallStreams,Region_7,NESS-1128,2014,7/8/2014,1,BERW,48.9,Good
1003873,ARTHROPODA,INSECTA,DIPTERA,CHIRONOMIDAE,ABLABESMYIA,ABLABESMYIA,3406,4.0,1.0,34.54844,-95.89648,SmallStreams,Region_6,OKSS-1429,2014,7/8/2014,1,BERW,37.2,Fair
1003874,ARTHROPODA,MALACOSTRACA,AMPHIPODA,GAMMARIDAE,AMERICOROPHIUM,AMERICOROPHIUM,3442,,,45.99067,-118.9969,RiversMajor,Region_10,ORRM-1010,2014,7/8/2014,1,BETB,0.0,Poor
1003875,ANNELIDA,OLIGOCHAETA,HAPLOTAXIDA,TUBIFICIDAE,AULODRILUS,AULODRILUS,3496,1.0,1.0,40.14318,-75.51026,RiversOther,Region_3,PAR9-0909,2014,7/8/2014,1,BETB,19.07,Poor
1003876,ARTHROPODA,INSECTA,DIPTERA,CHIRONOMIDAE,ABLABESMYIA,ABLABESMYIA,3406,3.0,1.0,32.06618,-93.41412,RiversMajor,Region_6,LAR9-0905,2014,7/8/2014,1,BETB,27.38,Poor
1003877,ARTHROPODA,INSECTA,TRICHOPTERA,BRACHYCENTRIDAE,BRACHYCENTRUS,BRACHYCENTRUS,3526,2.0,1.0,47.79247,-109.2768,RiversMajor,Region_8,MTR9-0921,2014,7/8/2014,1,BETB,69.03,Good
1003878,ARTHROPODA,INSECTA,EPHEMEROPTERA,BAETIDAE,ACENTRELLA,ACENTRELLA,3407,1.0,1.0,48.72955,-105.4412,LargeStreams,Region_8,MTS9-0930,2014,7/8/2014,1,BERW,73.18,Good
1003879,ARTHROPODA,INSECTA,DIPTERA,CHIRONOMIDAE,ABLABESMYIA,ABLABESMYIA,3406,1.0,1.0,44.03291,-101.5472,RiversOther,Region_8,SDRO-1070,2014,7/8/2014,1,BERW,33.33,Poor
1003880,ARTHROPODA,ARACHNIDA,TROMBIDIFORMES,ARRENURIDAE,ARRENURUS,ARRENURUS,3481,,,42.44584415,-96.01966152,LargeStreams,Region_7,IAS9-0932,2014,7/8/2014,1,BERW,33.32,Fair
1003881,ARTHROPODA,INSECTA,EPHEMEROPTERA,BAETIDAE,ACENTRELLA,ACENTRELLA,3407,15.0,1.0,46.03379,-117.1125,RiversMajor,Region_10,WARM-1003,2014,7/8/2014,1,BETB,43.58,Fair
1003883,ARTHROPODA,INSECTA,EPHEMEROPTERA,BAETIDAE,ACENTRELLA,ACENTRELLA,3407,1.0,1.0,44.64747,-84.09452,RiversMajor,Region_5,MIR9-0909,2014,7/8/2014,1,BETB,42.0,Good
1003884,ARTHROPODA,INSECTA,DIPTERA,CHIRONOMIDAE,ABLABESMYIA,ABLABESMYIA,3406,6.0,1.0,,,,,NYRF-0003,2014,,1,BETB,,
1003885,ARTHROPODA,INSECTA,ODONATA,AESHNIDAE,,AESHNIDAE,3418,1.0,0.0,41.84804,-71.78683,SmallStreams,Region_1,RIS9-0911,2014,7/9/2014,1,BERW,12.32,Poor
1003886,ARTHROPODA,INSECTA,DIPTERA,CHIRONOMIDAE,ABLABESMYIA,ABLABESMYIA,3406,1.0,1.0,48.39032,-102.7695,LargeStreams,Region_8,NDLS-1070,2014,7/9/2014,1,BERW,67.55,Good
1003887,ARTHROPODA,INSECTA,DIPTERA,CHIRONOMIDAE,ABLABESMYIA,ABLABESMYIA,3406,2.0,1.0,,,,,WIRF-0009,2014,,1,BETB,,
1003888,ARTHROPODA,INSECTA,PLECOPTERA,NEMOURIDAE,AMPHINEMURA,AMPHINEMURA,3449,7.0,1.0,,,,,CORF-0002,2014,,1,BERW,,
1003889,ARTHROPODA,INSECTA,DIPTERA,TIPULIDAE,ANTOCHA,ANTOCHA,3465,1.0,1.0,39.94937,-90.56089,SmallStreams,Region_5,ILSS-1117,2014,7/9/2014,1,BERW,1.97,Poor
1003890,ARTHROPODA,INSECTA,DIPTERA,CHIRONOMIDAE,ABLABESMYIA,ABLABESMYIA,3406,1.0,1.0,47.75502,-91.53362,SmallStreams,Region_5,MNS9-0931,2014,7/9/2014,1,BERW,50.12,Good
1003891,ARTHROPODA,INSECTA,DIPTERA,CHIRONOMIDAE,ABLABESMYIA,ABLABESMYIA,3406,1.0,1.0,38.40648,-90.38821,SmallStreams,Region_7,MOSS-1166,2014,7/9/2014,1,BERW,25.33,Poor
1003892,ARTHROPODA,INSECTA,ODONATA,LESTIDAE,ARCHILESTES,ARCHILESTES,3473,,,40.62492,-100.5746,RiversOther,Region_7,NER9-0911,2014,7/9/2014,1,BERW,34.32,Fair
1003893,ARTHROPODA,INSECTA,TRICHOPTERA,APATANIIDAE,ALLOMYIA,ALLOMYIA,3433,4.0,1.0,45.87203,-117.9262,SmallStreams,Region_10,ORSS-1175,2014,7/9/2014,1,BERW,60.92,Good
1003894,ARTHROPODA,INSECTA,ODONATA,GOMPHIDAE,ARIGOMPHUS,ARIGOMPHUS,3478,1.0,1.0,29.15721,-97.38375,RiversOther,Region_6,TXR9-0906,2014,7/9/2014,1,BERW,40.62,Good
1003895,ARTHROPODA,INSECTA,EPHEMEROPTERA,BAETIDAE,,BAETIDAE,3500,1.0,0.0,47.13183,-67.8981,RiversOther,Region_1,MER9-0901,2014,7/9/2014,1,BETB,17.33,Poor
1003896,ARTHROPODA,INSECTA,EPHEMEROPTERA,BAETIDAE,ACERPENNA,ACERPENNA,3408,3.0,1.0,48.94323,-106.8565,LargeStreams,Region_8,MTS9-0933,2014,7/9/2014,1,BERW,60.98,Good
1003897,ARTHROPODA,INSECTA,DIPTERA,CHIRONOMIDAE,ABLABESMYIA,ABLABESMYIA,3406,7.0,1.0,35.46899,-94.95436,SmallStreams,Region_6,OKSS-1430,2014,7/9/2014,1,BERW,34.77,Fair
1003898,ARTHROPODA,INSECTA,DIPTERA,CHIRONOMIDAE,ABLABESMYIA,ABLABESMYIA,3406,6.0,1.0,40.07336,-75.22354,LargeStreams,Region_3,PAS9-0915,2014,7/9/2014,1,BERW,26.65,Poor
1003899,ARTHROPODA,INSECTA,EPHEMEROPTERA,CAENIDAE,CAENIS,CAENIS,3542,2.0,1.0,44.10255,-101.0015,RiversOther,Region_8,SDRO-1074,2014,7/9/2014,1,BERW,11.2,Poor
1003901,ARTHROPODA,INSECTA,DIPTERA,CHIRONOMIDAE,ABLABESMYIA,ABLABESMYIA,3406,2.0,1.0,48.36584,-108.1537,RiversMajor,Region_8,MTRM-1001,2014,7/9/2014,1,BETB,63.13,Good
1003902,ARTHROPODA,INSECTA,DIPTERA,CHIRONOMIDAE,ABLABESMYIA,ABLABESMYIA,3406,1.0,1.0,43.30507,-73.59358,RiversMajor,Region_2,NYRM-1002,2014,7/10/2014,1,BETB,57.75,Good
1003903,ARTHROPODA,INSECTA,DIPTERA,CHIRONOMIDAE,ABLABESMYIA,ABLABESMYIA,3406,5.0,1.0,39.69242,-75.72293,LargeStreams,Region_3,DELS-1038,2014,7/9/2014,1,BERW,36.9,Fair
1003904,ARTHROPODA,INSECTA,EPHEMEROPTERA,BAETIDAE,ACENTRELLA,ACENTRELLA,3407,,,46.27617,-118.1925,RiversOther,Region_10,WAR9-0904,2014,7/9/2014,1,BERW,69.88,Good
1003905,ARTHROPODA,INSECTA,DIPTERA,CHIRONOMIDAE,ABLABESMYIA,ABLABESMYIA,3406,,,48.02285,-102.1922,LargeStreams,Region_8,NDLS-1073,2014,7/10/2014,1,BERW,18.17,Poor
1003906,ARTHROPODA,INSECTA,ODONATA,COENAGRIONIDAE,ARGIA,ARGIA,3476,1.0,1.0,29.30338,-97.69902,LargeStreams,Region_6,TXLS-1120,2014,7/10/2014,1,BERW,22.42,Poor
1003907,ARTHROPODA,INSECTA,EPHEMEROPTERA,BAETIDAE,,BAETIDAE,3500,,,,,,,CORF-0004,2014,,1,BERW,,
1003908,ARTHROPODA,INSECTA,EPHEMEROPTERA,AMELETIDAE,AMELETUS,AMELETUS,3439,,,38.36417,-119.4448,LargeStreams,Region_9,CALS-1099,2014,7/9/2014,1,BERW,81.48,Good
1003909,ARTHROPODA,INSECTA,DIPTERA,CHIRONOMIDAE,ABLABESMYIA,ABLABESMYIA,3406,2.0,1.0,39.59013,-90.8737,SmallStreams,Region_5,ILS9-0926,2014,7/10/2014,1,BERW,34.33,Fair
1003910,ARTHROPODA,INSECTA,EPHEMEROPTERA,BAETIDAE,ACERPENNA,ACERPENNA,3408,4.0,1.0,47.20552,-92.80054,RiversOther,Region_5,MNRO-1050,2014,7/10/2014,1,BETB,65.93,Good
1003911,ARTHROPODA,INSECTA,EPHEMEROPTERA,CAENIDAE,,CAENIDAE,3541,1.0,0.0,,,,,MSR9-0903,2014,,2,BETB,,
1003912,ARTHROPODA,INSECTA,EPHEMEROPTERA,AMELETIDAE,AMELETUS,AMELETUS,3439,9.0,1.0,,,,,IDRF-0101,2014,,1,BETB,,
1003913,ARTHROPODA,INSECTA,EPHEMEROPTERA,BAETIDAE,ACENTRELLA,ACENTRELLA,3407,10.0,1.0,46.13488438,-115.9599482,RiversMajor,Region_10,IDR9-0902,2014,7/7/2014,1,BETB,55.43,Good
1003914,ARTHROPODA,INSECTA,EPHEMEROPTERA,BAETIDAE,ACENTRELLA,ACENTRELLA,3407,6.0,1.0,46.24418,-116.0405,RiversMajor,Region_10,IDRM-1003,2014,7/7/2014,1,BETB,57.8,Good
1003915,ARTHROPODA,INSECTA,EPHEMEROPTERA,BAETIDAE,,BAETIDAE,3500,3.0,0.0,31.09621,-89.27796,RiversMajor,Region_4,MSR9-0906,2014,7/10/2014,1,BETB,72.58,Good
1003916,ARTHROPODA,INSECTA,COLEOPTERA,DYTISCIDAE,AGABUS,AGABUS,3420,,,38.58012,-119.8887,SmallStreams,Region_9,CASS-1271,2014,7/10/2014,1,BERW,36.48,Fair
1003917,ARTHROPODA,INSECTA,DIPTERA,CHIRONOMIDAE,ABLABESMYIA,ABLABESMYIA,3406,4.0,1.0,38.37939,-96.2142,RiversOther,Region_7,KSR9-0915,2014,7/8/2014,1,BETB,58.18,Good
1003918,ARTHROPODA,INSECTA,EPHEMEROPTERA,AMELETIDAE,AMELETUS,AMELETUS,3439,15.0,1.0,,,,,WARF-0107,2014,,1,BETB,,
1003919,ARTHROPODA,INSECTA,EPHEMEROPTERA,BAETIDAE,ACENTRELLA,ACENTRELLA,3407,17.0,1.0,44.26038,-114.7981,RiversMajor,Region_10,IDRM-1005,2014,7/10/2014,1,BETB,58.43,Good
1003920,ARTHROPODA,INSECTA,DIPTERA,CHIRONOMIDAE,ABLABESMYIA,ABLABESMYIA,3406,2.0,1.0,41.7208,-75.41279,SmallStreams,Region_3,PAS9-0914,2014,7/10/2014,1,BERW,36.78,Poor
1003921,ARTHROPODA,INSECTA,DIPTERA,CHIRONOMIDAE,ABLABESMYIA,ABLABESMYIA,3406,5.0,1.0,,,,,SCR9-0902,2014,,2,BETB,,
1003922,ARTHROPODA,INSECTA,DIPTERA,CHIRONOMIDAE,ABLABESMYIA,ABLABESMYIA,3406,28.0,1.0,,,,,SCS9-0920,2014,,2,BERW,,
1003923,ARTHROPODA,INSECTA,DIPTERA,CHIRONOMIDAE,ABLABESMYIA,ABLABESMYIA,3406,7.0,1.0,,,,,SCR9-0901,2014,,2,BETB,,
1003924,ARTHROPODA,INSECTA,EPHEMEROPTERA,BAETIDAE,ACERPENNA,ACERPENNA,3408,1.0,1.0,,,,,NYRF-0001,2014,,1,BERW,,
1003925,ARTHROPODA,INSECTA,EPHEMEROPTERA,AMELETIDAE,AMELETUS,AMELETUS,3439,29.0,1.0,40.86446,-110.5394,SmallStreams,Region_8,UTS9-0928,2014,7/10/2014,1,BERW,47.7,Fair
1003926,ARTHROPODA,INSECTA,DIPTERA,CHIRONOMIDAE,ABLABESMYIA,ABLABESMYIA,3406,1.0,1.0,40.2352,-100.3105,RiversMajor,Region_7,NER9-0912,2014,7/10/2014,1,BERW,57.47,Good
1003927,ARTHROPODA,INSECTA,ODONATA,COENAGRIONIDAE,ARGIA,ARGIA,3476,,,41.22095,-99.24727,RiversOther,Region_7,NERO-1042,2014,7/11/2014,1,BERW,16.4,Poor
1003928,ARTHROPODA,INSECTA,DIPTERA,CHIRONOMIDAE,ABLABESMYIA,ABLABESMYIA,3406,,,,,,,ILS9-0919,2014,,2,BERW,,
1003930,ARTHROPODA,INSECTA,EPHEMEROPTERA,BAETIDAE,,BAETIDAE,3500,26.0,0.0,40.11629,-108.282,RiversOther,Region_8,CORO-1034,2014,7/11/2014,1,BETB,59.33,Good
1003932,ARTHROPODA,INSECTA,EPHEMEROPTERA,BAETIDAE,ACENTRELLA,ACENTRELLA,3407,1.0,1.0,,,,,MSRF-0001,2014,,1,BERW,,
1003933,ARTHROPODA,INSECTA,DIPTERA,CHIRONOMIDAE,ABLABESMYIA,ABLABESMYIA,3406,4.0,1.0,48.9226,-106.7994,LargeStreams,Region_8,MTLS-1139,2014,7/10/2014,1,BERW,33.87,Poor
1003934,ARTHROPODA,INSECTA,EPHEMEROPTERA,BAETIDAE,,BAETIDAE,3500,1.0,1.0,40.94131522,-102.3414153,RiversMajor,Region_8,COR9-0904,2014,7/13/2014,1,BERW,33.58,Fair
1003935,ARTHROPODA,INSECTA,DIPTERA,CHIRONOMIDAE,ABLABESMYIA,ABLABESMYIA,3406,,,46.57604,-68.08781,LargeStreams,Region_1,MELS-1049,2014,7/11/2014,1,BERW,84.32,Good
1003936,ARTHROPODA,INSECTA,EPHEMEROPTERA,BAETIDAE,ACERPENNA,ACERPENNA,3408,2.0,1.0,46.1289,-67.84635,LargeStreams,Region_1,MELS-1053,2014,7/10/2014,1,BETB,72.95,Good
1003937,ARTHROPODA,INSECTA,EPHEMEROPTERA,BAETISCIDAE,BAETISCA,BAETISCA,3502,2.0,1.0,43.73873,-74.9586,LargeStreams,Region_2,NYLS-1116,2014,7/13/2014,1,BETB,39.83,Poor
1003938,ARTHROPODA,INSECTA,DIPTERA,CHIRONOMIDAE,ABLABESMYIA,ABLABESMYIA,3406,4.0,1.0,33.29672,-81.85058,RiversOther,Region_4,SCRO-1014,2014,7/13/2014,1,BETB,49.03,Fair
1003939,ARTHROPODA,INSECTA,EPHEMEROPTERA,AMELETIDAE,AMELETUS,AMELETUS,3439,1.0,1.0,37.75138,-107.3354,LargeStreams,Region_8,COLS-1061,2014,7/13/2014,1,BERW,55.12,Good
1003941,ARTHROPODA,INSECTA,PLECOPTERA,NEMOURIDAE,AMPHINEMURA,AMPHINEMURA,3449,118.0,1.0,38.18577341,-106.4895271,SmallStreams,Region_8,COS9-0930,2014,7/14/2014,1,BERW,5.02,Poor
1003942,ARTHROPODA,ARACHNIDA,TROMBIDIFORMES,ARRENURIDAE,ARRENURUS,ARRENURUS,3481,1.0,1.0,,,,,NYRF-0005,2014,,1,BETB,,
1003943,ARTHROPODA,INSECTA,DIPTERA,CHIRONOMIDAE,ABLABESMYIA,ABLABESMYIA,3406,6.0,1.0,44.33427,-75.47149,RiversOther,Region_2,NYRO-1060,2014,7/14/2014,1,BETB,12.27,Poor
1003944,ARTHROPODA,INSECTA,DIPTERA,CHIRONOMIDAE,ABLABESMYIA,ABLABESMYIA,3406,2.0,1.0,36.49841,-90.27924,LargeStreams,Region_7,MOLS-1079,2014,7/11/2014,1,BERW,40.48,Poor
1003945,ARTHROPODA,INSECTA,DIPTERA,CHIRONOMIDAE,ABLABESMYIA,ABLABESMYIA,3406,2.0,1.0,37.02754,-90.64282,RiversMajor,Region_7,MOR9-0904,2014,7/10/2014,1,BETB,46.07,Good
1003946,ARTHROPODA,INSECTA,DIPTERA,CHIRONOMIDAE,ABLABESMYIA,ABLABESMYIA,3406,6.0,1.0,35.92513,-96.71988,LargeStreams,Region_6,OKLS-1203,2014,7/14/2014,1,BERW,28.48,Fair
1003947,ARTHROPODA,INSECTA,COLEOPTERA,PSEPHENIDAE,ACNEUS,ACNEUS,3410,1.0,1.0,43.1678,-123.6913,SmallStreams,Region_10,ORS9-0940,2014,7/14/2014,1,BERW,85.98,Good
1003948,ARTHROPODA,INSECTA,DIPTERA,CHIRONOMIDAE,ABLABESMYIA,ABLABESMYIA,3406,1.0,1.0,33.89573,-82.01938,LargeStreams,Region_4,SCLS-1033,2014,7/14/2014,1,BERW,42.37,Fair
1003949,ARTHROPODA,INSECTA,DIPTERA,CHIRONOMIDAE,ABLABESMYIA,ABLABESMYIA,3406,6.0,1.0,31.68739652,-88.05213311,RiversOther,Region_4,ALR9-0906,2014,7/13/2014,1,BETB,42.43,Fair
1003950,ARTHROPODA,INSECTA,DIPTERA,CHIRONOMIDAE,ABLABESMYIA,ABLABESMYIA,3406,3.0,1.0,47.28617,-68.11975,RiversOther,Region_1,MERO-1027,2014,7/13/2014,1,BETB,34.17,Poor
1003951,ARTHROPODA,INSECTA,EPHEMEROPTERA,BAETIDAE,ACENTRELLA,ACENTRELLA,3407,1.0,1.0,,,,,IDRF-0103,2014,,1,BETB,,
1003952,ARTHROPODA,INSECTA,EPHEMEROPTERA,BAETIDAE,ACENTRELLA,ACENTRELLA,3407,13.0,1.0,,,,,IDRF-0104,2014,,1,BERW,,
1003953,ARTHROPODA,INSECTA,EPHEMEROPTERA,BAETIDAE,ACENTRELLA,ACENTRELLA,3407,6.0,1.0,,,,,IDRF-0105,2014,,1,BETB,,
1003954,ARTHROPODA,INSECTA,DIPTERA,CHIRONOMIDAE,ABLABESMYIA,ABLABESMYIA,3406,4.0,1.0,48.07747,-114.0187,RiversOther,Region_8,MTR9-0902,2014,7/15/2014,1,BETB,17.73,Poor
1003955,ARTHROPODA,INSECTA,DIPTERA,CHIRONOMIDAE,ABLABESMYIA,ABLABESMYIA,3406,1.0,1.0,43.03249,-74.65623,SmallStreams,Region_2,NYSS-1258,2014,7/15/2014,1,BERW,64.63,Good
1003956,ARTHROPODA,INSECTA,EPHEMEROPTERA,BAETIDAE,ACENTRELLA,ACENTRELLA,3407,11.0,1.0,43.57673,-114.3437,RiversOther,Region_10,IDRO-1040,2014,7/12/2014,1,BETB,59.22,Good
1003957,ANNELIDA,HIRUDINEA,RHYNCHOBDELLIDA,GLOSSIPHONIIDAE,ACTINOBDELLA,ACTINOBDELLA,3413,1.0,1.0,38.64279,-87.61438,RiversMajor,Region_5,INR9-0901,2014,7/15/2014,1,BETB,40.08,Fair
1003958,ARTHROPODA,MALACOSTRACA,ISOPODA,ASELLIDAE,CAECIDOTEA,CAECIDOTEA,3540,1.0,1.0,32.6441,-96.73725,SmallStreams,Region_6,TXSS-1232,2014,7/15/2014,1,BERW,21.37,Fair
1003959,ARTHROPODA,INSECTA,DIPTERA,CHIRONOMIDAE,ABLABESMYIA,ABLABESMYIA,3406,2.0,1.0,46.60633,-100.2571,LargeStreams,Region_8,NDLS-1079,2014,7/15/2014,1,BERW,50.13,Fair
1003960,ARTHROPODA,INSECTA,EPHEMEROPTERA,BAETIDAE,,BAETIDAE,3500,1.0,0.0,,,,,UTR9-0906,2014,,2,BETB,,
1003961,ARTHROPODA,INSECTA,ODONATA,COENAGRIONIDAE,ARGIA,ARGIA,3476,1.0,1.0,42.46858,-89.76524,RiversOther,Region_5,ILRO-1024,2014,7/15/2014,1,BETB,38.9,Fair
1003962,ARTHROPODA,INSECTA,EPHEMEROPTERA,AMELETIDAE,AMELETUS,AMELETUS,3439,1.0,1.0,41.93373,-124.1084,LargeStreams,Region_9,CALS-1106,2014,7/15/2014,1,BERW,66.87,Good
1003963,ARTHROPODA,INSECTA,DIPTERA,CHIRONOMIDAE,ABLABESMYIA,ABLABESMYIA,3406,5.0,1.0,47.20866,-68.82282,RiversOther,Region_1,MERO-1026,2014,7/14/2014,1,BETB,78.67,Good
1003964,ARTHROPODA,MALACOSTRACA,AMPHIPODA,,,AMPHIPODA,3450,7.0,0.0,48.15279,-109.8484,SmallStreams,Region_8,MTSS-1294,2014,7/15/2014,1,BERW,42.45,Poor
1003965,ARTHROPODA,INSECTA,ODONATA,AESHNIDAE,,AESHNIDAE,3418,1.0,1.0,42.12492,-98.08295,LargeStreams,Region_7,NELS-1079,2014,7/15/2014,1,BERW,25.65,Fair
1003966,ARTHROPODA,INSECTA,EPHEMEROPTERA,BAETIDAE,ACENTRELLA,ACENTRELLA,3407,23.0,1.0,47.72892,-121.4276,RiversOther,Region_10,WAR9-0905,2014,7/15/2014,1,BETB,66.58,Good
1003967,ARTHROPODA,INSECTA,DIPTERA,CHIRONOMIDAE,ABLABESMYIA,ABLABESMYIA,3406,3.0,1.0,38.20966,-80.04873,LargeStreams,Region_3,WVS9-0923,2014,7/15/2014,1,BERW,62.82,Good
1003968,ANNELIDA,OLIGOCHAETA,HAPLOTAXIDA,TUBIFICIDAE,AULODRILUS,AULODRILUS,3496,1.0,1.0,43.30763,-73.63245,SmallStreams,Region_2,NYSS-1239,2014,7/16/2014,1,BETB,7.2,Poor
1003969,ARTHROPODA,INSECTA,DIPTERA,CHIRONOMIDAE,ABLABESMYIA,ABLABESMYIA,3406,5.0,1.0,44.04386,-101.4511,RiversOther,Region_8,SDR9-0905,2014,7/15/2014,1,BERW,42.97,Fair
1003970,ARTHROPODA,INSECTA,DIPTERA,CHIRONOMIDAE,ABLABESMYIA,ABLABESMYIA,3406,,,34.32988,-80.69511,RiversMajor,Region_4,SCRM-1002,2014,7/15/2014,1,BETB,25.45,Poor
1003971,ARTHROPODA,INSECTA,DIPTERA,CHIRONOMIDAE,ABLABESMYIA,ABLABESMYIA,3406,11.0,1.0,34.66773,-82.10745,SmallStreams,Region_4,SCSS-1057,2014,7/16/2014,1,BERW,35.9,Fair
1003972,ARTHROPODA,INSECTA,DIPTERA,CHIRONOMIDAE,ABLABESMYIA,ABLABESMYIA,3406,1.0,1.0,38.83491,-86.52326,RiversOther,Region_5,INR9-0902,2014,7/16/2014,1,BETB,35.15,Fair
1003973,ARTHROPODA,INSECTA,HEMIPTERA,BELOSTOMATIDAE,BELOSTOMA,BELOSTOMA,3509,,,41.46241,-97.68192,LargeStreams,Region_7,NELS-1082,2014,7/16/2014,1,BERW,9.1,Poor
1003974,ARTHROPODA,INSECTA,DIPTERA,CHIRONOMIDAE,ABLABESMYIA,ABLABESMYIA,3406,4.0,1.0,32.61633,-83.54926,RiversMajor,Region_4,GARM-1001,2014,7/15/2014,1,BETB,69.47,Good
1003975,ARTHROPODA,INSECTA,EPHEMEROPTERA,BAETIDAE,ACENTRELLA,ACENTRELLA,3407,2.0,1.0,47.90948,-113.8707,RiversOther,Region_8,MTR9-0911,2014,7/16/2014,1,BETB,28.58,Poor
1003976,ARTHROPODA,INSECTA,EPHEMEROPTERA,AMELETIDAE,AMELETUS,AMELETUS,3439,18.0,1.0,43.09695,-122.4115,SmallStreams,Region_10,ORS9-0931,2014,7/15/2014,1,BERW,69.1,Good
1003977,ARTHROPODA,INSECTA,COLEOPTERA,PSEPHENIDAE,ACNEUS,ACNEUS,3410,,,43.10118,-122.8297,SmallStreams,Region_10,ORS9-0936,2014,7/16/2014,1,BERW,85.97,Good
1003978,ARTHROPODA,INSECTA,EPHEMEROPTERA,BAETIDAE,ACENTRELLA,ACENTRELLA,3407,86.0,1.0,44.56442,-103.5312,LargeStreams,Region_8,SDLS-1118,2014,7/16/2014,1,BERW,60.8,Good
1003979,ARTHROPODA,INSECTA,DIPTERA,CHIRONOMIDAE,ABLABESMYIA,ABLABESMYIA,3406,8.0,1.0,33.01654,-96.81408,SmallStreams,Region_6,TXSS-1224,2014,7/16/2014,1,BERW,50.28,Good
1003980,ARTHROPODA,INSECTA,EPHEMEROPTERA,BAETIDAE,,BAETIDAE,3500,10.0,0.0,42.24723,-104.6466,RiversMajor,Region_8,WYRM-1004,2014,7/16/2014,1,BETB,37.58,Good
1003981,ARTHROPODA,INSECTA,DIPTERA,CHIRONOMIDAE,ABLABESMYIA,ABLABESMYIA,3406,1.0,1.0,42.31862,-90.23431,RiversOther,Region_5,ILRO-1019,2014,7/15/2014,1,BETB,18.83,Poor
1003982,ARTHROPODA,INSECTA,DIPTERA,CHIRONOMIDAE,ABLABESMYIA,ABLABESMYIA,3406,10.0,1.0,,,,,LARF-0001,2014,,1,BERW,,
1003983,ARTHROPODA,INSECTA,EPHEMEROPTERA,BAETIDAE,ACERPENNA,ACERPENNA,3408,3.0,1.0,46.97556,-69.37838,SmallStreams,Region_1,MES9-0910,2014,7/15/2014,1,BERW,64.75,Good
1003984,ARTHROPODA,INSECTA,DIPTERA,TIPULIDAE,ANTOCHA,ANTOCHA,3465,3.0,1.0,,,,,PAR9-0901,2014,,2,BETB,,
1003985,ARTHROPODA,INSECTA,DIPTERA,CHIRONOMIDAE,ABLABESMYIA,ABLABESMYIA,3406,15.0,1.0,31.00027,-91.0395,LargeStreams,Region_4,MSS9-0914,2014,7/16/2014,1,BERW,55.27,Good
1003986,ANNELIDA,OLIGOCHAETA,HAPLOTAXIDA,NAIDIDAE,ARCTEONAIS,ARCTEONAIS,3474,,,41.79318,-113.837,LargeStreams,Region_8,UTS9-0932,2014,7/16/2014,1,BERW,32.38,Poor
1003987,ARTHROPODA,INSECTA,PLECOPTERA,PERLIDAE,AGNETINA,AGNETINA,3424,,,,,,,NYRF-0002,2014,,1,BERW,,
1003988,ARTHROPODA,INSECTA,DIPTERA,CHIRONOMIDAE,ABLABESMYIA,ABLABESMYIA,3406,6.0,1.0,38.5426015,-75.52310131,LargeStreams,Region_3,DES9-0905,2014,7/16/2014,1,BETB,43.22,Fair
1003989,ARTHROPODA,INSECTA,EPHEMEROPTERA,AMELETIDAE,AMELETUS,AMELETUS,3439,11.0,1.0,46.87538,-113.9796,LargeStreams,Region_8,MTLS-1145,2014,7/17/2014,1,BERW,60.58,Good
1003990,ARTHROPODA,INSECTA,DIPTERA,CHIRONOMIDAE,ABLABESMYIA,ABLABESMYIA,3406,13.0,1.0,33.17345556,-83.82379567,RiversMajor,Region_4,GAR9-0911,2014,7/16/2014,1,BETB,36.22,Fair
1003991,ANNELIDA,HIRUDINEA,RHYNCHOBDELLIDA,GLOSSIPHONIIDAE,ACTINOBDELLA,ACTINOBDELLA,3413,1.0,1.0,39.26175,-86.79816,RiversOther,Region_5,INRO-1026,2014,7/17/2014,1,BETB,21.95,Poor
1003992,ARTHROPODA,INSECTA,DIPTERA,CHIRONOMIDAE,ABLABESMYIA,ABLABESMYIA,3406,1.0,1.0,42.26657,-90.30543,SmallStreams,Region_5,ILSS-1120,2014,7/17/2014,1,BERW,14.47,Poor
1003993,ARTHROPODA,INSECTA,DIPTERA,CHIRONOMIDAE,ABLABESMYIA,ABLABESMYIA,3406,1.0,1.0,41.58071,-115.3591,LargeStreams,Region_9,NVLS-1074,2014,7/16/2014,1,BERW,43.33,Fair
1003994,ARTHROPODA,INSECTA,DIPTERA,CHIRONOMIDAE,ABLABESMYIA,ABLABESMYIA,3406,1.0,1.0,46.78429,-102.6111,LargeStreams,Region_8,NDLS-1064,2014,7/17/2014,1,BERW,49.57,Fair
1003998,ARTHROPODA,INSECTA,DIPTERA,CHIRONOMIDAE,ABLABESMYIA,ABLABESMYIA,3406,4.0,1.0,39.40693,-79.4119,LargeStreams,Region_3,MDLS-1039,2014,7/17/2014,1,BERW,18.65,Poor
1003999,ARTHROPODA,INSECTA,EPHEMEROPTERA,BAETIDAE,ACERPENNA,ACERPENNA,3408,1.0,1.0,47.15428,-68.94424,RiversOther,Region_1,MER9-0902,2014,7/16/2014,1,BETB,78.02,Good
1004000,ARTHROPODA,INSECTA,DIPTERA,CHIRONOMIDAE,ABLABESMYIA,ABLABESMYIA,3406,1.0,1.0,31.58623,-90.81035,LargeStreams,Region_4,MSLS-1037,2014,7/17/2014,1,BERW,64.75,Good
1004001,ARTHROPODA,INSECTA,EPHEMEROPTERA,BAETISCIDAE,BAETISCA,BAETISCA,3502,1.0,1.0,43.56469,-89.65428,RiversMajor,Region_5,WIR9-0914,2014,7/16/2014,1,BETB,20.97,Poor
1004002,ARTHROPODA,INSECTA,EPHEMEROPTERA,CAENIDAE,CAENIS,CAENIS,3542,3.0,1.0,43.56689,-89.69697,RiversMajor,Region_5,WIRM-1004,2014,7/17/2014,1,BETB,19.22,Poor
1004003,ARTHROPODA,INSECTA,EPHEMEROPTERA,BAETIDAE,ACENTRELLA,ACENTRELLA,3407,2.0,1.0,44.69584,-106.3383,RiversOther,Region_8,WYR9-0908,2014,7/17/2014,1,BETB,70.17,Good
1004004,ARTHROPODA,INSECTA,DIPTERA,CHIRONOMIDAE,ABLABESMYIA,ABLABESMYIA,3406,7.0,1.0,44.03177,-106.6561,LargeStreams,Region_8,WYS9-0937,2014,7/17/2014,1,BERW,42.13,Poor
1004005,ARTHROPODA,INSECTA,DIPTERA,CHIRONOMIDAE,ABLABESMYIA,ABLABESMYIA,3406,7.0,1.0,,,,,WVR9-0904,2014,,2,BETB,,
1004006,ARTHROPODA,INSECTA,DIPTERA,CHIRONOMIDAE,ABLABESMYIA,ABLABESMYIA,3406,7.0,1.0,37.78563,-80.9076,RiversOther,Region_3,WVRO-1007,2014,7/16/2014,1,BETB,68.68,Good
1004007,ARTHROPODA,INSECTA,EPHEMEROPTERA,AMELETIDAE,AMELETUS,AMELETUS,3439,2.0,1.0,45.93953,-110.5225,LargeStreams,Region_8,MTLS-1142,2014,7/17/2014,1,BERW,89.83,Good
1004008,ARTHROPODA,INSECTA,DIPTERA,CHIRONOMIDAE,ABLABESMYIA,ABLABESMYIA,3406,3.0,1.0,34.82653,-80.81527,LargeStreams,Region_4,SCS9-0923,2014,7/17/2014,1,BERW,8.32,Poor
1004009,ARTHROPODA,INSECTA,EPHEMEROPTERA,BAETIDAE,ACENTRELLA,ACENTRELLA,3407,15.0,1.0,47.84358,-121.6946,RiversOther,Region_10,WAR9-0907,2014,7/16/2014,1,BETB,38.47,Fair
1004010,ARTHROPODA,INSECTA,DIPTERA,CHIRONOMIDAE,ABLABESMYIA,ABLABESMYIA,3406,2.0,1.0,43.24866,-73.74077,RiversMajor,Region_2,NYR9-0905,2014,7/18/2014,1,BETB,23.07,Poor
1004011,ARTHROPODA,MALACOSTRACA,DECAPODA,CAMBARIDAE,,CAMBARIDAE,3548,1.0,1.0,42.3148,-89.98587,SmallStreams,Region_5,ILSS-1124,2014,7/18/2014,1,BERW,18.53,Poor
1004012,ARTHROPODA,INSECTA,TRICHOPTERA,GLOSSOSOMATIDAE,AGAPETUS,AGAPETUS,3421,2.0,1.0,44.34619,-106.7024,LargeStreams,Region_8,WYLS-1102,2014,7/18/2014,1,BERW,68.43,Good
1004013,ARTHROPODA,INSECTA,DIPTERA,CHIRONOMIDAE,ABLABESMYIA,ABLABESMYIA,3406,1.0,1.0,44.08912,-106.6737,LargeStreams,Region_8,WYLS-1097,2014,7/18/2014,1,BERW,81.37,Good
1004014,ARTHROPODA,INSECTA,DIPTERA,CHIRONOMIDAE,,CHIRONOMIDAE,3581,1.0,0.0,40.48774,-93.49837,LargeStreams,Region_7,MOLS-1084,2014,7/16/2014,1,BERW,16.55,Poor
1004015,ARTHROPODA,INSECTA,DIPTERA,CHIRONOMIDAE,ABLABESMYIA,ABLABESMYIA,3406,1.0,1.0,40.4814,-92.68618,RiversOther,Region_7,MORO-1046,2014,7/15/2014,1,BETB,53.42,Good
1004016,ARTHROPODA,INSECTA,DIPTERA,CHIRONOMIDAE,ABLABESMYIA,ABLABESMYIA,3406,6.0,1.0,,,,,NHS9-0911,2014,,2,BERW,,
1004017,ARTHROPODA,INSECTA,DIPTERA,CHIRONOMIDAE,ABLABESMYIA,ABLABESMYIA,3406,4.0,1.0,45.58738,-100.964,LargeStreams,Region_8,SDLS-1119,2014,7/14/2014,1,BERW,31.52,Poor
1004018,ARTHROPODA,INSECTA,EPHEMEROPTERA,BAETIDAE,ACENTRELLA,ACENTRELLA,3407,1.0,1.0,45.7285,-101.9844,RiversMajor,Region_8,SDR9-0903,2014,7/15/2014,1,BERW,73.75,Good
1004019,ARTHROPODA,INSECTA,DIPTERA,CHIRONOMIDAE,ABLABESMYIA,ABLABESMYIA,3406,1.0,1.0,41.86842,-72.08973,LargeStreams,Region_1,CTLS-1044,2014,7/20/2014,1,BERW,74.5,Good
1004020,ARTHROPODA,INSECTA,EPHEMEROPTERA,AMELETIDAE,AMELETUS,AMELETUS,3439,2.0,1.0,43.65474,-109.9079,SmallStreams,Region_8,WYS9-0938,2014,7/20/2014,1,BERW,47.28,Fair
1004021,ARTHROPODA,INSECTA,EPHEMEROPTERA,CAENIDAE,BRACHYCERCUS,BRACHYCERCUS,3527,8.0,1.0,44.87331,-71.52952,RiversMajor,Region_1,NHRM-1001,2014,7/17/2014,1,BETB,42.87,Fair
1004022,ARTHROPODA,INSECTA,DIPTERA,ATHERICIDAE,ATHERIX,ATHERIX,3487,4.0,1.0,,,,,MTRF-0109,2014,,1,BETB,,
1004023,ARTHROPODA,INSECTA,DIPTERA,CHIRONOMIDAE,ABLABESMYIA,ABLABESMYIA,3406,10.0,1.0,35.88958,-89.29055,LargeStreams,Region_4,TNLS-1034,2014,7/20/2014,1,BERW,21.1,Poor
1004024,ARTHROPODA,INSECTA,DIPTERA,CHIRONOMIDAE,ABLABESMYIA,ABLABESMYIA,3406,17.0,1.0,36.18743,-89.09897,SmallStreams,Region_4,TNS9-0920,2014,7/20/2014,1,BERW,27.4,Poor
1004025,ARTHROPODA,ARACHNIDA,TROMBIDIFORMES,ARRENURIDAE,ARRENURUS,ARRENURUS,3481,3.0,1.0,36.25843,-88.67338,SmallStreams,Region_4,TNSS-1065,2014,7/20/2014,1,BERW,21.53,Poor
1004026,ARTHROPODA,INSECTA,DIPTERA,CHIRONOMIDAE,ABLABESMYIA,ABLABESMYIA,3406,1.0,1.0,33.97792,-111.3063,RiversOther,Region_9,AZRO-1028,2014,7/21/2014,1,BERW,23.38,Poor
1004027,ARTHROPODA,INSECTA,EPHEMEROPTERA,AMELETIDAE,AMELETUS,AMELETUS,3439,1.0,1.0,42.43042,-111.7891,SmallStreams,Region_10,IDSS-1115,2014,7/16/2014,1,BERW,64.82,Good
1004028,ANNELIDA,OLIGOCHAETA,HAPLOTAXIDA,TUBIFICIDAE,AULODRILUS,AULODRILUS,3496,1.0,1.0,42.74955,-111.4603,SmallStreams,Region_10,IDSS-1143,2014,7/15/2014,1,BERW,7.15,Poor
1004029,ARTHROPODA,INSECTA,EPHEMEROPTERA,AMELETIDAE,AMELETUS,AMELETUS,3439,1.0,1.0,42.28978,-114.0244,LargeStreams,Region_10,IDLS-1064,2014,7/17/2014,1,BERW,81.23,Good
1004030,ARTHROPODA,INSECTA,EPHEMEROPTERA,AMELETIDAE,AMELETUS,AMELETUS,3439,4.0,1.0,43.7188,-115.3065,SmallStreams,Region_10,IDSS-1129,2014,7/7/2014,1,BERW,44.88,Fair
1004031,ARTHROPODA,INSECTA,EPHEMEROPTERA,AMELETIDAE,AMELETUS,AMELETUS,3439,3.0,1.0,44.20986481,-115.5467376,SmallStreams,Region_10,IDS9-0927,2014,7/9/2014,1,BERW,68.98,Good
1004032,ARTHROPODA,INSECTA,EPHEMEROPTERA,AMELETIDAE,AMELETUS,AMELETUS,3439,,,43.6029256,-115.5733393,SmallStreams,Region_10,IDS9-0923,2014,7/8/2014,1,BERW,61.05,Good
1004033,ARTHROPODA,INSECTA,DIPTERA,CHIRONOMIDAE,ABLABESMYIA,ABLABESMYIA,3406,2.0,1.0,41.89034,-72.73278,RiversOther,Region_1,CTRO-1020,2014,7/21/2014,1,BETB,42.87,Fair
1004034,ARTHROPODA,INSECTA,DIPTERA,CHIRONOMIDAE,ABLABESMYIA,ABLABESMYIA,3406,,,42.09641,-109.4537,RiversOther,Region_8,WYRO-1042,2014,7/21/2014,1,BERW,39.82,Poor
1004035,ARTHROPODA,INSECTA,DIPTERA,CHIRONOMIDAE,ABLABESMYIA,ABLABESMYIA,3406,1.0,1.0,44.3134,-89.89086,RiversMajor,Region_5,WIRM-1003,2014,7/21/2014,1,BETB,31.72,Fair
1004036,ARTHROPODA,INSECTA,EPHEMEROPTERA,BAETIDAE,CALLIBAETIS,CALLIBAETIS,3544,1.0,1.0,35.12102,-89.21058,SmallStreams,Region_4,TNS9-0926,2014,7/21/2014,1,BERW,19.93,Poor
1004037,ARTHROPODA,INSECTA,DIPTERA,CHIRONOMIDAE,ABLABESMYIA,ABLABESMYIA,3406,21.0,1.0,35.07118,-89.85614,SmallStreams,Region_4,TNSS-1064,2014,7/21/2014,1,BERW,6.77,Poor
1004038,ARTHROPODA,INSECTA,DIPTERA,CHIRONOMIDAE,ABLABESMYIA,ABLABESMYIA,3406,1.0,1.0,34.99476,-81.85857,SmallStreams,Region_4,SCSS-1072,2014,7/20/2014,1,BERW,33.32,Fair
1004039,ARTHROPODA,INSECTA,DIPTERA,CHIRONOMIDAE,ABLABESMYIA,ABLABESMYIA,3406,2.0,1.0,34.80527,-83.16501,SmallStreams,Region_4,SCSS-1059,2014,7/21/2014,1,BERW,57.0,Good
1004040,ARTHROPODA,MALACOSTRACA,AMPHIPODA,,,AMPHIPODA,3450,2.0,0.0,39.83429874,-75.57709346,RiversOther,Region_3,DER9-0902,2014,7/21/2014,1,BETB,36.92,Fair
1004041,ARTHROPODA,INSECTA,DIPTERA,CHIRONOMIDAE,ABLABESMYIA,ABLABESMYIA,3406,1.0,1.0,48.45766,-109.9264,RiversOther,Region_8,MTR9-0914,2014,7/21/2014,1,BERW,57.42,Good
1004043,ARTHROPODA,INSECTA,DIPTERA,CHIRONOMIDAE,ABLABESMYIA,ABLABESMYIA,3406,1.0,1.0,41.70914,-86.2679,RiversMajor,Region_5,INRM-1004,2014,7/22/2014,1,BETB,48.63,Good
1004044,ARTHROPODA,INSECTA,EPHEMEROPTERA,BAETIDAE,ACENTRELLA,ACENTRELLA,3407,1.0,1.0,40.67157,-75.17844,RiversMajor,Region_2,NJRM-1003,2014,7/22/2014,1,BETB,49.02,Fair
1004045,ARTHROPODA,INSECTA,COLEOPTERA,DYTISCIDAE,AGABUS,AGABUS,3420,1.0,1.0,44.15839,-106.912,SmallStreams,Region_8,WYS9-0926,2014,7/21/2014,1,BERW,14.88,Poor
1004046,ARTHROPODA,ARACHNIDA,,,,ARACHNIDA,3472,5.0,0.0,42.21645,-88.18891,RiversOther,Region_5,ILR9-0909,2014,7/22/2014,1,BETB,27.27,Fair
1004047,ARTHROPODA,INSECTA,DIPTERA,CHIRONOMIDAE,ABLABESMYIA,ABLABESMYIA,3406,3.0,1.0,32.33304,-95.74925,LargeStreams,Region_6,TXLS-1131,2014,7/22/2014,1,BERW,36.58,Poor
1004048,ARTHROPODA,INSECTA,DIPTERA,CHIRONOMIDAE,ABLABESMYIA,ABLABESMYIA,3406,3.0,1.0,44.94458,-89.62435,RiversMajor,Region_5,WIRM-1005,2014,7/22/2014,1,BETB,37.42,Good
1004049,ARTHROPODA,INSECTA,TRICHOPTERA,BRACHYCENTRIDAE,AMIOCENTRUS,AMIOCENTRUS,3445,1.0,1.0,41.45639606,-123.9355648,RiversMajor,Region_9,CAR9-0908,2014,7/22/2014,1,BETB,21.87,Poor
1004050,ARTHROPODA,INSECTA,DIPTERA,CHIRONOMIDAE,AXARUS,AXARUS,3498,2.0,1.0,43.31097,-83.96788,RiversOther,Region_5,MIR9-0906,2014,7/22/2014,1,BETB,53.88,Good
1004051,ARTHROPODA,INSECTA,DIPTERA,CHIRONOMIDAE,ABLABESMYIA,ABLABESMYIA,3406,3.0,1.0,35.50012,-88.63773,SmallStreams,Region_4,TNS9-0923,2014,7/22/2014,1,BERW,39.18,Poor
1004052,ARTHROPODA,INSECTA,EPHEMEROPTERA,CAENIDAE,CAENIS,CAENIS,3542,1.0,1.0,35.48165,-88.06955,SmallStreams,Region_4,TNSS-1072,2014,7/22/2014,1,BERW,19.05,Poor
1004053,ARTHROPODA,INSECTA,TRICHOPTERA,GLOSSOSOMATIDAE,AGAPETUS,AGAPETUS,3421,6.0,1.0,41.3286,-123.4199,SmallStreams,Region_9,CASS-1297,2014,7/22/2014,1,BERW,64.68,Good
1004054,ARTHROPODA,INSECTA,EPHEMEROPTERA,BAETIDAE,ACENTRELLA,ACENTRELLA,3407,10.0,1.0,48.44817,-109.7563,LargeStreams,Region_8,MTLS-1136,2014,7/22/2014,1,BERW,62.07,Good
1004055,ARTHROPODA,INSECTA,EPHEMEROPTERA,BAETIDAE,ACENTRELLA,ACENTRELLA,3407,11.0,1.0,46.88544,-104.9552,RiversMajor,Region_8,MTRM-1006,2014,7/22/2014,1,BETB,76.0,Good
1004056,ARTHROPODA,INSECTA,EPHEMEROPTERA,BAETIDAE,ACENTRELLA,ACENTRELLA,3407,4.0,1.0,46.86783,-104.9952,RiversMajor,Region_8,MTR9-0910,2014,7/22/2014,1,BETB,87.95,Good
1004057,ARTHROPODA,ARACHNIDA,TROMBIDIFORMES,ARRENURIDAE,ARRENURUS,ARRENURUS,3481,1.0,1.0,,,,,OKS9-0941,2014,,2,BERW,,
1004058,ARTHROPODA,INSECTA,DIPTERA,CHIRONOMIDAE,ABLABESMYIA,ABLABESMYIA,3406,4.0,1.0,41.52182,-71.59218,LargeStreams,Region_1,RILS-1023,2014,7/22/2014,1,BETB,48.23,Fair
1004059,ARTHROPODA,INSECTA,DIPTERA,CHIRONOMIDAE,ABLABESMYIA,ABLABESMYIA,3406,3.0,1.0,41.50654,-71.71228,LargeStreams,Region_1,RIS9-0912,2014,7/22/2014,1,BETB,49.12,Fair
1004060,ARTHROPODA,INSECTA,DIPTERA,CHIRONOMIDAE,CHIRONOMUS,CHIRONOMUS,3582,2.0,1.0,41.93933,-96.14472,RiversMajor,Region_7,NER9-0914,2014,7/21/2014,1,BETB,4.05,Poor
1004061,ARTHROPODA,INSECTA,DIPTERA,CERATOPOGONIDAE,ATRICHOPOGON,ATRICHOPOGON,3491,1.0,1.0,41.4629,-95.95535,RiversMajor,Region_7,NERO-1037,2014,7/22/2014,1,BETB,21.2,Poor
1004062,ARTHROPODA,INSECTA,DIPTERA,CHIRONOMIDAE,ABLABESMYIA,ABLABESMYIA,3406,1.0,1.0,44.50771,-108.4334,RiversOther,Region_8,WYR9-0914,2014,7/22/2014,1,BERW,51.63,Fair
1004063,ARTHROPODA,INSECTA,EPHEMEROPTERA,BAETIDAE,ACENTRELLA,ACENTRELLA,3407,2.0,1.0,43.92202,-114.1142,LargeStreams,Region_10,IDLS-1068,2014,7/22/2014,1,BERW,47.18,Fair
1004064,ARTHROPODA,INSECTA,DIPTERA,CHIRONOMIDAE,ABLABESMYIA,ABLABESMYIA,3406,1.0,1.0,41.69465,-85.9174,RiversMajor,Region_5,INR9-0903,2014,7/23/2014,1,BETB,32.28,Fair
1004065,ARTHROPODA,INSECTA,EPHEMEROPTERA,BAETIDAE,ACENTRELLA,ACENTRELLA,3407,,,47.79805,-95.38198,LargeStreams,Region_5,MNS9-0939,2014,7/23/2014,1,BETB,46.93,Good
1004066,ARTHROPODA,INSECTA,ODONATA,COENAGRIONIDAE,ARGIA,ARGIA,3476,1.0,1.0,42.96817,-84.05173,RiversOther,Region_5,MIRO-1021,2014,7/23/2014,1,BETB,67.53,Good
1004067,ARTHROPODA,INSECTA,DIPTERA,CHIRONOMIDAE,ABLABESMYIA,ABLABESMYIA,3406,1.0,1.0,41.96621,-110.0007,RiversMajor,Region_8,WYR9-0911,2014,7/22/2014,1,BETB,40.4,Poor
1004068,ARTHROPODA,ARACHNIDA,TROMBIDIFORMES,HYGROBATIDAE,ATRACTIDES,ATRACTIDES,3490,2.0,1.0,41.66794,-109.6477,RiversMajor,Region_8,WYRM-1003,2014,7/23/2014,1,BETB,24.28,Poor
1004069,ARTHROPODA,INSECTA,DIPTERA,CHIRONOMIDAE,ABLABESMYIA,ABLABESMYIA,3406,2.0,1.0,37.54136,-82.03361,RiversOther,Region_3,WVR9-0901,2014,7/22/2014,1,BETB,49.58,Good
1004070,ARTHROPODA,INSECTA,EPHEMEROPTERA,LEPTOHYPHIDAE,ASIOPLAX,ASIOPLAX,3485,1.0,1.0,,,,,GAR9-0901,2014,,2,BERW,,
1004071,ARTHROPODA,INSECTA,DIPTERA,CHIRONOMIDAE,ABLABESMYIA,ABLABESMYIA,3406,,,41.72844,-87.99265,SmallStreams,Region_5,ILS9-0928,2014,7/23/2014,1,BERW,32.57,Fair
1004072,ARTHROPODA,INSECTA,DIPTERA,CHIRONOMIDAE,ABLABESMYIA,ABLABESMYIA,3406,4.0,1.0,45.58439,-89.46554,RiversMajor,Region_5,WIRM-1001,2014,7/23/2014,1,BETB,26.98,Fair
1004073,ARTHROPODA,INSECTA,HEMIPTERA,NAUCORIDAE,AMBRYSUS,AMBRYSUS,3438,14.0,1.0,41.31852852,-123.5279598,RiversMajor,Region_9,CAR9-0901,2014,7/23/2014,1,BETB,22.15,Poor
1004074,ARTHROPODA,ARACHNIDA,TROMBIDIFORMES,HYGROBATIDAE,ATRACTIDES,ATRACTIDES,3490,1.0,1.0,41.27035,-123.604,RiversMajor,Region_9,CARM-1004,2014,7/23/2014,1,BETB,18.52,Poor
1004075,ARTHROPODA,INSECTA,DIPTERA,CHIRONOMIDAE,ABLABESMYIA,ABLABESMYIA,3406,,,48.54947,-109.3917,LargeStreams,Region_8,MTS9-0940,2014,7/23/2014,1,BERW,80.15,Good
1004076,ARTHROPODA,INSECTA,DIPTERA,CHIRONOMIDAE,ABLABESMYIA,ABLABESMYIA,3406,5.0,1.0,,,,,SCS9-0921,2014,,2,BERW,,
1004077,ARTHROPODA,INSECTA,DIPTERA,CHIRONOMIDAE,ABLABESMYIA,ABLABESMYIA,3406,,,44.63983,-103.2941,RiversOther,Region_8,SDRO-1077,2014,7/23/2014,1,BERW,79.18,Good
1004078,ARTHROPODA,INSECTA,EPHEMEROPTERA,BAETIDAE,ACENTRELLA,ACENTRELLA,3407,3.0,1.0,40.3391,-110.3033,RiversOther,Region_8,UTRO-1036,2014,7/23/2014,1,BERW,46.55,Fair
1004079,ARTHROPODA,INSECTA,DIPTERA,CHIRONOMIDAE,ABLABESMYIA,ABLABESMYIA,3406,9.0,1.0,32.55527,-95.0233,LargeStreams,Region_6,TXLS-1115,2014,7/23/2014,1,BERW,55.23,Good
1004080,ARTHROPODA,INSECTA,DIPTERA,CHIRONOMIDAE,ABLABESMYIA,ABLABESMYIA,3406,1.0,1.0,43.94113,-108.049,SmallStreams,Region_8,WYS9-0933,2014,7/23/2014,1,BERW,57.58,Good
1004081,ARTHROPODA,INSECTA,DIPTERA,CERATOPOGONIDAE,,CERATOPOGONINAE,3567,4.0,1.0,44.83164,-107.9501,SmallStreams,Region_8,WYSS-1212,2014,7/23/2014,1,BERW,3.4,Poor
1004082,ARTHROPODA,MALACOSTRACA,AMPHIPODA,,,AMPHIPODA,3450,1.0,0.0,39.09749,-94.35166,SmallStreams,Region_7,MOS9-0934,2014,7/18/2014,1,BERW,7.15,Poor
1004083,ARTHROPODA,INSECTA,DIPTERA,CHIRONOMIDAE,ABLABESMYIA,ABLABESMYIA,3406,9.0,1.0,40.33135,-93.67325,SmallStreams,Region_7,MOSS-1165,2014,7/17/2014,1,BERW,25.35,Poor
1004084,ARTHROPODA,INSECTA,DIPTERA,CHIRONOMIDAE,ABLABESMYIA,ABLABESMYIA,3406,1.0,1.0,41.39509,-73.42908,LargeStreams,Region_1,CTLS-1045,2014,7/24/2014,1,BERW,23.3,Poor
1004085,ARTHROPODA,INSECTA,DIPTERA,CHIRONOMIDAE,ABLABESMYIA,ABLABESMYIA,3406,2.0,1.0,39.70012709,-75.63338589,RiversOther,Region_3,DER9-0901,2014,7/23/2014,1,BETB,18.48,Poor
1004086,ARTHROPODA,INSECTA,EPHEMEROPTERA,BAETIDAE,ACENTRELLA,ACENTRELLA,3407,19.0,1.0,,,,,MTRF-0008,2014,,1,BETB,,
1004087,ARTHROPODA,INSECTA,DIPTERA,CHIRONOMIDAE,ABLABESMYIA,ABLABESMYIA,3406,6.0,1.0,35.10401,-85.3609,RiversMajor,Region_4,TNR9-0903,2014,7/23/2014,1,BETB,18.25,Poor
1004088,ANNELIDA,OLIGOCHAETA,HAPLOTAXIDA,NAIDIDAE,BRATISLAVIA,BRATISLAVIA,3533,1.0,1.0,35.06895,-85.3396,RiversMajor,Region_4,TNRM-1003,2014,7/24/2014,1,BETB,3.33,Poor
1004089,ARTHROPODA,INSECTA,DIPTERA,CHIRONOMIDAE,ABLABESMYIA,ABLABESMYIA,3406,16.0,1.0,,,,,WVRF-0006,2014,,1,BETB,,
1004090,ARTHROPODA,INSECTA,DIPTERA,CHIRONOMIDAE,ABLABESMYIA,ABLABESMYIA,3406,4.0,1.0,31.77943,-83.01545,RiversMajor,Region_4,GARM-1004,2014,7/23/2014,1,BETB,58.67,Good
1004091,ARTHROPODA,INSECTA,EPHEMEROPTERA,CAENIDAE,AMERCAENIS,AMERCAENIS,3440,7.0,1.0,40.01724,-95.33155,RiversMajor,Region_7,NERM-1001,2014,7/24/2014,1,BETB,52.6,Good
1004092,ARTHROPODA,INSECTA,EPHEMEROPTERA,CAENIDAE,AMERCAENIS,AMERCAENIS,3440,1.0,1.0,41.64471,-96.09547,RiversMajor,Region_7,NERM-1005,2014,7/23/2014,1,BETB,49.63,Good
1004093,ARTHROPODA,INSECTA,EPHEMEROPTERA,BAETIDAE,ACENTRELLA,ACENTRELLA,3407,4.0,1.0,,,,,WYRF-0101,2014,,1,BERW,,
1004094,ARTHROPODA,INSECTA,DIPTERA,CHIRONOMIDAE,ABLABESMYIA,ABLABESMYIA,3406,3.0,1.0,43.34147,-83.62441,RiversOther,Region_5,MIR9-0904,2014,7/21/2014,1,BETB,79.92,Good
1004095,ARTHROPODA,MALACOSTRACA,AMPHIPODA,,,AMPHIPODA,3450,24.0,0.0,,,,,WAS9-0916,2014,,2,BERW,,
1004096,ARTHROPODA,INSECTA,DIPTERA,CHIRONOMIDAE,ABLABESMYIA,ABLABESMYIA,3406,5.0,1.0,44.97808,-89.63045,RiversMajor,Region_5,WIR9-0907,2014,7/24/2014,1,BETB,42.4,Good
1004097,ARTHROPODA,INSECTA,TRICHOPTERA,HYDROPSYCHIDAE,HYDROPSYCHE,HYDROPSYCHE,3844,1.0,1.0,41.46759546,-95.90930533,RiversOther,Region_7,IAR9-0914,2014,7/23/2014,1,BETB,20.62,Poor
1004098,ARTHROPODA,INSECTA,DIPTERA,CHIRONOMIDAE,ABLABESMYIA,ABLABESMYIA,3406,2.0,1.0,,,,,NHR9-0901,2014,,2,BETB,,
1004099,MOLLUSCA,GASTROPODA,BASOMMATOPHORA,ANCYLIDAE,,ANCYLIDAE,3458,1.0,0.0,31.5161,-95.11218,LargeStreams,Region_6,TXS9-0938,2014,7/24/2014,1,BERW,26.95,Poor
1004100,ARTHROPODA,INSECTA,EPHEMEROPTERA,BAETIDAE,ACENTRELLA,ACENTRELLA,3407,1.0,1.0,47.72753,-104.0921,RiversMajor,Region_8,MTRM-1010,2014,7/23/2014,1,BETB,72.77,Good
1004101,ARTHROPODA,INSECTA,EPHEMEROPTERA,CAENIDAE,CERCOBRACHYS,CERCOBRACHYS,3568,4.0,1.0,48.07661,-104.3912,RiversMajor,Region_8,MTR9-0903,2014,7/24/2014,1,BETB,44.98,Fair
1004102,ARTHROPODA,INSECTA,DIPTERA,CHIRONOMIDAE,ABLABESMYIA,ABLABESMYIA,3406,,,42.76846,-105.9736,LargeStreams,Region_8,WYS9-0936,2014,7/25/2014,1,BERW,86.95,Good
1004103,ARTHROPODA,INSECTA,DIPTERA,CHIRONOMIDAE,ABLABESMYIA,ABLABESMYIA,3406,8.0,1.0,41.66737,-85.942,RiversOther,Region_5,INRO-1025,2014,7/25/2014,1,BETB,32.52,Fair
1004104,ARTHROPODA,MALACOSTRACA,AMPHIPODA,,,AMPHIPODA,3450,3.0,0.0,41.33153,-73.1145,RiversOther,Region_1,CTRO-1022,2014,7/25/2014,1,BETB,20.12,Poor
1004105,ARTHROPODA,INSECTA,DIPTERA,CHIRONOMIDAE,ABLABESMYIA,ABLABESMYIA,3406,1.0,1.0,35.21876,-84.6515,RiversOther,Region_4,TNRO-1014,2014,7/25/2014,1,BETB,27.43,Poor
1004106,ARTHROPODA,INSECTA,DIPTERA,CHIRONOMIDAE,ABLABESMYIA,ABLABESMYIA,3406,4.0,1.0,41.77811,-106.207,LargeStreams,Region_8,WYLS-1104,2014,7/24/2014,1,BERW,59.47,Good
1004107,ARTHROPODA,INSECTA,DIPTERA,CHIRONOMIDAE,ABLABESMYIA,ABLABESMYIA,3406,28.0,1.0,41.18708,-105.7905,LargeStreams,Region_8,WYLS-1108,2014,7/25/2014,1,BERW,59.68,Good
1004108,ARTHROPODA,INSECTA,DIPTERA,CHIRONOMIDAE,AXARUS,AXARUS,3498,1.0,1.0,42.79185309,-96.60156764,RiversMajor,Region_7,IAR9-0901,2014,7/24/2014,1,BETB,48.03,Good
1004109,ARTHROPODA,INSECTA,DIPTERA,CHIRONOMIDAE,ABLABESMYIA,ABLABESMYIA,3406,,,35.54916,-86.95243,LargeStreams,Region_4,TNS9-0924,2014,7/25/2014,1,BERW,23.15,Poor
1004110,ARTHROPODA,INSECTA,EPHEMEROPTERA,BAETIDAE,BAETIS,BAETIS,3501,,,35.34623,-86.863,SmallStreams,Region_4,TNSS-1074,2014,7/24/2014,1,BERW,23.97,Poor
1004111,ARTHROPODA,INSECTA,TRICHOPTERA,GLOSSOSOMATIDAE,AGAPETUS,AGAPETUS,3421,,,40.63704,-122.7465,SmallStreams,Region_9,CASS-1183,2014,7/24/2014,1,BERW,55.3,Good
1004112,ARTHROPODA,INSECTA,DIPTERA,CHIRONOMIDAE,ABLABESMYIA,ABLABESMYIA,3406,1.0,1.0,40.87032,-122.8004,SmallStreams,Region_9,CASS-1313,2014,7/23/2014,1,BERW,53.23,Good
1004113,ARTHROPODA,INSECTA,TRICHOPTERA,GLOSSOSOMATIDAE,AGAPETUS,AGAPETUS,3421,24.0,1.0,37.72262414,-108.2352535,LargeStreams,Region_8,COS9-0927,2014,7/27/2014,1,BERW,39.93,Fair
1004114,ARTHROPODA,INSECTA,EPHEMEROPTERA,BAETIDAE,ACENTRELLA,ACENTRELLA,3407,5.0,1.0,47.24398,-115.761,LargeStreams,Region_10,IDLS-1081,2014,7/25/2014,1,BETB,73.47,Good
1004115,ARTHROPODA,INSECTA,EPHEMEROPTERA,AMELETIDAE,AMELETUS,AMELETUS,3439,2.0,1.0,45.84354422,-115.8445425,SmallStreams,Region_10,IDS9-0929,2014,7/27/2014,1,BERW,22.12,Poor
1004116,ARTHROPODA,INSECTA,COLEOPTERA,ELMIDAE,ANCYRONYX,ANCYRONYX,3459,1.0,1.0,41.39354,-71.8408,RiversOther,Region_1,RIR9-0902,2014,7/27/2014,1,BETB,84.5,Good
1004117,ARTHROPODA,INSECTA,DIPTERA,CHIRONOMIDAE,ABLABESMYIA,ABLABESMYIA,3406,1.0,1.0,43.5307,-104.101,RiversOther,Region_8,WYR9-0915,2014,7/27/2014,1,BERW,34.83,Poor
1004118,ARTHROPODA,INSECTA,EPHEMEROPTERA,BAETIDAE,BAETIS,BAETIS,3501,14.0,1.0,44.54551,-104.0954,LargeStreams,Region_8,WYLS-1085,2014,7/28/2014,1,BERW,15.57,Poor
1004119,ARTHROPODA,INSECTA,COLEOPTERA,ELMIDAE,ANCYRONYX,ANCYRONYX,3459,1.0,1.0,41.84447691,-72.6319959,RiversOther,Region_1,CTR9-0906,2014,7/28/2014,1,BETB,10.4,Poor
1004121,ARTHROPODA,INSECTA,EPHEMEROPTERA,BAETIDAE,ACENTRELLA,ACENTRELLA,3407,1.0,1.0,44.06054,-122.8951,RiversOther,Region_10,ORRO-1062,2014,7/28/2014,1,BETB,42.02,Fair
1004122,ARTHROPODA,INSECTA,HEMIPTERA,NAUCORIDAE,AMBRYSUS,AMBRYSUS,3438,1.0,1.0,46.11059,-106.4504,RiversOther,Region_8,MTR9-0915,2014,7/28/2014,1,BERW,79.55,Good
1004123,ARTHROPODA,INSECTA,EPHEMEROPTERA,BAETIDAE,ACENTRELLA,ACENTRELLA,3407,1.0,1.0,41.93221,-95.50535,RiversOther,Region_7,IARO-1016,2014,7/27/2014,1,BETB,32.6,Fair
1004124,ARTHROPODA,INSECTA,EPHEMEROPTERA,BAETIDAE,BAETIS,BAETIS,3501,14.0,1.0,,,,,COR9-0902,2014,,2,BETB,,
1004125,ANNELIDA,OLIGOCHAETA,HAPLOTAXIDA,TUBIFICIDAE,BRANCHIURA,BRANCHIURA,3532,5.0,1.0,38.34677,-121.9,LargeStreams,Region_9,CASS-1357,2014,7/28/2014,1,BERW,6.05,Poor
1004126,ARTHROPODA,INSECTA,DIPTERA,CHIRONOMIDAE,ABLABESMYIA,ABLABESMYIA,3406,1.0,1.0,36.78477,-93.71443,RiversOther,Region_7,MOR9-0907,2014,7/28/2014,1,BERW,63.38,Good
1004127,ARTHROPODA,INSECTA,DIPTERA,CHIRONOMIDAE,ABLABESMYIA,ABLABESMYIA,3406,2.0,1.0,,,,,MTRF-0007,2014,,1,BERW,,
1004128,ARTHROPODA,INSECTA,EPHEMEROPTERA,BAETIDAE,ACENTRELLA,ACENTRELLA,3407,10.0,1.0,,,,,MTRF-0106,2014,,1,BETB,,
1004129,ARTHROPODA,INSECTA,EPHEMEROPTERA,BAETIDAE,ACENTRELLA,ACENTRELLA,3407,10.0,1.0,,,,,MTRF-0107,2014,,1,BETB,,
1004130,ARTHROPODA,INSECTA,DIPTERA,CHIRONOMIDAE,ABLABESMYIA,ABLABESMYIA,3406,,,,,,,MTRF-0117,2014,,1,BETB,,
1004131,ARTHROPODA,INSECTA,HEMIPTERA,NAUCORIDAE,AMBRYSUS,AMBRYSUS,3438,1.0,1.0,42.01859,-114.5095,RiversOther,Region_10,IDRO-1056,2014,7/24/2014,1,BERW,54.88,Fair
1004132,ARTHROPODA,INSECTA,DIPTERA,CHIRONOMIDAE,ABLABESMYIA,ABLABESMYIA,3406,5.0,1.0,32.9748,-92.07644,RiversMajor,Region_6,LAR9-0901,2014,7/24/2014,1,BETB,40.67,Poor
1004133,ARTHROPODA,INSECTA,DIPTERA,CHIRONOMIDAE,ABLABESMYIA,ABLABESMYIA,3406,1.0,1.0,32.54806,-93.781,RiversOther,Region_6,LAR9-0906,2014,7/23/2014,1,BETB,8.38,Poor
1004134,ARTHROPODA,INSECTA,DIPTERA,CHIRONOMIDAE,ABLABESMYIA,ABLABESMYIA,3406,2.0,1.0,48.37846,-93.22726,LargeStreams,Region_5,MNS9-0936,2014,7/29/2014,1,BERW,46.55,Good
1004135,ARTHROPODA,INSECTA,DIPTERA,CHIRONOMIDAE,ABLABESMYIA,ABLABESMYIA,3406,1.0,1.0,46.91672,-101.6175,LargeStreams,Region_8,NDLS-1077,2014,7/29/2014,1,BERW,29.4,Poor
1004136,ANNELIDA,OLIGOCHAETA,HAPLOTAXIDA,TUBIFICIDAE,AULODRILUS,AULODRILUS,3496,26.0,1.0,41.89122923,-72.66210156,RiversOther,Region_1,CTR9-0901,2014,7/29/2014,1,BETB,8.12,Poor
1004137,ARTHROPODA,INSECTA,DIPTERA,CHIRONOMIDAE,ABLABESMYIA,ABLABESMYIA,3406,3.0,1.0,,,,,CTRF-0001,2014,,1,BERW,,
1004138,ARTHROPODA,INSECTA,DIPTERA,CHIRONOMIDAE,ABLABESMYIA,ABLABESMYIA,3406,7.0,1.0,44.62542,-105.3017,RiversOther,Region_8,WYR9-0905,2014,7/29/2014,1,BERW,44.97,Fair
1004139,ARTHROPODA,INSECTA,EPHEMEROPTERA,AMELETIDAE,AMELETUS,AMELETUS,3439,6.0,1.0,46.94766,-112.3603,SmallStreams,Region_8,MTSS-1305,2014,7/29/2014,1,BERW,86.92,Good
1004140,ARTHROPODA,INSECTA,PLECOPTERA,PERLIDAE,ACRONEURIA,ACRONEURIA,3412,2.0,1.0,41.53222,-80.30868,SmallStreams,Region_3,PASS-1168,2014,7/29/2014,1,BERW,59.5,Good
1004141,ANNELIDA,OLIGOCHAETA,HAPLOTAXIDA,TUBIFICIDAE,AULODRILUS,AULODRILUS,3496,11.0,1.0,42.47833,-89.05604,RiversMajor,Region_5,ILRM-1001,2014,7/29/2014,1,BETB,36.53,Fair
1004143,ARTHROPODA,INSECTA,TRICHOPTERA,GLOSSOSOMATIDAE,AGAPETUS,AGAPETUS,3421,7.0,1.0,40.11089,-121.1254,SmallStreams,Region_9,CASS-1350,2014,7/29/2014,1,BERW,43.32,Fair
1004144,ARTHROPODA,INSECTA,EPHEMEROPTERA,BAETIDAE,ACENTRELLA,ACENTRELLA,3407,,,43.02158,-95.04576,RiversOther,Region_7,IARO-1017,2014,7/28/2014,1,BETB,25.18,Poor
1004145,ARTHROPODA,ARACHNIDA,TROMBIDIFORMES,ARRENURIDAE,ARRENURUS,ARRENURUS,3481,,,48.04251,-104.7702,LargeStreams,Region_8,MTLS-1144,2014,7/29/2014,1,BERW,16.65,Poor
1004146,ARTHROPODA,INSECTA,DIPTERA,CHIRONOMIDAE,ABLABESMYIA,ABLABESMYIA,3406,2.0,1.0,34.09644,-95.89402,RiversOther,Region_6,OKRO-1102,2014,7/29/2014,1,BERW,63.08,Good
1004147,ARTHROPODA,INSECTA,EPHEMEROPTERA,BAETIDAE,ACENTRELLA,ACENTRELLA,3407,,,44.49071,-122.8137,RiversOther,Region_10,ORR9-0905,2014,7/29/2014,1,BETB,50.28,Good
1004148,ARTHROPODA,INSECTA,ODONATA,COENAGRIONIDAE,ARGIA,ARGIA,3476,1.0,1.0,44.05555,-96.98759,SmallStreams,Region_8,SDS9-0945,2014,7/29/2014,1,BERW,3.97,Poor
1004150,ARTHROPODA,INSECTA,DIPTERA,CHIRONOMIDAE,ABLABESMYIA,ABLABESMYIA,3406,1.0,1.0,30.2417,-96.18983,SmallStreams,Region_6,TXSS-1206,2014,7/29/2014,1,BERW,26.6,Fair
1004151,ARTHROPODA,INSECTA,EPHEMEROPTERA,BAETIDAE,CENTROPTILUM,CENTROPTILUM,3564,1.0,1.0,42.80418,-97.17051,RiversMajor,Region_7,NERM-1008,2014,7/29/2014,1,BETB,13.5,Poor
1004152,ARTHROPODA,INSECTA,EPHEMEROPTERA,BAETIDAE,ACENTRELLA,ACENTRELLA,3407,,,,,,,UTS9-0928,2014,,2,BERW,,
1004153,ARTHROPODA,INSECTA,EPHEMEROPTERA,BAETIDAE,ACENTRELLA,ACENTRELLA,3407,3.0,1.0,39.18629,-108.9048,RiversMajor,Region_8,CORM-1001,2014,7/29/2014,1,BETB,69.07,Good
1004154,ARTHROPODA,INSECTA,DIPTERA,CHIRONOMIDAE,ABLABESMYIA,ABLABESMYIA,3406,,,40.65367,-79.94249,SmallStreams,Region_3,PAS9-0925,2014,7/30/2014,1,BERW,13.67,Poor
1004155,ARTHROPODA,INSECTA,EPHEMEROPTERA,BAETIDAE,,BAETIDAE,3500,,,43.45106299,-94.86715932,RiversMajor,Region_7,IAR9-0904,2014,7/29/2014,1,BETB,50.93,Good
1004156,ARTHROPODA,INSECTA,DIPTERA,CHIRONOMIDAE,ABLABESMYIA,ABLABESMYIA,3406,5.0,1.0,42.63171,-72.129,LargeStreams,Region_1,MAS9-0914,2014,7/30/2014,1,BETB,36.4,Poor
1004157,ARTHROPODA,INSECTA,DIPTERA,CHIRONOMIDAE,ABLABESMYIA,ABLABESMYIA,3406,19.0,1.0,39.63649,-75.73171,LargeStreams,Region_3,DELS-1027,2014,7/30/2014,1,BERW,57.23,Good
1004158,ARTHROPODA,INSECTA,DIPTERA,CHIRONOMIDAE,ABLABESMYIA,ABLABESMYIA,3406,4.0,1.0,41.90002,-89.48215,RiversMajor,Region_5,ILR9-0907,2014,7/30/2014,1,BETB,46.58,Good
1004159,ARTHROPODA,INSECTA,DIPTERA,CHIRONOMIDAE,ABLABESMYIA,ABLABESMYIA,3406,9.0,1.0,48.47239,-93.8026,LargeStreams,Region_5,MNS9-0937,2014,7/30/2014,1,BETB,43.57,Good
1004160,ARTHROPODA,INSECTA,PLECOPTERA,PERLIDAE,ACRONEURIA,ACRONEURIA,3412,1.0,1.0,,,,,MOR9-0904,2014,,2,BETB,,
1004161,ARTHROPODA,INSECTA,EPHEMEROPTERA,BAETIDAE,ACERPENNA,ACERPENNA,3408,7.0,1.0,37.2756,-92.44534,RiversMajor,Region_7,MORM-1004,2014,7/29/2014,1,BERW,67.35,Good
1004162,ARTHROPODA,INSECTA,ODONATA,AESHNIDAE,,AESHNIDAE,3418,1.0,1.0,45.05171,-105.2143,LargeStreams,Region_8,MTS9-0938,2014,7/30/2014,1,BERW,33.07,Poor
1004163,MOLLUSCA,GASTROPODA,BASOMMATOPHORA,ANCYLIDAE,,ANCYLIDAE,3458,1.0,1.0,30.47115,-96.13824,RiversOther,Region_6,TXR9-0921,2014,7/30/2014,1,BETB,44.78,Fair
1004164,ARTHROPODA,INSECTA,EPHEMEROPTERA,AMELETIDAE,AMELETUS,AMELETUS,3439,1.0,1.0,48.51599,-121.9798,RiversOther,Region_10,WARO-1039,2014,7/30/2014,1,BETB,1.73,Poor
1004165,ARTHROPODA,INSECTA,DIPTERA,CHIRONOMIDAE,ABLABESMYIA,ABLABESMYIA,3406,,,,,,,WYS9-0937,2014,,2,BERW,,
1004166,ARTHROPODA,INSECTA,DIPTERA,CHIRONOMIDAE,ABLABESMYIA,ABLABESMYIA,3406,1.0,1.0,44.57821,-106.4505,RiversOther,Region_8,WYRO-1043,2014,7/30/2014,1,BERW,73.0,Good
1004167,ARTHROPODA,INSECTA,EPHEMEROPTERA,BAETIDAE,ACENTRELLA,ACENTRELLA,3407,2.0,1.0,48.52326545,-122.0543156,SmallStreams,Region_10,WAR9-0903,2014,7/29/2014,1,BETB,16.1,Poor
1004168,ARTHROPODA,INSECTA,DIPTERA,CHIRONOMIDAE,ABLABESMYIA,ABLABESMYIA,3406,2.0,1.0,37.21494,-89.74896,RiversOther,Region_7,MORO-1047,2014,7/31/2014,1,BETB,54.73,Fair
1004169,ANNELIDA,OLIGOCHAETA,HAPLOTAXIDA,TUBIFICIDAE,AULODRILUS,AULODRILUS,3496,1.0,1.0,,,,,NER9-0914,2014,,2,BETB,,
1004170,ARTHROPODA,INSECTA,EPHEMEROPTERA,CAENIDAE,CAENIS,CAENIS,3542,,,42.72253,-96.87167,RiversMajor,Region_7,NERM-1004,2014,7/30/2014,1,BETB,0.0,Poor
1004171,ARTHROPODA,INSECTA,DIPTERA,CHIRONOMIDAE,ABLABESMYIA,ABLABESMYIA,3406,2.0,1.0,44.0246,-88.79457,RiversOther,Region_5,WIRO-1043,2014,7/31/2014,1,BETB,22.47,Poor
1004172,ARTHROPODA,INSECTA,DIPTERA,CHIRONOMIDAE,ABLABESMYIA,ABLABESMYIA,3406,2.0,1.0,41.88251,-71.34201,LargeStreams,Region_1,RILS-1024,2014,7/31/2014,1,BETB,18.98,Poor
1004173,ARTHROPODA,INSECTA,DIPTERA,CHIRONOMIDAE,ABLABESMYIA,ABLABESMYIA,3406,1.0,1.0,41.88014,-71.3813,RiversOther,Region_1,RIR9-0901,2014,7/31/2014,1,BETB,15.17,Poor
1004174,ARTHROPODA,INSECTA,EPHEMEROPTERA,BAETIDAE,ACENTRELLA,ACENTRELLA,3407,5.0,1.0,43.26844196,-96.21303223,RiversOther,Region_7,IAR9-0907,2014,7/30/2014,1,BETB,29.18,Fair
1004175,ARTHROPODA,INSECTA,ODONATA,AESHNIDAE,AESHNA,AESHNA,3417,1.0,1.0,41.6051,-89.83285,SmallStreams,Region_5,ILSS-1119,2014,7/31/2014,1,BERW,25.68,Poor
1004176,ARTHROPODA,INSECTA,DIPTERA,CHIRONOMIDAE,ABLABESMYIA,ABLABESMYIA,3406,1.0,1.0,32.52848,-92.04399,LargeStreams,Region_6,LAS9-0949,2014,7/29/2014,1,BETB,16.0,Poor
1004177,ARTHROPODA,INSECTA,EPHEMEROPTERA,AMELETIDAE,AMELETUS,AMELETUS,3439,14.0,1.0,48.00505,-116.0017,LargeStreams,Region_8,MTS9-0922,2014,7/31/2014,1,BERW,62.1,Good
1004178,ARTHROPODA,INSECTA,DIPTERA,CHIRONOMIDAE,ABLABESMYIA,ABLABESMYIA,3406,10.0,1.0,47.12958,-102.2342,RiversOther,Region_8,NDR9-0902,2014,7/31/2014,1,BERW,55.42,Fair
1004179,ARTHROPODA,INSECTA,DIPTERA,CHIRONOMIDAE,ABLABESMYIA,ABLABESMYIA,3406,5.0,1.0,43.69165,-97.96684,RiversMajor,Region_8,SDRM-1004,2014,7/31/2014,1,BETB,42.67,Good
1004180,ARTHROPODA,INSECTA,TRICHOPTERA,GLOSSOSOMATIDAE,AGAPETUS,AGAPETUS,3421,,,41.55364,-121.9247,LargeStreams,Region_9,CALS-1120,2014,7/30/2014,1,BERW,44.63,Fair
1004181,ARTHROPODA,INSECTA,DIPTERA,CERATOPOGONIDAE,ATRICHOPOGON,ATRICHOPOGON,3491,,,41.29989,-122.1188,SmallStreams,Region_9,CASS-1275,2014,7/31/2014,1,BERW,23.33,Poor
1004182,ARTHROPODA,INSECTA,DIPTERA,CHIRONOMIDAE,ABLABESMYIA,ABLABESMYIA,3406,2.0,1.0,41.71376,-89.90675,RiversMajor,Region_5,ILRM-1002,2014,8/1/2014,1,BETB,50.67,Good
1004184,ARTHROPODA,INSECTA,EPHEMEROPTERA,BAETIDAE,ACENTRELLA,ACENTRELLA,3407,17.0,1.0,42.90837,-100.4519,RiversMajor,Region_7,NERM-1007,2014,8/4/2014,1,BERW,88.38,Good
1004185,ARTHROPODA,INSECTA,EPHEMEROPTERA,BAETIDAE,APOBAETIS,APOBAETIS,3468,1.0,1.0,,,,,IAR9-0914,2014,,2,BETB,,
1004186,ARTHROPODA,INSECTA,EPHEMEROPTERA,AMELETIDAE,AMELETUS,AMELETUS,3439,2.0,1.0,44.80779,-115.9302,SmallStreams,Region_10,IDSS-1128,2014,7/30/2014,1,BERW,71.87,Good
1004187,ARTHROPODA,INSECTA,TRICHOPTERA,HYDROPTILIDAE,AGRAYLEA,AGRAYLEA,3425,3.0,1.0,45.33148348,-115.9499493,SmallStreams,Region_10,IDS9-0920,2014,7/31/2014,1,BERW,52.38,Good
1004188,ARTHROPODA,INSECTA,DIPTERA,CHIRONOMIDAE,ABLABESMYIA,ABLABESMYIA,3406,2.0,1.0,47.32471,-97.0366,LargeStreams,Region_8,NDS9-0942,2014,8/4/2014,1,BERW,21.78,Poor
1004189,ARTHROPODA,INSECTA,DIPTERA,CHIRONOMIDAE,ABLABESMYIA,ABLABESMYIA,3406,1.0,1.0,34.36535,-94.46714,SmallStreams,Region_6,OKSS-1403,2014,8/4/2014,1,BERW,45.0,Good
1004190,ARTHROPODA,INSECTA,DIPTERA,CHIRONOMIDAE,ABLABESMYIA,ABLABESMYIA,3406,12.0,1.0,31.6532,-94.83843,SmallStreams,Region_6,TXSS-1215,2014,8/4/2014,1,BERW,34.57,Poor
1004191,ARTHROPODA,INSECTA,DIPTERA,CHIRONOMIDAE,ABLABESMYIA,ABLABESMYIA,3406,1.0,1.0,44.68674,-92.69129,RiversMajor,Region_5,WIR9-0901,2014,8/4/2014,1,BETB,8.65,Poor
1004192,ARTHROPODA,INSECTA,DIPTERA,CHIRONOMIDAE,ABLABESMYIA,ABLABESMYIA,3406,1.0,1.0,43.05631,-85.59421,RiversOther,Region_5,MIR9-0901,2014,8/4/2014,1,BETB,17.35,Poor
1004193,ARTHROPODA,INSECTA,EPHEMEROPTERA,BAETIDAE,,BAETIDAE,3500,2.0,0.0,34.03242,-84.15734,RiversMajor,Region_4,GARM-1006,2014,8/5/2014,1,BETB,24.48,Poor
1004194,ARTHROPODA,INSECTA,DIPTERA,CHIRONOMIDAE,ABLABESMYIA,ABLABESMYIA,3406,6.0,1.0,46.56604,-107.9657,RiversMajor,Region_8,MTR9-0904,2014,8/5/2014,1,BETB,84.95,Good
1004195,ARTHROPODA,INSECTA,DIPTERA,CHIRONOMIDAE,ABLABESMYIA,ABLABESMYIA,3406,1.0,1.0,44.4222,-92.08192,RiversMajor,Region_5,WIRM-1002,2014,8/5/2014,1,BETB,38.43,Good
1004196,ARTHROPODA,INSECTA,DIPTERA,CHIRONOMIDAE,ABLABESMYIA,ABLABESMYIA,3406,18.0,1.0,39.97321,-94.31803,SmallStreams,Region_7,MOSS-1163,2014,8/5/2014,1,BERW,24.35,Poor
1004197,ARTHROPODA,INSECTA,DIPTERA,CHIRONOMIDAE,ABLABESMYIA,ABLABESMYIA,3406,1.0,1.0,,,,,MSR9-0908,2014,,2,BETB,,
1004198,ARTHROPODA,INSECTA,DIPTERA,CHIRONOMIDAE,ABLABESMYIA,ABLABESMYIA,3406,8.0,1.0,32.2913,-91.82665,LargeStreams,Region_6,LALS-1037,2014,8/5/2014,1,BERW,20.08,Poor
1004199,ARTHROPODA,INSECTA,DIPTERA,CHIRONOMIDAE,ABLABESMYIA,ABLABESMYIA,3406,3.0,1.0,41.53328,-89.10373,LargeStreams,Region_5,ILLS-1070,2014,8/5/2014,1,BERW,21.18,Poor
1004200,ARTHROPODA,MALACOSTRACA,AMPHIPODA,,,AMPHIPODA,3450,12.0,0.0,42.9766,-85.51225,RiversOther,Region_5,MIRO-1022,2014,8/5/2014,1,BETB,42.35,Good
1004201,ARTHROPODA,INSECTA,DIPTERA,CHIRONOMIDAE,AXARUS,AXARUS,3498,1.0,1.0,,,,,IAR9-0901,2014,,2,BETB,,
1004202,ARTHROPODA,INSECTA,EPHEMEROPTERA,BAETIDAE,ACENTRELLA,ACENTRELLA,3407,21.0,1.0,45.01191,-109.0605,RiversOther,Region_8,MTSS-1290,2014,8/5/2014,1,BERW,47.65,Fair
1004203,ARTHROPODA,INSECTA,DIPTERA,CHIRONOMIDAE,ABLABESMYIA,ABLABESMYIA,3406,2.0,1.0,44.73549,-96.953,LargeStreams,Region_8,SDLS-1120,2014,8/5/2014,1,BERW,30.65,Fair
1004204,ARTHROPODA,INSECTA,EPHEMEROPTERA,AMELETIDAE,AMELETUS,AMELETUS,3439,23.0,1.0,,,,,ORS9-0931,2014,,2,BERW,,
1004205,ARTHROPODA,INSECTA,DIPTERA,CHIRONOMIDAE,ABLABESMYIA,ABLABESMYIA,3406,1.0,1.0,48.17576,-97.69986,RiversOther,Region_8,NDR9-0904,2014,8/5/2014,1,BERW,38.07,Fair
1004206,ARTHROPODA,INSECTA,DIPTERA,CHIRONOMIDAE,ABLABESMYIA,ABLABESMYIA,3406,,,42.9629,-99.50453,RiversOther,Region_7,NERO-1045,2014,8/5/2014,1,BERW,64.55,Good
1004207,ARTHROPODA,INSECTA,DIPTERA,CHIRONOMIDAE,ABLABESMYIA,ABLABESMYIA,3406,1.0,1.0,42.93652,-98.81808,LargeStreams,Region_7,NES9-0936,2014,8/5/2014,1,BERW,79.98,Good
1004208,ARTHROPODA,ARACHNIDA,,,,ARACHNIDA,3472,1.0,1.0,33.29424,-94.05902,RiversOther,Region_6,TXR9-0919,2014,8/5/2014,1,BETB,44.95,Fair
1004209,ARTHROPODA,INSECTA,DIPTERA,CHIRONOMIDAE,ABLABESMYIA,ABLABESMYIA,3406,4.0,1.0,41.91258,-120.9213,LargeStreams,Region_9,CALS-1116,2014,8/5/2014,1,BERW,8.13,Poor
1004210,ARTHROPODA,INSECTA,DIPTERA,CHIRONOMIDAE,ABLABESMYIA,ABLABESMYIA,3406,1.0,1.0,39.92804,-87.42776,RiversMajor,Region_5,INRM-1002,2014,8/5/2014,1,BETB,47.8,Good
1004211,ARTHROPODA,INSECTA,EPHEMEROPTERA,AMELETIDAE,AMELETUS,AMELETUS,3439,4.0,1.0,48.75285,-117.5499,SmallStreams,Region_10,WASS-1146,2014,8/5/2014,1,BERW,51.07,Good
1004212,ARTHROPODA,INSECTA,DIPTERA,CHIRONOMIDAE,ABLABESMYIA,ABLABESMYIA,3406,6.0,1.0,46.84535,-96.62036,RiversOther,Region_5,MNRO-1053,2014,8/6/2014,1,BETB,38.08,Fair
1004213,ARTHROPODA,INSECTA,DIPTERA,CHIRONOMIDAE,ABLABESMYIA,ABLABESMYIA,3406,1.0,1.0,40.87469553,-91.04809262,RiversMajor,Region_7,IAR9-0908,2014,8/1/2014,1,BETB,26.0,Poor
1004214,ARTHROPODA,INSECTA,DIPTERA,CHIRONOMIDAE,ABLABESMYIA,ABLABESMYIA,3406,1.0,1.0,41.83267,-71.46914,LargeStreams,Region_1,RIS9-0913,2014,8/6/2014,1,BERW,22.55,Poor
1004215,ARTHROPODA,INSECTA,EPHEMEROPTERA,BAETIDAE,ACENTRELLA,ACENTRELLA,3407,2.0,1.0,,,,,MTRF-0102,2014,,1,BETB,,
1004216,ARTHROPODA,INSECTA,EPHEMEROPTERA,BAETIDAE,ACENTRELLA,ACENTRELLA,3407,7.0,1.0,,,,,MTRF-0105,2014,,1,BETB,,
1004217,ARTHROPODA,INSECTA,DIPTERA,CERATOPOGONIDAE,,CERATOPOGONIDAE,3566,1.0,0.0,35.95145,-83.55066,RiversOther,Region_4,TNR9-0902,2014,8/5/2014,1,BETB,1.25,Poor
1004218,ARTHROPODA,INSECTA,DIPTERA,CHIRONOMIDAE,ABLABESMYIA,ABLABESMYIA,3406,1.0,1.0,35.39696,-84.27656,LargeStreams,Region_4,TNS9-0919,2014,8/4/2014,1,BERW,57.82,Good
1004219,ARTHROPODA,INSECTA,DIPTERA,CHIRONOMIDAE,ABLABESMYIA,ABLABESMYIA,3406,5.0,1.0,40.82178,-87.82629,RiversOther,Region_5,ILRO-1026,2014,8/6/2014,1,BETB,36.82,Fair
1004222,ARTHROPODA,INSECTA,DIPTERA,CHIRONOMIDAE,ABLABESMYIA,ABLABESMYIA,3406,1.0,1.0,43.49761688,-92.19012324,LargeStreams,Region_7,IAS9-0929,2014,8/5/2014,1,BETB,55.37,Good
1004223,ARTHROPODA,INSECTA,EPHEMEROPTERA,BAETIDAE,ACENTRELLA,ACENTRELLA,3407,14.0,1.0,,,,,MTLS-1164,2014,,1,BERW,,
1004224,ARTHROPODA,INSECTA,DIPTERA,CHIRONOMIDAE,ABLABESMYIA,ABLABESMYIA,3406,3.0,1.0,46.78492,-108.5939,LargeStreams,Region_8,MTS9-0943,2014,8/4/2014,1,BERW,71.95,Good
1004225,ARTHROPODA,INSECTA,DIPTERA,CHIRONOMIDAE,ABLABESMYIA,ABLABESMYIA,3406,6.0,1.0,,,,,DES9-0905,2014,,2,BETB,,
1004226,ARTHROPODA,INSECTA,DIPTERA,CHIRONOMIDAE,ABLABESMYIA,ABLABESMYIA,3406,8.0,1.0,,,,,RIRF-0001,2014,,1,BETB,,
1004227,ARTHROPODA,INSECTA,DIPTERA,CHIRONOMIDAE,ABLABESMYIA,ABLABESMYIA,3406,1.0,1.0,43.02234,-86.02397,RiversOther,Region_5,MIR9-0905,2014,8/6/2014,1,BETB,26.43,Fair
1004228,ARTHROPODA,INSECTA,DIPTERA,CHIRONOMIDAE,ABLABESMYIA,ABLABESMYIA,3406,3.0,1.0,40.1564,-92.3149,SmallStreams,Region_7,MOSS-1161,2014,8/6/2014,1,BERW,15.9,Poor
1004229,ARTHROPODA,INSECTA,DIPTERA,CHIRONOMIDAE,ABLABESMYIA,ABLABESMYIA,3406,2.0,1.0,32.61179,-95.48269,RiversMajor,Region_6,TXRM-1016,2014,8/6/2014,1,BETB,43.85,Fair
1004230,ARTHROPODA,INSECTA,EPHEMEROPTERA,BAETIDAE,ACENTRELLA,ACENTRELLA,3407,,,44.13017,-122.1306,SmallStreams,Region_10,ORSS-1169,2014,8/6/2014,1,BERW,67.02,Good
1004231,ARTHROPODA,INSECTA,DIPTERA,CHIRONOMIDAE,ABLABESMYIA,ABLABESMYIA,3406,1.0,1.0,,,,,LAR9-0901,2014,,2,BETB,,
1004232,ARTHROPODA,INSECTA,DIPTERA,CHIRONOMIDAE,ABLABESMYIA,ABLABESMYIA,3406,1.0,1.0,46.35963,-105.814,RiversOther,Region_8,MTR9-0906,2014,8/6/2014,1,BETB,84.78,Good
1004233,ARTHROPODA,INSECTA,EPHEMEROPTERA,BAETIDAE,CAMELOBAETIDIUS,CAMELOBAETIDIUS,3551,2.0,1.0,46.34324,-105.8019,RiversOther,Region_8,MTRO-1073,2014,8/6/2014,1,BETB,82.5,Good
1004234,ARTHROPODA,INSECTA,DIPTERA,CHIRONOMIDAE,ABLABESMYIA,ABLABESMYIA,3406,1.0,1.0,46.11629,-97.38506,RiversOther,Region_8,NDR9-0901,2014,8/6/2014,1,BERW,47.05,Good
1004235,ARTHROPODA,INSECTA,DIPTERA,CHIRONOMIDAE,ABLABESMYIA,ABLABESMYIA,3406,1.0,1.0,45.35232,-96.70891,RiversOther,Region_8,SDR9-0916,2014,8/6/2014,1,BERW,39.28,Fair
1004236,ARTHROPODA,INSECTA,TRICHOPTERA,BRACHYCENTRIDAE,AMIOCENTRUS,AMIOCENTRUS,3445,1.0,1.0,48.19887,-117.5957,LargeStreams,Region_10,WALS-1073,2014,8/6/2014,1,BERW,75.52,Good
1004237,ARTHROPODA,INSECTA,DIPTERA,CHIRONOMIDAE,ABLABESMYIA,ABLABESMYIA,3406,3.0,1.0,32.513841,-81.61018979,RiversMajor,Region_4,GAR9-0910,2014,8/6/2014,1,BETB,66.6,Good
1004238,ARTHROPODA,INSECTA,DIPTERA,CHIRONOMIDAE,ABLABESMYIA,ABLABESMYIA,3406,1.0,1.0,,,,,NHRF-0004,2014,,1,BERW,,
1004239,ARTHROPODA,INSECTA,DIPTERA,CHIRONOMIDAE,ABLABESMYIA,ABLABESMYIA,3406,8.0,1.0,31.07464,-87.08873,RiversOther,Region_4,ALRO-1023,2014,8/7/2014,1,BETB,58.0,Good
1004240,ARTHROPODA,ARACHNIDA,TROMBIDIFORMES,ARRENURIDAE,ARRENURUS,ARRENURUS,3481,,,,,,,ILS9-0928,2014,,2,BERW,,
1004241,ARTHROPODA,MALACOSTRACA,ISOPODA,ASELLIDAE,CAECIDOTEA,CAECIDOTEA,3540,1.0,1.0,43.10975481,-91.17645261,RiversMajor,Region_7,IAR9-0906,2014,8/7/2014,1,BETB,30.43,Fair
1004242,ARTHROPODA,INSECTA,DIPTERA,CHIRONOMIDAE,ABLABESMYIA,ABLABESMYIA,3406,3.0,1.0,,,,,MSS9-0919,2014,,2,BERW,,
1004243,ARTHROPODA,INSECTA,DIPTERA,CHIRONOMIDAE,ABLABESMYIA,ABLABESMYIA,3406,2.0,1.0,39.06637,-77.38957,RiversMajor,Region_3,MDR9-0901,2014,8/7/2014,1,BETB,31.48,Fair
1004244,ARTHROPODA,INSECTA,DIPTERA,CHIRONOMIDAE,ABLABESMYIA,ABLABESMYIA,3406,3.0,1.0,43.09286,-91.17658,RiversMajor,Region_7,IARM-1002,2014,8/8/2014,1,BETB,22.13,Poor
1004245,ARTHROPODA,INSECTA,ODONATA,COENAGRIONIDAE,ARGIA,ARGIA,3476,2.0,1.0,40.07208,-97.24108,LargeStreams,Region_7,NES9-0935,2014,8/8/2014,1,BERW,59.75,Good
1004246,ARTHROPODA,INSECTA,PLECOPTERA,PERLIDAE,ACRONEURIA,ACRONEURIA,3412,2.0,1.0,46.06435,-105.0682,RiversOther,Region_8,MTRO-1065,2014,8/7/2014,1,BETB,65.17,Good
1004247,ARTHROPODA,INSECTA,DIPTERA,CHIRONOMIDAE,ABLABESMYIA,ABLABESMYIA,3406,1.0,1.0,42.94804,-99.44767,RiversOther,Region_7,NER9-0909,2014,8/6/2014,1,BERW,79.7,Good
1004248,ARTHROPODA,INSECTA,DIPTERA,CHIRONOMIDAE,ABLABESMYIA,ABLABESMYIA,3406,4.0,1.0,36.40331,-84.0483,SmallStreams,Region_4,TNS9-0927,2014,8/6/2014,1,BERW,34.23,Fair
1004249,ARTHROPODA,INSECTA,DIPTERA,CHIRONOMIDAE,ABLABESMYIA,ABLABESMYIA,3406,6.0,1.0,32.64696,-90.33467,SmallStreams,Region_4,MSS9-0912,2014,8/8/2014,1,BERW,38.17,Poor
1004250,ARTHROPODA,INSECTA,DIPTERA,CHIRONOMIDAE,ABLABESMYIA,ABLABESMYIA,3406,3.0,1.0,36.12508,-83.18162,RiversOther,Region_4,TNR9-0905,2014,8/7/2014,1,BETB,39.53,Fair
1004251,ARTHROPODA,INSECTA,DIPTERA,CHIRONOMIDAE,ABLABESMYIA,ABLABESMYIA,3406,6.0,1.0,35.67847,-84.89154,SmallStreams,Region_4,TNS9-0921,2014,8/8/2014,1,BERW,31.17,Fair
1004252,ARTHROPODA,INSECTA,EPHEMEROPTERA,BAETIDAE,BAETIS,BAETIS,3501,3.0,1.0,44.84403732,-113.8166768,SmallStreams,Region_10,IDS9-0925,2014,8/7/2014,1,BERW,18.4,Poor
1004253,ARTHROPODA,INSECTA,EPHEMEROPTERA,BAETIDAE,ACENTRELLA,ACENTRELLA,3407,1.0,1.0,45.60399,-113.9651,LargeStreams,Region_10,IDLS-1074,2014,8/8/2014,1,BERW,57.28,Good
1004254,ARTHROPODA,INSECTA,TRICHOPTERA,BRACHYCENTRIDAE,AMIOCENTRUS,AMIOCENTRUS,3445,1.0,1.0,45.11921,-113.7782,RiversOther,Region_10,IDRO-1046,2014,8/5/2014,1,BERW,38.55,Fair
1004255,ARTHROPODA,ARACHNIDA,TROMBIDIFORMES,HYGROBATIDAE,ATRACTIDES,ATRACTIDES,3490,1.0,1.0,45.13322891,-113.8008196,RiversOther,Region_10,IDR9-0912,2014,8/6/2014,1,BERW,32.22,Poor
1004256,ARTHROPODA,INSECTA,DIPTERA,CHIRONOMIDAE,ABLABESMYIA,ABLABESMYIA,3406,6.0,1.0,41.40065,-71.7311,RiversOther,Region_1,RIRO-1002,2014,8/10/2014,1,BETB,36.37,Poor
1004257,ARTHROPODA,INSECTA,DIPTERA,CHIRONOMIDAE,ABLABESMYIA,ABLABESMYIA,3406,1.0,1.0,,,,,RIR9-0902,2014,,2,BETB,,
1004258,ARTHROPODA,INSECTA,DIPTERA,CHIRONOMIDAE,ABLABESMYIA,ABLABESMYIA,3406,2.0,1.0,42.45575,-72.88497,LargeStreams,Region_1,MAS9-0915,2014,8/11/2014,1,BERW,73.9,Good
1004259,ARTHROPODA,INSECTA,COLEOPTERA,HYDROPHILIDAE,ANACAENA,ANACAENA,3453,,,43.36601,-111.4188,LargeStreams,Region_10,IDLS-1083,2014,8/8/2014,1,BERW,41.45,Fair
1004260,ARTHROPODA,INSECTA,EPHEMEROPTERA,BAETIDAE,ACENTRELLA,ACENTRELLA,3407,,,42.81658,-111.5148,RiversOther,Region_10,IDRO-1051,2014,8/11/2014,1,BERW,62.42,Good
1004261,ARTHROPODA,INSECTA,TRICHOPTERA,HYDROPTILIDAE,AGRAYLEA,AGRAYLEA,3425,1.0,1.0,43.12051,-111.9117,RiversOther,Region_10,IDRO-1055,2014,8/10/2014,1,BETB,69.17,Good
1004262,ARTHROPODA,INSECTA,TRICHOPTERA,APATANIIDAE,APATANIA,APATANIA,3466,9.0,1.0,,,,,IDRF-0102,2014,,1,BETB,,
1004263,ARTHROPODA,INSECTA,EPHEMEROPTERA,BAETIDAE,ACENTRELLA,ACENTRELLA,3407,4.0,1.0,,,,,MTRF-0115,2014,,1,BETB,,
1004264,ARTHROPODA,INSECTA,TRICHOPTERA,BRACHYCENTRIDAE,AMIOCENTRUS,AMIOCENTRUS,3445,1.0,1.0,,,,,MTRF-0110,2014,,1,BERW,,
1004265,ARTHROPODA,INSECTA,EPHEMEROPTERA,BAETIDAE,ACENTRELLA,ACENTRELLA,3407,17.0,1.0,,,,,MTRF-0116,2014,,1,BETB,,
1004266,ARTHROPODA,INSECTA,EPHEMEROPTERA,BAETIDAE,BAETIS,BAETIS,3501,1.0,1.0,42.82805,-91.37593,RiversOther,Region_7,IARO-1014,2014,8/11/2014,1,BETB,27.1,Fair
1004267,ARTHROPODA,INSECTA,DIPTERA,CHIRONOMIDAE,AXARUS,AXARUS,3498,2.0,1.0,33.87103,-95.43251,RiversMajor,Region_6,OKRM-1020,2014,8/11/2014,1,BETB,38.72,Poor
1004268,ARTHROPODA,INSECTA,HEMIPTERA,NAUCORIDAE,AMBRYSUS,AMBRYSUS,3438,11.0,1.0,,,,,CAR9-0901,2014,,2,BETB,,
1004269,ARTHROPODA,INSECTA,ODONATA,COENAGRIONIDAE,ARGIA,ARGIA,3476,3.0,1.0,36.43374,-83.12249,LargeStreams,Region_4,TNLS-1032,2014,8/10/2014,1,BERW,53.58,Good
1004270,ARTHROPODA,INSECTA,DIPTERA,CHIRONOMIDAE,ABLABESMYIA,ABLABESMYIA,3406,2.0,1.0,35.8291,-83.48464,SmallStreams,Region_4,TNS9-0922,2014,8/11/2014,1,BERW,44.83,Fair
1004271,ARTHROPODA,MALACOSTRACA,AMPHIPODA,GAMMARIDAE,AMERICOROPHIUM,AMERICOROPHIUM,3442,,,43.65161,-123.9032,RiversMajor,Region_10,ORRM-1007,2014,8/11/2014,1,BETB,7.15,Poor
1004272,ARTHROPODA,INSECTA,ODONATA,COENAGRIONIDAE,ARGIA,ARGIA,3476,2.0,1.0,32.08681,-90.94759,RiversMajor,Region_4,MSR9-0904,2014,8/11/2014,1,BETB,14.05,Poor
1004273,ARTHROPODA,INSECTA,DIPTERA,CHIRONOMIDAE,ABLABESMYIA,ABLABESMYIA,3406,1.0,1.0,,,,,DER9-0901,2014,,2,BETB,,
1004274,ARTHROPODA,INSECTA,COLEOPTERA,ELMIDAE,ANCYRONYX,ANCYRONYX,3459,1.0,1.0,,,,,CTR9-0901,2014,,2,BETB,,
1004275,ANNELIDA,OLIGOCHAETA,HAPLOTAXIDA,TUBIFICIDAE,AULODRILUS,AULODRILUS,3496,6.0,1.0,,,,,CTR9-0906,2014,,2,BETB,,
1004276,ARTHROPODA,INSECTA,DIPTERA,CHIRONOMIDAE,ABLABESMYIA,ABLABESMYIA,3406,2.0,1.0,43.47283,-92.28034,LargeStreams,Region_7,IALS-1049,2014,8/12/2014,1,BETB,16.75,Poor
1004277,ARTHROPODA,INSECTA,EPHEMEROPTERA,BAETIDAE,CALLIBAETIS,CALLIBAETIS,3544,1.0,1.0,34.1366,-94.68233,RiversOther,Region_6,OKRO-1103,2014,8/12/2014,1,BETB,26.22,Poor
1004278,ARTHROPODA,INSECTA,DIPTERA,CHIRONOMIDAE,ABLABESMYIA,ABLABESMYIA,3406,10.0,1.0,31.85906,-99.20214,LargeStreams,Region_6,TXLS-1134,2014,8/12/2014,1,BETB,30.78,Fair
1004279,ARTHROPODA,INSECTA,DIPTERA,CHIRONOMIDAE,ABLABESMYIA,ABLABESMYIA,3406,1.0,1.0,,,,,WIRF-0014,2014,,1,BERW,,
1004280,ARTHROPODA,INSECTA,DIPTERA,CHIRONOMIDAE,ABLABESMYIA,ABLABESMYIA,3406,1.0,1.0,38.45178,-87.598,RiversOther,Region_5,INR9-0904,2014,8/12/2014,1,BETB,30.18,Fair
1004281,ARTHROPODA,INSECTA,DIPTERA,CHIRONOMIDAE,ABLABESMYIA,ABLABESMYIA,3406,3.0,1.0,46.02672,-101.3583,LargeStreams,Region_8,NDLS-1063,2014,8/12/2014,1,BERW,31.05,Poor
1004282,ARTHROPODA,INSECTA,EPHEMEROPTERA,BAETIDAE,ACENTRELLA,ACENTRELLA,3407,1.0,1.0,45.69451,-101.6259,RiversMajor,Region_8,SDRM-1022,2014,8/11/2014,1,BERW,65.37,Good
1004283,ARTHROPODA,INSECTA,DIPTERA,CHIRONOMIDAE,ABLABESMYIA,ABLABESMYIA,3406,4.0,1.0,38.39533,-77.95542,SmallStreams,Region_3,VAS9-0915,2014,8/11/2014,1,BERW,16.15,Poor
1004284,ARTHROPODA,INSECTA,ODONATA,AESHNIDAE,,AESHNIDAE,3418,1.0,1.0,37.49176,-78.75646,SmallStreams,Region_3,VAS9-0917,2014,8/12/2014,1,BERW,53.1,Good
1004285,ARTHROPODA,INSECTA,DIPTERA,CHIRONOMIDAE,ABLABESMYIA,ABLABESMYIA,3406,2.0,1.0,41.84331069,-122.8997348,RiversMajor,Region_9,CAR9-0913,2014,8/12/2014,1,BETB,21.2,Poor
1004286,ARTHROPODA,INSECTA,DIPTERA,CHIRONOMIDAE,ABLABESMYIA,ABLABESMYIA,3406,1.0,1.0,41.53926057,-123.5267321,RiversMajor,Region_9,CAR9-0906,2014,8/12/2014,1,BETB,19.37,Poor
1004287,ARTHROPODA,INSECTA,DIPTERA,CHIRONOMIDAE,ABLABESMYIA,ABLABESMYIA,3406,7.0,1.0,42.59489,-103.9548,SmallStreams,Region_7,NESS-1138,2014,8/12/2014,1,BERW,30.27,Fair
1004288,ARTHROPODA,INSECTA,EPHEMEROPTERA,CAENIDAE,AMERCAENIS,AMERCAENIS,3440,,,,,,,SDS9-0945,2014,,2,BERW,,
1004289,ARTHROPODA,INSECTA,DIPTERA,CHIRONOMIDAE,ABLABESMYIA,ABLABESMYIA,3406,3.0,1.0,45.84305,-88.14312,RiversOther,Region_5,WIRO-1040,2014,8/12/2014,1,BETB,29.22,Fair
1004290,ARTHROPODA,MALACOSTRACA,AMPHIPODA,GAMMARIDAE,AMERICOROPHIUM,AMERICOROPHIUM,3442,1.0,1.0,43.12125,-124.1794,RiversOther,Region_10,ORRO-1049,2014,8/12/2014,1,BETB,4.77,Poor
1004291,ARTHROPODA,INSECTA,DIPTERA,CHIRONOMIDAE,ABLABESMYIA,ABLABESMYIA,3406,3.0,1.0,,,,,WVS9-0923,2014,,2,BERW,,
1004292,ARTHROPODA,INSECTA,EPHEMEROPTERA,BAETIDAE,ACENTRELLA,ACENTRELLA,3407,3.0,1.0,48.69315,-112.5083,RiversOther,Region_8,MTRO-1068,2014,8/12/2014,1,BERW,92.8,Good
1004293,ARTHROPODA,ARACHNIDA,,,,ARACHNIDA,3472,2.0,0.0,41.23328,-105.2929,SmallStreams,Region_8,WYSS-1206,2014,8/12/2014,1,BERW,8.4,Poor
1004294,ARTHROPODA,INSECTA,EPHEMEROPTERA,BAETIDAE,ACENTRELLA,ACENTRELLA,3407,2.0,1.0,47.57364,-123.5832,LargeStreams,Region_10,WALS-1068,2014,8/12/2014,1,BERW,52.37,Good
1004295,ARTHROPODA,INSECTA,DIPTERA,CHIRONOMIDAE,ABLABESMYIA,ABLABESMYIA,3406,1.0,1.0,,,,,INR9-0901,2014,,2,BETB,,
1004296,ARTHROPODA,INSECTA,EPHEMEROPTERA,BAETIDAE,ACENTRELLA,ACENTRELLA,3407,1.0,1.0,43.34031,-91.83877,LargeStreams,Region_7,IALS-1054,2014,8/13/2014,1,BETB,12.28,Poor
1004297,ARTHROPODA,INSECTA,EPHEMEROPTERA,AMELETIDAE,AMELETUS,AMELETUS,3439,8.0,1.0,,,,,MTS9-0922,2014,,2,BERW,,
1004298,ARTHROPODA,INSECTA,EPHEMEROPTERA,AMELETIDAE,AMELETUS,AMELETUS,3439,1.0,1.0,47.83706,-114.7377,SmallStreams,Region_8,MTS9-0926,2014,8/12/2014,1,BERW,57.43,Good
1004300,ARTHROPODA,INSECTA,DIPTERA,CHIRONOMIDAE,ABLABESMYIA,ABLABESMYIA,3406,1.0,1.0,39.80494,-79.32561,RiversOther,Region_3,PARO-1051,2014,8/13/2014,1,BERW,74.6,Good
1004301,ARTHROPODA,INSECTA,EPHEMEROPTERA,BAETIDAE,BAETIS,BAETIS,3501,4.0,1.0,41.97347,-110.7556,SmallStreams,Region_8,WYSS-1210,2014,8/13/2014,1,BERW,16.8,Poor
1004302,ARTHROPODA,INSECTA,EPHEMEROPTERA,AMELETIDAE,AMELETUS,AMELETUS,3439,4.0,1.0,46.53201,-123.827,SmallStreams,Region_10,WAS9-0927,2014,8/13/2014,1,BERW,66.9,Good
1004303,ARTHROPODA,INSECTA,DIPTERA,CHIRONOMIDAE,ABLABESMYIA,ABLABESMYIA,3406,2.0,1.0,42.46828,-124.3453,RiversMajor,Region_10,ORRM-1004,2014,8/13/2014,1,BETB,19.6,Poor
1004304,ARTHROPODA,INSECTA,ODONATA,COENAGRIONIDAE,ARGIA,ARGIA,3476,1.0,1.0,32.11672,-90.87777,RiversMajor,Region_4,MSRM-1003,2014,8/13/2014,1,BETB,29.15,Poor
1004305,ARTHROPODA,INSECTA,COLEOPTERA,DYTISCIDAE,AGABUS,AGABUS,3420,,,,,,,WYS9-0938,2014,,2,BERW,,
1004306,ARTHROPODA,INSECTA,EPHEMEROPTERA,BAETIDAE,ACENTRELLA,ACENTRELLA,3407,1.0,1.0,48.43206,-113.1133,SmallStreams,Region_8,MTSS-1326,2014,8/13/2014,1,BERW,76.2,Good
1004307,ARTHROPODA,INSECTA,EPHEMEROPTERA,CAENIDAE,AMERCAENIS,AMERCAENIS,3440,2.0,1.0,41.54085,-102.716,RiversMajor,Region_7,NER9-0915,2014,8/13/2014,1,BERW,56.57,Good
1004308,ARTHROPODA,INSECTA,DIPTERA,CHIRONOMIDAE,ABLABESMYIA,ABLABESMYIA,3406,5.0,1.0,42.65448,-72.46514,RiversMajor,Region_1,MARM-1001,2014,8/12/2014,1,BETB,7.18,Poor
1004309,ARTHROPODA,INSECTA,DIPTERA,CHIRONOMIDAE,ABLABESMYIA,ABLABESMYIA,3406,1.0,1.0,31.49402,-99.60394,RiversMajor,Region_6,TXRM-1020,2014,8/13/2014,1,BETB,41.05,Good
1004310,ARTHROPODA,MALACOSTRACA,AMPHIPODA,,,AMPHIPODA,3450,2.0,0.0,46.45441,-120.4151,SmallStreams,Region_10,WASS-1139,2014,8/12/2014,1,BERW,30.48,Poor
1004311,ARTHROPODA,INSECTA,DIPTERA,CHIRONOMIDAE,CHAETOCLADIUS,CHAETOCLADIUS,3571,1.0,1.0,46.51068,-90.7087,SmallStreams,Region_5,WISS-1163,2014,8/11/2014,1,BERW,18.13,Poor
1004312,ANNELIDA,OLIGOCHAETA,HAPLOTAXIDA,TUBIFICIDAE,AULODRILUS,AULODRILUS,3496,4.0,1.0,,,,,INR9-0902,2014,,2,BETB,,
1004313,ARTHROPODA,INSECTA,DIPTERA,CHIRONOMIDAE,ABLABESMYIA,ABLABESMYIA,3406,1.0,1.0,,,,,WIRF-0007,2014,,1,BERW,,
1004314,ARTHROPODA,INSECTA,DIPTERA,CHIRONOMIDAE,ABLABESMYIA,ABLABESMYIA,3406,4.0,1.0,41.96179,-70.91978,RiversOther,Region_1,MAR9-0901,2014,8/14/2014,1,BETB,15.1,Poor
1004321,ARTHROPODA,INSECTA,EPHEMEROPTERA,BAETIDAE,ACENTRELLA,ACENTRELLA,3407,,,46.52706,-120.7843,LargeStreams,Region_10,WAS9-0917,2014,8/14/2014,1,BERW,87.63,Good
1004322,ARTHROPODA,INSECTA,DIPTERA,CHIRONOMIDAE,ABLABESMYIA,ABLABESMYIA,3406,1.0,1.0,41.31138,-74.79188,RiversMajor,Region_2,NJRM-1002,2014,8/14/2014,1,BETB,56.27,Good
1004324,ARTHROPODA,INSECTA,DIPTERA,CHIRONOMIDAE,ABLABESMYIA,ABLABESMYIA,3406,1.0,1.0,42.57836,-72.56958,RiversMajor,Region_1,MAR9-0903,2014,8/13/2014,1,BETB,32.38,Poor
1004325,ARTHROPODA,INSECTA,EPHEMEROPTERA,BAETIDAE,CENTROPTILUM,CENTROPTILUM,3564,1.0,1.0,42.35176,-72.62634,RiversMajor,Region_1,MARM-1002,2014,8/14/2014,1,BETB,8.25,Poor
1004327,ARTHROPODA,INSECTA,COLEOPTERA,HYDROPHILIDAE,ANACAENA,ANACAENA,3453,1.0,1.0,41.02435,-98.06696,RiversMajor,Region_7,NER9-0916,2014,8/14/2014,1,BERW,14.42,Poor
1004328,ARTHROPODA,INSECTA,DIPTERA,CHIRONOMIDAE,ABLABESMYIA,ABLABESMYIA,3406,5.0,1.0,30.67963,-99.02699,RiversOther,Region_6,TXRO-1085,2014,8/14/2014,1,BERW,41.45,Good
1004329,ARTHROPODA,INSECTA,EPHEMEROPTERA,BAETIDAE,ACENTRELLA,ACENTRELLA,3407,3.0,1.0,36.61352,-80.71126,LargeStreams,Region_3,VAS9-0916,2014,8/14/2014,1,BERW,50.97,Good
1004330,ARTHROPODA,INSECTA,DIPTERA,CHIRONOMIDAE,ABLABESMYIA,ABLABESMYIA,3406,3.0,1.0,32.84498,-89.99038,RiversMajor,Region_4,MSRM-1001,2014,8/14/2014,1,BETB,61.68,Good
1004331,ARTHROPODA,INSECTA,TRICHOPTERA,APATANIIDAE,ALLOMYIA,ALLOMYIA,3433,1.0,1.0,42.77052,-109.257,SmallStreams,Region_8,WYSS-1204,2014,8/14/2014,1,BERW,43.98,Fair
1004332,ARTHROPODA,INSECTA,ODONATA,AESHNIDAE,AESHNA,AESHNA,3417,1.0,1.0,41.7107,-71.05982,SmallStreams,Region_1,MASS-1076,2014,8/15/2014,1,BERW,11.43,Poor
1004333,ARTHROPODA,INSECTA,EPHEMEROPTERA,BAETIDAE,ACENTRELLA,ACENTRELLA,3407,2.0,1.0,44.47897,-109.383,RiversOther,Region_8,WYR9-0903,2014,8/15/2014,1,BETB,73.27,Good
1004334,ARTHROPODA,INSECTA,EPHEMEROPTERA,BAETIDAE,ACENTRELLA,ACENTRELLA,3407,,,,,,,MTLS-1189,2014,,1,BERW,,
1004335,ARTHROPODA,INSECTA,COLEOPTERA,ELMIDAE,ANCYRONYX,ANCYRONYX,3459,1.0,1.0,36.58865,-85.50778,RiversMajor,Region_4,TNRM-1004,2014,8/15/2014,1,BETB,23.65,Poor
1004336,ARTHROPODA,INSECTA,DIPTERA,CHIRONOMIDAE,ABLABESMYIA,ABLABESMYIA,3406,3.0,1.0,31.64202,-91.7872,RiversOther,Region_6,LARO-1022,2014,8/15/2014,1,BETB,26.13,Poor
1004337,ARTHROPODA,INSECTA,DIPTERA,CHIRONOMIDAE,ABLABESMYIA,ABLABESMYIA,3406,1.0,1.0,42.65102,-71.3109,RiversMajor,Region_1,MARM-1003,2014,8/17/2014,1,BETB,17.77,Poor
1004338,ARTHROPODA,INSECTA,DIPTERA,CHIRONOMIDAE,ABLABESMYIA,ABLABESMYIA,3406,2.0,1.0,43.49894,-70.48889,RiversOther,Region_1,MERO-1025,2014,8/15/2014,1,BETB,23.13,Poor
1004339,ARTHROPODA,INSECTA,DIPTERA,CHIRONOMIDAE,,CHIRONOMIDAE,3581,1.0,0.0,33.43219,-91.12303,RiversOther,Region_4,MSRO-1022,2014,8/16/2014,1,BETB,23.62,Poor
1004340,ARTHROPODA,INSECTA,DIPTERA,CHIRONOMIDAE,ABLABESMYIA,ABLABESMYIA,3406,7.0,1.0,34.66684,-90.21998,RiversOther,Region_4,MSRO-1019,2014,8/17/2014,1,BETB,61.07,Good
1004341,ARTHROPODA,INSECTA,DIPTERA,CHIRONOMIDAE,ABLABESMYIA,ABLABESMYIA,3406,1.0,1.0,,,,,NDRF-0008,2014,,1,BERW,,
1004342,ARTHROPODA,INSECTA,DIPTERA,CHIRONOMIDAE,ABLABESMYIA,ABLABESMYIA,3406,5.0,1.0,41.78270426,-71.89588062,RiversOther,Region_1,CTR9-0902,2014,8/17/2014,1,BETB,51.15,Fair
1004343,ARTHROPODA,INSECTA,EPHEMEROPTERA,BAETIDAE,ACENTRELLA,ACENTRELLA,3407,,,,,,,MTRF-0103,2014,,1,BETB,,
1004344,ARTHROPODA,INSECTA,EPHEMEROPTERA,AMELETIDAE,AMELETUS,AMELETUS,3439,2.0,1.0,,,,,IDS9-0920,2014,,2,BERW,,
1004345,ARTHROPODA,INSECTA,EPHEMEROPTERA,AMELETIDAE,AMELETUS,AMELETUS,3439,2.0,1.0,42.17904009,-114.2219629,SmallStreams,Region_10,IDS9-0921,2014,8/12/2014,1,BERW,45.62,Fair
1004346,ARTHROPODA,INSECTA,EPHEMEROPTERA,BAETIDAE,ACERPENNA,ACERPENNA,3408,2.0,1.0,40.41867,-87.52563,SmallStreams,Region_5,INSS-1095,2014,8/18/2014,1,BERW,41.1,Good
1004347,ANNELIDA,OLIGOCHAETA,HAPLOTAXIDA,TUBIFICIDAE,AULODRILUS,AULODRILUS,3496,6.0,1.0,43.96688,-98.98078,RiversOther,Region_8,SDRO-1071,2014,8/13/2014,1,BERW,28.08,Poor
1004348,ARTHROPODA,INSECTA,COLEOPTERA,ELMIDAE,ANCYRONYX,ANCYRONYX,3459,1.0,1.0,,,,,RIR9-0901,2014,,2,BETB,,
1004349,ARTHROPODA,INSECTA,DIPTERA,CHIRONOMIDAE,ABLABESMYIA,ABLABESMYIA,3406,,,41.9159,-71.41315,RiversOther,Region_1,RIRO-1003,2014,8/18/2014,1,BETB,21.32,Poor
1004350,ARTHROPODA,INSECTA,HEMIPTERA,NAUCORIDAE,AMBRYSUS,AMBRYSUS,3438,4.0,1.0,40.51054,-124.1486,RiversMajor,Region_9,CARM-1012,2014,8/18/2014,1,BETB,14.88,Poor
1004351,ARTHROPODA,INSECTA,TRICHOPTERA,GLOSSOSOMATIDAE,AGAPETUS,AGAPETUS,3421,1.0,1.0,45.3917,-109.6788,LargeStreams,Region_8,MTLS-1138,2014,8/18/2014,1,BERW,93.68,Good
1004352,ARTHROPODA,INSECTA,EPHEMEROPTERA,BAETIDAE,ACENTRELLA,ACENTRELLA,3407,2.0,1.0,,,,,ORR9-0905,2014,,2,BETB,,
1004353,ARTHROPODA,INSECTA,DIPTERA,CHIRONOMIDAE,ABLABESMYIA,ABLABESMYIA,3406,8.0,1.0,43.93064,-86.02687,LargeStreams,Region_5,MIS9-0926,2014,8/18/2014,1,BETB,56.92,Good
1004354,ARTHROPODA,INSECTA,EPHEMEROPTERA,BAETIDAE,ACENTRELLA,ACENTRELLA,3407,5.0,1.0,43.32469,-100.8835,RiversOther,Region_8,SDRO-1078,2014,8/18/2014,1,BERW,78.62,Good
1004355,ARTHROPODA,INSECTA,DIPTERA,CHIRONOMIDAE,ABLABESMYIA,ABLABESMYIA,3406,1.0,1.0,37.05595,-80.29943,SmallStreams,Region_3,VAS9-0918,2014,8/18/2014,1,BERW,16.33,Poor
1004356,ARTHROPODA,INSECTA,EPHEMEROPTERA,BAETIDAE,ACENTRELLA,ACENTRELLA,3407,3.0,1.0,,,,,WYRF-0102,2014,,1,BERW,,
1004357,ARTHROPODA,INSECTA,EPHEMEROPTERA,AMELETIDAE,AMELETUS,AMELETUS,3439,31.0,1.0,44.79068,-109.7995,SmallStreams,Region_8,WYSS-1213,2014,8/17/2014,1,BERW,48.98,Fair
1004358,ARTHROPODA,INSECTA,DIPTERA,CHIRONOMIDAE,ABLABESMYIA,ABLABESMYIA,3406,3.0,1.0,,,,,TNS9-0920,2014,,2,BERW,,
1004359,ARTHROPODA,INSECTA,DIPTERA,CERATOPOGONIDAE,ATRICHOPOGON,ATRICHOPOGON,3491,1.0,1.0,41.21068,-98.11082,RiversOther,Region_7,NERO-1046,2014,8/15/2014,1,BERW,22.15,Fair
1004360,ARTHROPODA,INSECTA,PLECOPTERA,PERLIDAE,AGNETINA,AGNETINA,3424,,,36.26538,-82.31631,LargeStreams,Region_4,TNLS-1031,2014,8/13/2014,1,BERW,40.03,Fair
1004361,ARTHROPODA,INSECTA,EPHEMEROPTERA,BAETIDAE,ACENTRELLA,ACENTRELLA,3407,6.0,1.0,36.07871,-82.5009,SmallStreams,Region_4,TNSS-1073,2014,8/12/2014,1,BERW,70.08,Good
1004362,ARTHROPODA,INSECTA,DIPTERA,CHIRONOMIDAE,ABLABESMYIA,ABLABESMYIA,3406,1.0,1.0,40.71213,-86.85061,LargeStreams,Region_5,INS9-0927,2014,8/19/2014,1,BERW,76.48,Good
1004363,ARTHROPODA,INSECTA,EPHEMEROPTERA,BAETIDAE,ACENTRELLA,ACENTRELLA,3407,2.0,1.0,45.59732,-109.3116,RiversOther,Region_8,MTR9-0917,2014,8/19/2014,1,BETB,76.53,Good
1004364,ARTHROPODA,INSECTA,DIPTERA,CHIRONOMIDAE,ABLABESMYIA,ABLABESMYIA,3406,3.0,1.0,42.03199,-71.6083,LargeStreams,Region_1,MALS-1041,2014,8/19/2014,1,BETB,47.28,Fair
1004365,ARTHROPODA,INSECTA,DIPTERA,CHIRONOMIDAE,ABLABESMYIA,ABLABESMYIA,3406,7.0,1.0,38.70236,-75.4707,LargeStreams,Region_3,DELS-1033,2014,8/18/2014,1,BERW,60.87,Good
1004366,ARTHROPODA,INSECTA,DIPTERA,CHIRONOMIDAE,ABLABESMYIA,ABLABESMYIA,3406,12.0,1.0,30.96199996,-84.55846955,RiversMajor,Region_4,GAR9-0913,2014,8/19/2014,1,BETB,45.68,Fair
1004367,ARTHROPODA,INSECTA,DIPTERA,CHIRONOMIDAE,ABLABESMYIA,ABLABESMYIA,3406,1.0,1.0,37.23859,-86.67502,RiversMajor,Region_4,KYRM-1005,2014,8/19/2014,1,BETB,33.85,Fair
1004369,ARTHROPODA,INSECTA,DIPTERA,CHIRONOMIDAE,ABLABESMYIA,ABLABESMYIA,3406,4.0,1.0,43.98173,-70.04076,RiversMajor,Region_1,MERM-1004,2014,8/18/2014,1,BETB,33.97,Poor
1004370,ANNELIDA,HIRUDINEA,RHYNCHOBDELLIDA,GLOSSIPHONIIDAE,ALBOGLOSSIPHONIA,ALBOGLOSSIPHONIA,3429,1.0,1.0,40.09951,-74.86764,LargeStreams,Region_3,PALS-1089,2014,8/19/2014,1,BERW,43.2,Fair
1004371,ARTHROPODA,INSECTA,DIPTERA,CHIRONOMIDAE,ABLABESMYIA,ABLABESMYIA,3406,6.0,1.0,46.05266,-101.4819,RiversOther,Region_8,NDRO-1021,2014,8/19/2014,1,BERW,48.07,Fair
1004372,ARTHROPODA,INSECTA,EPHEMEROPTERA,CAENIDAE,AMERCAENIS,AMERCAENIS,3440,,,43.69437,-102.0366,RiversMajor,Region_8,SDRM-1013,2014,8/19/2014,1,BERW,20.73,Poor
1004373,ARTHROPODA,INSECTA,EPHEMEROPTERA,BAETIDAE,ACENTRELLA,ACENTRELLA,3407,3.0,1.0,38.04565,-79.87784,LargeStreams,Region_3,VAS9-0921,2014,8/19/2014,1,BERW,86.6,Good
1004374,ARTHROPODA,INSECTA,COLEOPTERA,ELMIDAE,ANCYRONYX,ANCYRONYX,3459,1.0,1.0,36.60637,-85.50504,RiversMajor,Region_4,TNR9-0901,2014,8/19/2014,1,BETB,17.57,Poor
1004375,ARTHROPODA,INSECTA,DIPTERA,CHIRONOMIDAE,CHIRONOMUS,CHIRONOMUS,3582,1.0,1.0,,,,,TNR9-0902,2014,,2,BETB,,
1004376,ARTHROPODA,INSECTA,DIPTERA,CHIRONOMIDAE,ABLABESMYIA,ABLABESMYIA,3406,2.0,1.0,35.69164,-87.22675,RiversOther,Region_4,TNRO-1015,2014,8/18/2014,1,BETB,68.33,Good
1004377,ARTHROPODA,INSECTA,DIPTERA,CHIRONOMIDAE,ABLABESMYIA,ABLABESMYIA,3406,10.0,1.0,40.31843895,-123.771013,RiversMajor,Region_9,CAR9-0911,2014,8/19/2014,1,BETB,15.77,Poor
1004378,ARTHROPODA,INSECTA,DIPTERA,CHIRONOMIDAE,ABLABESMYIA,ABLABESMYIA,3406,5.0,1.0,42.472,-83.77274,RiversOther,Region_5,MIRO-1025,2014,8/19/2014,1,BETB,55.4,Good
1004379,ARTHROPODA,INSECTA,DIPTERA,CHIRONOMIDAE,ABLABESMYIA,ABLABESMYIA,3406,,,,,,,MERF-0003,2014,,1,BETB,,
1004380,ARTHROPODA,INSECTA,COLEOPTERA,ELMIDAE,STENELMIS,STENELMIS,4310,1.0,1.0,37.96301,-89.98239,RiversMajor,Region_7,MORM-1003,2014,8/19/2014,1,BETB,16.67,Poor
1004381,ARTHROPODA,INSECTA,EPHEMEROPTERA,BAETIDAE,ACENTRELLA,ACENTRELLA,3407,,,,,,,WAR9-0903,2014,,2,BETB,,
1004382,ARTHROPODA,ARACHNIDA,TROMBIDIFORMES,ARRENURIDAE,ARRENURUS,ARRENURUS,3481,3.0,1.0,34.20331,-99.11783,RiversMajor,Region_6,OKRM-1026,2014,8/19/2014,1,BERW,20.73,Poor
1004383,ARTHROPODA,INSECTA,EPHEMEROPTERA,BAETIDAE,ACENTRELLA,ACENTRELLA,3407,19.0,1.0,45.30787,-109.5258,LargeStreams,Region_8,MTS9-0945,2014,8/19/2014,1,BERW,76.67,Good
1004384,ARTHROPODA,INSECTA,EPHEMEROPTERA,BAETIDAE,ACENTRELLA,ACENTRELLA,3407,,,,,,,WARF-0001,2014,,1,BERW,,
1004385,ARTHROPODA,INSECTA,DIPTERA,CHIRONOMIDAE,ABLABESMYIA,ABLABESMYIA,3406,11.0,1.0,45.18873,-102.2796,RiversMajor,Region_8,SDRM-1017,2014,8/19/2014,1,BERW,74.22,Good
1004386,ARTHROPODA,INSECTA,EPHEMEROPTERA,BAETIDAE,ACENTRELLA,ACENTRELLA,3407,,,42.58406,-109.9203,RiversOther,Region_8,WYRO-1044,2014,8/19/2014,1,BETB,58.68,Good
1004387,ARTHROPODA,INSECTA,DIPTERA,CHIRONOMIDAE,ABLABESMYIA,ABLABESMYIA,3406,1.0,1.0,43.50132,-121.7753,LargeStreams,Region_10,ORLS-1110,2014,8/19/2014,1,BERW,26.77,Poor
1004388,ARTHROPODA,INSECTA,EPHEMEROPTERA,BAETIDAE,ACENTRELLA,ACENTRELLA,3407,2.0,1.0,42.45926,-71.44284,LargeStreams,Region_1,MALS-1042,2014,8/20/2014,1,BERW,44.75,Fair
1004389,ARTHROPODA,INSECTA,DIPTERA,CHIRONOMIDAE,ABLABESMYIA,ABLABESMYIA,3406,1.0,1.0,41.3719,-86.18942,LargeStreams,Region_5,INLS-1043,2014,8/20/2014,1,BERW,43.92,Good
1004390,ARTHROPODA,MALACOSTRACA,AMPHIPODA,,,AMPHIPODA,3450,1.0,0.0,32.65297,-91.14072,RiversMajor,Region_6,LAR9-0907,2014,8/19/2014,1,BETB,18.13,Poor
1004391,ARTHROPODA,INSECTA,DIPTERA,CHIRONOMIDAE,ABLABESMYIA,ABLABESMYIA,3406,3.0,1.0,32.2701,-90.96074,RiversMajor,Region_6,LARM-1001,2014,8/18/2014,1,BETB,34.37,Poor
1004392,ARTHROPODA,INSECTA,DIPTERA,CHIRONOMIDAE,ABLABESMYIA,ABLABESMYIA,3406,5.0,1.0,37.33669,-87.13761,RiversMajor,Region_4,KYRM-1001,2014,8/20/2014,1,BETB,21.02,Poor
1004393,ARTHROPODA,INSECTA,EPHEMEROPTERA,BAETIDAE,ACENTRELLA,ACENTRELLA,3407,5.0,1.0,,,,,MTRF-0005,2014,,1,BETB,,
1004394,ARTHROPODA,INSECTA,DIPTERA,CHIRONOMIDAE,ABLABESMYIA,ABLABESMYIA,3406,12.0,1.0,,,,,PAS9-0915,2014,,2,BERW,,
1004395,ARTHROPODA,INSECTA,DIPTERA,CHIRONOMIDAE,ABLABESMYIA,ABLABESMYIA,3406,15.0,1.0,29.84207,-97.60258,LargeStreams,Region_6,TXLS-1132,2014,8/20/2014,1,BERW,54.62,Good
1004396,ARTHROPODA,INSECTA,ODONATA,COENAGRIONIDAE,ARGIA,ARGIA,3476,9.0,1.0,34.44337,-99.65264,LargeStreams,Region_6,OKLS-1222,2014,8/20/2014,1,BERW,17.03,Poor
1004397,ARTHROPODA,INSECTA,DIPTERA,CHIRONOMIDAE,CRYPTOCHIRONOMUS,CRYPTOCHIRONOMUS,3625,2.0,1.0,39.17605,-90.71722,RiversMajor,Region_7,MOR9-0906,2014,8/20/2014,1,BETB,9.95,Poor
1004398,ARTHROPODA,INSECTA,DIPTERA,CHIRONOMIDAE,ABLABESMYIA,ABLABESMYIA,3406,2.0,1.0,43.76644,-70.76903,SmallStreams,Region_1,MESS-1104,2014,8/19/2014,1,BERW,35.35,Poor
1004399,ARTHROPODA,INSECTA,DIPTERA,CHIRONOMIDAE,ABLABESMYIA,ABLABESMYIA,3406,1.0,1.0,37.5791,-79.5822,RiversMajor,Region_3,VARS11-163,2014,8/20/2014,1,BETB,70.0,Good
1004401,ARTHROPODA,INSECTA,DIPTERA,CHIRONOMIDAE,CHIRONOMUS,CHIRONOMUS,3582,1.0,1.0,37.00011,-89.26342,RiversMajor,Region_5,ILR9-0903,2014,8/19/2014,1,BETB,17.53,Poor
1004402,ARTHROPODA,INSECTA,DIPTERA,CHIRONOMIDAE,ABLABESMYIA,ABLABESMYIA,3406,2.0,1.0,,,,,MERF-0004,2014,,1,BETB,,
1004403,ARTHROPODA,INSECTA,DIPTERA,CHIRONOMIDAE,ABLABESMYIA,ABLABESMYIA,3406,1.0,1.0,,,,,MIR9-0901,2014,,2,BETB,,
1004404,ANNELIDA,HIRUDINEA,RHYNCHOBDELLIDA,GLOSSIPHONIIDAE,ACTINOBDELLA,ACTINOBDELLA,3413,1.0,1.0,39.20865,-90.59292,RiversMajor,Region_5,ILR9-0901,2014,8/20/2014,1,BETB,1.07,Poor
1004405,ARTHROPODA,INSECTA,EPHEMEROPTERA,BAETIDAE,ACENTRELLA,ACENTRELLA,3407,2.0,1.0,45.03421,-107.5853,LargeStreams,Region_8,MTS9-0935,2014,8/20/2014,1,BERW,87.97,Good
1004406,ARTHROPODA,ARACHNIDA,,,,ARACHNIDA,3472,1.0,0.0,42.87581,-110.0332,LargeStreams,Region_8,WYS9-0929,2014,8/20/2014,1,BETB,52.6,Fair
1004407,ARTHROPODA,INSECTA,EPHEMEROPTERA,BAETIDAE,ACERPENNA,ACERPENNA,3408,,,43.43648,-102.1837,LargeStreams,Region_8,SDLS-1117,2014,8/20/2014,1,BERW,44.65,Good
1004408,ARTHROPODA,INSECTA,DIPTERA,CHIRONOMIDAE,ABLABESMYIA,ABLABESMYIA,3406,1.0,1.0,43.50802,-102.5045,RiversMajor,Region_8,SDRM-1014,2014,8/20/2014,1,BERW,33.82,Poor
1004409,ARTHROPODA,INSECTA,EPHEMEROPTERA,AMELETIDAE,AMELETUS,AMELETUS,3439,1.0,1.0,,,,,WARF-0002,2014,,1,BERW,,
1004411,ARTHROPODA,INSECTA,DIPTERA,CHIRONOMIDAE,ABLABESMYIA,ABLABESMYIA,3406,13.0,1.0,45.24091,-103.1254,RiversOther,Region_8,SDRO-1075,2014,8/20/2014,1,BERW,24.65,Poor
1004413,ARTHROPODA,INSECTA,DIPTERA,CHIRONOMIDAE,ABLABESMYIA,ABLABESMYIA,3406,1.0,1.0,42.81968,-98.26476,LargeStreams,Region_7,NELS-1083,2014,8/20/2014,1,BERW,75.95,Good
1004414,ARTHROPODA,INSECTA,HEMIPTERA,NAUCORIDAE,AMBRYSUS,AMBRYSUS,3438,1.0,1.0,,,,,NER9-0909,2014,,2,BERW,,
1004415,ARTHROPODA,INSECTA,EPHEMEROPTERA,BAETIDAE,ACENTRELLA,ACENTRELLA,3407,18.0,1.0,48.47893,-122.258,RiversOther,Region_10,WARO-1043,2014,8/20/2014,1,BETB,31.52,Poor
1004416,ARTHROPODA,INSECTA,EPHEMEROPTERA,BAETIDAE,ACENTRELLA,ACENTRELLA,3407,1.0,1.0,41.7717,-72.90108,RiversOther,Region_1,CTRO-1019,2014,8/21/2014,1,BETB,82.38,Good
1004417,ARTHROPODA,INSECTA,DIPTERA,CHIRONOMIDAE,ABLABESMYIA,ABLABESMYIA,3406,1.0,1.0,39.53748,-90.57779,RiversMajor,Region_5,ILRM-1003,2014,8/21/2014,1,BETB,19.3,Poor
1004418,ARTHROPODA,INSECTA,DIPTERA,CHIRONOMIDAE,ABLABESMYIA,ABLABESMYIA,3406,21.0,1.0,44.88346,-87.8572,RiversOther,Region_5,WIR9-0915,2014,8/21/2014,1,BETB,27.27,Fair
1004419,ARTHROPODA,INSECTA,DIPTERA,CHIRONOMIDAE,ABLABESMYIA,ABLABESMYIA,3406,14.0,1.0,32.14304266,-83.38111614,RiversMajor,Region_4,GAR9-0905,2014,8/20/2014,1,BETB,70.63,Good
1004420,ARTHROPODA,INSECTA,DIPTERA,CHIRONOMIDAE,ABLABESMYIA,ABLABESMYIA,3406,3.0,1.0,44.30411,-70.38665,SmallStreams,Region_1,MESS-1108,2014,8/20/2014,1,BERW,29.97,Poor
1004421,MOLLUSCA,BIVALVIA,VENEROIDA,CORBICULIDAE,CORBICULA,CORBICULA,3612,1.0,1.0,,,,,KYR9-0901,2014,,2,BETB,,
1004422,ARTHROPODA,INSECTA,DIPTERA,CHIRONOMIDAE,ABLABESMYIA,ABLABESMYIA,3406,1.0,1.0,37.10205,-81.04268,LargeStreams,Region_3,VAS9-0919,2014,8/21/2014,1,BERW,24.48,Poor
1004423,ARTHROPODA,INSECTA,DIPTERA,CHIRONOMIDAE,ABLABESMYIA,ABLABESMYIA,3406,8.0,1.0,40.21278,-109.7976,RiversOther,Region_8,UTRO-1037,2014,8/21/2014,1,BERW,59.77,Good
1004424,ARTHROPODA,INSECTA,DIPTERA,CHIRONOMIDAE,ABLABESMYIA,ABLABESMYIA,3406,1.0,1.0,36.09756,-87.14259,SmallStreams,Region_4,TNSS-1077,2014,8/20/2014,1,BERW,25.22,Poor
1004425,ARTHROPODA,INSECTA,DIPTERA,CHIRONOMIDAE,ABLABESMYIA,ABLABESMYIA,3406,2.0,1.0,42.54167,-84.62803,RiversOther,Region_5,MIR9-0908,2014,8/21/2014,1,BETB,44.65,Good
1004426,ARTHROPODA,INSECTA,DIPTERA,CHIRONOMIDAE,ABLABESMYIA,ABLABESMYIA,3406,9.0,1.0,38.96337,-90.41565,RiversMajor,Region_7,MOR9-0903,2014,8/21/2014,1,BETB,32.47,Fair
1004427,ARTHROPODA,INSECTA,HEMIPTERA,NAUCORIDAE,AMBRYSUS,AMBRYSUS,3438,1.0,1.0,43.60715,-102.997,RiversMajor,Region_8,SDR9-0915,2014,8/21/2014,1,BERW,85.48,Good
1004428,ARTHROPODA,INSECTA,DIPTERA,CHIRONOMIDAE,ABLABESMYIA,ABLABESMYIA,3406,15.0,1.0,,,,,MAS9-0914,2014,,2,BETB,,
1004429,ARTHROPODA,INSECTA,EPHEMEROPTERA,LEPTOHYPHIDAE,ASIOPLAX,ASIOPLAX,3485,5.0,1.0,39.07383,-108.4197,RiversMajor,Region_8,CORM-1005,2014,8/22/2014,1,BETB,60.85,Good
1004430,ARTHROPODA,INSECTA,DIPTERA,CHIRONOMIDAE,ABLABESMYIA,ABLABESMYIA,3406,1.0,1.0,43.64223,-101.8385,RiversOther,Region_8,SDR9-0920,2014,8/22/2014,1,BERW,56.72,Fair
1004431,ARTHROPODA,INSECTA,DIPTERA,CHIRONOMIDAE,ABLABESMYIA,ABLABESMYIA,3406,1.0,1.0,42.69389,-98.90705,SmallStreams,Region_7,NESS-1140,2014,8/22/2014,1,BERW,70.57,Good
1004432,ARTHROPODA,INSECTA,DIPTERA,CHIRONOMIDAE,ABLABESMYIA,ABLABESMYIA,3406,6.0,1.0,46.70854,-104.234,LargeStreams,Region_8,MTLS-1135,2014,8/20/2014,1,BERW,38.2,Poor
1004433,ARTHROPODA,INSECTA,DIPTERA,CHIRONOMIDAE,ABLABESMYIA,ABLABESMYIA,3406,1.0,1.0,,,,,MTR9-0903,2014,,2,BETB,,
1004434,ARTHROPODA,INSECTA,DIPTERA,CHIRONOMIDAE,ABLABESMYIA,ABLABESMYIA,3406,5.0,1.0,44.88916,-69.66398,LargeStreams,Region_1,MELS-1052,2014,8/22/2014,1,BETB,60.1,Good
1004435,ARTHROPODA,INSECTA,DIPTERA,CHIRONOMIDAE,ABLABESMYIA,ABLABESMYIA,3406,1.0,1.0,,,,,MER9-0901,2014,,2,BETB,,
1004437,ARTHROPODA,INSECTA,COLEOPTERA,ELMIDAE,ANCYRONYX,ANCYRONYX,3459,1.0,1.0,42.70064,-71.21798,RiversMajor,Region_1,MAR9-0902,2014,8/24/2014,1,BETB,15.1,Poor
1004440,ARTHROPODA,INSECTA,EPHEMEROPTERA,BAETIDAE,,BAETIDAE,3500,2.0,0.0,42.85202,-106.1859,RiversMajor,Region_8,WYR9-0901,2014,8/24/2014,1,BETB,52.68,Fair
1004441,ARTHROPODA,INSECTA,EPHEMEROPTERA,BAETIDAE,ACERPENNA,ACERPENNA,3408,5.0,1.0,,,,,MERF-0002,2014,,1,BERW,,
1004442,ARTHROPODA,INSECTA,DIPTERA,CHIRONOMIDAE,CHIRONOMUS,CHIRONOMUS,3582,1.0,1.0,39.14987,-94.03294,RiversMajor,Region_7,MORM-1006,2014,8/22/2014,1,BETB,12.73,Poor
1004443,ARTHROPODA,INSECTA,EPHEMEROPTERA,BAETIDAE,ACENTRELLA,ACENTRELLA,3407,34.0,1.0,45.87269,-116.7464,RiversMajor,Region_10,IDRM-1018,2014,8/23/2014,1,BETB,46.5,Fair
1004444,ARTHROPODA,INSECTA,EPHEMEROPTERA,BAETIDAE,ACENTRELLA,ACENTRELLA,3407,10.0,1.0,45.91822,-116.4312,RiversMajor,Region_10,IDRM-1010,2014,8/21/2014,1,BETB,29.17,Poor
1004445,ARTHROPODA,INSECTA,TRICHOPTERA,BRACHYCENTRIDAE,BRACHYCENTRUS,BRACHYCENTRUS,3526,2.0,1.0,46.07413,-116.9562,RiversMajor,Region_10,IDRM-1006,2014,8/24/2014,1,BETB,29.03,Poor
1004446,ARTHROPODA,INSECTA,COLEOPTERA,ELMIDAE,ANCYRONYX,ANCYRONYX,3459,,,,,,,RIS9-0913,2014,,2,BERW,,
1004447,ARTHROPODA,INSECTA,DIPTERA,CHIRONOMIDAE,ABLABESMYIA,ABLABESMYIA,3406,4.0,1.0,40.47669,-91.36704,RiversMajor,Region_5,ILR9-0904,2014,8/22/2014,1,BETB,30.37,Fair
1004448,ARTHROPODA,INSECTA,EPHEMEROPTERA,BAETIDAE,ACENTRELLA,ACENTRELLA,3407,3.0,1.0,48.79570404,-116.7498671,SmallStreams,Region_10,IDS9-0928,2014,8/19/2014,1,BERW,49.92,Fair
1004449,ARTHROPODA,INSECTA,EPHEMEROPTERA,AMELETIDAE,AMELETUS,AMELETUS,3439,1.0,1.0,48.83478,-116.9529,LargeStreams,Region_10,IDLS-1086,2014,8/20/2014,1,BERW,75.73,Good
1004450,ARTHROPODA,INSECTA,EPHEMEROPTERA,AMELETIDAE,AMELETUS,AMELETUS,3439,3.0,1.0,46.69657,-115.1734,LargeStreams,Region_10,IDLS-1077,2014,8/23/2014,1,BERW,82.68,Good
1004451,ARTHROPODA,INSECTA,EPHEMEROPTERA,AMELETIDAE,AMELETUS,AMELETUS,3439,1.0,1.0,46.8368,-115.4679,LargeStreams,Region_10,IDLS-1065,2014,8/23/2014,1,BERW,68.32,Good
1004452,ARTHROPODA,INSECTA,EPHEMEROPTERA,AMELETIDAE,AMELETUS,AMELETUS,3439,28.0,1.0,45.78759,-115.9991,SmallStreams,Region_10,IDSS-1132,2014,8/24/2014,1,BERW,36.4,Fair
1004453,ARTHROPODA,INSECTA,EPHEMEROPTERA,BAETIDAE,ACENTRELLA,ACENTRELLA,3407,7.0,1.0,,,,,MTRF-0004,2014,,1,BETB,,
1004454,ARTHROPODA,INSECTA,DIPTERA,CHIRONOMIDAE,ABLABESMYIA,ABLABESMYIA,3406,1.0,1.0,,,,,MTRF-0108,2014,,1,BETB,,
1004455,ARTHROPODA,INSECTA,DIPTERA,CHIRONOMIDAE,ABLABESMYIA,ABLABESMYIA,3406,6.0,1.0,38.08905,-87.93263,SmallStreams,Region_5,INSS-1090,2014,8/26/2014,1,BERW,15.22,Poor
1004456,ARTHROPODA,INSECTA,PLECOPTERA,PERLIDAE,ACRONEURIA,ACRONEURIA,3412,1.0,1.0,43.96561,-106.1714,RiversOther,Region_8,WYR9-0909,2014,8/25/2014,1,BERW,51.38,Fair
1004457,ARTHROPODA,INSECTA,EPHEMEROPTERA,BAETIDAE,ACENTRELLA,ACENTRELLA,3407,1.0,1.0,37.68596,-112.3997,RiversOther,Region_8,UTRO-1032,2014,8/25/2014,1,BERW,47.4,Fair
1004458,ARTHROPODA,INSECTA,COLEOPTERA,ELMIDAE,ANCYRONYX,ANCYRONYX,3459,,,42.68029,-71.1452,LargeStreams,Region_1,MALS-1038,2014,8/26/2014,1,BERW,11.82,Poor
1004459,ARTHROPODA,INSECTA,EPHEMEROPTERA,BAETIDAE,,BAETIDAE,3500,1.0,0.0,36.53474,-89.46723,RiversMajor,Region_7,MOR9-0901,2014,8/26/2014,1,BETB,30.68,Poor
1004460,ARTHROPODA,INSECTA,EPHEMEROPTERA,AMELETIDAE,AMELETUS,AMELETUS,3439,3.0,1.0,48.78631,-115.995,SmallStreams,Region_8,MTSS-1302,2014,8/26/2014,1,BERW,71.18,Good
1004461,ARTHROPODA,INSECTA,DIPTERA,CHIRONOMIDAE,ABLABESMYIA,ABLABESMYIA,3406,3.0,1.0,33.18628,-96.64565,SmallStreams,Region_6,TXSS-1240,2014,8/26/2014,1,BERW,49.62,Good
1004462,ARTHROPODA,INSECTA,EPHEMEROPTERA,BAETIDAE,CENTROPTILUM,CENTROPTILUM,3564,6.0,1.0,,,,,WIR9-0901,2014,,2,BETB,,
1004463,ARTHROPODA,INSECTA,EPHEMEROPTERA,BAETIDAE,BAETIS,BAETIS,3501,5.0,1.0,,,,,MES9-0910,2014,,2,BERW,,
1004464,ARTHROPODA,INSECTA,DIPTERA,CHIRONOMIDAE,ABLABESMYIA,ABLABESMYIA,3406,1.0,1.0,45.73934,-119.1984,RiversOther,Region_10,ORRO-1067,2014,8/26/2014,1,BERW,56.78,Fair
1004465,ARTHROPODA,INSECTA,DIPTERA,CHIRONOMIDAE,ABLABESMYIA,ABLABESMYIA,3406,,,,,,,MAS9-0915,2014,,2,BERW,,
1004466,ARTHROPODA,INSECTA,TRICHOPTERA,GLOSSOSOMATIDAE,AGAPETUS,AGAPETUS,3421,,,48.385,-120.2964,LargeStreams,Region_10,WAS9-0924,2014,8/26/2014,1,BERW,60.12,Good
1004467,ARTHROPODA,INSECTA,EPHEMEROPTERA,BAETIDAE,,BAETIDAE,3500,2.0,0.0,44.73966,-108.6072,RiversOther,Region_8,WYRO-1039,2014,8/26/2014,1,BETB,27.43,Poor
1004468,ARTHROPODA,INSECTA,DIPTERA,CHIRONOMIDAE,ABLABESMYIA,ABLABESMYIA,3406,2.0,1.0,44.23327,-98.12316,RiversMajor,Region_8,SDRM-1012,2014,8/26/2014,1,BETB,15.32,Poor
1004469,ARTHROPODA,INSECTA,DIPTERA,CHIRONOMIDAE,ABLABESMYIA,ABLABESMYIA,3406,1.0,1.0,39.76042,-75.55672,RiversOther,Region_3,DERO-1004,2014,8/26/2014,1,BETB,29.72,Poor
1004470,ARTHROPODA,INSECTA,EPHEMEROPTERA,BAETIDAE,ACERPENNA,ACERPENNA,3408,,,41.56664,-72.04506,RiversOther,Region_1,CTRO-1021,2014,8/27/2014,1,BETB,45.22,Fair
1004471,ARTHROPODA,MALACOSTRACA,AMPHIPODA,,,AMPHIPODA,3450,3.0,0.0,42.22152,-71.83663,SmallStreams,Region_1,MASS-1079,2014,8/27/2014,1,BERW,0.0,Poor
1004472,ARTHROPODA,INSECTA,DIPTERA,CERATOPOGONIDAE,,CERATOPOGONINAE,3567,1.0,1.0,36.45933,-89.46806,RiversMajor,Region_7,MORM-1001,2014,8/27/2014,1,BETB,32.83,Poor
1004473,ARTHROPODA,INSECTA,EPHEMEROPTERA,BAETISCIDAE,BAETISCA,BAETISCA,3502,2.0,1.0,43.82745,-91.27193,RiversMajor,Region_5,WIR9-0906,2014,8/27/2014,1,BETB,44.83,Good
1004474,ARTHROPODA,INSECTA,DIPTERA,CHIRONOMIDAE,,CHIRONOMIDAE,3581,13.0,0.0,44.15671,-91.78694,RiversOther,Region_5,WIRO-1054,2014,8/26/2014,1,BETB,29.27,Fair
1004475,ARTHROPODA,INSECTA,EPHEMEROPTERA,BAETIDAE,ACENTRELLA,ACENTRELLA,3407,7.0,1.0,44.10553,-115.9951,LargeStreams,Region_10,IDLS-1082,2014,8/27/2014,1,BERW,64.42,Good
1004476,ARTHROPODA,ARACHNIDA,,,,ARACHNIDA,3472,,,44.56465,-108.9934,LargeStreams,Region_8,WYLS-1106,2014,8/27/2014,1,BERW,40.27,Poor
1004477,ARTHROPODA,INSECTA,DIPTERA,CHIRONOMIDAE,ABLABESMYIA,ABLABESMYIA,3406,1.0,1.0,42.2585,-90.28275,RiversOther,Region_5,ILRO-1023,2014,8/27/2014,1,BETB,3.35,Poor
1004478,ARTHROPODA,INSECTA,DIPTERA,CHIRONOMIDAE,ABLABESMYIA,ABLABESMYIA,3406,1.0,1.0,41.44305,-75.66055,LargeStreams,Region_3,PAS9-0921,2014,8/27/2014,1,BERW,26.02,Poor
1004479,ARTHROPODA,INSECTA,DIPTERA,CHIRONOMIDAE,ABLABESMYIA,ABLABESMYIA,3406,,,,,,,MER9-0902,2014,,2,BETB,,
1004480,ARTHROPODA,INSECTA,DIPTERA,CHIRONOMIDAE,ABLABESMYIA,ABLABESMYIA,3406,1.0,1.0,41.59255,-111.1415,RiversMajor,Region_8,UTR9-0902,2014,8/27/2014,1,BERW,21.95,Poor
1004481,ARTHROPODA,INSECTA,DIPTERA,CHIRONOMIDAE,ABLABESMYIA,ABLABESMYIA,3406,2.0,1.0,,,,,TNS9-0919,2014,,2,BERW,,
1004482,ARTHROPODA,INSECTA,EPHEMEROPTERA,AMELETIDAE,AMELETUS,AMELETUS,3439,4.0,1.0,48.60301,-113.8529,SmallStreams,Region_8,MTSS-1297,2014,8/27/2014,1,BERW,29.87,Poor
1004483,ARTHROPODA,INSECTA,DIPTERA,CHIRONOMIDAE,ABLABESMYIA,ABLABESMYIA,3406,4.0,1.0,38.35095,-86.61832,SmallStreams,Region_5,INS9-0919,2014,8/27/2014,1,BERW,32.6,Fair
1004484,ARTHROPODA,INSECTA,DIPTERA,CHIRONOMIDAE,ABLABESMYIA,ABLABESMYIA,3406,1.0,1.0,40.4918,-76.94813,RiversMajor,Region_3,PAR9-0904,2014,8/28/2014,1,BETB,33.88,Fair
1004485,ARTHROPODA,INSECTA,EPHEMEROPTERA,AMELETIDAE,AMELETUS,AMELETUS,3439,2.0,1.0,,,,,WYR9-0903,2014,,2,BETB,,
1004486,ARTHROPODA,INSECTA,EPHEMEROPTERA,BAETIDAE,ACENTRELLA,ACENTRELLA,3407,3.0,1.0,48.25251,-120.1167,RiversMajor,Region_10,WAR9-0910,2014,8/27/2014,1,BETB,67.35,Good
1004487,ARTHROPODA,INSECTA,DIPTERA,CHIRONOMIDAE,ABLABESMYIA,ABLABESMYIA,3406,10.0,1.0,39.44147,-91.52662,LargeStreams,Region_7,MOS9-0938,2014,8/28/2014,1,BERW,34.12,Fair
1004488,ARTHROPODA,INSECTA,EPHEMEROPTERA,AMELETIDAE,AMELETUS,AMELETUS,3439,8.0,1.0,45.64859,-114.3548,SmallStreams,Region_8,MTSS-1321,2014,8/28/2014,1,BERW,77.73,Good
1004489,ARTHROPODA,INSECTA,DIPTERA,CHIRONOMIDAE,ABLABESMYIA,ABLABESMYIA,3406,9.0,1.0,,,,,MAR9-0901,2014,,2,BETB,,
1004490,ARTHROPODA,INSECTA,ODONATA,AESHNIDAE,AESHNA,AESHNA,3417,1.0,1.0,42.14235,-70.89255,SmallStreams,Region_1,MASS-1072,2014,8/28/2014,1,BERW,0.55,Poor
1004491,ARTHROPODA,INSECTA,EPHEMEROPTERA,BAETIDAE,APOBAETIS,APOBAETIS,3468,3.0,1.0,30.46533,-96.33373,RiversMajor,Region_6,TXRM-1018,2014,8/28/2014,1,BETB,50.35,Fair
1004492,ARTHROPODA,INSECTA,DIPTERA,CHIRONOMIDAE,ABLABESMYIA,ABLABESMYIA,3406,1.0,1.0,,,,,VAS9-0916,2014,,2,BERW,,
1004493,ARTHROPODA,INSECTA,DIPTERA,CHIRONOMIDAE,ABLABESMYIA,ABLABESMYIA,3406,2.0,1.0,42.65018,-90.03286,RiversOther,Region_5,WIR9-0911,2014,8/28/2014,1,BETB,11.6,Poor
1004494,ANNELIDA,OLIGOCHAETA,HAPLOTAXIDA,TUBIFICIDAE,AULODRILUS,AULODRILUS,3496,1.0,1.0,40.48718,-90.3647,RiversOther,Region_5,ILRO-1028,2014,8/28/2014,1,BETB,16.65,Poor
1004495,ARTHROPODA,INSECTA,PLECOPTERA,PERLIDAE,ACRONEURIA,ACRONEURIA,3412,3.0,1.0,42.07701,-72.00175,SmallStreams,Region_1,MASS-1077,2014,8/29/2014,1,BERW,54.65,Fair
1004497,ARTHROPODA,INSECTA,EPHEMEROPTERA,BAETIDAE,BAETIS,BAETIS,3501,25.0,1.0,47.25983,-110.846,SmallStreams,Region_8,MTSS-1319,2014,8/28/2014,1,BERW,64.07,Good
1004498,ARTHROPODA,INSECTA,EPHEMEROPTERA,BAETIDAE,,BAETIDAE,3500,31.0,0.0,43.68901,-108.1791,RiversMajor,Region_8,WYRM-1010,2014,8/29/2014,1,BETB,56.47,Fair
1004499,ARTHROPODA,INSECTA,DIPTERA,CHIRONOMIDAE,ABLABESMYIA,ABLABESMYIA,3406,,,,,,,PARF-0005,2014,,1,BETB,,
1004500,ARTHROPODA,INSECTA,PLECOPTERA,PERLIDAE,ACRONEURIA,ACRONEURIA,3412,2.0,1.0,46.12282,-69.80556,SmallStreams,Region_1,MESS-1107,2014,8/28/2014,1,BERW,47.2,Fair
1004501,ARTHROPODA,INSECTA,DIPTERA,CHIRONOMIDAE,ABLABESMYIA,ABLABESMYIA,3406,3.0,1.0,45.47867,-68.21031,SmallStreams,Region_1,MESS-1109,2014,8/29/2014,1,BETB,12.65,Poor
1004502,ARTHROPODA,INSECTA,DIPTERA,CHIRONOMIDAE,ABLABESMYIA,ABLABESMYIA,3406,,,41.39469,-71.84151,RiversOther,Region_1,RIRO-1001,2014,9/2/2014,1,BETB,75.53,Good
1004504,ARTHROPODA,INSECTA,DIPTERA,CHIRONOMIDAE,ABLABESMYIA,ABLABESMYIA,3406,,,44.67095,-68.67701,LargeStreams,Region_1,MELS-1050,2014,9/2/2014,1,BETB,31.1,Poor
1004505,ARTHROPODA,INSECTA,DIPTERA,CHIRONOMIDAE,ABLABESMYIA,ABLABESMYIA,3406,5.0,1.0,45.25733,-68.94966,RiversOther,Region_1,MER9-0906,2014,9/1/2014,1,BETB,45.33,Fair
1004506,ARTHROPODA,INSECTA,DIPTERA,CHIRONOMIDAE,ABLABESMYIA,ABLABESMYIA,3406,1.0,1.0,42.68352,-89.85334,RiversOther,Region_5,WIRO-1048,2014,9/2/2014,1,BETB,4.5,Poor
1004507,ARTHROPODA,INSECTA,DIPTERA,CHIRONOMIDAE,ABLABESMYIA,ABLABESMYIA,3406,1.0,1.0,36.90882,-119.7762,RiversMajor,Region_9,CARM-1002,2014,9/2/2014,1,BETB,40.75,Poor
1004508,ARTHROPODA,INSECTA,DIPTERA,CHIRONOMIDAE,ABLABESMYIA,ABLABESMYIA,3406,4.0,1.0,38.01453,-96.02915,RiversOther,Region_7,KSRS-1308,2014,9/2/2014,1,BETB,55.53,Good
1004509,ARTHROPODA,INSECTA,DIPTERA,CHIRONOMIDAE,ABLABESMYIA,ABLABESMYIA,3406,,,39.91877,-80.79683,RiversMajor,Region_3,WVR9-0903,2014,9/2/2014,1,BETB,11.28,Poor
1004511,ARTHROPODA,MALACOSTRACA,ISOPODA,ASELLIDAE,CAECIDOTEA,CAECIDOTEA,3540,,,40.01112,-86.89988,SmallStreams,Region_5,INS9-0924,2014,9/3/2014,1,BERW,16.87,Poor
1004512,ARTHROPODA,INSECTA,DIPTERA,CHIRONOMIDAE,ABLABESMYIA,ABLABESMYIA,3406,1.0,1.0,39.0475,-75.7315,LargeStreams,Region_3,DELS-1032,2014,9/3/2014,1,BERW,73.53,Good
1004513,ARTHROPODA,INSECTA,DIPTERA,CHIRONOMIDAE,ABLABESMYIA,ABLABESMYIA,3406,3.0,1.0,,,,,MDR9-0901,2014,,2,BETB,,
1004514,ARTHROPODA,INSECTA,COLEOPTERA,PTILODACTYLIDAE,ANCHYTARSUS,ANCHYTARSUS,3457,4.0,1.0,41.79948,-71.6503,SmallStreams,Region_1,RISS-1093,2014,9/3/2014,1,BERW,39.3,Poor
1004515,ARTHROPODA,ARACHNIDA,TROMBIDIFORMES,HYGROBATIDAE,ATRACTIDES,ATRACTIDES,3490,1.0,1.0,45.86417,-111.2129,RiversOther,Region_8,MTRO-1074,2014,9/3/2014,1,BETB,31.32,Poor
1004516,ARTHROPODA,INSECTA,DIPTERA,CHIRONOMIDAE,ABLABESMYIA,ABLABESMYIA,3406,1.0,1.0,42.89687,-88.89542,RiversMajor,Region_5,WIR9-0912,2014,9/3/2014,1,BETB,20.45,Poor
1004517,ARTHROPODA,INSECTA,ODONATA,AESHNIDAE,AESHNA,AESHNA,3417,1.0,1.0,36.82973,-110.367,SmallStreams,Region_9,AZSS-1125,2014,9/3/2014,1,BERW,13.97,Poor
1004518,ARTHROPODA,INSECTA,DIPTERA,CHIRONOMIDAE,ABLABESMYIA,ABLABESMYIA,3406,1.0,1.0,33.51301,-84.82877,RiversMajor,Region_4,GARM-1003,2014,9/3/2014,1,BETB,41.12,Fair
1004519,ARTHROPODA,INSECTA,DIPTERA,CHIRONOMIDAE,ABLABESMYIA,ABLABESMYIA,3406,1.0,1.0,37.78662,-96.42997,LargeStreams,Region_7,KSS9-0930,2014,9/3/2014,1,BERW,50.72,Good
1004520,ARTHROPODA,INSECTA,TRICHOPTERA,APATANIIDAE,ALLOMYIA,ALLOMYIA,3433,1.0,1.0,42.15886,-123.4142,SmallStreams,Region_10,ORSS-1172,2014,9/3/2014,1,BERW,71.28,Good
1004521,ARTHROPODA,INSECTA,DIPTERA,CHIRONOMIDAE,ABLABESMYIA,ABLABESMYIA,3406,2.0,1.0,41.65626,-72.62597,RiversMajor,Region_1,CTRM-1002,2014,9/3/2014,1,BETB,16.83,Poor
1004522,ARTHROPODA,INSECTA,DIPTERA,CHIRONOMIDAE,ABLABESMYIA,ABLABESMYIA,3406,4.0,1.0,41.9521,-72.60858,RiversMajor,Region_1,CTRM-1003,2014,9/3/2014,1,BETB,59.27,Good
1004523,ARTHROPODA,INSECTA,ODONATA,COENAGRIONIDAE,ARGIA,ARGIA,3476,4.0,1.0,30.57732,-99.86389,LargeStreams,Region_6,TXLS-1133,2014,9/3/2014,1,BERW,53.62,Good
1004524,ARTHROPODA,INSECTA,DIPTERA,CHIRONOMIDAE,ABLABESMYIA,ABLABESMYIA,3406,1.0,1.0,,,,,VAS9-0915,2014,,2,BERW,,
1004525,ARTHROPODA,INSECTA,DIPTERA,CHIRONOMIDAE,ABLABESMYIA,ABLABESMYIA,3406,26.0,1.0,38.16237,-77.02402,SmallStreams,Region_3,VAS9-0920,2014,9/2/2014,1,BERW,48.77,Fair
1004526,ARTHROPODA,INSECTA,DIPTERA,CHIRONOMIDAE,ABLABESMYIA,ABLABESMYIA,3406,1.0,1.0,39.77824,-86.44708,SmallStreams,Region_5,INS9-0921,2014,9/4/2014,1,BERW,55.05,Good
1004527,ARTHROPODA,INSECTA,EPHEMEROPTERA,AMELETIDAE,AMELETUS,AMELETUS,3439,3.0,1.0,37.59905,-107.2586,SmallStreams,Region_8,COSS-1104,2014,9/3/2014,1,BERW,74.22,Good
1004529,ARTHROPODA,INSECTA,DIPTERA,CHIRONOMIDAE,ABLABESMYIA,ABLABESMYIA,3406,,,38.35937,-79.8733,SmallStreams,Region_3,WVSS-1044,2014,9/3/2014,1,BERW,59.43,Good
1004530,ARTHROPODA,INSECTA,DIPTERA,CHIRONOMIDAE,ABLABESMYIA,ABLABESMYIA,3406,1.0,1.0,39.50627,-76.87,SmallStreams,Region_3,MDSS-1092,2014,9/4/2014,1,BERW,35.95,Fair
1004531,ARTHROPODA,INSECTA,EPHEMEROPTERA,BAETIDAE,ACENTRELLA,ACENTRELLA,3407,18.0,1.0,39.91225933,-104.8821446,RiversMajor,Region_8,COR9-0909,2014,9/4/2014,1,BERW,32.1,Fair
1004532,ARTHROPODA,INSECTA,DIPTERA,CHIRONOMIDAE,ABLABESMYIA,ABLABESMYIA,3406,3.0,1.0,34.12189,-84.81018,RiversOther,Region_4,GARO-1033,2014,9/4/2014,1,BETB,37.5,Fair
1004533,ARTHROPODA,INSECTA,DIPTERA,CHIRONOMIDAE,ABLABESMYIA,ABLABESMYIA,3406,1.0,1.0,42.07215,-124.0083,SmallStreams,Region_10,ORS9-0935,2014,9/4/2014,1,BERW,78.23,Good
1004534,ARTHROPODA,INSECTA,DIPTERA,CHIRONOMIDAE,ABLABESMYIA,ABLABESMYIA,3406,1.0,1.0,28.95042,-100.6494,RiversMajor,Region_6,TXR9-0912,2014,9/4/2014,1,BETB,65.55,Good
1004535,ARTHROPODA,INSECTA,DIPTERA,CHIRONOMIDAE,ABLABESMYIA,ABLABESMYIA,3406,1.0,1.0,39.0741,-78.4385,SmallStreams,Region_3,VARS11-153,2014,9/4/2014,1,BERW,66.97,Good
1004536,ARTHROPODA,INSECTA,DIPTERA,CHIRONOMIDAE,ABLABESMYIA,ABLABESMYIA,3406,6.0,1.0,42.59972,-89.04609,RiversMajor,Region_5,WIRM-1006,2014,9/4/2014,1,BETB,25.38,Poor
1004537,ARTHROPODA,INSECTA,DIPTERA,CHIRONOMIDAE,ACRICOTOPUS,ACRICOTOPUS,3411,7.0,1.0,48.18282,-104.6439,SmallStreams,Region_8,MTSS-1330,2014,9/4/2014,1,BERW,32.08,Poor
1004538,ARTHROPODA,INSECTA,DIPTERA,CHIRONOMIDAE,ABLABESMYIA,ABLABESMYIA,3406,7.0,1.0,42.17896,-72.36888,RiversOther,Region_1,MARO-1019,2014,9/5/2014,1,BETB,62.02,Good
1004539,ARTHROPODA,INSECTA,EPHEMEROPTERA,BAETIDAE,ACENTRELLA,ACENTRELLA,3407,1.0,1.0,39.9146,-105.5279,LargeStreams,Region_8,COLS-1070,2014,9/5/2014,1,BERW,23.17,Poor
1004540,ARTHROPODA,INSECTA,PLECOPTERA,PERLIDAE,ACRONEURIA,ACRONEURIA,3412,9.0,1.0,,,,,WIRF-0004,2014,,1,BERW,,
1004541,ARTHROPODA,INSECTA,DIPTERA,CHIRONOMIDAE,ABLABESMYIA,ABLABESMYIA,3406,1.0,1.0,,,,,MAR9-0902,2014,,2,BETB,,
1004542,ARTHROPODA,INSECTA,DIPTERA,CHIRONOMIDAE,ABLABESMYIA,ABLABESMYIA,3406,6.0,1.0,45.89867,-68.61411,RiversMajor,Region_1,MERM-1001,2014,9/4/2014,1,BETB,35.83,Poor
1004543,ARTHROPODA,INSECTA,DIPTERA,CHIRONOMIDAE,ABLABESMYIA,ABLABESMYIA,3406,,,44.64017,-69.59274,RiversMajor,Region_1,MERM-1003,2014,9/5/2014,1,BETB,28.08,Poor
1004544,ARTHROPODA,INSECTA,DIPTERA,CHIRONOMIDAE,ABLABESMYIA,ABLABESMYIA,3406,8.0,1.0,45.87867,-68.62034,RiversMajor,Region_1,MER9-0903,2014,9/4/2014,1,BETB,71.88,Good
1004545,ARTHROPODA,INSECTA,DIPTERA,CHIRONOMIDAE,ABLABESMYIA,ABLABESMYIA,3406,2.0,1.0,41.15196,-87.91418,RiversOther,Region_5,ILR9-0906,2014,9/5/2014,1,BETB,58.82,Good
1004546,ARTHROPODA,INSECTA,DIPTERA,CHIRONOMIDAE,ABLABESMYIA,ABLABESMYIA,3406,9.0,1.0,40.06568,-86.27057,LargeStreams,Region_5,INLS-1048,2014,9/8/2014,1,BERW,55.87,Good
1004547,ARTHROPODA,INSECTA,EPHEMEROPTERA,BAETIDAE,ACERPENNA,ACERPENNA,3408,1.0,1.0,45.30186,-69.98618,RiversMajor,Region_1,MERM-1005,2014,9/7/2014,1,BETB,74.1,Good
1004548,ARTHROPODA,INSECTA,DIPTERA,CHIRONOMIDAE,ABLABESMYIA,ABLABESMYIA,3406,3.0,1.0,41.39519,-72.34804,LargeStreams,Region_1,CTLS-1047,2014,9/4/2014,1,BERW,67.77,Good
1004549,ARTHROPODA,INSECTA,EPHEMEROPTERA,BAETIDAE,ACENTRELLA,ACENTRELLA,3407,6.0,1.0,44.87894,-114.7346,RiversOther,Region_10,IDRO-1058,2014,9/3/2014,1,BETB,59.75,Good
1004550,ARTHROPODA,INSECTA,EPHEMEROPTERA,BAETIDAE,ACENTRELLA,ACENTRELLA,3407,7.0,1.0,44.83915163,-114.7851599,RiversOther,Region_10,IDR9-0907,2014,9/2/2014,1,BETB,58.12,Good
1004551,ARTHROPODA,INSECTA,EPHEMEROPTERA,BAETIDAE,ACENTRELLA,ACENTRELLA,3407,6.0,1.0,42.82884,-106.3668,RiversMajor,Region_8,WYR9-0910,2014,9/8/2014,1,BETB,68.02,Good
1004552,ARTHROPODA,INSECTA,EPHEMEROPTERA,BAETIDAE,ACENTRELLA,ACENTRELLA,3407,6.0,1.0,42.82674,-106.4147,RiversMajor,Region_8,WYRM-1006,2014,9/8/2014,1,BETB,71.8,Good
1004553,ARTHROPODA,INSECTA,DIPTERA,TIPULIDAE,ANTOCHA,ANTOCHA,3465,1.0,1.0,45.74761,-123.4891,LargeStreams,Region_10,ORLS-1109,2014,9/8/2014,1,BERW,64.4,Good
1004554,ARTHROPODA,INSECTA,DIPTERA,CHIRONOMIDAE,ABLABESMYIA,ABLABESMYIA,3406,6.0,1.0,30.86744,-88.92198,RiversMajor,Region_4,MSRM-1004,2014,9/8/2014,1,BETB,75.15,Good
1004555,ARTHROPODA,INSECTA,DIPTERA,CHIRONOMIDAE,ABLABESMYIA,ABLABESMYIA,3406,6.0,1.0,46.41642,-90.74116,RiversOther,Region_5,WIR9-0909,2014,9/8/2014,1,BERW,53.5,Good
1004556,ARTHROPODA,INSECTA,ODONATA,COENAGRIONIDAE,ARGIA,ARGIA,3476,2.0,1.0,39.20959,-110.0732,RiversMajor,Region_8,UTRM-1006,2014,9/8/2014,1,BETB,39.62,Poor
1004557,ARTHROPODA,INSECTA,DIPTERA,CHIRONOMIDAE,ABLABESMYIA,ABLABESMYIA,3406,1.0,1.0,32.75744,-94.84784,SmallStreams,Region_6,TXSS-1243,2014,9/8/2014,1,BERW,34.13,Poor
1004558,ARTHROPODA,INSECTA,DIPTERA,CHIRONOMIDAE,ABLABESMYIA,ABLABESMYIA,3406,1.0,1.0,38.78665,-76.68475,SmallStreams,Region_3,MDSS-1095,2014,9/9/2014,1,BERW,14.25,Poor
1004559,MOLLUSCA,GASTROPODA,BASOMMATOPHORA,ANCYLIDAE,,ANCYLIDAE,3458,1.0,1.0,,,,,OKRF-0008,2014,,1,BERW,,
1004560,ANNELIDA,HIRUDINEA,RHYNCHOBDELLIDA,GLOSSIPHONIIDAE,ACTINOBDELLA,ACTINOBDELLA,3413,2.0,1.0,,,,,ILR9-0901,2014,,2,BETB,,
1004561,ARTHROPODA,INSECTA,EPHEMEROPTERA,BAETIDAE,,BAETIDAE,3500,4.0,0.0,39.67185,-85.0023,LargeStreams,Region_5,INLS-1045,2014,9/9/2014,1,BERW,58.78,Good
1004562,ARTHROPODA,INSECTA,DIPTERA,CHIRONOMIDAE,ABLABESMYIA,ABLABESMYIA,3406,4.0,1.0,,,,,MSRF-0004,2014,,1,BERW,,
1004563,ARTHROPODA,INSECTA,DIPTERA,CHIRONOMIDAE,ABLABESMYIA,ABLABESMYIA,3406,1.0,1.0,41.15246,-74.34997,LargeStreams,Region_2,NJSS-1086,2014,9/9/2014,1,BETB,15.93,Poor
1004564,ARTHROPODA,INSECTA,DIPTERA,CHIRONOMIDAE,ABLABESMYIA,ABLABESMYIA,3406,1.0,1.0,44.0067,-90.05381,RiversOther,Region_5,WIR9-0902,2014,9/9/2014,1,BETB,49.83,Good
1004566,ARTHROPODA,INSECTA,TRICHOPTERA,BRACHYCENTRIDAE,AMIOCENTRUS,AMIOCENTRUS,3445,,,46.8552,-122.1765,LargeStreams,Region_10,WALS-1067,2014,9/8/2014,1,BERW,66.3,Good
1004567,ARTHROPODA,INSECTA,EPHEMEROPTERA,BAETIDAE,ACENTRELLA,ACENTRELLA,3407,17.0,1.0,42.64929,-105.2998,RiversMajor,Region_8,WYRM-1008,2014,9/9/2014,1,BETB,90.42,Good
1004568,ARTHROPODA,MALACOSTRACA,AMPHIPODA,,,AMPHIPODA,3450,,,39.74564,-75.513,SmallStreams,Region_3,DESS-1096,2014,9/9/2014,1,BETB,8.18,Poor
1004569,ARTHROPODA,INSECTA,DIPTERA,CHIRONOMIDAE,ABLABESMYIA,ABLABESMYIA,3406,6.0,1.0,38.90393,-77.05623,LargeStreams,Region_3,MDS9-0916,2014,9/10/2014,1,BETB,43.63,Fair
1004570,ARTHROPODA,INSECTA,EPHEMEROPTERA,BAETIDAE,ACERPENNA,ACERPENNA,3408,2.0,1.0,43.31272807,-114.1155635,LargeStreams,Region_10,IDS9-0926,2014,9/9/2014,1,BERW,24.08,Poor
1004571,ARTHROPODA,INSECTA,EPHEMEROPTERA,BAETIDAE,ACERPENNA,ACERPENNA,3408,2.0,1.0,42.05576,-73.93195,RiversMajor,Region_2,NYR9-0916,2014,9/9/2014,1,BETB,35.2,Poor
1004572,ARTHROPODA,INSECTA,EPHEMEROPTERA,CAENIDAE,CAENIS,CAENIS,3542,11.0,1.0,43.66727,-91.25875,RiversOther,Region_5,WIR9-0916,2014,9/10/2014,1,BETB,47.03,Good
1004574,ARTHROPODA,INSECTA,DIPTERA,CHIRONOMIDAE,ABLABESMYIA,ABLABESMYIA,3406,8.0,1.0,33.60188,-88.84011,RiversOther,Region_4,MSRO-1021,2014,9/10/2014,1,BERW,64.8,Good
1004575,ARTHROPODA,INSECTA,DIPTERA,CHIRONOMIDAE,ABLABESMYIA,ABLABESMYIA,3406,2.0,1.0,36.837,-78.8444,SmallStreams,Region_3,VARS11-151,2014,9/10/2014,1,BERW,37.37,Fair
1004576,ARTHROPODA,INSECTA,DIPTERA,CHIRONOMIDAE,ABLABESMYIA,ABLABESMYIA,3406,3.0,1.0,39.2683,-76.79423,RiversOther,Region_3,MDRO-1013,2014,9/11/2014,1,BERW,58.22,Good
1004577,ARTHROPODA,INSECTA,EPHEMEROPTERA,BAETIDAE,ACENTRELLA,ACENTRELLA,3407,2.0,1.0,45.73636,-107.575,RiversMajor,Region_8,MTRM-1002,2014,9/11/2014,1,BETB,76.47,Good
1004578,ARTHROPODA,INSECTA,EPHEMEROPTERA,BAETIDAE,BAETIS,BAETIS,3501,3.0,1.0,45.34771,-109.1694,LargeStreams,Region_8,MTS9-0936,2014,9/10/2014,1,BERW,68.67,Good
1004579,ARTHROPODA,INSECTA,DIPTERA,TIPULIDAE,ANTOCHA,ANTOCHA,3465,10.0,1.0,46.07445,-114.0615,SmallStreams,Region_8,MTSS-1331,2014,9/10/2014,1,BERW,47.75,Fair
1004580,ARTHROPODA,INSECTA,DIPTERA,CHIRONOMIDAE,ABLABESMYIA,ABLABESMYIA,3406,5.0,1.0,42.47413,-73.78702,RiversMajor,Region_2,NYR9-0907,2014,9/11/2014,1,BETB,30.8,Poor
1004581,ARTHROPODA,INSECTA,DIPTERA,CHIRONOMIDAE,ABLABESMYIA,ABLABESMYIA,3406,3.0,1.0,42.17815,-73.8706,RiversMajor,Region_2,NYRM-1008,2014,9/10/2014,1,BETB,8.83,Poor
1004582,ARTHROPODA,INSECTA,DIPTERA,CHIRONOMIDAE,ABLABESMYIA,ABLABESMYIA,3406,,,36.6512,-79.3799,LargeStreams,Region_3,VARS11-152,2014,9/11/2014,1,BERW,39.9,Fair
1004583,ARTHROPODA,INSECTA,DIPTERA,CHIRONOMIDAE,CLADOTANYTARSUS,CLADOTANYTARSUS,3594,,,45.69861,-120.4175,RiversMajor,Region_10,WAR9-0902,2014,9/10/2014,1,BETB,24.83,Poor
1004585,ARTHROPODA,INSECTA,DIPTERA,CHIRONOMIDAE,ABLABESMYIA,ABLABESMYIA,3406,35.0,1.0,38.34361,-80.68207,SmallStreams,Region_3,WVSS-1046,2014,9/10/2014,1,BERW,18.58,Poor
1004586,ARTHROPODA,INSECTA,EPHEMEROPTERA,POTAMANTHIDAE,ANTHOPOTAMUS,ANTHOPOTAMUS,3463,3.0,1.0,41.40645,-80.39264,LargeStreams,Region_3,PALS-1092,2014,9/11/2014,1,BERW,60.9,Good
1004587,ARTHROPODA,INSECTA,DIPTERA,CHIRONOMIDAE,ABLABESMYIA,ABLABESMYIA,3406,9.0,1.0,35.11606,-88.03373,SmallStreams,Region_4,TNSS-1080,2014,9/11/2014,1,BERW,81.77,Good
1004588,ARTHROPODA,INSECTA,DIPTERA,CHIRONOMIDAE,ABLABESMYIA,ABLABESMYIA,3406,2.0,1.0,42.53137,-90.64118,RiversMajor,Region_5,WIR9-0903,2014,9/11/2014,1,BETB,2.25,Poor
1004589,ANNELIDA,OLIGOCHAETA,HAPLOTAXIDA,TUBIFICIDAE,AULODRILUS,AULODRILUS,3496,3.0,1.0,46.5037,-102.753,RiversMajor,Region_8,NDRM-1005,2014,9/11/2014,1,BERW,42.25,Poor
1004590,ARTHROPODA,INSECTA,DIPTERA,CHIRONOMIDAE,ABLABESMYIA,ABLABESMYIA,3406,4.0,1.0,35.67241,-87.26333,RiversOther,Region_4,TNR9-0904,2014,9/12/2014,1,BETB,55.42,Good
1004591,ARTHROPODA,INSECTA,PLECOPTERA,PERLIDAE,ACRONEURIA,ACRONEURIA,3412,1.0,1.0,35.81328,-83.10316,SmallStreams,Region_4,TNSS-1082,2014,9/14/2014,1,BERW,41.15,Fair
1004592,ARTHROPODA,INSECTA,DIPTERA,CERATOPOGONIDAE,,CERATOPOGONINAE,3567,1.0,1.0,42.69165,-73.70884,RiversMajor,Region_2,NYRM-1004,2014,9/12/2014,1,BETB,0.0,Poor
1004593,ARTHROPODA,INSECTA,DIPTERA,CHIRONOMIDAE,ABLABESMYIA,ABLABESMYIA,3406,19.0,1.0,37.0034,-78.7594,RiversMajor,Region_3,VARS11-181,2014,9/12/2014,1,BETB,53.42,Good
1004594,ARTHROPODA,INSECTA,DIPTERA,CHIRONOMIDAE,ABLABESMYIA,ABLABESMYIA,3406,1.0,1.0,40.39311,-85.50298,SmallStreams,Region_5,INSS-1092,2014,9/15/2014,1,BERW,68.15,Good
1004595,ARTHROPODA,INSECTA,DIPTERA,CHIRONOMIDAE,ABLABESMYIA,ABLABESMYIA,3406,5.0,1.0,,,,,KSS9-0930,2014,,2,BERW,,
1004596,ARTHROPODA,INSECTA,DIPTERA,CHIRONOMIDAE,ABLABESMYIA,ABLABESMYIA,3406,4.0,1.0,40.0228,-96.23836,SmallStreams,Region_7,NESS-1143,2014,9/15/2014,1,BERW,39.18,Fair
1004597,ARTHROPODA,INSECTA,EPHEMEROPTERA,CAENIDAE,CAENIS,CAENIS,3542,2.0,1.0,33.86362,-97.00595,RiversMajor,Region_6,OKR9-0903,2014,9/15/2014,1,BETB,6.67,Poor
1004598,ARTHROPODA,INSECTA,DIPTERA,CHIRONOMIDAE,ABLABESMYIA,ABLABESMYIA,3406,2.0,1.0,41.35975,-76.88407,RiversOther,Region_3,PARO-1054,2014,9/15/2014,1,BERW,56.28,Good
1004599,ARTHROPODA,INSECTA,EPHEMEROPTERA,BAETIDAE,ACERPENNA,ACERPENNA,3408,4.0,1.0,,,,,WIRF-0015,2014,,1,BERW,,
1004600,ARTHROPODA,INSECTA,EPHEMEROPTERA,BAETIDAE,ACENTRELLA,ACENTRELLA,3407,1.0,1.0,45.38527554,-115.5332862,RiversMajor,Region_10,IDR9-0909,2014,9/13/2014,1,BETB,9.97,Poor
1004601,ARTHROPODA,INSECTA,EPHEMEROPTERA,BAETIDAE,ACENTRELLA,ACENTRELLA,3407,8.0,1.0,45.39317,-114.8096,RiversMajor,Region_10,IDRM-1007,2014,9/10/2014,1,BETB,47.43,Fair
1004602,ARTHROPODA,INSECTA,COLEOPTERA,ELMIDAE,ANCYRONYX,ANCYRONYX,3459,1.0,1.0,,,,,TNR9-0901,2014,,2,BETB,,
1004603,ARTHROPODA,INSECTA,DIPTERA,CHIRONOMIDAE,ABLABESMYIA,ABLABESMYIA,3406,13.0,1.0,37.40822,-89.08727,SmallStreams,Region_5,ILSS-1122,2014,9/16/2014,1,BERW,4.45,Poor
1004604,ARTHROPODA,INSECTA,EPHEMEROPTERA,BAETIDAE,ACENTRELLA,ACENTRELLA,3407,,,41.28871,-77.34123,RiversOther,Region_3,PAR9-0907,2014,9/16/2014,1,BERW,74.37,Good
1004605,ARTHROPODA,INSECTA,DIPTERA,CHIRONOMIDAE,ABLABESMYIA,ABLABESMYIA,3406,8.0,1.0,,,,,VARF-0002,2014,,1,BETB,,
1004606,ARTHROPODA,INSECTA,DIPTERA,CHIRONOMIDAE,ABLABESMYIA,ABLABESMYIA,3406,8.0,1.0,31.15898786,-85.07890755,RiversMajor,Region_4,GAR9-0907,2014,9/16/2014,1,BETB,41.4,Fair
1004607,ARTHROPODA,INSECTA,DIPTERA,CHIRONOMIDAE,ABLABESMYIA,ABLABESMYIA,3406,2.0,1.0,45.60843,-113.462,RiversOther,Region_8,MTRO-1071,2014,9/16/2014,1,BERW,46.67,Fair
1004608,ARTHROPODA,ARACHNIDA,,,,ARACHNIDA,3472,,,44.69396,-111.0907,LargeStreams,Region_8,MTS9-0939,2014,9/15/2014,1,BETB,51.77,Good
1004609,ARTHROPODA,INSECTA,EPHEMEROPTERA,AMELETIDAE,AMELETUS,AMELETUS,3439,5.0,1.0,47.06133,-110.2411,SmallStreams,Region_8,MTSS-1328,2014,9/16/2014,1,BERW,92.87,Good
1004610,ARTHROPODA,INSECTA,DIPTERA,CHIRONOMIDAE,ABLABESMYIA,ABLABESMYIA,3406,5.0,1.0,46.02431,-68.60342,LargeStreams,Region_1,MELS-1051,2014,9/16/2014,1,BERW,58.02,Good
1004611,ARTHROPODA,INSECTA,DIPTERA,CHIRONOMIDAE,ABLABESMYIA,ABLABESMYIA,3406,1.0,1.0,46.03282,-68.60542,SmallStreams,Region_1,MESS-1106,2014,9/16/2014,1,BERW,73.78,Good
1004612,ANNELIDA,OLIGOCHAETA,HAPLOTAXIDA,TUBIFICIDAE,AULODRILUS,AULODRILUS,3496,,,46.05455,-102.0751,RiversOther,Region_8,NDR9-0912,2014,9/16/2014,1,BERW,51.58,Fair
1004613,ARTHROPODA,INSECTA,DIPTERA,CHIRONOMIDAE,ABLABESMYIA,ABLABESMYIA,3406,25.0,1.0,36.21187,-82.97925,RiversOther,Region_4,TNRO-1017,2014,9/16/2014,1,BETB,43.87,Fair
1004614,ARTHROPODA,MALACOSTRACA,ISOPODA,ASELLIDAE,CAECIDOTEA,CAECIDOTEA,3540,119.0,1.0,40.99117,-86.2953,SmallStreams,Region_5,INSS-1093,2014,9/16/2014,1,BERW,27.55,Fair
1004615,ARTHROPODA,INSECTA,DIPTERA,CHIRONOMIDAE,ABLABESMYIA,ABLABESMYIA,3406,,,40.46545,-74.55524,SmallStreams,Region_2,NJSS-1088,2014,9/17/2014,1,BERW,38.47,Fair
1004616,ARTHROPODA,INSECTA,DIPTERA,CHIRONOMIDAE,LOPESCLADIUS,LOPESCLADIUS,3939,4.0,1.0,43.81009,-100.8971,RiversMajor,Region_8,SDR9-0910,2014,9/16/2014,1,BERW,0.0,Poor
1004617,ARTHROPODA,INSECTA,DIPTERA,CHIRONOMIDAE,ABLABESMYIA,ABLABESMYIA,3406,1.0,1.0,45.82505,-69.60822,SmallStreams,Region_1,MESS-1111,2014,9/17/2014,1,BERW,48.52,Fair
1004618,ARTHROPODA,INSECTA,EPHEMEROPTERA,BAETIDAE,ACENTRELLA,ACENTRELLA,3407,1.0,1.0,37.41202,-118.4503,RiversOther,Region_9,CARO-1048,2014,9/16/2014,1,BETB,35.75,Poor
1004621,ARTHROPODA,INSECTA,DIPTERA,CHIRONOMIDAE,ABLABESMYIA,ABLABESMYIA,3406,2.0,1.0,37.5323,-88.33421,LargeStreams,Region_5,ILLS-1075,2014,9/17/2014,1,BERW,43.17,Fair
1004622,ARTHROPODA,INSECTA,PLECOPTERA,PERLIDAE,ACRONEURIA,ACRONEURIA,3412,1.0,1.0,,,,,MERF-0006,2014,,1,BETB,,
1004623,ARTHROPODA,MALACOSTRACA,AMPHIPODA,COROPHIIDAE,APOCOROPHIUM,APOCOROPHIUM,3469,1.0,1.0,36.6087,-89.30583,RiversMajor,Region_7,MOR9-0902,2014,9/17/2014,1,BETB,36.0,Poor
1004624,ARTHROPODA,INSECTA,EPHEMEROPTERA,AMELETIDAE,AMELETUS,AMELETUS,3439,61.0,1.0,47.57668,-113.8351,LargeStreams,Region_8,MTLS-1141,2014,9/17/2014,1,BERW,60.05,Good
1004625,ARTHROPODA,INSECTA,DIPTERA,CHIRONOMIDAE,ABLABESMYIA,ABLABESMYIA,3406,3.0,1.0,,,,,VARF-0007,2014,,1,BETB,,
1004626,ARTHROPODA,INSECTA,DIPTERA,CHIRONOMIDAE,ABLABESMYIA,ABLABESMYIA,3406,4.0,1.0,36.94,-77.208,RiversOther,Region_3,VARS11-169,2014,9/17/2014,1,BETB,76.92,Good
1004627,ARTHROPODA,INSECTA,DIPTERA,CHIRONOMIDAE,ABLABESMYIA,ABLABESMYIA,3406,1.0,1.0,38.35711,-82.22415,RiversOther,Region_3,WVR9-0905,2014,9/16/2014,1,BETB,28.62,Poor
1004628,ARTHROPODA,INSECTA,TRICHOPTERA,APATANIIDAE,APATANIA,APATANIA,3466,4.0,1.0,,,,,IDS9-0921,2014,,2,BERW,,
1004629,ARTHROPODA,INSECTA,EPHEMEROPTERA,BAETIDAE,BAETIS,BAETIS,3501,41.0,1.0,44.59477,-111.4556,SmallStreams,Region_10,IDSS-1147,2014,9/17/2014,1,BERW,26.27,Poor
1004630,ARTHROPODA,INSECTA,ODONATA,COENAGRIONIDAE,ARGIA,ARGIA,3476,1.0,1.0,,,,,GAR9-0905,2014,,2,BETB,,
1004631,ARTHROPODA,INSECTA,EPHEMEROPTERA,EPHEMERIDAE,,EPHEMERIDAE,3707,1.0,1.0,36.98902,-89.19422,RiversMajor,Region_7,MORM-1005,2014,9/18/2014,1,BETB,35.63,Poor
1004632,ARTHROPODA,INSECTA,TRICHOPTERA,HYDROPSYCHIDAE,CHEUMATOPSYCHE,CHEUMATOPSYCHE,3578,19.0,1.0,43.69232,-99.85244,RiversMajor,Region_8,SDRM-1016,2014,9/17/2014,1,BERW,24.3,Poor
1004633,ARTHROPODA,INSECTA,DIPTERA,CHIRONOMIDAE,ABLABESMYIA,ABLABESMYIA,3406,4.0,1.0,,,,,VARF-0008,2014,,1,BETB,,
1004634,ARTHROPODA,INSECTA,EPHEMEROPTERA,BAETIDAE,ACERPENNA,ACERPENNA,3408,1.0,1.0,39.92575,-90.78567,LargeStreams,Region_5,ILLS-1076,2014,9/18/2014,1,BERW,48.95,Good
1004635,ARTHROPODA,INSECTA,DIPTERA,CHIRONOMIDAE,ABLABESMYIA,ABLABESMYIA,3406,1.0,1.0,45.20825,-68.63326,RiversMajor,Region_1,MERM-1006,2014,9/18/2014,1,BETB,39.95,Poor
1004636,ARTHROPODA,INSECTA,DIPTERA,CHIRONOMIDAE,ABLABESMYIA,ABLABESMYIA,3406,1.0,1.0,44.97088,-68.65281,RiversOther,Region_1,MERO-1028,2014,9/18/2014,1,BETB,62.6,Good
1004637,ARTHROPODA,INSECTA,DIPTERA,CHIRONOMIDAE,ABLABESMYIA,ABLABESMYIA,3406,4.0,1.0,40.0255,-120.9644,RiversOther,Region_9,CARO-1060,2014,9/18/2014,1,BERW,16.53,Poor
1004638,ARTHROPODA,INSECTA,DIPTERA,CHIRONOMIDAE,ABLABESMYIA,ABLABESMYIA,3406,1.0,1.0,46.66263,-102.0795,RiversOther,Region_8,NDRO-1029,2014,9/18/2014,1,BERW,80.28,Good
1004639,ARTHROPODA,INSECTA,PLECOPTERA,PERLIDAE,ACRONEURIA,ACRONEURIA,3412,6.0,1.0,40.59318,-76.02772,LargeStreams,Region_3,PALS-1085,2014,9/18/2014,1,BERW,52.88,Good
1004640,ARTHROPODA,INSECTA,COLEOPTERA,ELMIDAE,ANCYRONYX,ANCYRONYX,3459,2.0,1.0,44.14667,-90.94837,RiversOther,Region_5,WIRO-1055,2014,9/18/2014,1,BETB,41.97,Good
1004643,ARTHROPODA,INSECTA,DIPTERA,CHIRONOMIDAE,ABLABESMYIA,ABLABESMYIA,3406,2.0,1.0,44.82133,-68.70376,RiversMajor,Region_1,MERM-1002,2014,9/19/2014,1,BETB,36.57,Poor
1004644,ARTHROPODA,ARACHNIDA,TROMBIDIFORMES,HYGROBATIDAE,ATRACTIDES,ATRACTIDES,3490,1.0,1.0,40.05732,-111.4551,LargeStreams,Region_8,UTLS-1061,2014,9/19/2014,1,BERW,32.15,Poor
1004645,ARTHROPODA,MALACOSTRACA,AMPHIPODA,,,AMPHIPODA,3450,1.0,0.0,,,,,MOR9-0903,2014,,2,BETB,,
1004646,ARTHROPODA,INSECTA,DIPTERA,CHIRONOMIDAE,ABLABESMYIA,ABLABESMYIA,3406,1.0,1.0,40.78506,-90.13891,RiversOther,Region_5,ILR9-0905,2014,9/19/2014,1,BETB,73.12,Good
1004647,ARTHROPODA,INSECTA,DIPTERA,CHIRONOMIDAE,ABLABESMYIA,ABLABESMYIA,3406,,,44.73738,-67.54984,RiversOther,Region_1,MER9-0904,2014,9/21/2014,1,BETB,16.93,Poor
1004648,ARTHROPODA,INSECTA,DIPTERA,CHIRONOMIDAE,ABLABESMYIA,ABLABESMYIA,3406,3.0,1.0,44.42155,-69.7056,RiversMajor,Region_1,MER9-0907,2014,9/22/2014,1,BETB,53.35,Fair
1004649,ARTHROPODA,INSECTA,DIPTERA,CHIRONOMIDAE,ABLABESMYIA,ABLABESMYIA,3406,2.0,1.0,44.50109,-69.67614,RiversMajor,Region_1,MER9-0908,2014,9/22/2014,1,BETB,39.32,Poor
1004650,ARTHROPODA,INSECTA,DIPTERA,CHIRONOMIDAE,ABLABESMYIA,ABLABESMYIA,3406,1.0,1.0,,,,,PAS9-0914,2014,,2,BERW,,
1004652,ARTHROPODA,INSECTA,EPHEMEROPTERA,BAETIDAE,ACENTRELLA,ACENTRELLA,3407,8.0,1.0,37.20656,-112.9787,LargeStreams,Region_8,UTLS-1062,2014,9/22/2014,1,BERW,49.68,Fair
1004653,ANNELIDA,OLIGOCHAETA,ENCHYTRAEIDA,ENCHYTRAEIDAE,,ENCHYTRAEIDAE,3697,1.0,1.0,37.19893,-89.46155,RiversMajor,Region_7,MORM-1002,2014,9/16/2014,1,BETB,25.98,Poor
1004654,ARTHROPODA,INSECTA,DIPTERA,CHIRONOMIDAE,ABLABESMYIA,ABLABESMYIA,3406,5.0,1.0,,,,,WVR9-0903,2014,,2,BETB,,
1004655,ARTHROPODA,INSECTA,EPHEMEROPTERA,BAETIDAE,ACENTRELLA,ACENTRELLA,3407,54.0,1.0,,,,,MERF-0001,2014,,1,BERW,,
1004657,ARTHROPODA,INSECTA,EPHEMEROPTERA,BAETIDAE,BAETIS,BAETIS,3501,1.0,1.0,45.9555,-103.9574,RiversOther,Region_8,NDRO-1026,2014,9/23/2014,1,BERW,58.43,Good
1004658,ARTHROPODA,INSECTA,DIPTERA,CHIRONOMIDAE,ABLABESMYIA,ABLABESMYIA,3406,4.0,1.0,35.39936,-95.79265,RiversOther,Region_6,OKR9-0904,2014,9/22/2014,1,BETB,25.5,Fair
1004659,ARTHROPODA,INSECTA,DIPTERA,CHIRONOMIDAE,ABLABESMYIA,ABLABESMYIA,3406,1.0,1.0,46.08312,-92.11569,RiversOther,Region_5,WIRO-1058,2014,9/23/2014,1,BETB,65.4,Good
1004660,ARTHROPODA,INSECTA,DIPTERA,CHIRONOMIDAE,ABLABESMYIA,ABLABESMYIA,3406,15.0,1.0,38.91071,-81.07566,RiversOther,Region_3,WVRO-1008,2014,9/23/2014,1,BETB,15.35,Poor
1004661,ARTHROPODA,INSECTA,DIPTERA,CHIRONOMIDAE,,CHIRONOMIDAE,3581,1.0,0.0,46.48088,-90.55855,LargeStreams,Region_5,WILS-1086,2014,9/23/2014,1,BERW,24.67,Fair
1004662,ARTHROPODA,INSECTA,EPHEMEROPTERA,BAETIDAE,BAETIS,BAETIS,3501,,,45.51916,-115.9668,SmallStreams,Region_10,IDSS-1148,2014,9/23/2014,1,BERW,8.15,Poor
1004663,ARTHROPODA,INSECTA,DIPTERA,CHIRONOMIDAE,ABLABESMYIA,ABLABESMYIA,3406,3.0,1.0,39.34567,-76.72794,LargeStreams,Region_3,MDLS-1042,2014,9/24/2014,1,BERW,49.38,Good
1004664,ARTHROPODA,INSECTA,DIPTERA,CHIRONOMIDAE,ABLABESMYIA,ABLABESMYIA,3406,4.0,1.0,33.96522,-85.11613,LargeStreams,Region_4,GALS-1060,2014,9/23/2014,1,BERW,61.88,Good
1004665,ARTHROPODA,INSECTA,DIPTERA,CHIRONOMIDAE,ABLABESMYIA,ABLABESMYIA,3406,4.0,1.0,,,,,MER9-0903,2014,,2,BETB,,
1004666,ARTHROPODA,INSECTA,DIPTERA,ATHERICIDAE,ATHERIX,ATHERIX,3487,2.0,1.0,47.02261,-113.3007,RiversOther,Region_8,MTRO-1075,2014,9/24/2014,1,BETB,25.75,Poor
1004667,ARTHROPODA,INSECTA,EPHEMEROPTERA,BAETIDAE,ACERPENNA,ACERPENNA,3408,1.0,1.0,45.26686,-91.70865,RiversOther,Region_5,WIRO-1046,2014,9/24/2014,1,BETB,46.48,Good
1004669,ARTHROPODA,INSECTA,ODONATA,COENAGRIONIDAE,ARGIA,ARGIA,3476,2.0,1.0,36.95483,-96.93872,RiversMajor,Region_6,OKRM-1022,2014,9/24/2014,1,BETB,24.32,Poor
1004670,ARTHROPODA,INSECTA,DIPTERA,CHIRONOMIDAE,ABLABESMYIA,ABLABESMYIA,3406,2.0,1.0,36.9653,-82.0518,RiversOther,Region_3,VAR9-0901,2014,9/23/2014,1,BETB,46.13,Good
1004671,ARTHROPODA,INSECTA,EPHEMEROPTERA,BAETIDAE,ACENTRELLA,ACENTRELLA,3407,1.0,1.0,44.66904,-103.3561,LargeStreams,Region_8,SDLS-1116,2014,9/24/2014,1,BERW,58.73,Good
1004672,ARTHROPODA,MALACOSTRACA,AMPHIPODA,,,AMPHIPODA,3450,1.0,0.0,33.87832,-109.2865,LargeStreams,Region_9,AZLS-1083,2014,9/25/2014,1,BERW,25.25,Poor
1004673,ARTHROPODA,INSECTA,EPHEMEROPTERA,BAETIDAE,ACENTRELLA,ACENTRELLA,3407,1.0,1.0,42.46206,-121.4688,RiversOther,Region_10,ORR9-0913,2014,9/24/2014,1,BETB,23.7,Poor
1004674,ARTHROPODA,INSECTA,TRICHOPTERA,APATANIIDAE,APATANIA,APATANIA,3466,1.0,1.0,43.24322,-111.4883,SmallStreams,Region_10,IDSS-1111,2014,9/24/2014,1,BERW,34.23,Poor
1004675,ARTHROPODA,ARACHNIDA,TROMBIDIFORMES,ARRENURIDAE,ARRENURUS,ARRENURUS,3481,,,42.46639,-121.4396,RiversOther,Region_10,ORRO-1054,2014,9/23/2014,1,BETB,18.62,Poor
1004676,ARTHROPODA,INSECTA,DIPTERA,TIPULIDAE,ANTOCHA,ANTOCHA,3465,,,43.68773,-121.686,LargeStreams,Region_10,ORS9-0942,2014,9/25/2014,1,BETB,19.08,Poor
1004678,ARTHROPODA,INSECTA,COLEOPTERA,ELMIDAE,ANCYRONYX,ANCYRONYX,3459,1.0,1.0,,,,,WIR9-0902,2014,,2,BETB,,
1004679,ARTHROPODA,INSECTA,EPHEMEROPTERA,BAETIDAE,ACERPENNA,ACERPENNA,3408,2.0,1.0,,,,,MERF-0005,2014,,1,BERW,,
1004680,ARTHROPODA,INSECTA,DIPTERA,CHIRONOMIDAE,ABLABESMYIA,ABLABESMYIA,3406,2.0,1.0,46.31057,-120.3532,RiversOther,Region_10,WARO-1038,2014,9/23/2014,1,BETB,47.65,Fair
1004681,ARTHROPODA,INSECTA,DIPTERA,CHIRONOMIDAE,ABLABESMYIA,ABLABESMYIA,3406,13.0,1.0,,,,,MDS9-0916,2014,,2,BETB,,
1004682,ARTHROPODA,INSECTA,EPHEMEROPTERA,BAETIDAE,ACERPENNA,ACERPENNA,3408,9.0,1.0,,,,,INS9-0927,2014,,2,BERW,,
1004683,ARTHROPODA,INSECTA,DIPTERA,CHIRONOMIDAE,ABLABESMYIA,ABLABESMYIA,3406,1.0,1.0,,,,,RILS-1029,2014,,2,BERW,,
1004684,ARTHROPODA,INSECTA,EPHEMEROPTERA,BAETIDAE,BAETIS,BAETIS,3501,1.0,1.0,45.36289,-89.72917,RiversMajor,Region_5,WIR9-0917,2014,9/29/2014,1,BETB,47.38,Good
1004685,ARTHROPODA,INSECTA,EPHEMEROPTERA,CAENIDAE,CAENIS,CAENIS,3542,21.0,1.0,,,,,ILSS-1169,2014,,1,BERW,,
1004686,ARTHROPODA,INSECTA,EPHEMEROPTERA,BAETIDAE,ACENTRELLA,ACENTRELLA,3407,1.0,1.0,41.04921,-85.72037,LargeStreams,Region_5,INS9-0922,2014,9/30/2014,1,BERW,72.2,Good
1004687,ARTHROPODA,INSECTA,COLEOPTERA,HYDROPHILIDAE,BEROSUS,BEROSUS,3511,1.0,1.0,44.74756,-91.91964,RiversOther,Region_5,WIR9-0918,2014,9/30/2014,1,BETB,46.38,Good
1004688,ARTHROPODA,INSECTA,DIPTERA,CHIRONOMIDAE,ABLABESMYIA,ABLABESMYIA,3406,6.0,1.0,29.87306,-85.12801,LargeStreams,Region_4,FLLS-1064,2014,9/30/2014,1,BETB,41.75,Fair
1004689,ARTHROPODA,INSECTA,EPHEMEROPTERA,BAETIDAE,,BAETIDAE,3500,1.0,1.0,43.21793,-89.82451,RiversMajor,Region_5,WIR9-0904,2014,10/1/2014,1,BETB,33.07,Fair
1004692,ARTHROPODA,INSECTA,DIPTERA,CHIRONOMIDAE,ABLABESMYIA,ABLABESMYIA,3406,2.0,1.0,48.23054,-114.295,LargeStreams,Region_8,MTLS-1149,2014,10/7/2014,1,BETB,26.53,Poor
1004693,ARTHROPODA,INSECTA,DIPTERA,CHIRONOMIDAE,ABLABESMYIA,ABLABESMYIA,3406,,,48.00022,-109.0304,LargeStreams,Region_8,MTLS-1155,2014,10/8/2014,1,BERW,44.47,Fair
1004694,ANNELIDA,OLIGOCHAETA,HAPLOTAXIDA,TUBIFICIDAE,AULODRILUS,AULODRILUS,3496,2.0,1.0,43.54012,-97.82633,RiversMajor,Region_8,SDRM-1020,2014,10/14/2014,1,BETB,23.27,Poor
1004697,ARTHROPODA,INSECTA,DIPTERA,CHIRONOMIDAE,ABLABESMYIA,ABLABESMYIA,3406,1.0,1.0,45.05807,-87.74792,RiversOther,Region_5,WIRO-1051,2014,8/11/2014,1,BETB,26.07,Fair
1004769,ARTHROPODA,INSECTA,DIPTERA,CHIRONOMIDAE,ABLABESMYIA,ABLABESMYIA,3406,1.0,1.0,,,,,MIS9-0923,2013,,2,BERW,,
1004770,ARTHROPODA,INSECTA,EPHEMEROPTERA,BAETIDAE,ACENTRELLA,ACENTRELLA,3407,32.0,1.0,,,,,VTS9-0917,2013,,2,BERW,,
1004771,ARTHROPODA,INSECTA,TRICHOPTERA,APATANIIDAE,APATANIA,APATANIA,3466,8.0,1.0,43.68427,-72.56365,SmallStreams,Region_1,VTRS-1010,2013,7/22/2013,1,BERW,66.42,Good
1004772,ARTHROPODA,INSECTA,DIPTERA,CHIRONOMIDAE,ABLABESMYIA,ABLABESMYIA,3406,7.0,1.0,44.02062,-82.99066,LargeStreams,Region_5,MILS-1061,2013,7/24/2013,1,BERW,36.07,Fair
1004773,ARTHROPODA,INSECTA,EPHEMEROPTERA,BAETIDAE,ACENTRELLA,ACENTRELLA,3407,7.0,1.0,,,,,VTS9-0909,2013,,2,BERW,,
1004774,ARTHROPODA,ARACHNIDA,,,,ARACHNIDA,3472,,,45.2628,-118.3998,LargeStreams,Region_10,ORLS-1095,2013,7/29/2013,1,BERW,48.48,Fair
1004775,ARTHROPODA,INSECTA,EPHEMEROPTERA,BAETIDAE,ACENTRELLA,ACENTRELLA,3407,1.0,1.0,44.90149,-118.477,LargeStreams,Region_10,ORS9-0934,2013,7/30/2013,1,BERW,76.68,Good
1004776,ARTHROPODA,INSECTA,DIPTERA,CHIRONOMIDAE,ABLABESMYIA,ABLABESMYIA,3406,1.0,1.0,45.19313,-118.7041,SmallStreams,Region_10,ORS9-0941,2013,7/31/2013,1,BERW,42.82,Fair
1004778,ARTHROPODA,INSECTA,DIPTERA,CHIRONOMIDAE,ABLABESMYIA,ABLABESMYIA,3406,24.0,1.0,35.63323,-79.53602,LargeStreams,Region_4,NCLS-1040,2013,8/5/2013,1,BERW,3.0,Poor
1004779,ARTHROPODA,INSECTA,DIPTERA,CHIRONOMIDAE,ABLABESMYIA,ABLABESMYIA,3406,10.0,1.0,35.67728,-78.15344,SmallStreams,Region_4,NCS9-0923,2013,8/6/2013,1,BERW,14.1,Poor
1004780,ARTHROPODA,INSECTA,DIPTERA,CHIRONOMIDAE,ABLABESMYIA,ABLABESMYIA,3406,17.0,1.0,35.93954,-78.57553,RiversOther,Region_4,NCRO-1014,2013,8/7/2013,1,BETB,12.82,Poor
1004781,ARTHROPODA,INSECTA,DIPTERA,CHIRONOMIDAE,ABLABESMYIA,ABLABESMYIA,3406,,,36.4717,-76.94345,RiversOther,Region_4,NCR9-0915,2013,8/14/2013,1,BETB,33.18,Poor
1004782,ANNELIDA,HIRUDINEA,RHYNCHOBDELLIDA,GLOSSIPHONIIDAE,ALBOGLOSSIPHONIA,ALBOGLOSSIPHONIA,3429,3.0,1.0,36.54382,-76.89025,LargeStreams,Region_4,NCLS-1037,2013,8/15/2013,1,BETB,10.28,Poor
1004783,ARTHROPODA,ARACHNIDA,,,,ARACHNIDA,3472,1.0,1.0,34.58249,-77.96322,SmallStreams,Region_4,NCS9-0918,2013,8/18/2013,1,BERW,22.28,Poor
1004784,ARTHROPODA,INSECTA,DIPTERA,CHIRONOMIDAE,ABLABESMYIA,ABLABESMYIA,3406,2.0,1.0,36.15021,-76.73789,RiversOther,Region_4,NCR9-0907,2013,8/22/2013,1,BETB,35.7,Poor
1004785,ARTHROPODA,INSECTA,DIPTERA,CHIRONOMIDAE,ABLABESMYIA,ABLABESMYIA,3406,16.0,1.0,35.04365,-80.46558,LargeStreams,Region_4,NCS9-0917,2013,9/8/2013,1,BETB,21.65,Poor
1004786,ARTHROPODA,INSECTA,DIPTERA,CHIRONOMIDAE,ABLABESMYIA,ABLABESMYIA,3406,1.0,1.0,35.3187,-82.01725,RiversMajor,Region_4,NCRM-1003,2013,9/12/2013,1,BETB,14.25,Poor
1004787,ARTHROPODA,INSECTA,DIPTERA,CHIRONOMIDAE,ABLABESMYIA,ABLABESMYIA,3406,4.0,1.0,35.06057,-84.02452,SmallStreams,Region_4,NCS9-0919,2013,9/13/2013,1,BERW,45.97,Good
1004788,ARTHROPODA,INSECTA,DIPTERA,CHIRONOMIDAE,ABLABESMYIA,ABLABESMYIA,3406,2.0,1.0,35.71572,-81.84522,RiversOther,Region_4,NCRO-1013,2013,9/15/2013,1,BETB,36.12,Fair
1004789,ARTHROPODA,INSECTA,EPHEMEROPTERA,BAETIDAE,ACENTRELLA,ACENTRELLA,3407,4.0,1.0,36.2739,-81.87096,LargeStreams,Region_4,NCLS-1039,2013,9/16/2013,1,BERW,69.23,Good
1004790,ARTHROPODA,INSECTA,EPHEMEROPTERA,BAETIDAE,ACENTRELLA,ACENTRELLA,3407,1.0,1.0,35.8788,-82.0796,SmallStreams,Region_4,NCS9-0926,2013,9/17/2013,1,BERW,59.73,Good
1004792,ARTHROPODA,INSECTA,DIPTERA,CHIRONOMIDAE,ABLABESMYIA,ABLABESMYIA,3406,1.0,1.0,,,,,NCS9-0918,2013,,2,BERW,,
1004793,ARTHROPODA,INSECTA,DIPTERA,CHIRONOMIDAE,ABLABESMYIA,ABLABESMYIA,3406,8.0,1.0,34.53497,-78.82338,SmallStreams,Region_4,NCS9-0925,2013,9/23/2013,1,BETB,37.35,Poor
1004794,ARTHROPODA,INSECTA,DIPTERA,CHIRONOMIDAE,ABLABESMYIA,ABLABESMYIA,3406,15.0,1.0,,,,,NCS9-0917,2013,,2,BETB,,
1004795,ARTHROPODA,INSECTA,DIPTERA,CHIRONOMIDAE,ABLABESMYIA,ABLABESMYIA,3406,22.0,1.0,35.3521,-81.32958,SmallStreams,Region_4,NCSS-1088,2013,9/25/2013,1,BERW,30.9,Fair
1004796,ARTHROPODA,INSECTA,DIPTERA,CHIRONOMIDAE,ABLABESMYIA,ABLABESMYIA,3406,1.0,1.0,36.51107,-88.67582,SmallStreams,Region_4,KYSS-1082,2013,9/26/2013,1,BERW,33.57,Poor
1004797,ARTHROPODA,INSECTA,DIPTERA,CHIRONOMIDAE,ABLABESMYIA,ABLABESMYIA,3406,2.0,1.0,,,,,NCR9-0915,2013,,2,BETB,,
1004802,ARTHROPODA,INSECTA,DIPTERA,CHIRONOMIDAE,ABLABESMYIA,ABLABESMYIA,3406,1.0,1.0,,,,,TXRF-0006,2014,,1,BERW,,
1004803,ARTHROPODA,INSECTA,ODONATA,COENAGRIONIDAE,ARGIA,ARGIA,3476,1.0,1.0,,,,,NERF-0001,2014,,1,BERW,,
1004804,ARTHROPODA,ARACHNIDA,TROMBIDIFORMES,HYGROBATIDAE,ATRACTIDES,ATRACTIDES,3490,4.0,1.0,,,,,NERF-0003,2014,,1,BERW,,
1004805,ARTHROPODA,INSECTA,ODONATA,COENAGRIONIDAE,ARGIA,ARGIA,3476,1.0,1.0,,,,,NERF-0004,2014,,1,BERW,,
1004806,ARTHROPODA,INSECTA,EPHEMEROPTERA,BAETIDAE,ACENTRELLA,ACENTRELLA,3407,3.0,1.0,,,,,NERF-0002,2014,,1,BERW,,
1004807,ARTHROPODA,INSECTA,DIPTERA,CHIRONOMIDAE,ABLABESMYIA,ABLABESMYIA,3406,5.0,1.0,37.7732,-82.32324,RiversOther,Region_4,KYRO-1030,2014,5/27/2014,1,BETB,36.37,Fair
1004808,ARTHROPODA,INSECTA,EPHEMEROPTERA,BAETIDAE,ACENTRELLA,ACENTRELLA,3407,49.0,1.0,36.70793,-108.2114,RiversMajor,Region_6,NMR9-0905,2014,5/28/2014,1,BETB,37.7,Poor
1004809,ARTHROPODA,INSECTA,DIPTERA,CHIRONOMIDAE,ABLABESMYIA,ABLABESMYIA,3406,10.0,1.0,37.62117,-83.49986,RiversOther,Region_4,KYR9-0902,2014,5/29/2014,1,BETB,39.12,Fair
1004810,ARTHROPODA,INSECTA,EPHEMEROPTERA,AMELETIDAE,AMELETUS,AMELETUS,3439,3.0,1.0,,,,,NMS9-0920,2014,,2,BERW,,
1004811,ARTHROPODA,INSECTA,EPHEMEROPTERA,BAETIDAE,ACERPENNA,ACERPENNA,3408,7.0,1.0,46.97237,-95.05589,LargeStreams,Region_5,MNLS-1092,2014,6/3/2014,1,BETB,52.32,Good
1004812,ANNELIDA,HIRUDINEA,RHYNCHOBDELLIDA,GLOSSIPHONIIDAE,ACTINOBDELLA,ACTINOBDELLA,3413,2.0,1.0,37.9815,-86.03399,RiversMajor,Region_4,KYR9-0903,2014,6/4/2014,1,BETB,21.52,Poor
1004813,ARTHROPODA,INSECTA,DIPTERA,CHIRONOMIDAE,ABLABESMYIA,ABLABESMYIA,3406,2.0,1.0,47.2731,-93.78416,RiversMajor,Region_5,MNR9-0915,2014,6/4/2014,1,BETB,61.38,Good
1004814,ARTHROPODA,INSECTA,EPHEMEROPTERA,BAETIDAE,ACENTRELLA,ACENTRELLA,3407,8.0,1.0,47.89306,-96.32799,RiversOther,Region_5,MNRO-1049,2014,6/10/2014,1,BETB,78.53,Good
1004815,ARTHROPODA,INSECTA,DIPTERA,CHIRONOMIDAE,ABLABESMYIA,ABLABESMYIA,3406,8.0,1.0,,,,,OKRF-0005,2014,,1,BERW,,
1004816,ARTHROPODA,INSECTA,DIPTERA,CHIRONOMIDAE,ABLABESMYIA,ABLABESMYIA,3406,,,36.97114,-103.3905,RiversOther,Region_6,NMRO-1025,2014,6/15/2014,1,BERW,0.42,Poor
1004817,ARTHROPODA,INSECTA,DIPTERA,CHIRONOMIDAE,ABLABESMYIA,ABLABESMYIA,3406,1.0,1.0,39.30982,-82.9643,RiversOther,Region_5,OHR9-0901,2014,6/16/2014,1,BETB,20.47,Poor
1004818,ARTHROPODA,INSECTA,EPHEMEROPTERA,BAETIDAE,ACENTRELLA,ACENTRELLA,3407,64.0,1.0,,,,,NMR9-0905,2014,,2,BETB,,
1004819,ARTHROPODA,INSECTA,DIPTERA,CHIRONOMIDAE,ABLABESMYIA,ABLABESMYIA,3406,2.0,1.0,42.06127,-86.4237,RiversMajor,Region_5,MIR9-0903,2014,6/16/2014,1,BETB,43.15,Good
1004820,ARTHROPODA,INSECTA,EPHEMEROPTERA,BAETIDAE,ACENTRELLA,ACENTRELLA,3407,12.0,1.0,36.78769,-108.0619,SmallStreams,Region_6,NMSS-1076,2014,6/17/2014,1,BERW,26.77,Poor
1004821,ARTHROPODA,INSECTA,DIPTERA,CHIRONOMIDAE,ABLABESMYIA,ABLABESMYIA,3406,1.0,1.0,39.41065,-82.98479,RiversMajor,Region_5,OHRM-1003,2014,6/17/2014,1,BETB,75.53,Good
1004822,ARTHROPODA,ARACHNIDA,TROMBIDIFORMES,ARRENURIDAE,ARRENURUS,ARRENURUS,3481,2.0,1.0,41.85574,-86.26981,RiversMajor,Region_5,MIRM-1003,2014,6/17/2014,1,BETB,20.45,Poor
1004823,ARTHROPODA,INSECTA,DIPTERA,CHIRONOMIDAE,ABLABESMYIA,ABLABESMYIA,3406,1.0,1.0,38.82668,-83.01769,RiversMajor,Region_5,OHR9-0906,2014,6/18/2014,1,BETB,19.45,Poor
1004824,ARTHROPODA,INSECTA,DIPTERA,CHIRONOMIDAE,ABLABESMYIA,ABLABESMYIA,3406,2.0,1.0,46.98702,-92.8115,RiversOther,Region_5,MNR9-0906,2014,6/18/2014,1,BETB,46.6,Good
1004825,ARTHROPODA,INSECTA,DIPTERA,CHIRONOMIDAE,ABLABESMYIA,ABLABESMYIA,3406,5.0,1.0,46.87467,-92.76754,RiversOther,Region_5,MNRO-1054,2014,6/19/2014,1,BETB,50.67,Good
1004827,ARTHROPODA,INSECTA,EPHEMEROPTERA,BAETIDAE,ACENTRELLA,ACENTRELLA,3407,2.0,1.0,44.73944,-120.3283,RiversMajor,Region_10,ORRM-1002,2014,6/18/2014,1,BETB,34.7,Poor
1004829,ARTHROPODA,INSECTA,EPHEMEROPTERA,BAETIDAE,,BAETIDAE,3500,1.0,0.0,38.86531332,-108.398139,RiversMajor,Region_8,COR9-0902,2014,7/10/2014,1,BETB,52.68,Fair
1004830,ARTHROPODA,INSECTA,EPHEMEROPTERA,BAETIDAE,ACENTRELLA,ACENTRELLA,3407,1.0,1.0,40.39450659,-103.4773327,RiversMajor,Region_8,COR9-0906,2014,7/14/2014,1,BERW,38.15,Good
1004831,ARTHROPODA,INSECTA,DIPTERA,CHIRONOMIDAE,ABLABESMYIA,ABLABESMYIA,3406,5.0,1.0,42.75546,-82.49398,LargeStreams,Region_5,MILS-1055,2014,7/14/2014,1,BETB,50.45,Good
1004832,ARTHROPODA,INSECTA,EPHEMEROPTERA,BAETIDAE,BAETIS,BAETIS,3501,3.0,1.0,40.41411,-104.9937,SmallStreams,Region_8,COSS-1107,2014,7/15/2014,1,BETB,28.38,Fair
1004833,ARTHROPODA,INSECTA,DIPTERA,CHIRONOMIDAE,ABLABESMYIA,ABLABESMYIA,3406,2.0,1.0,43.00436,-82.52504,RiversOther,Region_5,MIR9-0910,2014,7/15/2014,1,BETB,44.23,Good
1004834,ARTHROPODA,INSECTA,DIPTERA,ATHERICIDAE,ATHERIX,ATHERIX,3487,6.0,1.0,,,,,MORF-0006,2014,,1,BERW,,
1004835,ARTHROPODA,INSECTA,DIPTERA,CHIRONOMIDAE,ABLABESMYIA,ABLABESMYIA,3406,4.0,1.0,,,,,MIR9-0903,2014,,2,BETB,,
1004836,ARTHROPODA,INSECTA,DIPTERA,CHIRONOMIDAE,ABLABESMYIA,ABLABESMYIA,3406,3.0,1.0,47.89336,-94.39085,SmallStreams,Region_5,MNS9-0928,2014,7/16/2014,1,BERW,19.98,Poor
1004837,ARTHROPODA,INSECTA,DIPTERA,CHIRONOMIDAE,ABLABESMYIA,ABLABESMYIA,3406,1.0,1.0,48.18084,-94.31649,SmallStreams,Region_5,MNSS-1173,2014,7/17/2014,1,BETB,17.87,Poor
1004838,ARTHROPODA,INSECTA,DIPTERA,CHIRONOMIDAE,ABLABESMYIA,ABLABESMYIA,3406,1.0,1.0,,,,,MORF-0001,2014,,1,BERW,,
1004840,ARTHROPODA,INSECTA,DIPTERA,CHIRONOMIDAE,ABLABESMYIA,ABLABESMYIA,3406,2.0,1.0,47.76298,-95.40422,LargeStreams,Region_5,MNLS-1095,2014,7/22/2014,1,BERW,43.32,Good
1004841,ARTHROPODA,INSECTA,DIPTERA,CHIRONOMIDAE,ABLABESMYIA,ABLABESMYIA,3406,2.0,1.0,46.91546,-94.04217,SmallStreams,Region_5,MNSS-1170,2014,7/24/2014,1,BETB,18.33,Poor
1004843,ARTHROPODA,INSECTA,DIPTERA,CHIRONOMIDAE,ABLABESMYIA,ABLABESMYIA,3406,13.0,1.0,46.84373,-89.33006,RiversMajor,Region_5,MIRM-1002,2014,7/28/2014,1,BETB,47.5,Good
1004844,ARTHROPODA,INSECTA,DIPTERA,CHIRONOMIDAE,ABLABESMYIA,ABLABESMYIA,3406,4.0,1.0,46.02032,-87.2771,RiversOther,Region_5,MIRO-1023,2014,7/29/2014,1,BETB,58.67,Good
1004845,ARTHROPODA,INSECTA,DIPTERA,CHIRONOMIDAE,ABLABESMYIA,ABLABESMYIA,3406,2.0,1.0,,,,,KSRF-0001,2014,,1,BERW,,
1004846,ARTHROPODA,INSECTA,DIPTERA,CHIRONOMIDAE,ABLABESMYIA,ABLABESMYIA,3406,1.0,1.0,46.01943,-86.22127,RiversOther,Region_5,MIRO-1019,2014,7/30/2014,1,BETB,65.15,Good
1004847,ARTHROPODA,INSECTA,DIPTERA,CHIRONOMIDAE,ABLABESMYIA,ABLABESMYIA,3406,27.0,1.0,48.48513,-93.72216,RiversOther,Region_5,MNR9-0902,2014,7/31/2014,1,BETB,51.45,Good
1004848,ARTHROPODA,MALACOSTRACA,AMPHIPODA,,,AMPHIPODA,3450,1.0,1.0,41.58195,-91.09258,RiversOther,Region_7,IARO-1015,2014,7/30/2014,1,BETB,18.47,Poor
1004849,ARTHROPODA,MALACOSTRACA,AMPHIPODA,,,AMPHIPODA,3450,1.0,0.0,42.50707,-90.64463,RiversMajor,Region_7,IARM-1001,2014,7/31/2014,1,BETB,27.2,Fair
1004850,ARTHROPODA,INSECTA,EPHEMEROPTERA,CAENIDAE,CAENIS,CAENIS,3542,6.0,1.0,41.00445546,-91.66528083,RiversOther,Region_7,IAR9-0902,2014,8/3/2014,1,BETB,35.23,Fair
1004851,ARTHROPODA,INSECTA,EPHEMEROPTERA,BAETIDAE,APOBAETIS,APOBAETIS,3468,,,42.13067913,-90.356497,RiversOther,Region_7,IAR9-0909,2014,8/4/2014,1,BETB,40.47,Good
1004852,ARTHROPODA,INSECTA,DIPTERA,CHIRONOMIDAE,ABLABESMYIA,ABLABESMYIA,3406,3.0,1.0,47.25508,-96.20332,RiversOther,Region_5,MNR9-0917,2014,8/5/2014,1,BETB,74.7,Good
1004853,ANNELIDA,OLIGOCHAETA,HAPLOTAXIDA,TUBIFICIDAE,AULODRILUS,AULODRILUS,3496,1.0,1.0,42.20200038,-90.33230625,RiversMajor,Region_7,IAR9-0903,2014,8/5/2014,1,BETB,31.67,Fair
1004854,ARTHROPODA,INSECTA,DIPTERA,CHIRONOMIDAE,CHIRONOMUS,CHIRONOMUS,3582,2.0,1.0,37.7814,-88.03819,RiversMajor,Region_4,KYR9-0901,2014,8/6/2014,1,BETB,0.0,Poor
1004855,ARTHROPODA,INSECTA,EPHEMEROPTERA,CAENIDAE,CAENIS,CAENIS,3542,1.0,1.0,46.76493,-96.77698,RiversMajor,Region_5,MNRM-1001,2014,8/7/2014,1,BETB,39.82,Fair
1004856,ARTHROPODA,INSECTA,TRICHOPTERA,HYDROPTILIDAE,HYDROPTILA,HYDROPTILA,3846,1.0,1.0,37.4704,-88.09642,RiversMajor,Region_4,KYR9-0904,2014,8/7/2014,1,BETB,29.08,Fair
1004857,ARTHROPODA,INSECTA,DIPTERA,CHIRONOMIDAE,ABLABESMYIA,ABLABESMYIA,3406,2.0,1.0,43.14558,-91.18244,LargeStreams,Region_7,IALS-1053,2014,8/10/2014,1,BETB,26.03,Fair
1004858,ARTHROPODA,INSECTA,DIPTERA,CHIRONOMIDAE,ABLABESMYIA,ABLABESMYIA,3406,3.0,1.0,,,,,MNS9-0928,2014,,2,BERW,,
1004859,ARTHROPODA,INSECTA,DIPTERA,CHIRONOMIDAE,ABLABESMYIA,ABLABESMYIA,3406,1.0,1.0,46.33408,-94.01817,SmallStreams,Region_5,MNS9-0930,2014,8/13/2014,1,BERW,61.33,Good
1004860,ARTHROPODA,INSECTA,EPHEMEROPTERA,BAETIDAE,ACENTRELLA,ACENTRELLA,3407,4.0,1.0,44.31316,-108.7222,RiversOther,Region_8,WYRO-1037,2014,8/14/2014,1,BETB,79.12,Good
1004861,ANNELIDA,OLIGOCHAETA,HAPLOTAXIDA,TUBIFICIDAE,AULODRILUS,AULODRILUS,3496,3.0,1.0,36.68796,-85.49951,RiversMajor,Region_4,KYRM-1004,2014,8/18/2014,1,BETB,10.42,Poor
1004862,ARTHROPODA,INSECTA,DIPTERA,CHIRONOMIDAE,ABLABESMYIA,ABLABESMYIA,3406,5.0,1.0,,,,,MNR9-0902,2014,,2,BETB,,
1004863,ARTHROPODA,INSECTA,DIPTERA,CHIRONOMIDAE,ABLABESMYIA,ABLABESMYIA,3406,8.0,1.0,48.70306,-94.3357,RiversOther,Region_5,MNR9-0909,2014,8/20/2014,1,BETB,40.85,Good
1004864,ARTHROPODA,INSECTA,EPHEMEROPTERA,BAETIDAE,ACENTRELLA,ACENTRELLA,3407,5.0,1.0,45.22943,-121.0757,RiversOther,Region_10,ORRO-1066,2014,8/20/2014,1,BETB,54.6,Fair
1004866,ARTHROPODA,ARACHNIDA,TROMBIDIFORMES,ARRENURIDAE,ARRENURUS,ARRENURUS,3481,1.0,1.0,48.75611,-97.15478,RiversMajor,Region_5,MNRM-1009,2014,8/21/2014,1,BETB,14.78,Poor
1004867,ARTHROPODA,INSECTA,DIPTERA,CHIRONOMIDAE,ABLABESMYIA,ABLABESMYIA,3406,2.0,1.0,42.5523,-82.58846,RiversOther,Region_5,MIR9-0902,2014,8/22/2014,1,BETB,29.93,Fair
1004868,ARTHROPODA,INSECTA,EPHEMEROPTERA,BAETIDAE,ACENTRELLA,ACENTRELLA,3407,1.0,1.0,40.50289,-105.9233,SmallStreams,Region_8,COSS-1115,2014,8/26/2014,1,BERW,61.93,Good
1004869,ARTHROPODA,INSECTA,EPHEMEROPTERA,BAETIDAE,ACENTRELLA,ACENTRELLA,3407,63.0,1.0,40.34537,-104.8756,RiversOther,Region_8,CORO-1033,2014,8/25/2014,1,BERW,45.32,Good
1004870,ARTHROPODA,INSECTA,ODONATA,AESHNIDAE,,AESHNIDAE,3418,2.0,1.0,42.13951,-105.6487,SmallStreams,Region_8,WYSS-1209,2014,8/24/2014,1,BERW,18.7,Poor
1004871,ARTHROPODA,INSECTA,DIPTERA,CHIRONOMIDAE,ABLABESMYIA,ABLABESMYIA,3406,1.0,1.0,47.8959,-90.78157,SmallStreams,Region_5,MNSS-1172,2014,8/27/2014,1,BERW,14.52,Poor
1004872,ARTHROPODA,INSECTA,DIPTERA,CHIRONOMIDAE,ABLABESMYIA,ABLABESMYIA,3406,2.0,1.0,47.88967,-90.79713,LargeStreams,Region_5,MNLS-1093,2014,8/28/2014,1,BETB,33.47,Fair
1004873,ARTHROPODA,INSECTA,DIPTERA,CHIRONOMIDAE,ABLABESMYIA,ABLABESMYIA,3406,1.0,1.0,41.5405881,-72.55125787,RiversMajor,Region_1,CTR9-0903,2014,9/1/2014,1,BETB,3.47,Poor
1004874,ARTHROPODA,INSECTA,DIPTERA,CHIRONOMIDAE,ABLABESMYIA,ABLABESMYIA,3406,2.0,1.0,41.48485,-72.50888,RiversMajor,Region_1,CTRM-1001,2014,9/1/2014,1,BETB,11.63,Poor
1004875,ARTHROPODA,INSECTA,EPHEMEROPTERA,BAETIDAE,ACENTRELLA,ACENTRELLA,3407,6.0,1.0,,,,,WYR9-0901,2014,,2,BETB,,
1004876,ARTHROPODA,INSECTA,EPHEMEROPTERA,BAETIDAE,ACENTRELLA,ACENTRELLA,3407,4.0,1.0,45.57558,-116.4875,RiversMajor,Region_10,ORR9-0909,2014,9/17/2014,1,BETB,20.25,Poor
1004951,ARTHROPODA,INSECTA,DIPTERA,CHIRONOMIDAE,ABLABESMYIA,ABLABESMYIA,3406,2.0,1.0,41.58105,-71.72228,LargeStreams,Region_1,RILS-1029,2014,6/23/2014,1,BERW,60.52,Good
1004952,ARTHROPODA,ARACHNIDA,TROMBIDIFORMES,HYGROBATIDAE,ATRACTIDES,ATRACTIDES,3490,7.0,1.0,,,,,SDRF-0001,2014,,1,BERW,,
1004953,ARTHROPODA,INSECTA,EPHEMEROPTERA,BAETIDAE,ACENTRELLA,ACENTRELLA,3407,14.0,1.0,,,,,VTR9-0904,2014,,2,BETB,,
1004954,ARTHROPODA,INSECTA,EPHEMEROPTERA,BAETIDAE,ACENTRELLA,ACENTRELLA,3407,11.0,1.0,,,,,IARF-0001,2014,,1,BERW,,
1004955,ARTHROPODA,ARACHNIDA,,,,ARACHNIDA,3472,3.0,1.0,47.15132,-96.84095,RiversMajor,Region_5,MNRM-1005,2014,6/24/2014,1,BETB,20.18,Poor
1004956,ARTHROPODA,INSECTA,DIPTERA,CHIRONOMIDAE,ABLABESMYIA,ABLABESMYIA,3406,1.0,1.0,,,,,KSRF-0007,2014,,1,BERW,,
1004957,ARTHROPODA,ARACHNIDA,TROMBIDIFORMES,HYGROBATIDAE,ATRACTIDES,ATRACTIDES,3490,1.0,1.0,43.01838,-85.31226,RiversOther,Region_5,MIRO-1024,2014,6/25/2014,1,BETB,57.87,Good
1004958,ARTHROPODA,INSECTA,ODONATA,COENAGRIONIDAE,ARGIA,ARGIA,3476,1.0,1.0,,,,,OHR9-0901,2014,,2,BETB,,
