UID,PHYLUM,CLASS,ORDER,FAMILY,GENUS,TARGET_TAXON,TAXA_ID,TOTAL300,IS_DISTINCT300,LAT_DD83,LON_DD83,STRAH_CAT,EPA_REG,SITE_ID,YEAR,DATE_COL,VISIT_NO,SAMPLE_TYPE,MMI_BENT,BENT_MMI_COND,candidate_station_1_id,candidate_station_1_distance_km,candidate_station_2_id,candidate_station_2_distance_km,candidate_station_3_id,candidate_station_3_distance_km,candidate_station_4_id,candidate_station_4_distance_km,candidate_station_5_id,candidate_station_5_distance_km
2014737,ARTHROPODA,MALACOSTRACA,DECAPODA,CAMBARIDAE,FAXONIUS,FAXONIUS,5131,1.0,1.0,35.5453888599591,-99.72270533,SmallStreams,Region_06,NRS18_OK_10062,2018.0,6/20/2018,1,BERW,28.78,Fair,USC00341743,0.46766847569439957,US1OKRM0003,6.566343382232954,USC00341738,7.389162649890791,USC00341741,10.272645910065165,USC00347435,17.84217052475396
2012488,ARTHROPODA,INSECTA,DIPTERA,TABANIDAE,,TABANIDAE,4340,1.0,1.0,36.9021683891269,-95.16425506,SmallStreams,Region_06,NRS18_OK_10431,2018.0,6/25/2018,1,BERW,31.3,Fair,USC00344258,11.150120367693113,US1KSLB0009,16.532812800256746,USC00140548,16.87610832288627,USC00145200,23.172894552438674,US1KSLB0010,24.637622150653282
2012489,ARTHROPODA,INSECTA,DIPTERA,CHIRONOMIDAE,,CHIRONOMIDAE,3581,2.0,0.0,33.9294492359917,-96.0702418,LargeStreams,Region_06,NRS18_OK_10025,2018.0,7/2/2018,1,BERW,51.6,Fair,USC00340917,11.268486986188496,USC00418898,16.98648063180222,USC00349841,19.590809909903736,USC00416050,20.25686809093631,USC00340980,20.912909391690935
2012490,ARTHROPODA,INSECTA,DIPTERA,CHIRONOMIDAE,,CHIRONOMIDAE,3581,,,42.5368677046374,-89.39556013,SmallStreams,Region_05,NRS18_WI_10091,2018.0,7/2/2018,1,BERW,21.53,Poor,US1ILSP0027,8.495670072399632,USC00471078,9.061705622805327,US1WIGN0008,10.046807551210348,US1ILSP0032,10.553639415678438,US1ILWN0039,11.200655480667614
2012491,ARTHROPODA,ARACHNIDA,TROMBIDIFORMES,TORRENTICOLIDAE,TORRENTICOLA,TORRENTICOLA,4371,,,45.4962572181728,-87.98249295,LargeStreams,Region_05,NRS18_WI_10006,2018.0,7/12/2018,1,BERW,61.55,Good,US1WIMR0003,2.360044690982592,US1WIMR0001,12.183385029579489,USC00478978,13.049957748872322,USC00472263,19.23637378053495,USC00471897,22.445961909609967
2012492,ARTHROPODA,INSECTA,DIPTERA,CHIRONOMIDAE,POLYPEDILUM,POLYPEDILUM,4178,7.0,1.0,,,,Region_06,NRS18_OK_10001,,7/16/2018,2,BERW,47.75,,ACW00011604,,US1OKCV0084,,US1OKCV0083,,US1OKCV0082,,US1OKCV0081,
2012493,ARTHROPODA,INSECTA,DIPTERA,CHIRONOMIDAE,,THIENEMANNIMYIA GENUS GR.,4362,2.0,1.0,36.7144156634049,-97.79295371,LargeStreams,Region_06,NRS18_OK_11085,2018.0,7/16/2018,1,BERW,26.73,Fair,US1OKGT0004,4.872098754295233,USC00344573,5.089495587726242,USC00345769,9.64549215322297,USC00344928,18.633293934766634,US1OKGT0001,19.000095947411513
2012494,ARTHROPODA,INSECTA,DIPTERA,CHIRONOMIDAE,STICTOCHIRONOMUS,STICTOCHIRONOMUS,4315,4.0,1.0,44.558195944284,-90.32250897,LargeStreams,Region_05,NRS18_WI_10053,2018.0,7/16/2018,1,BERW,15.43,Poor,US1WIWD0021,10.238535789439831,US1WIWD0028,11.059126627190702,US1WIWD0015,12.299258032848593,USW00094985,13.878620439668635,US1WIWD0016,15.839300845203386
2012495,ANNELIDA,OLIGOCHAETA,HAPLOTAXIDA,TUBIFICIDAE,,TUBIFICIDAE,4391,2.0,1.0,35.8853626051472,-97.61348318,RiversMajor,Region_06,NRS18_OK_10053,2018.0,7/17/2018,1,BERW,9.0,Poor,US1OKLG0007,5.233462945577588,USC00342242,7.158019589414877,US1OKLG0021,8.909414695806758,USC00343820,12.718734106203229,US1OKLG0006,15.43537718251635
2012496,ARTHROPODA,INSECTA,DIPTERA,CERATOPOGONIDAE,,CERATOPOGONIDAE,3566,1.0,0.0,,,,Region_06,NRS18_OK_10050,,7/17/2018,2,BERW,37.9,,ACW00011604,,US1OKCV0084,,US1OKCV0083,,US1OKCV0082,,US1OKCV0081,
2012497,ARTHROPODA,ARACHNIDA,TROMBIDIFORMES,LEBERTIIDAE,LEBERTIA,LEBERTIA,3892,,,44.6891556898351,-91.36509269,SmallStreams,Region_05,NRS18_WI_10036,2018.0,7/17/2018,1,BERW,24.45,Fair,US1WIEC0002,7.400711796031179,US1WIEC0038,7.733517435710909,US1WIEC0033,9.123813148309313,US1WIEC0025,9.15711593629488,US1WIEC0028,12.479210256734925
2012498,ARTHROPODA,INSECTA,DIPTERA,EMPIDIDAE,HEMERODROMIA,HEMERODROMIA,3799,1.0,1.0,44.7900719047724,-92.52999391,LargeStreams,Region_05,NRS18_WI_10038,2018.0,7/18/2018,1,BERW,40.25,Fair,US1WIPC0007,4.823765773885941,US1WIPC0004,5.476371869262784,US1WIPC0049,8.314670563751033,USC00472556,8.714844158905418,US1WIPC0010,8.797164339140329
2012499,ARTHROPODA,INSECTA,DIPTERA,CHIRONOMIDAE,POLYPEDILUM,POLYPEDILUM,4178,9.0,1.0,44.818435381892,-91.87926357,SmallStreams,Region_05,NRS18_WI_10019,2018.0,7/19/2018,1,BERW,18.18,Poor,US1WIDN0017,4.389988777257019,USC00475330,6.124879794430379,US1WIDN0003,6.800706843789154,US1WIDN0014,7.44637138616584,USC00475335,7.664173751085131
2012500,ARTHROPODA,INSECTA,EPHEMEROPTERA,HEPTAGENIIDAE,,HEPTAGENIIDAE,3802,5.0,0.0,36.2738953556503,-81.87095586,LargeStreams,Region_04,NRS18_NC_10014,2018.0,7/19/2018,1,BERW,76.68,Good,US1NCAV0002,2.8625526936894015,USC00313072,4.503110573048735,US1NCWT0014,6.37226406390738,US1NCWT0061,6.452775006553119,US1NCWT0042,6.54773917891851
2012501,ARTHROPODA,INSECTA,TRICHOPTERA,HYDROPTILIDAE,,HYDROPTILIDAE,3847,1.0,0.0,35.1481488020214,-94.70189843,RiversOther,Region_06,NRS18_OK_10023,2018.0,7/23/2018,1,BERW,50.93,Good,US1OKLF0003,2.179946716821051,US1OKLF0007,10.078176188855668,USC00347254,12.530119205978355,USC00347246,12.571979978491594,USC00348416,12.837594520025931
2012502,ARTHROPODA,INSECTA,DIPTERA,CHIRONOMIDAE,TANYTARSUS,TANYTARSUS,4348,1.0,1.0,33.9122163262306,-95.54936002,RiversMajor,Region_06,NRS18_OK_10029,2018.0,7/24/2018,1,BETB,31.13,Poor,USC00410367,5.9602758210069595,USC00344384,12.151761210086159,US1TXLM0003,13.123850533777773,USC00415878,13.284291670098257,US1OKCW0003,13.738562040481044
2012503,ARTHROPODA,INSECTA,TRICHOPTERA,HYDROPTILIDAE,HYDROPTILA,HYDROPTILA,3846,1.0,1.0,36.7601225147135,-96.2895561,SmallStreams,Region_06,NRS18_OK_10018,2018.0,8/28/2018,1,BERW,47.97,Good,US1OKOS0011,9.614983997039623,USC00346935,11.340870015728077,USC00344064,14.28295840991551,US1OKOS0014,14.672156464901942,US1OKOS0008,21.815726147575933
2012504,MOLLUSCA,GASTROPODA,BASOMMATOPHORA,ANCYLIDAE,FERRISSIA,FERRISSIA,3735,,,,,,Region_06,NRS18_OK_10022,,9/4/2018,2,BETB,55.75,,ACW00011604,,US1OKCV0084,,US1OKCV0083,,US1OKCV0082,,US1OKCV0081,
2012506,ARTHROPODA,INSECTA,ODONATA,GOMPHIDAE,PROGOMPHUS,PROGOMPHUS,4194,12.0,1.0,35.9654531627316,-96.36807127,LargeStreams,Region_06,NRS18_OK_10003,2018.0,9/10/2018,1,BERW,45.93,Good,USC00344098,7.8210826010558865,US1OKCK0013,15.044442720704529,USC00341144,15.299427109861668,US1OKCK0014,19.934212561526532,USC00344807,20.159756264638823
2012507,ARTHROPODA,INSECTA,EPHEMEROPTERA,BAETIDAE,PLAUDITUS,PLAUDITUS,4166,1.0,1.0,34.4509602772063,-94.68104222,RiversOther,Region_06,NRS18_OK_10830,2018.0,9/11/2018,1,BERW,58.13,Good,USC00348285,3.974854448282593,USC00344017,13.389691942168383,USC00340567,21.218368364669054,USC00341544,22.302276155535676,USC00344820,23.779641647908626
2012508,ARTHROPODA,INSECTA,TRICHOPTERA,HYDROPSYCHIDAE,CHEUMATOPSYCHE,CHEUMATOPSYCHE,3578,3.0,1.0,34.6357308491595,-95.1215903,RiversOther,Region_06,NRS18_OK_10034,2018.0,9/12/2018,1,BETB,37.95,Fair,USC00349023,14.709145503259752,USR0000OKIA,18.399914882953787,USC00343182,20.279588548040152,USC00341855,21.70139548885614,US1OKLT0003,22.426615400225952
2012510,ANNELIDA,OLIGOCHAETA,HAPLOTAXIDA,NAIDIDAE,OPHIDONAIS,OPHIDONAIS,4068,,,35.3731575004358,-98.67906497,SmallStreams,Region_06,NRS18_OK_11422,2019.0,6/3/2019,1,BERW,18.65,Poor,USC00342039,2.6125142693343557,US1OKCD0023,15.379341822383273,USC00349422,16.42375249473159,US1OKCS0002,17.107695395525475,USC00349428,17.359390563659947
2012511,ARTHROPODA,INSECTA,EPHEMEROPTERA,BAETIDAE,BAETIS,BAETIS,3501,1.0,1.0,36.2702859426244,-95.72555906,RiversOther,Region_06,NRS18_OK_10340,2019.0,9/17/2019,1,BETB,49.15,Good,US1OKRG0025,2.6789594031432533,US1OKRG0017,3.972126419887815,US1OKRG0018,4.293324420404978,US1OKRG0014,4.468834440496181,US1OKRG0011,4.571090033327154
2012512,ARTHROPODA,INSECTA,DIPTERA,CHIRONOMIDAE,LIMNOPHYES,LIMNOPHYES,3928,1.0,1.0,38.157451391189,-100.1897315,SmallStreams,Region_07,NRS18_KS_10098,2018.0,5/7/2018,1,BERW,5.95,Poor,US1KSHG0012,9.232502307528273,USC00144159,11.465546100730139,US1KSHG0001,11.787238722814518,USC00144085,12.610569069094474,US1KSFI0009,13.830512399512221
2012513,ARTHROPODA,INSECTA,DIPTERA,CHIRONOMIDAE,PARAMETRIOCNEMUS,PARAMETRIOCNEMUS,4112,,,39.8957684469827,-101.7077863,SmallStreams,Region_07,NRS18_KS_10086,2018.0,5/14/2018,1,BERW,29.57,Fair,US1KSCN0007,2.159424764461794,US1KSCN0016,3.000299957979527,US1KSCN0004,15.414864031810287,US1KSCN0017,15.887036858862876,US1KSCN0001,15.91941709796744
2012514,ARTHROPODA,INSECTA,DIPTERA,CHIRONOMIDAE,DICROTENDIPES,DICROTENDIPES,3658,6.0,1.0,39.9083852426482,-84.29816434,RiversOther,Region_05,NRS18_OH_10050,2018.0,5/29/2018,1,BETB,62.45,Good,US1OHMY0034,2.8304155292412148,US1OHMY0083,5.468501525805893,US1OHMY0079,6.56307891979453,US1OHMY0036,6.622769324537432,USW00093815,6.790082675386275
2012515,ANNELIDA,OLIGOCHAETA,HAPLOTAXIDA,NAIDIDAE,,NAIDIDAE,4003,6.0,0.0,38.6576711369321,-97.17331128,SmallStreams,Region_07,NRS18_KS_10103,2018.0,5/29/2018,1,BERW,14.08,Poor,USC00142478,5.93668537261474,US1KSDK0019,9.112461327573532,US1KSDK0011,10.167180916123757,US1KSDK0025,11.759680344997077,US1KSDK0041,12.72249024376254
2012516,ARTHROPODA,MALACOSTRACA,AMPHIPODA,CRANGONYCTIDAE,CRANGONYX,CRANGONYX,3622,,,39.2169141012594,-84.61572904,SmallStreams,Region_05,NRS18_OH_10023,2018.0,5/30/2018,1,BERW,20.97,Poor,USC00331574,1.882621896474908,US1OHHM0023,2.013021073735481,US1OHHM0009,3.9037134267226588,US1OHHM0013,4.852031580417287,US1OHHM0054,5.1402203561424855
2012517,ARTHROPODA,INSECTA,COLEOPTERA,PSEPHENIDAE,PSEPHENUS,PSEPHENUS,4209,4.0,1.0,38.6054480813249,-83.95593345,LargeStreams,Region_04,NRS18_KY_10006,2018.0,5/31/2018,1,BERW,28.07,Poor,US1KYBC0001,11.994029096099057,US1OHBR0009,17.145496143762713,USC00155243,17.226733093768388,US1KYBC0002,18.019320909196097,USC00150290,18.951355761345862
2012518,ANNELIDA,HIRUDINEA,RHYNCHOBDELLIDA,GLOSSIPHONIIDAE,HELOBDELLA,HELOBDELLA,3792,,,29.9104654367424,-95.49178127,SmallStreams,Region_06,NRS18_TX_10016,2018.0,6/4/2018,1,BERW,16.6,Poor,USC00414327,5.379149294515297,US1TXHRR204,6.7803264729320984,US1TXHRR159,7.574728948514666,US1TXHRR081,8.411085666745809,USC00414430,8.72210161100837
2012519,MOLLUSCA,BIVALVIA,VENEROIDA,PISIDIIDAE,,PISIDIIDAE,4158,11.0,0.0,41.3932650662287,-84.29579378,SmallStreams,Region_05,NRS18_OH_10014,2018.0,6/4/2018,1,BERW,20.93,Poor,US1OHDF0006,4.5902158206616885,USC00337080,6.7589720216212665,USC00335667,12.114441219046777,USW00004851,12.79325934775921,US1OHDF0001,13.131291705031416
2012520,ARTHROPODA,INSECTA,DIPTERA,CHIRONOMIDAE,CRYPTOCHIRONOMUS,CRYPTOCHIRONOMUS,3625,1.0,1.0,37.6463654811375,-98.19185293,SmallStreams,Region_07,NRS18_KS_10100,2018.0,6/4/2018,1,BERW,31.42,Fair,USC00144313,5.887210820889358,US1KSKM0014,6.0414751865098335,US1KSKM0019,6.3682487733618345,US1KSKM0010,6.603617613536012,US1KSKM0020,7.3892701126127225
2012521,ARTHROPODA,INSECTA,COLEOPTERA,GYRINIDAE,GYRINUS,GYRINUS,3774,1.0,1.0,42.9441791114345,-83.85332199,SmallStreams,Region_05,NRS18_MI_10033,2018.0,6/5/2018,1,BERW,4.53,Poor,US1MIGN0028,3.860132580579316,US1MIGN0033,4.3666135559386,US1MIGN0020,5.877799017130739,USW00014826,8.779864521034815,USC00205629,9.180620461329866
2012522,ARTHROPODA,INSECTA,EPHEMEROPTERA,BAETIDAE,ACENTRELLA,ACENTRELLA,3407,14.0,1.0,41.6076342885273,-77.50377625,SmallStreams,Region_03,NRS18_PA_10004,2018.0,6/5/2018,1,BERW,77.68,Good,USC00369340,3.9728612279822695,USC00361301,10.629903233268198,USC00365081,11.895044718603089,USC00369408,14.141346886783197,USC00363211,14.33730406477481
2012523,ARTHROPODA,INSECTA,DIPTERA,CHIRONOMIDAE,PROCLADIUS,PROCLADIUS,4191,,,40.4535208720091,-88.44482322,SmallStreams,Region_05,NRS18_IL_10363,2018.0,6/5/2018,1,BERW,28.62,Fair,US1ILFD0012,2.9881070329849275,US1ILFD0009,2.9884255164712914,USC00113413,7.071117625263791,USC00117590,7.7484799257256745,US1ILMCL030,9.793577421861636
2012524,ARTHROPODA,INSECTA,TRICHOPTERA,HYDROPSYCHIDAE,CHEUMATOPSYCHE,CHEUMATOPSYCHE,3578,8.0,1.0,33.926732736376,-85.05046408,SmallStreams,Region_04,NRS18_GA_10003,2018.0,6/5/2018,1,BERW,15.13,Poor,US1GAPG0008,6.7404612681722424,US1GAPL0012,7.054901182209267,USC00093147,7.355254583511967,US1GAPG0012,12.434941443302879,US1GAPL0003,17.36054135046554
2012525,NEMERTEA,ENOPLA,HOPLONEMERTEA,TETRASTEMMATIDAE,PROSTOMA,PROSTOMA,4199,,,41.5401303030311,-83.83336808,LargeStreams,Region_05,NRS18_OH_10029,2018.0,6/5/2018,1,BERW,43.73,Good,USC00335700,4.90553921157286,USW00094830,5.7007888221990095,US1OHFL0015,6.183622285102093,US1OHFL0013,6.270961971882766,US1OHLS0022,9.591078281970066
2012526,ARTHROPODA,INSECTA,TRICHOPTERA,,,TRICHOPTERA,4382,1.0,0.0,37.8560151108596,-97.14034423,SmallStreams,Region_07,NRS18_KS_10043,2018.0,6/5/2018,1,BERW,10.22,Poor,US1KSBU0030,4.040919499619901,US1KSSG0174,8.337239604359445,US1KSBU0045,9.285550115234468,USC00144227,13.293466021386378,US1KSSG0089,13.420986306002952
2012527,ARTHROPODA,INSECTA,DIPTERA,CHIRONOMIDAE,POLYPEDILUM,POLYPEDILUM,4178,42.0,1.0,38.2627618885793,-81.22257444,LargeStreams,Region_03,NRS18_WV_10010,2018.0,6/5/2018,1,BERW,66.87,Good,USC00460661,4.742874570061029,USC00464631,8.456301013063525,USC00464727,13.880161624594988,USC00466140,14.105408261654635,USC00465365,15.016290128993374
2012528,MOLLUSCA,BIVALVIA,VENEROIDA,PISIDIIDAE,PISIDIUM,PISIDIUM,4159,8.0,1.0,35.7493094024648,-97.13433463,LargeStreams,Region_06,NRS18_OK_10001,2018.0,6/4/2018,1,BERW,31.27,Fair,US1OKLG0013,4.57925312599798,US1OKOK0074,9.99038944962571,USC00345410,10.93299951841455,US1OKOK0004,11.363665878249908,US1OKLG0022,17.443586361929352
2012529,ARTHROPODA,INSECTA,PLECOPTERA,CHLOROPERLIDAE,,CHLOROPERLIDAE,3583,8.0,1.0,43.2995996383256,-72.49427176,SmallStreams,Region_01,NRS18_VT_10034,2018.0,6/4/2018,1,BERW,67.73,Good,USC00435977,4.163503156768035,USC00435982,4.4977146995982,USC00437954,5.121097699221651,USW00054740,5.220618352733346,US1VTWR0009,9.512529255124223
2012530,ARTHROPODA,INSECTA,EPHEMEROPTERA,CAENIDAE,CAENIS,CAENIS,3542,24.0,1.0,35.7176878728481,-96.37697906,LargeStreams,Region_06,NRS18_OK_10002,2018.0,6/5/2018,1,BERW,42.55,Good,USC00341144,12.470501974508336,USC00349479,15.09494594345117,US1OKCK0013,15.379636636172698,US1OKCK0014,18.329935627553873,USC00340631,26.44068371815562
2012531,ARTHROPODA,INSECTA,DIPTERA,CHIRONOMIDAE,POLYPEDILUM,POLYPEDILUM,4178,15.0,1.0,42.876812535132,-72.69005327,SmallStreams,Region_01,NRS18_VT_10011,2018.0,6/5/2018,1,BERW,77.47,Good,USC00434942,1.8039362183147727,USR0000VMAR,5.678089673627414,US1VTWH0004,6.100206661664039,US1VTWH0001,7.316405561848398,USC00430842,10.442585136953788
2012532,ARTHROPODA,INSECTA,EPHEMEROPTERA,CAENIDAE,CAENIS,CAENIS,3542,93.0,1.0,35.9251264235397,-96.71988346,LargeStreams,Region_06,NRS18_OK_10045,2018.0,6/5/2018,1,BERW,38.22,Good,US1OKPY0019,5.20435433433486,USC00342318,7.93545595919714,US1OKPY0008,11.828444794451153,US1OKCK0008,12.275797393414251,USC00348563,15.005004919883467
2012533,ARTHROPODA,INSECTA,DIPTERA,CHIRONOMIDAE,RHEOCRICOTOPUS,RHEOCRICOTOPUS,4245,,,33.2665971743894,-116.8176623,RiversOther,Region_09,NRS18_CA_10048,2018.0,6/5/2018,1,BERW,9.75,Poor,USC00043914,6.168994023983683,US1CASD0213,6.369098420668162,US1CASD0195,6.8476020988808575,USC00046657,12.571062575460521,US1CASD0025,13.20455357290588
2012534,ARTHROPODA,INSECTA,DIPTERA,CHIRONOMIDAE,THIENEMANNIELLA,THIENEMANNIELLA,4361,1.0,1.0,42.9232894325836,-89.1037515,SmallStreams,Region_05,NRS18_WI_10030,2018.0,6/5/2018,1,BERW,17.87,Poor,US1WIDA0017,0.9241275728900827,USC00478229,9.00706889775909,US1WIDA0087,9.757905361389838,US1WIDA0173,10.151566991546968,US1WIRK0023,12.331214743069351
2012535,ARTHROPODA,INSECTA,DIPTERA,CHIRONOMIDAE,PARACHIRONOMUS,PARACHIRONOMUS,4099,4.0,1.0,44.1353623946871,-100.8337449,RiversOther,Region_08,NRS18_SD_10038,2018.0,6/5/2018,1,BERW,37.85,Poor,USC00398572,3.146354216345163,USC00393077,12.95348158982604,USC00399032,18.435194054814406,USC00393076,18.45730077229523,US1SDST0003,19.461814532931147
2012536,ARTHROPODA,ARACHNIDA,,,,ARACHNIDA,3472,,,29.7336219381804,-96.66281509,RiversMajor,Region_06,NRS18_TX_10055,2018.0,6/5/2018,1,BETB,33.67,Fair,US1TXCLR013,3.91321177535378,US1TXCLR009,8.672483571573371,US1TXCLR022,9.004319220378937,USC00411911,9.485279253836222,USC00419549,12.221254186759571
2012537,ARTHROPODA,INSECTA,DIPTERA,CHIRONOMIDAE,TRIBELOS,TRIBELOS,4379,1.0,1.0,42.7412908146471,-84.54961724,RiversOther,Region_05,NRS18_MI_10056,2018.0,6/6/2018,1,BETB,20.18,Poor,USC00204631,0.9689214837308312,US1MIIH0001,1.3509086770189234,US1MIIH0006,2.362797157253878,US1MIIH0045,3.181499586178605,US1MIIH0058,3.4223822739630827
2012538,ARTHROPODA,INSECTA,DIPTERA,CHIRONOMIDAE,PHAENOPSECTRA,PHAENOPSECTRA,4143,9.0,1.0,41.6558403138801,-76.78470344,LargeStreams,Region_03,NRS18_PA_10021,2018.0,6/6/2018,1,BERW,61.88,Good,USC00361212,5.146508762077978,US1PABF0013,5.589193280073541,USC00364972,6.420935800480008,USC00361215,6.917853635252351,USC00364961,10.281529612564539
2012539,ARTHROPODA,INSECTA,EPHEMEROPTERA,BAETIDAE,CALLIBAETIS,CALLIBAETIS,3544,1.0,1.0,34.3567132243174,-119.0198808,SmallStreams,Region_09,NRS18_CA_10011,2018.0,6/6/2018,1,BERW,54.43,Fair,USC00048349,8.61907114878037,USC00043050,9.289876991024142,USC00048348,9.512628024518513,US1CAVT0013,11.037211570543127,US1CAVT0010,11.23557099052548
2012540,ARTHROPODA,INSECTA,DIPTERA,CHIRONOMIDAE,PSEUDOCHIRONOMUS,PSEUDOCHIRONOMUS,4212,3.0,1.0,34.0695465516065,-84.53634847,LargeStreams,Region_04,NRS18_GA_10001,2018.0,6/6/2018,1,BERW,16.92,Poor,US1GACE0020,1.7722083810156437,US1GACB0028,2.7187592117669745,US1GACE0034,3.370931188176197,US1GACE0029,3.5483251301638705,US1GACB0024,4.232773555578695
2012541,ARTHROPODA,INSECTA,DIPTERA,CHIRONOMIDAE,,CRICOTOPUS/ORTHOCLADIUS,3623,44.0,1.0,38.2759178788401,-80.83754816,SmallStreams,Region_03,NRS18_WV_10031,2018.0,6/6/2018,1,BERW,17.1,Poor,USC00468608,0.9007238849612479,USC00468614,7.903348006410192,USC00466284,9.843163412059063,US1WVNC0002,10.590469804810422,US1WVNC0001,12.285022102287254
2012542,ARTHROPODA,INSECTA,DIPTERA,CHIRONOMIDAE,ABLABESMYIA,ABLABESMYIA,3406,1.0,1.0,35.1040103129021,-85.36090452,RiversMajor,Region_04,NRS18_TN_10006,2018.0,6/6/2018,1,BETB,8.07,Poor,USC00408315,1.7247821865221467,US1TNHL0007,2.2602072254586854,US1TNHL0030,3.3641362262784185,US1TNHL0032,5.853938224445822,US1TNHL0058,6.040426086918485
2012543,ARTHROPODA,INSECTA,COLEOPTERA,HALIPLIDAE,PELTODYTES,PELTODYTES,4130,2.0,1.0,41.1350848025066,-84.43127542,RiversOther,Region_05,NRS18_OH_10033,2018.0,6/6/2018,1,BETB,11.73,Poor,US1OHPL0004,6.995590526520866,USC00336188,7.022295751006832,USC00332103,11.230275512424868,US1OHPL0005,11.743004101172986,USC00333421,13.203099049895055
2012544,ARTHROPODA,INSECTA,EPHEMEROPTERA,HEPTAGENIIDAE,LEUCROCUTA,LEUCROCUTA,3911,,,40.1622966469912,-88.02743645,LargeStreams,Region_05,NRS18_IL_10054,2018.0,6/6/2018,1,BERW,28.37,Fair,US1ILCP0091,4.831738117611938,US1ILCP0137,4.997339372581579,US1ILCP0031,7.008546870312763,US1ILCP0113,7.5621610868774995,USC00116344,8.365143449730127
2012545,ARTHROPODA,MALACOSTRACA,AMPHIPODA,HYALELLIDAE,HYALELLA,HYALELLA,3821,2.0,1.0,32.9748016720671,-92.07643948,RiversMajor,Region_06,NRS18_LA_10002,2018.0,6/6/2018,1,BETB,24.77,Poor,USC00033556,6.536102271201078,USC00162372,9.866059645349265,USC00032475,10.414095218026862,USW00053961,10.836531652670551,USC00033553,11.900037975895875
2012546,ARTHROPODA,INSECTA,DIPTERA,CHIRONOMIDAE,CRYPTOCHIRONOMUS,CRYPTOCHIRONOMUS,3625,1.0,1.0,35.0988842519799,-85.35359135,RiversMajor,Region_04,NRS18_TN_10026,2018.0,6/6/2018,1,BETB,2.63,Poor,USC00408315,2.0077770849861785,US1TNHL0007,2.937489984935676,US1TNHL0030,3.6335170455449286,US1TNHL0032,5.985372431129925,USW00053875,6.048724989728454
2012547,ARTHROPODA,INSECTA,DIPTERA,CHIRONOMIDAE,PARAMETRIOCNEMUS,PARAMETRIOCNEMUS,4112,41.0,1.0,42.2349250262574,-78.77276172,SmallStreams,Region_02,NRS18_NY_10010,2018.0,6/6/2018,1,BERW,51.43,Fair,USC00304808,3.5445937383403425,US1NYCT0021,4.04521209324196,USC00307397,7.366989967264802,US1NYCT0033,8.021251156846512,USC00307398,9.434952875061459
2012548,ARTHROPODA,INSECTA,DIPTERA,CHIRONOMIDAE,CHIRONOMUS,CHIRONOMUS,3582,3.0,1.0,37.7409697567208,-81.57619751,SmallStreams,Region_03,NRS18_WV_10015,2018.0,6/7/2018,1,BERW,40.4,Fair,USC00464956,1.0570776616866076,USC00466602,8.145694163944452,USC00466600,8.223935310693209,USC00466362,16.18854247657189,USC00462462,16.550538528100994
2012549,ARTHROPODA,MALACOSTRACA,AMPHIPODA,GAMMARIDAE,,GAMMARIDAE,3743,24.0,0.0,41.2337976087358,-84.5905211,RiversMajor,Region_05,NRS18_OH_10012,2018.0,6/7/2018,1,BETB,39.97,Fair,US1OHPL0001,1.463145084507188,US1OHPL0005,8.986918654506855,USC00336465,12.131649490212892,USC00333722,15.350273962793008,USC00332103,15.931813989521249
2012550,ANNELIDA,OLIGOCHAETA,HAPLOTAXIDA,NAIDIDAE,OPHIDONAIS,OPHIDONAIS,4068,3.0,1.0,39.5483253330948,-89.43360244,SmallStreams,Region_05,NRS18_IL_10003,2018.0,6/7/2018,1,BERW,6.53,Poor,USC00114739,4.941196583968697,US1ILCN0004,11.448983297775266,USC00118491,14.859024764591515,USC00115841,14.928005817649511,US1ILCN0013,14.940379414274096
2012551,ARTHROPODA,MALACOSTRACA,AMPHIPODA,GAMMARIDAE,GAMMARUS,GAMMARUS,3744,3.0,1.0,32.2700996037104,-90.96073809,RiversMajor,Region_06,NRS18_LA_10010,2018.0,6/6/2018,1,BETB,23.65,Poor,USW00093999,4.837515953688545,USC00229215,7.170764143437754,US1MSWR0002,8.381593091371384,USC00166455,8.777872144438263,USC00229218,9.44126785854041
2012552,ARTHROPODA,INSECTA,COLEOPTERA,ELMIDAE,STENELMIS,STENELMIS,4310,4.0,1.0,35.3969639413152,-84.27655927,LargeStreams,Region_04,NRS18_TN_10001,2018.0,6/7/2018,1,BERW,60.18,Good,USC00408891,6.531058691956867,USC00408886,8.936068161830493,USC00404079,9.919749537904382,US1TNMR0003,11.19386255232656,USC00404903,11.570276666887423
2012553,ARTHROPODA,INSECTA,DIPTERA,CHIRONOMIDAE,,CRICOTOPUS/ORTHOCLADIUS,3623,3.0,1.0,39.4104590040426,-89.13140441,SmallStreams,Region_05,NRS18_IL_10001,2018.0,6/8/2018,1,BERW,24.5,Poor,US1ILCN0015,3.9060031929029133,USC00116579,6.035194724051708,US1ILCN0008,9.15834087719087,US1ILCN0003,10.140407376620953,US1ILCN0007,16.53262421070957
2012554,ARTHROPODA,INSECTA,TRICHOPTERA,LEPTOCERIDAE,NECTOPSYCHE,NECTOPSYCHE,4011,1.0,1.0,32.6163205866772,-93.83192406,RiversOther,Region_06,NRS18_LA_10021,2018.0,6/8/2018,1,BETB,36.7,Poor,US1LACD0026,5.00676937730018,US1LACD0029,7.805466436103064,US1LABS0026,9.092894248888486,US1LABS0016,9.47022137280106,US1LABS0025,10.140536036667596
2012555,ARTHROPODA,INSECTA,DIPTERA,CHIRONOMIDAE,LARSIA,LARSIA,3890,4.0,1.0,30.5777531906679,-91.52159023,LargeStreams,Region_06,NRS18_LA_10013,2018.0,6/10/2018,1,BERW,24.85,Poor,US1LAPC0004,14.222100432692095,US1LAPC0002,15.556143747917277,USC00166686,22.190527686214892,USC00166117,23.410698968300775,USC00168136,26.168475846812786
2012556,ARTHROPODA,INSECTA,COLEOPTERA,ELMIDAE,MACRONYCHUS,MACRONYCHUS,3952,1.0,1.0,43.2970920061679,-83.854919,LargeStreams,Region_05,NRS18_MI_10381,2018.0,6/11/2018,1,BERW,14.65,Poor,USC00200781,7.117645025844964,USC00200981,7.2590888264242395,US1MISG0010,11.420561225690875,USC00202955,11.502990568271745,US1MISG0004,11.555185463406525
2012557,ARTHROPODA,INSECTA,TRICHOPTERA,HYDROPTILIDAE,HYDROPTILA,HYDROPTILA,3846,1.0,1.0,37.5558766579209,-121.1504748,RiversMajor,Region_09,NRS18_CA_10035,2018.0,6/11/2018,1,BETB,28.7,Poor,USC00045741,13.045358362285597,USW00023248,14.060632656920763,US1CASS0006,17.35858367515557,US1CASS0010,17.369653837454834,USW00023240,17.39882660451418
2012558,ARTHROPODA,INSECTA,DIPTERA,CHIRONOMIDAE,CRYPTOCHIRONOMUS,CRYPTOCHIRONOMUS,3625,1.0,1.0,36.2653771560753,-82.31630717,LargeStreams,Region_04,NRS18_TN_10009,2018.0,6/11/2018,1,BERW,30.45,Poor,USC00404659,5.911934573183003,USC00404660,5.935028114276383,US1TNWS0028,7.050863777042442,USC00404657,7.2778156635962645,USC00404662,7.704668253149083
2012559,ARTHROPODA,MALACOSTRACA,ISOPODA,ASELLIDAE,CAECIDOTEA,CAECIDOTEA,3540,1.0,1.0,29.8973346456281,-90.68333669,LargeStreams,Region_06,NRS18_LA_10001,2018.0,6/10/2018,1,BETB,10.85,Poor,US1LALF0004,9.318184290137696,USC00165783,15.772365134243548,USC00169027,16.809927928965358,USC00162002,16.926538467482295,US1LALF0007,16.935260851818487
2012560,ARTHROPODA,INSECTA,DIPTERA,CHIRONOMIDAE,TANYTARSUS,TANYTARSUS,4348,2.0,1.0,37.0872538075318,-99.25331095,SmallStreams,Region_07,NRS18_KS_10126,2018.0,6/11/2018,1,BERW,35.62,Good,US1KSCM0009,5.401520237372686,US1KSCM0007,14.871821952567817,USC00148914,18.215516174231553,USC00141704,21.132989691939457,US1KSCM0006,21.426217061460108
2012561,ARTHROPODA,INSECTA,EPHEMEROPTERA,BAETIDAE,,BAETIDAE,3500,1.0,0.0,37.1619101695804,-88.71408115,LargeStreams,Region_05,NRS18_IL_10013,2018.0,6/11/2018,1,BERW,23.08,Poor,USC00113120,2.0137275484564365,USC00115606,3.189762106576192,US1ILMC0002,3.3490099620808844,US1ILMC0004,3.822397267673816,USC00157311,6.275625569819813
2012562,ARTHROPODA,INSECTA,DIPTERA,CHIRONOMIDAE,KLOOSIA,KLOOSIA,3875,2.0,1.0,35.9258186742867,-99.51524603,RiversMajor,Region_06,NRS18_OK_10050,2018.0,6/11/2018,1,BERW,25.03,Fair,USC00345090,17.04114987296876,USC00341404,19.012101226764507,USC00341396,23.190719182608365,USC00347714,24.09925281172174,US1OKRM0002,25.077246898578174
2012563,MOLLUSCA,GASTROPODA,,,,GASTROPODA,3745,38.0,0.0,37.069523711458,-89.17324304,LargeStreams,Region_05,NRS18_IL_10030,2018.0,6/10/2018,1,BETB,25.52,Poor,USC00115880,2.417216937124469,USW00093809,3.2300804373946717,US1ILAL0002,6.720414193582267,USC00111169,7.257020401982585,USC00113580,15.934249434236056
2012564,ARTHROPODA,MALACOSTRACA,AMPHIPODA,GAMMARIDAE,GAMMARUS,GAMMARUS,3744,1.0,1.0,30.794801031892,-91.20538568,SmallStreams,Region_06,NRS18_LA_10012,2018.0,6/11/2018,1,BERW,34.92,Poor,USC00164573,8.687101322732564,US1LAEF0006,8.94771950966427,US1LAEF0007,9.873359803624334,US1LAEB0056,12.196183593321084,US1LAEB0028,12.309684154807032
2012565,MOLLUSCA,GASTROPODA,BASOMMATOPHORA,PLANORBIDAE,GYRAULUS,GYRAULUS,3771,1.0,1.0,39.1951946100098,-117.3464915,RiversOther,Region_09,NRS18_NV_10012,2018.0,6/11/2018,1,BERW,35.07,Poor,USR0000NWAS,9.113257981277975,USC00266746,15.809313192316194,USC00261630,21.07291431892142,USC00264253,22.19065586720203,USS0017K04S,22.932686847911636
2012566,MOLLUSCA,BIVALVIA,VENEROIDA,PISIDIIDAE,PISIDIUM,PISIDIUM,4159,3.0,1.0,43.1255579286456,-75.5838354,SmallStreams,Region_02,NRS18_NY_10025,2018.0,6/12/2018,1,BERW,14.05,Poor,US1NYOD0069,5.354731868630844,US1NYOD0011,5.551223684827546,US1NYMD0002,7.628158133224114,US1NYOD0052,8.191672542175587,US1NYMD0022,8.538638922538816
2012567,ARTHROPODA,INSECTA,LEPIDOPTERA,PYRALIDAE,PETROPHILA,PETROPHILA,4142,1.0,1.0,29.2389273320159,-98.45168436,RiversOther,Region_06,NRS18_TX_10009,2018.0,6/12/2018,1,BETB,53.02,Good,USC00417948,6.945406266446031,US1TXBXR169,7.625498226227719,US1TXBXR527,7.906799018379864,US1TXBXR376,8.64883560164647,US1TXBXR271,9.288619292988466
2012568,MOLLUSCA,GASTROPODA,BASOMMATOPHORA,PLANORBIDAE,GYRAULUS,GYRAULUS,3771,38.0,1.0,46.2485468252275,-101.5314637,LargeStreams,Region_08,NRS18_ND_10015,2018.0,6/12/2018,1,BERW,27.77,Poor,US1NDGT0009,13.121199832458226,USC00325090,13.358125122673632,USC00326050,17.482776569535925,USC00321365,18.89247920501038,US1NDGT0007,19.56369162747092
2012569,ARTHROPODA,INSECTA,DIPTERA,CHIRONOMIDAE,CORYNONEURA,CORYNONEURA,3620,1.0,1.0,43.3109667640185,-83.96788191,RiversOther,Region_05,NRS18_MI_10010,2018.0,6/12/2018,1,BETB,26.73,Fair,US1MISG0010,7.876234746622282,USC00200981,8.8083850541929,USC00207222,11.296847469988919,USC00207225,14.147919653711812,US1MISG0013,15.056971233778093
2012570,ANNELIDA,OLIGOCHAETA,,,,OLIGOCHAETA,4061,115.0,1.0,38.1522024682039,-121.2840803,RiversOther,Region_09,NRS18_CA_10032,2018.0,6/12/2018,1,BETB,15.02,Poor,US1CASJ0020,1.5765089552529552,US1CASJ0005,2.530510337745482,USC00045032,5.136674897887427,USC00040010,10.26763941259909,USC00042760,11.632282566132215
2012571,ANNELIDA,OLIGOCHAETA,HAPLOTAXIDA,TUBIFICIDAE,SPIROSPERMA,SPIROSPERMA,4302,,,38.6382807745578,-79.19020318,SmallStreams,Region_03,NRS18_WV_10012,2018.0,6/12/2018,1,BERW,45.52,Good,USC00461091,4.4467873171561765,US1WVPN0001,9.793070484175475,USC00468589,10.628732288056884,USC00463215,11.134887274809305,USC00469049,18.03546359343628
2012572,ARTHROPODA,INSECTA,DIPTERA,CHIRONOMIDAE,,CRICOTOPUS/ORTHOCLADIUS,3623,,,41.7429186304748,-80.86951805,RiversOther,Region_05,NRS18_OH_10030,2018.0,6/12/2018,1,BETB,7.17,Poor,USC00333095,6.723242371610747,USC00334047,8.597920461275532,USC00333094,11.14202786312252,USC00337175,12.191281568041475,USC00333750,12.258895816038901
2012573,ARTHROPODA,INSECTA,DIPTERA,CHIRONOMIDAE,COELOTANYPUS,COELOTANYPUS,3604,,,29.679748534922,-91.28559159,RiversOther,Region_06,NRS18_LA_10014,2018.0,6/12/2018,1,BETB,45.92,Fair,US1LAMY0002,5.455944012262797,USC00160395,8.278015461943525,USC00166394,10.58482335631658,USW00012968,26.760839733395052,USC00163313,29.632191105279464
2012574,ARTHROPODA,INSECTA,PLECOPTERA,PERLIDAE,ACRONEURIA,ACRONEURIA,3412,6.0,1.0,,,,Region_05,NRS18_MN_RF001,,6/12/2018,1,BERW,47.75,,ACW00011604,,US1OKCV0084,,US1OKCV0083,,US1OKCV0082,,US1OKCV0081,
2012575,ARTHROPODA,INSECTA,DIPTERA,CHIRONOMIDAE,PARATENDIPES,PARATENDIPES,4121,1.0,1.0,35.8145455194267,-98.70209368,RiversMajor,Region_06,NRS18_OK_10051,2018.0,6/12/2018,1,BERW,57.73,Good,USC00348815,7.952960215842798,US1OKBL0002,8.202450954119865,USC00346562,9.909555679857606,USC00349370,16.15547510745005,US1OKCS0003,21.706470549399505
2012576,ARTHROPODA,INSECTA,DIPTERA,DOLICHOPODIDAE,,DOLICHOPODIDAE,3671,1.0,1.0,37.510173798271,-112.0337049,LargeStreams,Region_08,NRS18_UT_10003,2018.0,6/12/2018,1,BERW,33.43,Poor,USC00424755,4.029769907362598,USW00003081,5.023790107245831,US1UTGF0001,6.6978415223087095,USC00423847,6.952570745283203,USC00428847,13.518615073665961
2012577,ARTHROPODA,INSECTA,HEMIPTERA,NEPIDAE,RANATRA,RANATRA,4239,1.0,1.0,29.9299768311603,-91.46407665,RiversMajor,Region_06,NRS18_LA_10022,2018.0,6/12/2018,1,BETB,17.32,Poor,US1LAMY0003,11.787175729833823,USC00163313,14.15573526804105,US1LAIB0006,20.05805878345276,USC00164674,24.024819068845435,USC00160565,26.33631385166119
2012578,ARTHROPODA,INSECTA,COLEOPTERA,GYRINIDAE,,GYRINIDAE,3773,1.0,1.0,40.373148738011,-81.21326468,SmallStreams,Region_05,NRS18_OH_10005,2018.0,6/12/2018,1,BERW,25.82,Poor,USC00338240,2.2745568776969396,USC00334473,10.46285747742433,USC00332160,11.613251489397793,USC00332156,11.959632848060208,US1OHTS0014,12.535888456901036
2012579,ARTHROPODA,INSECTA,EPHEMEROPTERA,BAETIDAE,CENTROPTILUM,CENTROPTILUM,3564,22.0,1.0,38.1824514486721,-120.701042,RiversOther,Region_09,NRS18_CA_10031,2018.0,6/12/2018,1,BERW,52.08,Fair,USC00047702,2.824212460810542,US1CACV0011,13.812138419110576,USC00041428,14.441771982312142,USC00042728,16.6864340148447,USR0000CESP,17.584857868653128
2012580,MOLLUSCA,BIVALVIA,VENEROIDA,PISIDIIDAE,,PISIDIIDAE,4158,1.0,1.0,29.2015432653605,-98.91300267,SmallStreams,Region_06,NRS18_TX_10081,2018.0,6/13/2018,1,BERW,14.82,Poor,US1TXMDN039,4.096623716003295,USC00412430,5.8687316834327365,US1TXMDN031,5.885833650000785,US1TXMDN028,6.10207624968041,USC00416205,6.117684200403413
2012581,ARTHROPODA,ARACHNIDA,TROMBIDIFORMES,TORRENTICOLIDAE,TORRENTICOLA,TORRENTICOLA,4371,1.0,1.0,43.9146165210406,-72.45774359,SmallStreams,Region_01,NRS18_VT_10006,2018.0,6/13/2018,1,BERW,57.53,Good,USC00438483,2.0601502750213165,USC00438105,7.056889045708402,USC00431360,7.662372595097929,US1VTOG0015,8.155501136110066,USC00431363,10.88895766182724
2012582,ARTHROPODA,ARACHNIDA,TROMBIDIFORMES,LEBERTIIDAE,LEBERTIA,LEBERTIA,3892,1.0,1.0,37.9097590797239,-121.3253004,RiversMajor,Region_09,NRS18_CA_10033,2018.0,6/13/2018,1,BETB,14.65,Poor,USC00048554,2.710049777124623,USC00048559,6.58923478826831,USC00048557,6.814527422304771,US1CASJ0006,6.851577209387545,US1CASJ0010,7.1771802778986595
2012584,ARTHROPODA,INSECTA,DIPTERA,CHIRONOMIDAE,,CHIRONOMIDAE,3581,,,41.000490835181,-96.40578925,LargeStreams,Region_07,NRS18_NE_10035,2018.0,6/13/2018,1,BERW,38.03,Fair,USC00250375,4.9376155049773445,US1NESN0005,5.575676091494042,USC00250372,7.225619722537337,US1NESN0012,13.597130354164737,US10lanc031,14.186488663737299
2012585,ARTHROPODA,INSECTA,DIPTERA,CHIRONOMIDAE,DIPLOCLADIUS,DIPLOCLADIUS,3663,8.0,1.0,43.1833560665584,-82.90068569,SmallStreams,Region_05,NRS18_MI_10081,2018.0,6/13/2018,1,BERW,30.08,Fair,USC00208402,2.6443677119450335,US1MISN0001,6.6919956246411125,USC00201052,8.202448832921926,USC00209188,9.1494678423736,USC00201133,12.24537396899002
2012586,ARTHROPODA,INSECTA,ODONATA,COENAGRIONIDAE,ARGIA,ARGIA,3476,,,37.0769412359408,-113.5970206,SmallStreams,Region_08,NRS18_UT_10005,2018.0,6/13/2018,1,BERW,8.53,Poor,US1UTWG0012,1.8061814139026788,US1UTWG0001,2.1619631531703387,USW00023186,2.5776011078541026,US1UTWG0011,4.0770054685156785,US1UTWG0016,4.396507234363668
2012587,ARTHROPODA,INSECTA,DIPTERA,CHIRONOMIDAE,PAGASTIA,PAGASTIA,4088,1.0,1.0,39.2941919584398,-119.9310072,SmallStreams,Region_09,NRS18_NV_10016,2018.0,6/13/2018,1,BERW,31.97,Poor,USS0019K07S,4.547906967980591,USC00263960,5.3087356574592235,US1NVWH0161,5.618005070246443,US1NVWH0121,5.769978205716966,USC00265445,5.979582705003398
2012588,ARTHROPODA,MALACOSTRACA,DECAPODA,CAMBARIDAE,,CAMBARIDAE,3548,6.0,1.0,35.8290996848797,-83.48464238,SmallStreams,Region_04,NRS18_TN_10004,2018.0,6/13/2018,1,BERW,21.52,Poor,US1TNSV0005,1.6051953692464231,US1TNSV0018,4.89786026922025,US1TNSV0007,7.310405807241872,USC00407172,7.789319629711232,US1TNSV0004,10.099163903889389
2012589,ARTHROPODA,ARACHNIDA,TROMBIDIFORMES,LEBERTIIDAE,LEBERTIA,LEBERTIA,3892,1.0,1.0,35.9151334434889,-82.99069143,RiversOther,Region_04,NRS18_TN_10024,2018.0,6/12/2018,1,BETB,16.67,Poor,USC00409847,5.171285622110717,USC00315402,11.543166034963832,US1NCMS0022,11.9264396861175,US1NCMS0010,13.71511848285097,USC00314265,14.274817565827801
2012590,ARTHROPODA,INSECTA,TRICHOPTERA,PHILOPOTAMIDAE,CHIMARRA,CHIMARRA,3579,1.0,1.0,38.5806748354441,-79.51500414,SmallStreams,Region_03,NRS18_WV_10016,2018.0,6/13/2018,1,BERW,66.82,Good,USC00468433,11.412348372195819,USC00468432,13.36316668682282,USC00468172,18.28416374378251,USC00466743,18.28416374378251,USC00445698,19.177379175887427
2012591,ARTHROPODA,INSECTA,DIPTERA,CHIRONOMIDAE,ABLABESMYIA,ABLABESMYIA,3406,1.0,1.0,44.218997611469,-90.21632293,SmallStreams,Region_05,NRS18_WI_10001,2018.0,6/13/2018,1,BERW,5.88,Poor,USC00475236,2.0878637555657242,USC00475164,11.617275697826004,US1WIWD0013,11.770466478807935,USC00470456,11.968066476111275,USW00054903,17.97267704763583
2012592,ARTHROPODA,INSECTA,DIPTERA,CHIRONOMIDAE,GLYPTOTENDIPES,GLYPTOTENDIPES,3756,1.0,1.0,30.1213229866022,-90.91754477,RiversMajor,Region_06,NRS18_LA_10016,2018.0,6/13/2018,1,BETB,16.13,Poor,US1LAAS0015,0.9106725169964799,USC00162536,2.6193917655629506,USC00161323,3.1897730624211977,US1LASJ0004,3.2444258786382685,US1LAAS0011,3.5710594176519
2012593,ARTHROPODA,INSECTA,DIPTERA,TIPULIDAE,DICRANOTA,DICRANOTA,3657,1.0,1.0,40.7066287904526,-80.79917275,SmallStreams,Region_05,NRS18_OH_10001,2018.0,6/13/2018,1,BERW,20.48,Poor,US1OHCB0010,7.578722895987253,USC00335315,8.450588663297973,US1OHCB0008,12.30482179848761,USC00337417,12.608072395898303,US1OHCB0004,12.675513063216071
2012594,MOLLUSCA,BIVALVIA,VENEROIDA,CORBICULIDAE,CORBICULA,CORBICULA,3612,5.0,1.0,41.6930229742819,-88.45975941,SmallStreams,Region_05,NRS18_IL_10366,2018.0,6/13/2018,1,BERW,30.87,Fair,US1ILKD0111,0.674613441800769,US1ILKD0143,0.8106418442544302,US1ILKD0107,2.656102545918588,US1ILKD0059,3.4598232158594966,US1ILKD0106,4.144397679925271
2012595,ARTHROPODA,INSECTA,DIPTERA,CHIRONOMIDAE,PHAENOPSECTRA,PHAENOPSECTRA,4143,5.0,1.0,43.8207208737139,-72.54251143,RiversOther,Region_01,NRS18_VT_10335,2018.0,6/12/2018,1,BETB,90.23,Good,USC00430660,7.416139063925617,US1VTWR0002,8.826300127066553,USC00430315,9.864474189415276,USC00430661,10.134629254304704,USC00438483,11.680334828005696
2012596,ARTHROPODA,INSECTA,DIPTERA,CHIRONOMIDAE,ZAVRELIMYIA,ZAVRELIMYIA,4433,,,43.0156685661783,-76.85464203,SmallStreams,Region_02,NRS18_NY_10009,2018.0,6/13/2018,1,BERW,2.4,Poor,USC00301580,4.987224598885691,USC00305171,7.3599704716045995,US1NYWN0026,7.86790035073152,USC00301265,12.346731720088496,USC00308987,12.72986930021866
2012597,ARTHROPODA,INSECTA,DIPTERA,CHIRONOMIDAE,BOREOCHLUS,BOREOCHLUS,3521,1.0,1.0,38.3423583940875,-120.2595173,SmallStreams,Region_09,NRS18_CA_10088,2018.0,6/13/2018,1,BERW,14.13,Poor,USC00041277,8.571520025746496,US1CACV0006,12.02526556025336,US1CACV0012,13.20875103878638,US1CACV0014,14.851375196107714,US1CACV0015,15.62752566636845
2012598,ARTHROPODA,INSECTA,DIPTERA,CHIRONOMIDAE,CHIRONOMUS,CHIRONOMUS,3582,25.0,1.0,40.370644112306,-96.88977412,RiversOther,Region_07,NRS18_NE_10044,2018.0,6/14/2018,1,BERW,19.0,Poor,US10gage020,1.7443647750552524,US10sali004,4.294212442736217,US10jeff012,7.135565151049767,US10gage004,7.2634909293841865,US10jeff025,8.682196504330856
2012599,ARTHROPODA,INSECTA,DIPTERA,CHIRONOMIDAE,CRYPTOTENDIPES,CRYPTOTENDIPES,3628,14.0,1.0,46.2786345724905,-100.2428553,LargeStreams,Region_08,NRS18_ND_10010,2018.0,6/14/2018,1,BERW,54.9,Fair,US1NDEM0006,1.3212980744414835,USC00325210,1.6273832325482553,USC00325211,6.890807388894597,USC00324083,28.05109747800444,USC00323826,34.22687954642287
2012600,ARTHROPODA,ARACHNIDA,TROMBIDIFORMES,PIONIDAE,PIONA,PIONA,4155,3.0,1.0,37.95233572,-121.339221,RiversMajor,Region_09,NRS18_CA_10054,2018.0,6/14/2018,1,BETB,10.6,Poor,USC00048554,2.1794272986695677,US1CASJ0003,4.352566030152139,US1CASJ0010,4.433242655422226,USC00048560,5.559932668209271,US1CASJ0011,5.926108090926779
2012601,ARTHROPODA,INSECTA,DIPTERA,CHIRONOMIDAE,,CHIRONOMIDAE,3581,2.0,0.0,42.6364276619761,-82.58948436,SmallStreams,Region_05,NRS18_MI_10015,2018.0,6/14/2018,1,BERW,16.6,Poor,USC00200106,4.399327141722958,US1MISC0008,4.510292369317238,USC00330610,5.174743716805782,US1MISC0019,10.860088368790981,CA1ON001001,10.892686585069482
2012602,ARTHROPODA,MALACOSTRACA,AMPHIPODA,GAMMARIDAE,GAMMARUS,GAMMARUS,3744,1.0,1.0,35.0689537737159,-85.33959599,RiversMajor,Region_04,NRS18_TN_10010,2018.0,6/14/2018,1,BETB,13.25,Poor,USW00053875,3.6123340233651384,US1TNHL0045,4.237243368275621,US1TNHL0061,4.4251363473871494,USC00408315,5.392861835238937,US1TNHL0007,6.494507840761758
2012603,ARTHROPODA,INSECTA,ODONATA,GOMPHIDAE,,GOMPHIDAE,3759,10.0,1.0,38.8039369853409,-80.89188502,SmallStreams,Region_03,NRS18_WV_10003,2018.0,6/14/2018,1,BERW,39.52,Fair,USC00467743,6.861418434242063,USC00465341,8.260544420421292,USC00463544,15.361873990134802,US1WVGL0004,17.167802315324696,USC00463361,18.85834010350568
2012604,ARTHROPODA,MALACOSTRACA,AMPHIPODA,CRANGONYCTIDAE,,CRANGONYCTIDAE,4616,1.0,0.0,39.0821588207562,-119.7573087,LargeStreams,Region_09,NRS18_NV_10002,2018.0,6/14/2018,1,BERW,47.83,Fair,US1NVDG0006,2.7581936335523096,USC00261485,4.881751321680802,US1NVCC0009,5.263699269554653,US1NVDG0002,5.755493908185355,US1NVCC0017,6.309537521744728
2012605,ARTHROPODA,INSECTA,DIPTERA,CHIRONOMIDAE,BRUNDINIELLA,BRUNDINIELLA,3536,,,37.4304179006247,-112.3516252,SmallStreams,Region_08,NRS18_UT_10012,2018.0,6/14/2018,1,BERW,19.82,Poor,USC00420086,11.554743021614279,USS0012M26S,12.292589935516691,USR0000AQUA,12.435861698437446,USS0012M06S,15.469310421149085,USC00427155,16.438751255390056
2012606,ANNELIDA,OLIGOCHAETA,HAPLOTAXIDA,NAIDIDAE,DERO,DERO,3646,1.0,1.0,43.9282731504937,-89.90294537,LargeStreams,Region_05,NRS18_WI_10020,2018.0,6/14/2018,1,BERW,24.38,Fair,USC00472973,7.768611707203042,US1WIJN0012,7.924765631404741,US1WIAD0002,8.018574503659902,US1WIJN0001,9.315121456231502,US1WIJN0006,13.318883776445167
2012607,ARTHROPODA,INSECTA,DIPTERA,TIPULIDAE,ERIOPTERA,ERIOPTERA,3715,2.0,1.0,39.3300238547967,-82.26816993,LargeStreams,Region_05,NRS18_OH_10011,2018.0,6/11/2018,1,BERW,23.9,Poor,US1OHAT0007,3.8235000737798517,US1OHAT0022,5.37788645707129,US1OHAT0006,6.721480216064584,US1OHAT0028,8.28789137654669,US1OHVN0003,8.7828100031027
2012608,ANNELIDA,OLIGOCHAETA,HAPLOTAXIDA,TUBIFICIDAE,RHYACODRILUS,RHYACODRILUS,4252,1.0,1.0,41.7962135789557,-80.9177645,SmallStreams,Region_05,NRS18_OH_10006,2018.0,6/14/2018,1,BERW,6.85,Poor,USC00333095,5.792453553392594,USC00333094,7.567367179918151,USC00333750,10.782902562787003,USC00330264,11.445306530316191,US1OHLK0011,12.974624187021702
2012609,ARTHROPODA,INSECTA,EPHEMEROPTERA,HEPTAGENIIDAE,MACCAFFERTIUM,MACCAFFERTIUM,3948,14.0,1.0,41.8336988335023,-79.17311249,RiversMajor,Region_03,NRS18_PA_10028,2018.0,6/14/2018,1,BETB,67.0,Good,USC00369298,2.4389938277494907,US1PAWR0005,11.237444557855135,USC00369966,12.031960775245391,USC00367729,12.067646324557796,USC00364571,12.975750151486931
2012610,ARTHROPODA,INSECTA,DIPTERA,CERATOPOGONIDAE,,CERATOPOGONINAE,3567,1.0,1.0,30.3939768483243,-93.6423649,LargeStreams,Region_06,NRS18_LA_10020,2018.0,6/14/2018,1,BERW,4.95,Poor,USC00168750,8.90439294857721,USC00162364,17.12169585169264,USC00162361,17.21165243923162,USC00412436,19.884815278612315,USC00416680,20.780946577193973
2012611,ARTHROPODA,ARACHNIDA,,,,ARACHNIDA,3472,,,30.6203080332172,-89.85630536,SmallStreams,Region_06,NRS18_LA_10018,2018.0,6/14/2018,1,BERW,17.28,Poor,USC00167162,4.159119676155978,USC00168861,6.954351210848192,USC00168906,9.912956516423543,USC00168910,11.897927450335366,US1MSPR0009,15.397792918457228
2012612,ARTHROPODA,INSECTA,DIPTERA,CHIRONOMIDAE,PARACHIRONOMUS,PARACHIRONOMUS,4099,2.0,1.0,30.6008304865749,-91.87677286,RiversOther,Region_06,NRS18_LA_10005,2018.0,6/17/2018,1,BETB,28.68,Poor,USC00166117,16.507303620867287,US1LASL0010,18.798158252284594,US1LASL0008,20.197364847871235,US1LASL0006,20.223066384766796,USC00167001,20.563763286262006
2012613,ARTHROPODA,MALACOSTRACA,DECAPODA,PALAEMONIDAE,PALAEMON,PALAEMON,5126,9.0,1.0,29.7636146012318,-91.44423666,RiversOther,Region_06,NRS18_LA_10015,2018.0,6/17/2018,1,BETB,40.28,Poor,USC00163313,11.708766560506565,US1LAMY0003,15.064249155076835,US1LAMY0002,19.94382567241606,USW00012968,24.063717013804236,USC00160395,25.218878141167608
2012624,ARTHROPODA,INSECTA,DIPTERA,CHIRONOMIDAE,RHEOTANYTARSUS,RHEOTANYTARSUS,4247,3.0,1.0,41.1477995224287,-88.8611122,RiversOther,Region_05,NRS18_IL_10041,2018.0,6/27/2018,1,BETB,61.0,Good,US1ILLS0045,3.6349666890245107,US1ILLS0061,4.285645733917639,US1ILLS0008,4.750460358482365,US1ILLV0012,5.156015960546381,USC00118353,7.393959254086086
2012625,ARTHROPODA,INSECTA,DIPTERA,CHIRONOMIDAE,DICROTENDIPES,DICROTENDIPES,3658,7.0,1.0,29.9042714337773,-92.11600351,RiversOther,Region_06,NRS18_LA_10003,2018.0,6/18/2018,1,BETB,6.33,Poor,US1LAVM0008,6.937748610626395,USC00160007,7.18688786411091,US1LAVM0009,7.694719207225103,US1LAVM0004,8.042948904313624,US1LAVM0007,9.926570494796685
2012626,ANNELIDA,OLIGOCHAETA,HAPLOTAXIDA,TUBIFICIDAE,QUISTADRILUS,QUISTADRILUS,4235,23.0,1.0,43.0019509881864,-88.15254292,LargeStreams,Region_05,NRS18_WI_10039,2018.0,6/18/2018,1,BERW,15.62,Poor,US1WIWK0047,2.196544179918861,US1WIWK0074,2.7262997961701507,US1WIWK0147,2.889092977792784,US1WIWK0015,2.9178731123461117,US1WIWK0010,3.498229666126362
2012627,ARTHROPODA,MALACOSTRACA,DECAPODA,,,DECAPODA,3642,1.0,1.0,38.435007,-121.5249089,RiversMajor,Region_09,NRS18_CA_10036,2018.0,6/18/2018,1,BETB,7.88,Poor,USC00041784,2.1629049612210727,USW00023232,8.357112951992594,USP00CA0003,8.407491215193248,US1CASA0036,8.581332232374178,US1CASA0041,10.761069513415643
2012628,ARTHROPODA,ARACHNIDA,TROMBIDIFORMES,SPERCHONIDAE,SPERCHON,SPERCHON,4296,1.0,1.0,36.7399087186253,-114.2059875,RiversMajor,Region_09,NRS18_NV_10008,2018.0,6/19/2018,1,BERW,27.9,Poor,USC00261324,7.1282021343393005,USC00261327,7.762291989467863,US1NVCK0017,10.095972841353138,US1NVCK0101,13.133909208333758,US1NVCK0009,13.215409707525795
2012631,ARTHROPODA,INSECTA,DIPTERA,CHIRONOMIDAE,RHEOTANYTARSUS,RHEOTANYTARSUS,4247,1.0,1.0,46.799314807785,-121.0911192,LargeStreams,Region_10,NRS18_WA_10043,2018.0,6/18/2018,1,BERW,75.07,Good,USC00454698,8.934503582562336,USC00451928,8.934503582562336,US1WAYK0023,12.810146015252174,USC00453216,13.421870372368598,USC00458442,16.29946848757898
2012633,ARTHROPODA,INSECTA,EPHEMEROPTERA,BAETIDAE,,BAETIDAE,3500,1.0,0.0,35.5300004976254,-99.13021371,RiversMajor,Region_06,NRS18_OK_10056,2018.0,6/18/2018,1,BERW,39.6,Good,USC00341909,14.209393815270438,USC00341270,14.417870036514653,US1OKWH0003,15.047771963810588,USC00340684,15.651142587837745,USC00340277,15.934860360763885
2012634,ARTHROPODA,INSECTA,DIPTERA,CHIRONOMIDAE,STICTOCHIRONOMUS,STICTOCHIRONOMUS,4315,1.0,1.0,,,,Region_07,NRS18_KS_RF001,,6/19/2018,1,BERW,63.2,,ACW00011604,,US1OKCV0084,,US1OKCV0083,,US1OKCV0082,,US1OKCV0081,
2012635,ARTHROPODA,ARACHNIDA,TROMBIDIFORMES,LIMNESIIDAE,LIMNESIA,LIMNESIA,3920,3.0,1.0,38.2035883202042,-121.4779461,RiversOther,Region_09,NRS18_CA_10052,2018.0,6/19/2018,1,BETB,18.1,Poor,USC00049428,4.730455015345268,USC00040682,6.468569461693925,US1CASJ0005,16.930777417580245,US1CASJ0020,18.889123533917285,USC00045032,19.847672879957425
2012636,ARTHROPODA,INSECTA,EPHEMEROPTERA,EPHEMERIDAE,PENTAGENIA,PENTAGENIA,4133,1.0,1.0,31.4917797791757,-91.51728864,RiversMajor,Region_06,NRS18_LA_10481,2018.0,6/18/2018,1,BETB,11.7,Poor,USC00169355,9.203584245380053,USC00169357,11.410561296924639,USC00223050,11.52469666355215,US1MSAD0005,13.15995179237526,US1MSAD0001,13.724972367653761
2012637,ARTHROPODA,INSECTA,DIPTERA,DOLICHOPODIDAE,,DOLICHOPODIDAE,3671,1.0,1.0,35.005534759001,-99.86688863,LargeStreams,Region_06,NRS18_OK_11082,2018.0,6/18/2018,1,BERW,1.48,Poor,USC00349213,8.617202290330106,USC00349212,11.71225825035133,US1OKHN0001,13.960975000625877,USC00342948,22.92143326442209,USC00342944,23.450094351052602
2012638,ARTHROPODA,INSECTA,DIPTERA,CHIRONOMIDAE,POTTHASTIA,POTTHASTIA,4187,4.0,1.0,47.0280903468924,-120.6529174,SmallStreams,Region_10,NRS18_WA_10211,2018.0,6/17/2018,1,BERW,30.22,Poor,USC00452507,8.665790067981304,USC00452511,8.713995273365944,USW00024220,9.232522697215495,USC00452505,10.780077533642968,US1WAKT0002,14.96668882166435
2012639,ARTHROPODA,INSECTA,DIPTERA,CHIRONOMIDAE,,CHIRONOMIDAE,3581,26.0,0.0,39.5986288465637,-120.9971606,SmallStreams,Region_09,NRS18_CA_10009,2018.0,6/18/2018,1,BERW,64.58,Good,USC00044773,9.489512652179371,USR0000CSDD,12.093289062263553,USC00042500,15.3594192309116,USC00048606,15.891477575797362,USC00041462,17.136916303290093
2012640,ARTHROPODA,INSECTA,COLEOPTERA,HALIPLIDAE,PELTODYTES,PELTODYTES,4130,,,38.2434528184374,-97.43661106,SmallStreams,Region_07,NRS18_KS_10123,2018.0,6/18/2018,1,BERW,23.45,Fair,USC00143134,4.884639394564293,US1KSMP0023,6.158016646414617,US1KSMN0039,7.2959150814424145,US1KSMP0022,7.515036811271323,US1KSMP0030,7.534291270800854
2012641,MOLLUSCA,GASTROPODA,,,,GASTROPODA,3745,22.0,0.0,31.5511894370879,-91.80544935,RiversMajor,Region_06,NRS18_LA_10007,2018.0,6/19/2018,1,BETB,24.02,Poor,US1LACT0003,8.600064445502543,USC00169127,9.19225246409802,USC00164739,9.375080490107347,USC00164734,14.924863227722836,US1LACT0004,19.129965408073392
2012642,ARTHROPODA,INSECTA,DIPTERA,CHIRONOMIDAE,TANYTARSUS,TANYTARSUS,4348,3.0,1.0,45.508216032926,-120.3600376,RiversMajor,Region_10,NRS18_OR_10042,2018.0,6/19/2018,1,BETB,58.27,Good,USC00355545,4.682218259475828,USC00350788,14.252303899812993,USC00350265,26.516802195808474,USC00455958,27.398436696138695,USC00359068,28.205973745808794
2012643,MOLLUSCA,GASTROPODA,BASOMMATOPHORA,PLANORBIDAE,GYRAULUS,GYRAULUS,3771,5.0,1.0,39.788304053574,-111.1081376,LargeStreams,Region_08,NRS18_UT_10004,2018.0,6/18/2018,1,BERW,5.93,Poor,USC00427724,0.9919019413455922,USC00427720,8.729315459876425,USC00427729,14.248727221737632,USC00421472,15.790011540216764,USC00427959,15.833663499167907
2012645,ARTHROPODA,INSECTA,DIPTERA,TIPULIDAE,ERIOPTERA,ERIOPTERA,3715,1.0,1.0,32.4033691009179,-84.84835929,LargeStreams,Region_04,NRS18_GA_10011,2018.0,6/19/2018,1,BERW,84.03,Good,USW00003874,6.102924295270813,USC00092161,13.685456026508561,USC00092159,15.269925670471734,USW00093842,15.34546776421242,USC00094992,15.42748978175346
2012646,ARTHROPODA,INSECTA,DIPTERA,CHIRONOMIDAE,POLYPEDILUM,POLYPEDILUM,4178,5.0,1.0,35.142581357281,-99.26381597,RiversOther,Region_06,NRS18_OK_10058,2018.0,6/19/2018,1,BERW,14.4,Poor,USC00347140,6.3900410383351165,USC00347570,9.019075521257781,USC00347565,9.658911240016387,US1OKKW0006,19.324951233124505,USC00344202,19.374054051761053
2012647,ARTHROPODA,INSECTA,DIPTERA,CHIRONOMIDAE,PROCLADIUS,PROCLADIUS,4191,3.0,1.0,38.6201426404561,-85.41853707,SmallStreams,Region_04,NRS18_KY_10001,2018.0,6/19/2018,1,BERW,16.05,Poor,US1KYTB0001,6.161859143310653,US1KYTB0008,9.424105394211097,US1INJF0001,9.657469470934222,US1KYTB0004,9.672018605118062,US1KYTB0005,11.641006651453935
2012648,ARTHROPODA,INSECTA,DIPTERA,CHIRONOMIDAE,POLYPEDILUM,POLYPEDILUM,4178,2.0,1.0,42.2538625432931,-83.11887269,RiversOther,Region_05,NRS18_MI_10682,2018.0,6/19/2018,1,BETB,14.4,Poor,CA1ON000102,3.2598781108777137,CA1ON000655,4.746900829162747,USC00209110,6.210468512872543,CA1ON000665,6.629022705588733,CA006139538,6.68912241401226
2012649,ARTHROPODA,INSECTA,DIPTERA,CERATOPOGONIDAE,,CERATOPOGONIDAE,3566,1.0,0.0,35.5431044014659,-99.02002774,RiversOther,Region_06,NRS18_OK_11329,2018.0,6/19/2018,1,BERW,21.05,Poor,USC00341909,6.043801784152108,USC00340277,6.576101946076269,US1OKWH0003,11.847067988534333,USC00340684,16.08505224969949,USC00349428,22.509346213060248
2012650,ARTHROPODA,INSECTA,DIPTERA,CHIRONOMIDAE,CRYPTOCHIRONOMUS,CRYPTOCHIRONOMUS,3625,5.0,1.0,45.5968789199507,-103.9274727,RiversOther,Region_08,NRS18_SD_10039,2018.0,6/19/2018,1,BERW,79.25,Good,US1SDHR0017,6.1855543551291365,USR0000SCAM,6.292836690047055,USC00391294,6.591861202123967,US1SDHR0021,13.396568510933404,US1SDHR0020,15.991557553174921
2012651,MOLLUSCA,BIVALVIA,VENEROIDA,PISIDIIDAE,,PISIDIIDAE,4158,3.0,0.0,39.2076440124452,-75.74852691,LargeStreams,Region_03,NRS18_DE_10003,2018.0,6/19/2018,1,BERW,42.28,Fair,US1MDQA0014,8.182470906791162,USC00188657,10.363217689182258,US1DENC0006,10.405124367094356,US1DEKN0002,10.607638485326726,US1DEKN0022,11.182334267662815
2012652,ARTHROPODA,INSECTA,ODONATA,COENAGRIONIDAE,,COENAGRIONIDAE,3606,,,46.3105729010619,-120.3531807,RiversOther,Region_10,NRS18_WA_10021,2018.0,6/19/2018,1,BERW,54.22,Fair,USC00458530,8.229818969761713,USC00458959,14.794123308934232,USC00459600,15.777649113756855,US1WAYK0007,15.93525020414669,USC00453271,18.714739119538375
2012653,ARTHROPODA,INSECTA,DIPTERA,CHIRONOMIDAE,EUKIEFFERIELLA,EUKIEFFERIELLA,3722,1.0,1.0,40.8751201003736,-74.59050843,SmallStreams,Region_02,NRS18_NJ_10183,2018.0,6/20/2018,1,BERW,36.95,Poor,US1NJMS0023,0.8422732147873195,US1NJMS0063,1.1932909210241123,USC00282340,2.1986219939883727,USC00289608,2.8792796915790966,US1NJMS0051,3.3551315865170555
2012654,ARTHROPODA,INSECTA,DIPTERA,CHIRONOMIDAE,PSECTROTANYPUS,PSECTROTANYPUS,4207,,,43.0297094390319,-83.67384574,LargeStreams,Region_05,NRS18_MI_10048,2018.0,6/20/2018,1,BERW,0.0,Poor,US1MIGN0010,4.451917172319272,US1MIGN0009,7.652286270457949,USC00202851,7.81840184291736,USC00201150,7.873830395645574,US1MIGN0014,9.175579642403608
2012655,ARTHROPODA,INSECTA,DIPTERA,CHIRONOMIDAE,,CHIRONOMIDAE,3581,2.0,0.0,39.6610647469724,-120.8893134,SmallStreams,Region_09,NRS18_CA_10066,2018.0,6/19/2018,1,BERW,62.92,Good,USR0000CSDD,3.3305762971055293,USC00044773,8.415499770420132,USC00042500,12.230128068762282,USC00048207,25.074434913419438,USC00040539,25.89844917936421
2012656,ARTHROPODA,INSECTA,EPHEMEROPTERA,CAENIDAE,CAENIS,CAENIS,3542,3.0,1.0,42.7933709275493,-72.52476969,RiversMajor,Region_01,NRS18_VT_10002,2018.0,6/19/2018,1,BETB,20.13,Poor,USC00438600,2.5381756953377383,US1NHCH0031,3.2392026522688493,US1VTWH0029,5.799677644071276,USC00430841,7.1655664884452595,US1VTWH0001,9.4585878249032
2012657,ANNELIDA,OLIGOCHAETA,ENCHYTRAEIDA,ENCHYTRAEIDAE,,ENCHYTRAEIDAE,3697,1.0,1.0,38.2634029189565,-121.647551,SmallStreams,Region_09,NRS18_CA_10322,2018.0,6/20/2018,1,BETB,13.62,Poor,USC00049428,11.906779701558502,USC00047446,13.416755333719598,USC00041043,16.94440039974677,USC00040682,18.766636452903928,USC00041784,19.74462624148693
2012658,ARTHROPODA,INSECTA,EPHEMEROPTERA,HEPTAGENIIDAE,,HEPTAGENIIDAE,3802,1.0,0.0,39.7857317314248,-110.1786367,LargeStreams,Region_08,NRS18_UT_10009,2018.0,6/20/2018,1,BERW,25.85,Poor,USC00426340,7.141679823890621,USR0000FIVE,12.955619895509967,USR0000BRUN,21.936937229487906,USS0010k05s,22.182054395003146,USS0010K06S,24.499907413129797
2012659,ANNELIDA,OLIGOCHAETA,HAPLOTAXIDA,TUBIFICIDAE,LIMNODRILUS,LIMNODRILUS,3925,24.0,1.0,37.9814999909152,-86.03398954,RiversMajor,Region_04,NRS18_KY_10008,2018.0,6/20/2018,1,BETB,2.65,Poor,USC00122725,3.61993802465914,USC00150955,7.732101258011398,USW00013807,10.814200912165017,USC00124698,11.563142765665674,US1KYMD0002,11.986461179140413
2012660,ARTHROPODA,INSECTA,DIPTERA,CHIRONOMIDAE,CHIRONOMUS,CHIRONOMUS,3582,1.0,1.0,34.7096873545058,-82.46105293,RiversOther,Region_04,NRS18_SC_10011,2018.0,6/20/2018,1,BETB,8.27,Poor,US1SCGV0175,1.6910074862580924,US1SCGV0078,2.2414003713767343,US1SCAN0028,6.581386403270951,USC00386783,6.713444587935044,USC00389122,7.340473970698944
2012661,ARTHROPODA,INSECTA,DIPTERA,CHIRONOMIDAE,PARACLADOPELMA,PARACLADOPELMA,4101,1.0,1.0,34.9666354609102,-82.10084104,LargeStreams,Region_04,NRS18_SC_10007,2018.0,6/19/2018,1,BERW,6.38,Poor,US1SCSP0114,2.611752844757425,US1SCSP0012,3.1632562055162734,US1SCSP0116,3.2431628750346952,US1SCSP0066,4.449001011593294,US1SCSP0072,5.143339919446835
2012662,ARTHROPODA,INSECTA,DIPTERA,CHIRONOMIDAE,,CRICOTOPUS/ORTHOCLADIUS,3623,1.0,1.0,48.858650435211,-119.4147726,RiversOther,Region_10,NRS18_WA_10811,2018.0,6/20/2018,1,BETB,18.97,Poor,USC00456187,8.410424676910873,USC00458520,8.706215508989404,US1WAOK0027,10.328470422475805,US1WAOK0004,10.588847406523627,US1WAOK0005,11.197126984289167
2012663,ARTHROPODA,INSECTA,DIPTERA,SIMULIIDAE,,SIMULIIDAE,4280,1.0,0.0,46.1317145441723,-121.5872985,LargeStreams,Region_10,NRS18_WA_10001,2018.0,6/20/2018,1,BERW,44.18,Fair,USS0021C13S,14.098042311445687,US1WAKL0004,14.680559994266451,USC00455659,15.120544291635849,US1WAKL0007,16.518684929583806,US1WAKL0019,17.489256238466165
2012664,ARTHROPODA,INSECTA,EPHEMEROPTERA,HEPTAGENIIDAE,RHITHROGENA,RHITHROGENA,4249,1.0,1.0,43.1735047071992,-72.60710706,LargeStreams,Region_01,NRS18_VT_10016,2018.0,6/20/2018,1,BERW,73.65,Good,USC00433400,2.406118791178122,US1VTWH0026,7.952229044430727,US1VTWH0038,8.69110393046291,US1VTWH0034,8.738319306484836,US1VTWH0017,10.67566872749149
2012665,ARTHROPODA,ARACHNIDA,TROMBIDIFORMES,EYLAIDAE,EYLAIS,EYLAIS,3728,,,45.8782331545998,-102.6351794,RiversOther,Region_08,NRS18_SD_10037,2018.0,6/20/2018,1,BERW,32.65,Poor,US1SDPK0016,1.611200435920819,USC00324178,12.72502874136526,US1NDAD0002,13.695885656431795,USC00324180,14.059870426529573,USW00094038,14.79600279798986
2012666,ARTHROPODA,INSECTA,EPHEMEROPTERA,SIPHLONURIDAE,,SIPHLONURIDAE,4282,1.0,1.0,42.9526863176754,-71.94205599,RiversOther,Region_01,NRS18_NH_10010,2018.0,6/20/2018,1,BETB,21.62,Poor,USC00273825,2.053853276365426,USC00276302,2.9844076722612387,USC00275013,7.3531909962618505,US1NHHL0099,8.60382038689461,USC00270215,9.197999200115476
2012668,ARTHROPODA,MALACOSTRACA,AMPHIPODA,HYALELLIDAE,HYALELLA,HYALELLA,3821,4.0,1.0,,,,Region_07,NRS18_MO_RF001,,6/21/2018,1,BERW,27.78,,ACW00011604,,US1OKCV0084,,US1OKCV0083,,US1OKCV0082,,US1OKCV0081,
2012669,ARTHROPODA,INSECTA,DIPTERA,TIPULIDAE,,TIPULIDAE,4369,1.0,1.0,35.9821003638512,-78.80607938,SmallStreams,Region_04,NRS18_NC_10020,2018.0,6/20/2018,1,BERW,7.05,Poor,US1NCDH0049,2.9645548974022313,US1NCDH0083,3.776097929171536,US1NCDH0096,3.793791757160759,US1NCDH0077,6.165779522802063,US1NCDH0100,6.243416651335444
2012672,ARTHROPODA,INSECTA,EPHEMEROPTERA,LEPTOHYPHIDAE,TRICORYTHODES,TRICORYTHODES,4384,77.0,1.0,40.0592370243389,-101.7529555,SmallStreams,Region_07,NRS18_NE_10015,2018.0,6/21/2018,1,BERW,48.48,Good,US10dund010,6.957530545889823,US10dund023,6.9583167439345575,US10dund017,12.86384752506868,US10dund004,13.036925150605024,US10dund014,13.590763162490662
2012673,ARTHROPODA,INSECTA,TRICHOPTERA,GLOSSOSOMATIDAE,PROTOPTILA,PROTOPTILA,4203,1.0,1.0,44.7394397289101,-120.3282472,RiversMajor,Region_10,NRS18_OR_10026,2018.0,6/20/2018,1,BETB,46.5,Fair,USC00351164,18.109267351140783,USR0000OMEY,18.46805566098248,USC00355641,20.805221679176285,USC00351625,20.963228268771246,USR0000OMIT,21.10586652944016
2012674,ARTHROPODA,INSECTA,LEPIDOPTERA,,,LEPIDOPTERA,3894,,,46.2638569638174,-99.89577992,RiversOther,Region_08,NRS18_ND_10030,2018.0,6/21/2018,1,BERW,36.22,Poor,US1NDEM0006,25.628370777605816,USC00325210,25.739984376224605,USC00329515,25.815453965030894,US1NDMI0008,25.904785978341437,USC00320600,26.23533378043484
2012675,PLATYHELMINTHES,TURBELLARIA,,,,TURBELLARIA,4393,1.0,1.0,38.1211269083491,-121.5295529,RiversOther,Region_09,NRS18_CA_10029,2018.0,6/21/2018,1,BETB,12.73,Poor,USC00045296,10.292968322555552,USC00049428,12.52357372476943,USC00041043,14.918923392862602,USC00047446,15.249201017401248,USC00040682,16.6168891598415
2012676,MOLLUSCA,BIVALVIA,VENEROIDA,PISIDIIDAE,PISIDIUM,PISIDIUM,4159,,,47.18230382,-120.9080718,RiversMajor,Region_10,NRS18_WA_10014,2018.0,6/17/2018,1,BETB,64.82,Good,USC00451504,0.826047997769086,US1WAKT0001,3.350802962939337,US1WAKT0007,12.305017796759653,USC00454660,14.113702442742648,USC00454394,14.149267719788448
2012677,ARTHROPODA,INSECTA,EPHEMEROPTERA,EPHEMERELLIDAE,,EPHEMERELLIDAE,3706,1.0,0.0,48.9560815722461,-119.6933175,RiversOther,Region_10,NRS18_WA_10002,2018.0,6/21/2018,1,BETB,56.03,Fair,USC00455853,5.635269624209913,US1WAOK0003,5.858893015770277,USC00456188,14.16282313515529,USC00454782,16.107799360692447,CA001125223,17.87487695351235
2012678,ARTHROPODA,INSECTA,DIPTERA,CHIRONOMIDAE,,CRICOTOPUS/ORTHOCLADIUS,3623,3.0,1.0,34.9301935499315,-80.86839803,RiversMajor,Region_04,NRS18_SC_10008,2018.0,6/21/2018,1,BETB,38.08,Fair,US1SCLN0010,2.5322178097798034,US1SCYR0059,3.5678458731695195,USC00384373,3.891777285546679,US1SCYR0044,5.616705356512029,US1SCYR0039,6.325981432179731
2012679,ARTHROPODA,INSECTA,DIPTERA,TIPULIDAE,ANTOCHA,ANTOCHA,3465,2.0,1.0,46.8552035248706,-122.1764777,LargeStreams,Region_10,NRS18_WA_10013,2018.0,6/21/2018,1,BERW,73.37,Good,US1WAPR0103,7.733559338808821,USC00454360,10.939258390173862,USC00450285,11.72174781234936,USC00452493,11.968490131060435,USC00450094,12.307934479121954
2012680,ARTHROPODA,INSECTA,COLEOPTERA,HALIPLIDAE,HALIPLUS,HALIPLUS,3780,,,30.0508823000765,-92.43202412,LargeStreams,Region_06,NRS18_LA_10181,2018.0,6/19/2018,1,BETB,14.42,Poor,USC00163930,13.86805861177571,USC00164775,15.714859094111585,US1LAVM0002,17.055546582414607,USC00160232,17.883678804380796,US1LAVM0014,18.954326938638953
2012681,MOLLUSCA,BIVALVIA,VENEROIDA,PISIDIIDAE,PISIDIUM,PISIDIUM,4159,9.0,1.0,31.7798816147809,-93.58421432,SmallStreams,Region_06,NRS18_LA_10011,2018.0,6/21/2018,1,BERW,18.4,Poor,USC00162023,11.439509291952588,US1LASN0007,13.001660438314945,USC00169980,15.314743558622247,USC00167040,17.67804238958581,US1LASN0003,18.89424038691359
2012682,ARTHROPODA,INSECTA,DIPTERA,CHIRONOMIDAE,,THIENEMANNIMYIA GENUS GR.,4362,,,46.2711699934221,-119.5704723,RiversMajor,Region_10,NRS18_WA_10012,2018.0,6/18/2018,1,BETB,46.57,Fair,US1WABT0017,1.9029128117488114,USC00450628,5.581538444849576,US1WABT0012,9.603173794331408,USC00456768,16.384012793548795,US1WABT0010,16.647683362352947
2012683,MOLLUSCA,GASTROPODA,,,,GASTROPODA,3745,40.0,0.0,31.562121275485,-93.50122363,SmallStreams,Region_06,NRS18_LA_10019,2018.0,6/22/2018,1,BERW,21.18,Poor,USC00165890,1.7728346150959846,USC00165892,2.4742026453577397,USC00165896,12.56570281018939,US1LASN0003,17.87254787374548,USC00169980,18.796053818295043
2012684,MOLLUSCA,BIVALVIA,VENEROIDA,PISIDIIDAE,PISIDIUM,PISIDIUM,4159,1.0,1.0,33.3328535511433,-85.21892406,LargeStreams,Region_04,NRS18_GA_10024,2018.0,6/20/2018,1,BERW,63.92,Good,USC00093567,12.348949296252,USC00093570,12.807882185122217,US1ALRN0006,17.495862793481695,US1ALRN0002,18.770475125905914,US1ALRN0004,18.89637498808186
2012685,ARTHROPODA,INSECTA,TRICHOPTERA,RHYACOPHILIDAE,RHYACOPHILA,RHYACOPHILA,4253,,,39.2142885702581,-114.5413427,LargeStreams,Region_09,NRS18_NV_10003,2018.0,6/21/2018,1,BERW,43.08,Fair,USS0014K08S,8.453096228149656,USS0014K02S,13.565469321709301,USR0000NMCG,17.557483382956047,USC00265824,17.60743517246202,USS0014K07S,26.01719185199852
2012686,ARTHROPODA,INSECTA,DIPTERA,SIMULIIDAE,SIMULIUM,SIMULIUM,4281,1.0,1.0,48.5159856382254,-121.9798106,RiversOther,Region_10,NRS18_WA_10022,2018.0,6/22/2018,1,BETB,19.37,Poor,US1WASG0061,6.096069949079775,US1WASG0014,7.136430700625097,US1WASG0028,10.694217171340716,US1WASG0026,11.100344640409583,US1WASG0047,13.663724337274084
2012687,ANNELIDA,OLIGOCHAETA,HAPLOTAXIDA,NAIDIDAE,,NAIDIDAE,4003,6.0,1.0,35.9724076861698,-100.8243877,RiversMajor,Region_06,NRS18_TX_10012,2018.0,6/21/2018,1,BERW,13.47,Poor,USC00416952,16.28142410553931,USC00411203,23.463829584572032,USC00416477,25.537719188283607,USC00416478,31.6992704816551,USC00419858,32.28424945059889
2012688,ARTHROPODA,INSECTA,DIPTERA,CHIRONOMIDAE,POLYPEDILUM,POLYPEDILUM,4178,78.0,1.0,35.3909062468559,-101.8317588,SmallStreams,Region_06,NRS18_TX_10029,2018.0,6/19/2018,1,BERW,10.63,Poor,US1TXPT0018,10.685529443202268,US1TXPT0008,15.232501319843678,US1TXPT0024,16.05746933248723,US1TXPT0020,18.473552429510484,US1TXPT0015,19.77087201942068
2012689,MOLLUSCA,GASTROPODA,BASOMMATOPHORA,ANCYLIDAE,FERRISSIA,FERRISSIA,3735,1.0,1.0,35.2740490372657,-100.7661708,SmallStreams,Region_06,NRS18_TX_10030,2018.0,6/20/2018,1,BERW,38.25,Good,USC00415770,16.35056554673626,USC00414583,17.566029695387506,USC00415127,19.087826556034283,USW00023053,34.07841852096984,USC00416777,35.69597503869394
2012690,ARTHROPODA,ARACHNIDA,TROMBIDIFORMES,UNIONICOLIDAE,NEUMANIA,NEUMANIA,4038,2.0,1.0,31.3639856036338,-93.19880574,SmallStreams,Region_06,NRS18_LA_10004,2018.0,6/21/2018,1,BERW,11.07,Poor,USW00003949,2.2953771246334362,USC00164905,11.51571155711984,USR0000LKIS,14.568290082612968,US1LAVN0009,16.42534579031571,USC00164288,18.295535865930812
2012691,ANNELIDA,OLIGOCHAETA,HAPLOTAXIDA,NAIDIDAE,PRISTINA,PRISTINA,4188,3.0,1.0,31.6265010107382,-92.90920881,RiversMajor,Region_06,NRS18_LA_10006,2018.0,6/20/2018,1,BETB,29.75,Poor,USC00166324,4.554129277116548,USC00166333,12.096113054181169,US1LAGR0003,12.274904210659908,US1LAWP0005,14.796765565134491,USC00169303,17.241091610085782
2012692,ANNELIDA,OLIGOCHAETA,ENCHYTRAEIDA,ENCHYTRAEIDAE,,ENCHYTRAEIDAE,3697,2.0,1.0,41.588683597452,-73.35208798,SmallStreams,Region_01,NRS18_CT_10031,2018.0,6/18/2018,1,BERW,49.25,Fair,USC00068859,5.767875421704297,USC00066966,6.780830693899557,USC00069783,7.511460777573874,US1CTLT0027,8.287681657939965,US1CTLT0037,9.50220729087057
2012693,ARTHROPODA,INSECTA,ODONATA,COENAGRIONIDAE,,COENAGRIONIDAE,3606,,,,,,Region_06,NRS18_LA_10001,,6/24/2018,2,BETB,2.08,,ACW00011604,,US1OKCV0084,,US1OKCV0083,,US1OKCV0082,,US1OKCV0081,
2012694,ARTHROPODA,INSECTA,DIPTERA,CERATOPOGONIDAE,,CERATOPOGONINAE,3567,1.0,1.0,33.6437538529451,-99.80662537,LargeStreams,Region_06,NRS18_TX_10886,2018.0,6/24/2018,1,BERW,0.0,Poor,US1TXKX0002,7.1810886383693315,USC00410704,12.826623434659417,USC00419163,13.580693490241147,US1TXKX0001,15.040511123345626,USC00417572,19.008638560552644
2012697,ARTHROPODA,INSECTA,EPHEMEROPTERA,HEPTAGENIIDAE,EPEORUS,EPEORUS,3703,48.0,1.0,48.6813595146368,-121.7200308,SmallStreams,Region_10,NRS18_WA_10007,2018.0,6/24/2018,1,BERW,57.3,Good,USC00458718,1.6483087761856263,USC00458715,3.769516278790456,USC00454277,3.784607901884044,USC00450385,8.541162524911647,USS0021A09S,8.86702687008782
2012698,ARTHROPODA,INSECTA,ODONATA,COENAGRIONIDAE,ARGIA,ARGIA,3476,,,41.6051040191013,-89.83284805,SmallStreams,Region_05,NRS18_IL_10017,2018.0,6/24/2018,1,BERW,28.87,Fair,US1ILWD0001,8.877013574698637,US1ILWD0018,11.158396021357744,USC00117014,11.685649644664974,US1ILWD0022,17.710431741122193,US1ILWD0014,18.337626384977863
2012699,ANNELIDA,HIRUDINEA,RHYNCHOBDELLIDA,GLOSSIPHONIIDAE,HELOBDELLA,HELOBDELLA,3792,1.0,1.0,,,,Region_06,NRS18_LA_10013,,6/24/2018,2,BERW,16.07,,ACW00011604,,US1OKCV0084,,US1OKCV0083,,US1OKCV0082,,US1OKCV0081,
2012702,ARTHROPODA,INSECTA,TRICHOPTERA,PHILOPOTAMIDAE,DOLOPHILODES,DOLOPHILODES,3672,13.0,1.0,41.3809184422442,-72.78024571,SmallStreams,Region_01,NRS18_CT_10001,2018.0,6/25/2018,1,BERW,59.82,Good,US1CTNH0072,1.9172572546832407,USC00065641,5.308323554918052,USC00065510,5.414283968255699,US1CTNH0002,7.564372664523507,US1CTNH0042,9.879325304854694
2012703,ARTHROPODA,INSECTA,DIPTERA,CHIRONOMIDAE,STEMPELLINELLA,STEMPELLINELLA,4308,,,,,,Region_07,NRS18_MO_RF002,,6/25/2018,1,BERW,44.85,,ACW00011604,,US1OKCV0084,,US1OKCV0083,,US1OKCV0082,,US1OKCV0081,
2012704,ARTHROPODA,INSECTA,DIPTERA,CHIRONOMIDAE,GLYPTOTENDIPES,GLYPTOTENDIPES,3756,,,42.4257765041244,-90.29068621,SmallStreams,Region_05,NRS18_IL_10514,2018.0,6/25/2018,1,BERW,3.82,Poor,US1ILJD0002,3.1232486423887234,US1ILJD0016,12.500804955230647,USC00113312,12.617157600368959,USC00112745,13.27357552025627,US1ILJD0015,15.726994601253617
2012705,ARTHROPODA,INSECTA,DIPTERA,CHIRONOMIDAE,ABLABESMYIA,ABLABESMYIA,3406,1.0,1.0,,,,Region_06,NRS18_LA_10010,,6/25/2018,2,BETB,12.47,,ACW00011604,,US1OKCV0084,,US1OKCV0083,,US1OKCV0082,,US1OKCV0081,
2012706,ARTHROPODA,ARACHNIDA,TROMBIDIFORMES,LIMNESIIDAE,CENTROLIMNESIA,CENTROLIMNESIA,3563,1.0,1.0,,,,Region_06,NRS18_LA_10002,,6/25/2018,2,BETB,13.45,,ACW00011604,,US1OKCV0084,,US1OKCV0083,,US1OKCV0082,,US1OKCV0081,
2012707,ANNELIDA,OLIGOCHAETA,HAPLOTAXIDA,NAIDIDAE,NAIS,NAIS,4004,,,35.5491613148575,-86.95243071,LargeStreams,Region_04,NRS18_TN_10029,2018.0,6/25/2018,1,BERW,16.78,Poor,US1TNMY0010,9.33630653702352,USC00401962,9.496251566589399,US1TNMY0013,10.47652977423583,US1TNMY0008,11.614042306866553,US1TNMY0014,11.7727264102669
2012708,ARTHROPODA,INSECTA,TRICHOPTERA,POLYCENTROPODIDAE,NYCTIOPHYLAX,NYCTIOPHYLAX,4049,3.0,1.0,44.2521809299784,-90.76170881,SmallStreams,Region_05,NRS18_WI_10005,2018.0,6/25/2018,1,BERW,27.28,Fair,USC00470851,4.667407081592812,USR0000WBRF,7.916805550905931,USC00470855,8.476206407631437,US1WIJK0001,9.296170005262635,USC00473471,18.47387542372972
2012709,MOLLUSCA,GASTROPODA,BASOMMATOPHORA,PLANORBIDAE,GYRAULUS,GYRAULUS,3771,23.0,1.0,47.7586289078656,-103.7374309,LargeStreams,Region_08,NRS18_ND_10014,2018.0,6/25/2018,1,BERW,34.22,Poor,USC00320096,16.958294226701835,USC00320101,19.510775246187233,USC00327944,21.849865894574368,USC00242867,25.459528756447884,US1NDMK0003,25.89277271505298
2012710,ARTHROPODA,INSECTA,DIPTERA,CHIRONOMIDAE,POLYPEDILUM,POLYPEDILUM,4178,8.0,1.0,40.4766887309063,-91.36703638,RiversMajor,Region_05,NRS18_IL_10009,2018.0,6/25/2018,1,BETB,24.98,Poor,US1ILHN0005,6.817468555926688,US1IALE0007,7.1404955958162954,US1IALE0009,7.346741559584521,US1IALE0016,8.19212716820323,USC00134376,8.527445326973615
2012711,ARTHROPODA,INSECTA,DIPTERA,CHIRONOMIDAE,CLADOTANYTARSUS,CLADOTANYTARSUS,3594,24.0,1.0,33.7189330330082,-99.47595505,RiversOther,Region_06,NRS18_TX_10062,2018.0,6/25/2018,1,BERW,8.37,Poor,USC00417499,10.191108127160799,USC00418221,19.270347389591297,USC00417572,26.186796810326083,USC00417574,27.03366775193351,US1TXFD0001,30.163418862222574
2012712,ARTHROPODA,INSECTA,EPHEMEROPTERA,HEPTAGENIIDAE,EPEORUS,EPEORUS,3703,7.0,1.0,47.8435851899143,-121.6946012,RiversOther,Region_10,NRS18_WA_10011,2018.0,6/25/2018,1,BETB,65.65,Good,USC00453214,2.730840153912861,USC00458034,3.132754496269646,US1WASN0064,5.051866852207018,USS0021B48S,7.081835258901172,US1WASN0047,8.46960654659542
2012713,ARTHROPODA,ARACHNIDA,,,,ARACHNIDA,3472,1.0,0.0,44.9507590230511,-85.08357966,SmallStreams,Region_05,NRS18_MI_10034,2018.0,6/25/2018,1,BERW,37.42,Good,USC00205043,5.644188788511432,US1MIAT0006,6.219886033553947,USC00200662,9.430554686952009,US1MIAT0002,9.875107016878859,USC00200660,10.556591674880922
2012714,MOLLUSCA,BIVALVIA,VENEROIDA,PISIDIIDAE,,PISIDIIDAE,4158,1.0,1.0,40.8147022253233,-115.806146,RiversOther,Region_09,NRS18_NV_10005,2018.0,6/25/2018,1,BERW,56.95,Fair,USW00024121,1.9511480810336224,US1NVEL0020,3.2144194828283688,US1NVEL0010,3.2627124091998,US1NVEL0015,4.711366705212968,US1NVEL0009,5.105723390782087
2012715,ARTHROPODA,INSECTA,TRICHOPTERA,PSYCHOMYIIDAE,PSYCHOMYIA,PSYCHOMYIA,4225,1.0,1.0,42.0806514502865,-78.42363781,RiversOther,Region_02,NRS18_NY_10017,2018.0,6/25/2018,1,BETB,41.58,Fair,US1NYCT0006,1.5372105072456603,USC00306196,2.4451994484682875,USC00306789,9.129551088225435,US1NYCT0011,10.282502297899818,US1NYCT0005,10.291120090220115
2012717,ARTHROPODA,INSECTA,DIPTERA,CHIRONOMIDAE,,THIENEMANNIMYIA GENUS GR.,4362,3.0,1.0,40.5931813091365,-76.02771628,LargeStreams,Region_03,NRS18_PA_10015,2018.0,6/26/2018,1,BERW,38.22,Fair,USC00367116,1.1956451267995623,US1PABR0025,4.592950177244773,USC00363633,4.768759827141246,USC00363632,5.553371389679115,US1PASC0010,5.938760074816935
2012718,ARTHROPODA,ARACHNIDA,TROMBIDIFORMES,ARRENURIDAE,ARRENURUS,ARRENURUS,3481,3.0,1.0,46.8375689366572,-123.3862687,SmallStreams,Region_10,NRS18_WA_10005,2018.0,6/24/2018,1,BERW,22.2,Poor,USC00450917,10.551265495767122,US1WAGH0037,10.654732772903255,USC00456011,11.645702585175805,US1WAGH0059,16.55753932339384,USC00457327,18.192097056533395
2012719,ARTHROPODA,INSECTA,COLEOPTERA,ELMIDAE,HETERLIMNIUS,HETERLIMNIUS,3809,46.0,1.0,40.6370457341548,-122.7464935,SmallStreams,Region_09,NRS18_CA_10022,2018.0,6/26/2018,1,BERW,75.92,Good,US1CATY0031,7.207678536603488,USC00049026,10.735120265722134,USC00043242,11.838244829095,USW00004222,11.893348123751869,USR0000COAB,11.982592415442403
2012722,ARTHROPODA,INSECTA,TRICHOPTERA,HYDROPTILIDAE,HYDROPTILA,HYDROPTILA,3846,1.0,1.0,38.9633666102569,-90.41564701,RiversMajor,Region_07,NRS18_MO_10002,2018.0,6/26/2018,1,BETB,10.3,Poor,USC00113572,1.260911112628766,USW00053904,3.9338746177669766,USC00112800,5.867698737769827,US1ILJR0003,14.571359257325701,USC00114489,16.69176113866524
2012723,ARTHROPODA,INSECTA,DIPTERA,CHIRONOMIDAE,POLYPEDILUM,POLYPEDILUM,4178,1.0,1.0,33.3293091534716,-91.16314434,RiversMajor,Region_06,NRS18_AR_10017,2018.0,6/26/2018,1,BETB,6.83,Poor,USC00223611,4.279237351695714,USC00223605,10.141242336006506,US1ARCH0001,10.873650777311383,USC00223610,13.122330642954752,US1MSWS0005,14.642252674738632
2012724,ARTHROPODA,INSECTA,DIPTERA,CHIRONOMIDAE,CHIRONOMUS,CHIRONOMUS,3582,60.0,1.0,40.3196532994008,-84.63033676,SmallStreams,Region_05,NRS18_OH_10043,2018.0,6/25/2018,1,BERW,19.73,Poor,US1OHDR0012,2.4033133419822064,US1OHDR0013,6.294864093450197,US1OHDR0016,7.68383678070662,US1OHMC0007,10.7912364668171,US1OHDR0033,10.82454554778084
2012725,ANNELIDA,HIRUDINEA,RHYNCHOBDELLIDA,GLOSSIPHONIIDAE,PLACOBDELLA,PLACOBDELLA,4160,1.0,1.0,36.9513482371778,-95.03539369,SmallStreams,Region_06,NRS18_OK_10017,2018.0,6/25/2018,1,BERW,12.97,Poor,USC00145200,11.072174153065445,US1KSLB0009,13.951815601223648,USC00345855,15.494430439997467,USC00140548,19.211331646334916,US1OKOT0009,19.7314007481196
2012726,ARTHROPODA,INSECTA,EPHEMEROPTERA,BAETIDAE,PROCLOEON,PROCLOEON,4192,6.0,1.0,35.9622829129798,-94.80113987,RiversOther,Region_06,NRS18_OK_10038,2018.0,6/26/2018,1,BERW,44.68,Fair,US1OKCH0009,5.365327976459874,USC00348677,14.964609644014443,USC00348506,15.624200269666149,US1OKCH0003,15.753104979492601,US1OKAD0006,15.982418100583486
2012727,ANNELIDA,OLIGOCHAETA,HAPLOTAXIDA,NAIDIDAE,DERO,DERO,3646,10.0,1.0,41.4408245882312,-83.03139877,RiversOther,Region_05,NRS18_OH_10049,2018.0,6/26/2018,1,BETB,20.13,Poor,US1OHOT0002,7.8647105205124745,US1OHSD0002,9.113888329247546,US1OHOT0009,9.73559990344047,USC00338656,9.851559387447734,US1OHOT0005,11.762898225542358
2012728,ARTHROPODA,INSECTA,EPHEMEROPTERA,SIPHLONURIDAE,SIPHLONURUS,SIPHLONURUS,4283,3.0,1.0,47.6921187210461,-121.9662585,RiversOther,Region_10,NRS18_WA_10047,2018.0,6/26/2018,1,BETB,16.62,Poor,USC00451146,2.131532348901829,USC00458506,3.751931983740766,US1WAKG0242,3.79181068735653,US1WAKG0219,3.810553807365143,US1WAKG0146,4.048196215764282
2012729,ARTHROPODA,INSECTA,DIPTERA,CHIRONOMIDAE,NANOCLADIUS,NANOCLADIUS,4005,,,45.6536935593986,-84.99923728,SmallStreams,Region_05,NRS18_MI_10007,2018.0,6/26/2018,1,BERW,36.4,Fair,USC00201896,1.79483569586745,US1MIEM0015,8.092584461881236,US1MIEM0003,14.663408011687004,USW00014841,18.87974395165923,USC00206442,18.929511748741916
2012730,ANNELIDA,OLIGOCHAETA,HAPLOTAXIDA,NAIDIDAE,DERO,DERO,3646,3.0,1.0,39.3478119857694,-88.05272098,SmallStreams,Region_05,NRS18_IL_10005,2018.0,6/26/2018,1,BERW,32.52,Fair,USC00112330,7.239273637134995,USC00111329,8.737239290993198,USC00112332,9.803727933971292,US1ILCE0008,14.529252594841019,USC00113683,14.713317004934856
2012731,ARTHROPODA,INSECTA,DIPTERA,EMPIDIDAE,HEMERODROMIA,HEMERODROMIA,3799,2.0,1.0,39.7407716512817,-75.71143409,SmallStreams,Region_03,NRS18_DE_10016,2018.0,6/25/2018,1,BERW,23.88,Poor,US1DENC0067,2.002640997459798,US1DENC0068,3.700497481022731,US1DENC0001,3.746409720363704,US1PACH0022,5.114613607613905,US1DENC0010,5.615380183019042
2012732,ARTHROPODA,INSECTA,TRICHOPTERA,BRACHYCENTRIDAE,BRACHYCENTRUS,BRACHYCENTRUS,3526,1.0,1.0,44.125903460893,-103.6531763,SmallStreams,Region_08,NRS18_SD_10544,2018.0,6/26/2018,1,BERW,29.53,Poor,USC00395929,4.744072559112761,USC00397222,5.136231229352293,USC00397227,7.802354537416922,US1SDPN0013,8.501297517849494,USC00392088,8.88974932843261
2012733,ARTHROPODA,INSECTA,TRICHOPTERA,LEPTOCERIDAE,NECTOPSYCHE,NECTOPSYCHE,4011,4.0,1.0,40.6932535237445,-115.8337917,RiversOther,Region_09,NRS18_NV_10024,2018.0,6/26/2018,1,BERW,45.2,Fair,USC00262030,6.227461868036046,USC00267690,7.7178842581447755,USW00024121,15.065637255735762,USC00264090,15.32763179011486,US1NVEL0017,15.836862077111002
2012734,ARTHROPODA,INSECTA,EPHEMEROPTERA,HEPTAGENIIDAE,MACCAFFERTIUM,MACCAFFERTIUM,3948,1.0,1.0,40.7850590409315,-90.13890744,RiversOther,Region_05,NRS18_IL_10010,2018.0,8/28/2018,1,BETB,51.03,Good,USC00112397,4.685900555516591,USC00119816,11.11638337508707,US1ILFL0009,13.076786843261944,US1ILPR0020,13.826446909267252,USC00115163,14.704719341092785
2012735,ARTHROPODA,INSECTA,DIPTERA,CHIRONOMIDAE,CRYPTOCHIRONOMUS,CRYPTOCHIRONOMUS,3625,2.0,1.0,42.3186237295373,-90.2343133,RiversOther,Region_05,NRS18_IL_10021,2018.0,8/29/2018,1,BETB,5.8,Poor,USC00112745,0.671023338491485,US1ILJD0006,7.917333363835343,US1ILJD0002,11.934661415351663,US1ILJD0015,13.808731002403329,US1ILJD0013,15.551851667324124
2012736,ARTHROPODA,INSECTA,DIPTERA,CHIRONOMIDAE,EUKIEFFERIELLA,EUKIEFFERIELLA,3722,1.0,1.0,46.4544060444635,-120.4150557,SmallStreams,Region_10,NRS18_WA_10049,2018.0,6/26/2018,1,BERW,21.92,Poor,USC00458959,2.162159608170239,USC00458530,14.040940837982,USC00455686,14.400176278295337,USW00024243,15.247686895780465,USC00459600,15.768069445375126
2012737,ARTHROPODA,INSECTA,DIPTERA,CHIRONOMIDAE,STICTOCHIRONOMUS,STICTOCHIRONOMUS,4315,117.0,1.0,47.7426445464763,-98.854387,SmallStreams,Region_08,NRS18_ND_10225,2018.0,6/26/2018,1,BERW,27.33,Fair,US1NDED0006,11.078214396076493,USC00329185,16.598020802076263,US1NDED0005,16.81813034395379,US1NDED0009,16.949380393288394,US1NDED0013,21.20106589048657
2012738,ARTHROPODA,INSECTA,PLECOPTERA,CAPNIIDAE,,CAPNIIDAE,3555,3.0,1.0,39.9187741958909,-80.79683477,RiversMajor,Region_03,NRS18_WV_10002,2018.0,6/26/2018,1,BETB,7.55,Poor,USC00466250,3.0351340770889657,USC00466248,3.857084585750226,US1WVMH0005,5.686139445475303,US1WVMH0004,6.346716041330531,USC00465847,8.989467602547592
2012739,ARTHROPODA,INSECTA,TRICHOPTERA,UENOIDAE,NEOPHYLAX,NEOPHYLAX,4027,14.0,1.0,44.2185225369334,-72.26004236,SmallStreams,Region_01,NRS18_VT_10023,2018.0,6/27/2018,1,BERW,64.92,Good,US1VTCL0003,3.220338247615444,US1VTCL0033,3.466209976063032,USC00436810,4.097595965206009,USC00433581,4.816426209508201,US1VTCL0045,9.379192949169187
2012740,ARTHROPODA,ARACHNIDA,TROMBIDIFORMES,LEBERTIIDAE,LEBERTIA,LEBERTIA,3892,2.0,1.0,41.0623462768299,-76.85619616,RiversMajor,Region_03,NRS18_PA_10026,2018.0,6/27/2018,1,BETB,36.15,Fair,USC00369345,2.4907725092303354,US1PANM0001,2.8432941026138296,USC00365827,5.102168213644053,US1PANM0006,9.215071877561874,USC00364979,10.671831569631127
2012741,ARTHROPODA,INSECTA,DIPTERA,CHIRONOMIDAE,POLYPEDILUM,POLYPEDILUM,4178,1.0,1.0,39.2086467990911,-90.592919,RiversMajor,Region_05,NRS18_IL_10002,2018.0,6/27/2018,1,BETB,16.67,Poor,USC00113850,6.8357963929736005,US1ILCH0002,12.215749005161973,USC00232591,17.413475091619148,US1MOLC0004,22.41177003071913,US1ILJR0003,22.539273698861297
2012742,ARTHROPODA,INSECTA,COLEOPTERA,ELMIDAE,MICROCYLLOEPUS,MICROCYLLOEPUS,3980,1.0,1.0,,,,Region_07,NRS18_KS_RF003,,6/27/2018,1,BERW,43.23,,ACW00011604,,US1OKCV0084,,US1OKCV0083,,US1OKCV0082,,US1OKCV0081,
2012743,ARTHROPODA,INSECTA,DIPTERA,CHIRONOMIDAE,PHAENOPSECTRA,PHAENOPSECTRA,4143,1.0,1.0,40.7001592722067,-74.78778261,SmallStreams,Region_02,NRS18_NJ_10005,2018.0,6/26/2018,1,BERW,57.35,Good,US1NJHN0021,4.665042396265605,USC00286544,4.898166906112841,US1NJHN0001,5.496855247081624,US1NJHN0018,6.05184378791249,USC00287301,6.21558293235525
2012746,ARTHROPODA,INSECTA,DIPTERA,CHIRONOMIDAE,PARAKIEFFERIELLA,PARAKIEFFERIELLA,4106,5.0,1.0,41.5524345512422,-116.196014,LargeStreams,Region_09,NRS18_NV_10007,2018.0,6/27/2018,1,BERW,51.47,Fair,USR0000NLON,2.3587619011707863,USC00260490,12.988946606063994,USC00264023,14.923920216003468,USS0016H02S,15.481366480971793,USS0016H04S,15.681090886404558
2012747,ARTHROPODA,INSECTA,TRICHOPTERA,DIPSEUDOPSIDAE,PHYLOCENTROPUS,PHYLOCENTROPUS,4148,2.0,1.0,43.1931727211953,-71.5235048,RiversMajor,Region_01,NRS18_NH_10005,2018.0,6/27/2018,1,BETB,5.95,Poor,US1NHMR0009,1.012367885088046,USC00271682,1.6117703472410692,USW00014745,2.151396246076556,USC00271678,2.6736201783052413,US1NHMR0017,2.9295249647801707
2012748,ARTHROPODA,INSECTA,DIPTERA,TIPULIDAE,,TIPULIDAE,4369,1.0,1.0,35.6259809230087,-89.87932864,RiversMajor,Region_06,NRS18_AR_10002,2018.0,6/27/2018,1,BETB,49.03,Fair,USC00035480,13.782822773835392,USC00037912,15.403306943324951,US1TNTP0001,17.511562705834898,USC00402108,18.300414600478668,USC00033821,19.27839964317888
2012749,ARTHROPODA,INSECTA,EPHEMEROPTERA,HEPTAGENIIDAE,,HEPTAGENIIDAE,3802,2.0,0.0,46.241495422819,-120.4127497,RiversOther,Region_10,NRS18_WA_10035,2018.0,6/27/2018,1,BERW,76.33,Good,USC00458530,17.1086709087344,USC00458959,21.55787933727946,US1WAYK0007,23.895965450270506,USC00459600,24.619833028536046,USC00453271,26.632603030011822
2012750,ARTHROPODA,INSECTA,TRICHOPTERA,LEPIDOSTOMATIDAE,LEPIDOSTOMA,LEPIDOSTOMA,3895,1.0,1.0,43.8291807362089,-103.4590567,SmallStreams,Region_08,NRS18_SD_10016,2018.0,6/27/2018,1,BERW,9.1,Poor,USR0000SMRU,5.095230975179861,USC00395870,5.3070967886579465,US1SDCS0034,5.8095563956422644,US1SDCS0001,8.211457594328602,USC00392063,8.651601917218668
2012751,ARTHROPODA,INSECTA,DIPTERA,CHIRONOMIDAE,STEMPELLINELLA,STEMPELLINELLA,4308,7.0,1.0,45.6802121526392,-92.07057777,SmallStreams,Region_05,NRS18_WI_10069,2018.0,6/27/2018,1,BERW,49.73,Good,US1WIWB0019,8.427723083086773,US1WIBR0026,11.570955524686704,US1WIBR0030,13.061416811916702,US1WIBR0013,13.36994958166957,US1WIBR0023,13.456304378175213
2012752,ARTHROPODA,INSECTA,DIPTERA,STRATIOMYIDAE,ALLOGNOSTA,ALLOGNOSTA,4562,1.0,1.0,,,,Region_05,NRS18_OH_10001,,6/27/2018,2,BERW,30.75,,ACW00011604,,US1OKCV0084,,US1OKCV0083,,US1OKCV0082,,US1OKCV0081,
2012753,MOLLUSCA,BIVALVIA,VENEROIDA,PISIDIIDAE,,PISIDIIDAE,4158,1.0,1.0,,,,Region_06,NRS18_TX_10016,,6/28/2018,2,BERW,19.15,,ACW00011604,,US1OKCV0084,,US1OKCV0083,,US1OKCV0082,,US1OKCV0081,
2012754,ARTHROPODA,INSECTA,DIPTERA,CHIRONOMIDAE,CRYPTOTENDIPES,CRYPTOTENDIPES,3628,1.0,1.0,,,,Region_08,NRS18_ND_10010,,6/28/2018,2,BERW,44.23,,ACW00011604,,US1OKCV0084,,US1OKCV0083,,US1OKCV0082,,US1OKCV0081,
2012755,ARTHROPODA,INSECTA,DIPTERA,CHIRONOMIDAE,POLYPEDILUM,POLYPEDILUM,4178,2.0,1.0,39.176052395627,-90.71722249,RiversMajor,Region_07,NRS18_MO_10011,2018.0,6/28/2018,1,BETB,29.38,Fair,USC00232591,6.109586010002709,USC00113850,9.13791070083077,US1ILCH0002,12.055282597444496,US1MOLC0004,13.322918058427705,USC00231283,19.416001667959055
2012756,ARTHROPODA,INSECTA,DIPTERA,CERATOPOGONIDAE,,CERATOPOGONINAE,3567,1.0,1.0,38.6858811389231,-85.17831438,RiversMajor,Region_04,NRS18_KY_10019,2018.0,6/28/2018,1,BETB,33.33,Fair,US1KYCR0002,0.8435154116331002,USC00151340,1.0481717699198179,USC00151345,4.1799162597065065,USC00129080,10.947075491929763,US1INSW0003,12.24714212848239
2012757,MOLLUSCA,BIVALVIA,VENEROIDA,,,VENEROIDA,4412,3.0,0.0,42.1279397254416,-73.30680862,SmallStreams,Region_01,NRS18_MA_10013,2018.0,6/26/2018,1,BERW,27.3,Poor,US1MABE0023,5.452485924078653,USC00197730,7.998706798538044,US1MABE0002,8.926934157969802,USC00199371,9.11309036460812,USC00197340,10.270849229088931
2012758,ARTHROPODA,INSECTA,TRICHOPTERA,HYDROPTILIDAE,HYDROPTILA,HYDROPTILA,3846,2.0,1.0,43.3206731268853,-83.99699064,RiversOther,Region_05,NRS18_MI_10052,2018.0,6/28/2018,1,BETB,26.28,Fair,US1MISG0010,7.932957242893124,USC00200981,10.270108458176692,USC00207222,10.700647752094358,USC00207225,12.029885507626634,US1MISG0017,13.0827718738552
2012759,MOLLUSCA,BIVALVIA,VENEROIDA,PISIDIIDAE,,PISIDIIDAE,4158,,,42.0469130348351,-73.31172517,LargeStreams,Region_01,NRS18_CT_10018,2018.0,6/27/2018,1,BERW,53.15,Fair,US1CTLT0024,5.423507611624841,US1CTLT0028,6.196743013552019,USC00197730,6.703977967834715,USC00197340,7.612856586092217,US1MABE0023,9.849092860518004
2012760,ARTHROPODA,INSECTA,DIPTERA,CHIRONOMIDAE,AXARUS,AXARUS,3498,7.0,1.0,40.8416577425513,-99.74437536,LargeStreams,Region_07,NRS18_NE_10018,2018.0,6/27/2018,1,BERW,31.5,Fair,USW00014994,6.30493318092145,USC00254775,6.506327074842773,US10daws002,7.156361831390079,US1NEDN0002,7.236531969277039,US10daws001,9.2321001803342
2012761,ARTHROPODA,INSECTA,EPHEMEROPTERA,BAETIDAE,BAETIS,BAETIS,3501,47.0,1.0,41.5332791031382,-89.10372553,LargeStreams,Region_05,NRS18_IL_10020,2018.0,6/28/2018,1,BERW,27.1,Fair,USC00115562,1.1784184325690872,US1ILLS0046,1.4504526958810868,US1ILLS0057,2.389284579181945,US1ILLS0011,3.8017282133637833,US1ILLS0074,13.414771757120638
2012762,ARTHROPODA,INSECTA,DIPTERA,CHIRONOMIDAE,,CHIRONOMIDAE,3581,1.0,0.0,48.4550540060767,-120.5661413,SmallStreams,Region_10,NRS18_WA_10065,2018.0,6/28/2018,1,BERW,63.32,Good,USS0020A09S,14.708050856878664,USC00458059,16.563388744425012,USC00451050,18.64196469456936,US1WAOK0018,18.660942163487384,USC00455133,19.153960086757316
2012764,ARTHROPODA,INSECTA,TRICHOPTERA,UENOIDAE,NEOTHREMMA,NEOTHREMMA,4031,1.0,1.0,47.9906789462202,-123.5022942,SmallStreams,Region_10,NRS18_WA_10017,2018.0,6/28/2018,1,BERW,63.07,Good,USC00452548,7.165387638987764,US1WACM0042,7.723925164768119,USS0023B17S,7.792827711198141,US1WACM0025,9.93576475750068,US1WACM0051,10.443485225763354
2012765,ARTHROPODA,INSECTA,COLEOPTERA,ELMIDAE,NARPUS,NARPUS,4006,,,47.7289181576012,-121.427561,RiversOther,Region_10,NRS18_WA_10010,2018.0,6/27/2018,1,BETB,60.9,Good,USC00453386,0.947227232417561,USC00457708,5.574258552061405,USC00450456,6.327166959967344,USC00453910,13.378987150774382,USC00453909,13.378987150774382
2012766,ARTHROPODA,INSECTA,DIPTERA,CHIRONOMIDAE,MICROTENDIPES,MICROTENDIPES,3982,5.0,1.0,40.3076758634683,-121.8581376,SmallStreams,Region_09,NRS18_CA_10343,2018.0,6/27/2018,1,BERW,86.13,Good,USC00046761,4.551282443303334,USR0000CLAS,12.908321698619789,US1CATH0036,14.43702980176824,USC00049390,16.76325436566923,USC00043204,17.520656665997368
2012767,ARTHROPODA,INSECTA,ODONATA,COENAGRIONIDAE,,COENAGRIONIDAE,3606,1.0,1.0,43.0348409372972,-83.93323098,LargeStreams,Region_05,NRS18_MI_10047,2018.0,6/29/2018,1,BERW,43.4,Good,US1MIGN0033,10.677254053473398,US1MIGN0020,10.729376743492375,USC00201818,12.164045899470679,US1MIGN0028,12.708459101638411,USC00202328,12.842803983662918
2012768,ARTHROPODA,INSECTA,COLEOPTERA,ELMIDAE,STENELMIS,STENELMIS,4310,1.0,1.0,44.9133476200517,-74.93946612,RiversOther,Region_02,NRS18_NY_10033,2018.0,6/29/2018,1,BETB,32.13,Poor,USW00094725,7.512737841543335,CA1ON000845,10.161001589719964,USC00305869,12.91836896069387,CA1ON000706,14.300889609964896,USC00305129,14.544555698817058
2012769,ARTHROPODA,INSECTA,DIPTERA,CHIRONOMIDAE,,CRICOTOPUS/ORTHOCLADIUS,3623,14.0,1.0,40.7412997622999,-115.554364,SmallStreams,Region_09,NRS18_NV_10001,2018.0,6/28/2018,1,BERW,35.9,Poor,US1NVEL0007,1.1927870720720375,US1NVEL0034,2.5148525948464,US1NVEL0031,2.597469159176687,USC00262387,2.9262197216179193,US1NVEL0025,2.9434263056983254
2012770,ARTHROPODA,INSECTA,PLECOPTERA,CHLOROPERLIDAE,PARAPERLA,PARAPERLA,4114,1.0,1.0,48.385003781209,-120.296423,LargeStreams,Region_10,NRS18_WA_10044,2018.0,6/28/2018,1,BERW,67.55,Good,US1WAOK0034,2.4032666536060674,USC00458115,3.4001738250421645,USC00450090,11.495593334399613,US1WAOK0028,12.676304642310173,US1WAOK0011,12.699263780845754
2012771,ARTHROPODA,INSECTA,TRICHOPTERA,HYDROPSYCHIDAE,HYDROPSYCHE,HYDROPSYCHE,3844,1.0,1.0,42.5402253439648,-72.86832966,SmallStreams,Region_01,NRS18_MA_10182,2018.0,6/29/2018,1,BERW,50.67,Fair,USC00190213,3.320740436683945,USC00192175,3.7778562166802043,USC00196425,4.749061506460024,USC00196435,4.749061506460024,US1MAHS0014,4.768607811154424
2012772,ARTHROPODA,INSECTA,TRICHOPTERA,HELICOPSYCHIDAE,HELICOPSYCHE,HELICOPSYCHE,3789,3.0,1.0,41.1519624157365,-87.91418338,RiversOther,Region_05,NRS18_IL_10011,2018.0,6/29/2018,1,BETB,47.8,Good,US1ILKK0011,1.064228151842784,US1ILKK0007,1.778863716798869,US1ILKK0049,2.100369040910002,USC00114598,2.620846284102739,USC00114603,3.0473384100894547
2012773,ARTHROPODA,INSECTA,DIPTERA,CERATOPOGONIDAE,,CERATOPOGONIDAE,3566,2.0,0.0,44.6227940885212,-75.2269792,RiversOther,Region_02,NRS18_NY_10036,2018.0,7/1/2018,1,BETB,24.87,Poor,USW00014743,10.579333989409687,US1NYSL0015,13.920389175600747,USC00302020,14.012032328981451,US1NYSL0021,14.476225468363142,USC00306810,18.608767842132828
2012774,ANNELIDA,OLIGOCHAETA,HAPLOTAXIDA,NAIDIDAE,SLAVINA,SLAVINA,4288,1.0,1.0,39.1603984209763,-89.09546299,SmallStreams,Region_05,NRS18_IL_10364,2018.0,7/1/2018,1,BERW,41.55,Good,USC00117126,1.485788499603458,USC00113055,15.547188280134026,USW00003838,20.63033570936118,US1ILFY0001,21.45044411933915,US1ILFY0002,22.48365863150134
2012775,ARTHROPODA,INSECTA,TRICHOPTERA,HYDROPSYCHIDAE,HYDROPSYCHE,HYDROPSYCHE,3844,3.0,1.0,45.7653002292167,-117.7598806,RiversMajor,Region_10,NRS18_OR_10016,2018.0,6/29/2018,1,BETB,67.77,Good,US1ORUN0001,13.294907557724558,USC00354066,14.721562390869359,USC00355610,15.400326568862829,USC00358994,17.24733163470904,USR0000OEDE,22.331961430354944
2012776,ARTHROPODA,INSECTA,DIPTERA,CHIRONOMIDAE,ZAVRELIMYIA,ZAVRELIMYIA,4433,2.0,1.0,,,,Region_01,NRS18_VT_10006,,7/2/2018,2,BERW,61.38,,ACW00011604,,US1OKCV0084,,US1OKCV0083,,US1OKCV0082,,US1OKCV0081,
2012777,ARTHROPODA,INSECTA,DIPTERA,CHIRONOMIDAE,RHEOTANYTARSUS,RHEOTANYTARSUS,4247,,,44.2592816332544,-75.76743369,RiversOther,Region_02,NRS18_NY_10015,2018.0,7/2/2018,1,BETB,3.7,Poor,USC00308455,5.821310788688339,US1NYJF0007,9.564336199319328,US1NYJF0004,11.039187580619615,USC00304526,11.255767897094401,USC00300077,14.452152528210464
2012778,ARTHROPODA,INSECTA,DIPTERA,SIMULIIDAE,SIMULIUM,SIMULIUM,4281,,,47.1822664962841,-101.7942644,SmallStreams,Region_08,NRS18_ND_10054,2018.0,7/2/2018,1,BERW,30.45,Poor,USC00320313,5.840726479812066,USC00320766,8.89250699530255,US1NDMR0006,10.44413109588546,USC00320767,12.636308671092356,US1NDMR0009,12.663845025720029
2012779,ANNELIDA,OLIGOCHAETA,HAPLOTAXIDA,TUBIFICIDAE,AULODRILUS,AULODRILUS,3496,2.0,1.0,39.0066985107295,-95.29043901,SmallStreams,Region_07,NRS18_KS_10033,2018.0,7/2/2018,1,BERW,20.35,Poor,US1KSDG0003,2.1620900415702264,US1KSDG0071,2.948697300969791,US1KSDG0064,3.098439914006937,US1KSDG0082,3.670507608894427,US1KSDG0015,3.817864050154135
2012780,ARTHROPODA,INSECTA,DIPTERA,CHIRONOMIDAE,TANYTARSUS,TANYTARSUS,4348,29.0,1.0,,,,Region_09,NRS18_NV_10002,,7/2/2018,2,BERW,43.23,,ACW00011604,,US1OKCV0084,,US1OKCV0083,,US1OKCV0082,,US1OKCV0081,
2012781,ARTHROPODA,INSECTA,MEGALOPTERA,SIALIDAE,SIALIS,SIALIS,4276,,,45.7999436257261,-120.2141829,LargeStreams,Region_10,NRS18_WA_10519,2018.0,7/1/2018,1,BERW,51.42,Fair,USC00455958,7.413004731028518,USC00457680,8.416126676008593,USC00350265,8.787776720439973,USC00458630,17.522484140820264,USC00450668,23.02640794018812
2012782,ARTHROPODA,INSECTA,COLEOPTERA,ELMIDAE,STENELMIS,STENELMIS,4310,5.0,1.0,39.9272100832405,-87.84035006,LargeStreams,Region_05,NRS18_IL_10971,2018.0,7/2/2018,1,BERW,52.68,Good,USC00117952,4.754885028793361,US1ILCP0043,12.710465983243873,US1ILVR0006,13.240480817655163,US1ILCP0021,13.467957966937169,US1ILCP0162,15.343269486987907
2012783,ARTHROPODA,INSECTA,TRICHOPTERA,LIMNEPHILIDAE,LIMNEPHILUS,LIMNEPHILUS,3919,4.0,1.0,42.7091676357349,-72.45896964,SmallStreams,Region_01,NRS18_MA_10003,2018.0,7/2/2018,1,BERW,22.98,Poor,USC00438600,8.323797291109825,US1NHCH0011,9.45569693363414,USC00279726,9.884841095831614,US1MAFR0035,10.432094356571065,US1MAFR0001,10.48702176691938
2012784,ARTHROPODA,INSECTA,COLEOPTERA,ELMIDAE,STENELMIS,STENELMIS,4310,1.0,1.0,,,,Region_03,NRS18_WV_10010,,7/2/2018,2,BERW,66.25,,ACW00011604,,US1OKCV0084,,US1OKCV0083,,US1OKCV0082,,US1OKCV0081,
2012785,ARTHROPODA,INSECTA,DIPTERA,CHIRONOMIDAE,DEMICRYPTOCHIRONOMUS,DEMICRYPTOCHIRONOMUS,3644,1.0,1.0,42.5872694651643,-72.72401827,RiversOther,Region_01,NRS18_MA_10019,2018.0,7/1/2018,1,BETB,0.0,Poor,US1MAFR0017,2.2254037431947213,US1MAFR0042,2.332269595141108,USC00197370,3.3595465518446708,US1MAFR0013,4.797107092451316,US1MAFR0025,4.970645109218605
2012786,ARTHROPODA,INSECTA,DIPTERA,CHIRONOMIDAE,SYNORTHOCLADIUS,SYNORTHOCLADIUS,4337,2.0,1.0,45.3314834779423,-115.9499493,SmallStreams,Region_10,NRS18_ID_10001,2018.0,7/2/2018,1,BERW,45.48,Fair,USS0015D01S,15.810323235377565,USC00109560,22.423140807692377,US1IDID0013,30.837240089147627,US1IDID0009,34.515869791084576,USC00107706,34.87440250449915
2012787,ARTHROPODA,ARACHNIDA,TROMBIDIFORMES,HYGROBATIDAE,HYGROBATES,HYGROBATES,3855,1.0,1.0,,,,Region_05,NRS18_OH_10012,,7/2/2018,2,BETB,37.37,,ACW00011604,,US1OKCV0084,,US1OKCV0083,,US1OKCV0082,,US1OKCV0081,
2012788,MOLLUSCA,GASTROPODA,BASOMMATOPHORA,PLANORBIDAE,GYRAULUS,GYRAULUS,3771,8.0,1.0,43.0231306728731,-89.40096797,SmallStreams,Region_05,NRS18_WI_10029,2018.0,7/23/2018,1,BERW,18.83,Poor,US1WIDA0011,2.528248516963,USC00470273,3.0061005899996562,US1WIDA0072,3.839471523473966,US1WIDA0099,4.303237774641068,US1WIDA0028,4.823745302673912
2012789,ARTHROPODA,INSECTA,DIPTERA,PSYCHODIDAE,MARUINA,MARUINA,3961,,,46.7626601904027,-123.4158518,SmallStreams,Region_10,NRS18_WA_10060,2018.0,7/4/2018,1,BERW,81.0,Good,USC00450917,6.806988421116858,USC00456011,15.962366655982368,USC00452253,18.409547873615672,US1WAGH0037,19.269591647391138,US1WAGH0059,19.383597297501467
2012790,ARTHROPODA,INSECTA,DIPTERA,CHIRONOMIDAE,STEMPELLINA,STEMPELLINA,4307,1.0,1.0,46.7885521983317,-123.4468025,LargeStreams,Region_10,NRS18_WA_10360,2018.0,7/4/2018,1,BERW,72.7,Good,USC00450917,4.092243043412946,USC00456011,16.99291011304053,US1WAGH0037,17.511543187452816,USC00457327,20.87165379541147,US1WAGH0059,21.09840919857066
2012791,ARTHROPODA,ARACHNIDA,TROMBIDIFORMES,HYGROBATIDAE,ATRACTIDES,ATRACTIDES,3490,1.0,1.0,47.5736458889072,-123.5832338,LargeStreams,Region_10,NRS18_WA_10018,2018.0,7/2/2018,1,BERW,57.52,Good,USS0023B18S,17.75169589824136,USW00004237,18.41144247814816,US1WAGH0047,19.80019514978549,USC00456864,22.833786362927075,USC00453659,23.96814814140515
2012792,ARTHROPODA,INSECTA,EPHEMEROPTERA,BAETIDAE,DIPHETOR,DIPHETOR,3661,5.0,1.0,47.5824467002319,-124.2980591,LargeStreams,Region_10,NRS18_WA_10032,2018.0,7/1/2018,1,BERW,59.53,Good,USC00451496,1.336053786325926,USC00452126,16.748054987781092,USC00454127,18.704453389514672,USR0000WBLA,23.81197743928185,USC00457987,29.750055772664314
2012793,ARTHROPODA,INSECTA,DIPTERA,CHIRONOMIDAE,,CRICOTOPUS/ORTHOCLADIUS,3623,5.0,1.0,39.6364870020544,-75.73171714,LargeStreams,Region_03,NRS18_DE_10005,2018.0,7/5/2018,1,BERW,41.08,Fair,US1DENC0084,1.7049975315744335,US1DENC0020,2.7044667193410326,US1DENC0013,3.3178511711772245,USC00076405,3.706276058161768,USC00076410,3.731775185201836
2012794,ARTHROPODA,INSECTA,EPHEMEROPTERA,EPHEMERELLIDAE,TIMPANOGA,TIMPANOGA,4366,1.0,1.0,45.5644462345583,-123.5731021,LargeStreams,Region_10,NRS18_OR_10015,2018.0,7/5/2018,1,BERW,65.75,Good,US1ORTL0002,2.4286537741536183,USC00358505,2.6393430624460534,USC00353312,2.76196364736627,US1ORTL0007,4.627468113569764,USC00354824,5.042377448563311
2012795,ARTHROPODA,INSECTA,TRICHOPTERA,HYDROPTILIDAE,HYDROPTILA,HYDROPTILA,3846,5.0,1.0,,,,Region_04,NRS18_KY_10001,,7/5/2018,2,BERW,36.35,,ACW00011604,,US1OKCV0084,,US1OKCV0083,,US1OKCV0082,,US1OKCV0081,
2012796,ARTHROPODA,INSECTA,DIPTERA,CHIRONOMIDAE,DICROTENDIPES,DICROTENDIPES,3658,25.0,1.0,38.1234116927171,-83.55382563,RiversMajor,Region_04,NRS18_KY_10020,2018.0,7/5/2018,1,BETB,14.9,Poor,USC00152791,1.8404848691388318,US1KYRW0004,6.020330777559906,US1KYRW0002,9.524865229004034,USC00155559,10.335573752952545,USC00155555,12.58239035725613
2012797,MOLLUSCA,GASTROPODA,BASOMMATOPHORA,PLANORBIDAE,,PLANORBIDAE,4162,,,,,,Region_05,NRS18_WI_10001,,7/5/2018,2,BERW,0.35,,ACW00011604,,US1OKCV0084,,US1OKCV0083,,US1OKCV0082,,US1OKCV0081,
2012798,ARTHROPODA,MALACOSTRACA,AMPHIPODA,CRANGONYCTIDAE,CRANGONYX,CRANGONYX,3622,4.0,1.0,42.9393048306482,-115.7014411,RiversMajor,Region_10,NRS18_ID_10016,2018.0,7/5/2018,1,BETB,15.25,Poor,USC00101195,10.364101071889595,USC00104526,12.346444198691046,USC00104369,15.490435633654473,US1IDEL0006,16.183761332578634,USR0000IMHO,16.909363866771553
2012799,ARTHROPODA,INSECTA,DIPTERA,CHIRONOMIDAE,PARAMETRIOCNEMUS,PARAMETRIOCNEMUS,4112,3.0,1.0,41.912786764088,-71.44343649,SmallStreams,Region_01,NRS18_RI_10018,2018.0,7/4/2018,1,BERW,30.33,Poor,US1RIPR0008,2.4278296881537087,US1RIPR0126,2.6568622496997167,US1RIPR0106,2.7237886979602144,US1RIPR0116,3.278180085397877,USC00374750,3.865585822114861
2012800,ARTHROPODA,ARACHNIDA,TROMBIDIFORMES,LEBERTIIDAE,LEBERTIA,LEBERTIA,3892,,,41.9155174806143,-71.6669889,LargeStreams,Region_01,NRS18_RI_10019,2018.0,7/5/2018,1,BERW,65.23,Good,US1RIPR0132,3.398108577796116,US1RIPR0050,3.997873684714663,US1RIPR0135,4.8727191970219055,US1RIPR0012,6.619457092134308,US1RIPR0130,7.244414317030566
2012801,ARTHROPODA,INSECTA,COLEOPTERA,ELMIDAE,MICROCYLLOEPUS,MICROCYLLOEPUS,3980,7.0,1.0,,,,Region_09,NRS18_NV_10012,,7/5/2018,2,BERW,35.28,,ACW00011604,,US1OKCV0084,,US1OKCV0083,,US1OKCV0082,,US1OKCV0081,
2012802,ARTHROPODA,INSECTA,COLEOPTERA,ELMIDAE,NARPUS,NARPUS,4006,1.0,1.0,,,,Region_10,NRS18_WA_10013,,7/5/2018,2,BERW,67.63,,ACW00011604,,US1OKCV0084,,US1OKCV0083,,US1OKCV0082,,US1OKCV0081,
2012803,ARTHROPODA,INSECTA,PLECOPTERA,NEMOURIDAE,VISOKA,VISOKA,4413,,,46.5207699340971,-121.2404181,SmallStreams,Region_10,NRS18_WA_10016,2018.0,7/6/2018,1,BERW,65.67,Good,USS0021C10S,6.291052118325631,USS0021C33S,15.88999044415774,USC00457038,16.537870502589513,USS0021C28S,17.01689923823273,USC00450066,17.12380133888431
2012804,ARTHROPODA,INSECTA,DIPTERA,CHIRONOMIDAE,NILOTHAUMA,NILOTHAUMA,4043,2.0,1.0,42.625805605211,-72.36068271,SmallStreams,Region_01,NRS18_MA_10014,2018.0,7/6/2018,1,BERW,50.27,Fair,USW00054756,8.65906078927955,US1MAFR0040,11.041090703996844,USC00198573,11.250945954198203,US1MAFR0021,12.426982254191792,USC00190257,12.696666157624684
2012805,ANNELIDA,OLIGOCHAETA,HAPLOTAXIDA,NAIDIDAE,PRISTINA,PRISTINA,4188,1.0,1.0,46.2289540843641,-123.3929511,LargeStreams,Region_10,NRS18_WA_10006,2018.0,7/5/2018,1,BETB,12.05,Poor,USC00451205,4.916543416466385,USC00359121,8.098996097559498,US1ORCB0041,13.458337990899807,USC00451207,13.760807528166689,USC00351996,15.16197046124792
2012806,ARTHROPODA,ARACHNIDA,TROMBIDIFORMES,SPERCHONIDAE,SPERCHON,SPERCHON,4296,1.0,1.0,45.9308539554354,-122.7096299,RiversOther,Region_10,NRS18_WA_10034,2018.0,7/6/2018,1,BETB,17.05,Poor,US1WACW0006,6.218238600595946,US1WACK0072,7.452188345249447,US1ORCB0025,8.91957496556688,US1ORCB0005,9.056844633971512,US1ORCB0032,9.210498550504926
2012807,ARTHROPODA,MALACOSTRACA,ISOPODA,ASELLIDAE,CAECIDOTEA,CAECIDOTEA,3540,1.0,1.0,41.9000168339752,-89.48215002,RiversMajor,Region_05,NRS18_IL_10012,2018.0,7/8/2018,1,BETB,8.65,Poor,US1ILLE0010,2.5603719022695737,US1ILLE0025,4.947079400798976,US1ILLE0017,7.240477513773366,US1ILLE0011,7.367447657333243,USC00112348,7.684291803844823
2012808,ARTHROPODA,INSECTA,COLEOPTERA,ELMIDAE,OULIMNIUS,OULIMNIUS,4082,13.0,1.0,41.478425971905,-71.68435454,SmallStreams,Region_01,NRS18_RI_10183,2018.0,7/8/2018,1,BERW,26.78,Poor,US1RIWS0051,3.0792324046698583,US1RIWS0001,3.245949815560567,US1RIWS0014,4.667754725332661,US1RIWS0009,4.79964486591223,USC00379327,5.184410575743902
2012809,MOLLUSCA,GASTROPODA,,,,GASTROPODA,3745,17.0,1.0,41.7137588658789,-89.90675067,RiversMajor,Region_05,NRS18_IL_10024,2018.0,7/9/2018,1,BETB,21.43,Poor,US1ILWD0001,4.675580648566541,USC00117014,4.980579994969558,US1ILWD0018,5.74749636904208,US1ILWD0019,8.091088310558266,USC00115833,10.310371650227705
2012810,ARTHROPODA,INSECTA,EPHEMEROPTERA,HEPTAGENIIDAE,ECDYONURUS,ECDYONURUS,3684,2.0,1.0,46.2593075828011,-117.3111025,SmallStreams,Region_10,NRS18_WA_10212,2018.0,7/8/2018,1,BERW,69.23,Good,USS0017C06S,6.435359090594128,USC00450294,7.881527139707892,USR0000WALD,14.22154202929803,USC00456456,14.511933230678729,USC00450145,19.468985360511105
2012811,ARTHROPODA,INSECTA,ODONATA,CORDULIIDAE,,CORDULIIDAE,3614,2.0,0.0,41.9792206370285,-71.70946408,SmallStreams,Region_01,NRS18_RI_10194,2018.0,7/9/2018,1,BERW,21.5,Poor,US1RIPR0012,1.9198003206425454,US1RIPR0135,3.542406735914961,US1RIPR0050,4.40312259045855,US1RIPR0132,4.618833161854639,USC00378820,5.264540063950841
2012812,ARTHROPODA,INSECTA,DIPTERA,CHIRONOMIDAE,ABLABESMYIA,ABLABESMYIA,3406,7.0,1.0,36.7790352351552,-120.233343,RiversMajor,Region_09,NRS18_CA_10056,2018.0,7/9/2018,1,BETB,33.9,Poor,USC00045526,11.886124445855815,USC00045528,11.886124445855815,US1CAMA0006,23.729865554556607,USW00093242,25.37109952039973,USC00045233,26.089738731178667
2012813,ARTHROPODA,INSECTA,ODONATA,,,ODONATA,4056,1.0,0.0,33.4128126751064,-86.75189942,RiversMajor,Region_04,NRS18_AL_10007,2018.0,7/9/2018,1,BERW,10.68,Poor,US1ALSH0020,1.0823929983709277,US1ALSH0021,1.7149279014515384,US1ALJF0044,1.9479375113784563,US1ALJF0084,2.2577563650046075,US1ALJF0039,2.4825327090457954
2012814,ARTHROPODA,INSECTA,DIPTERA,CHIRONOMIDAE,PROCLADIUS,PROCLADIUS,4191,9.0,1.0,34.9509217689235,-87.042028,RiversOther,Region_04,NRS18_AL_10002,2018.0,7/8/2018,1,BETB,9.5,Poor,USC00400661,5.505376246221214,US1ALLS0025,5.542942680919685,US1ALLS0008,6.5916737616774945,US1TNGL0004,10.682911099639007,US1ALLS0010,12.002266230773971
2012815,ANNELIDA,HIRUDINEA,RHYNCHOBDELLIDA,GLOSSIPHONIIDAE,PLACOBDELLA,PLACOBDELLA,4160,2.0,1.0,40.0375352851504,-96.48889169,SmallStreams,Region_07,NRS18_NE_10029,2018.0,7/9/2018,1,BERW,24.75,Poor,US10gage018,2.0509229197377823,US1Gage5446,7.1305897396212625,USC00250520,7.413050332914286,US10gage003,7.715755027792322,USC00145964,12.312829190380794
2012816,ANNELIDA,HIRUDINEA,RHYNCHOBDELLIDA,GLOSSIPHONIIDAE,PLACOBDELLA,PLACOBDELLA,4160,,,37.7430629352927,-112.0985908,RiversOther,Region_08,NRS18_UT_10008,2018.0,7/9/2018,1,BERW,2.38,Poor,USW00023159,6.406365242805411,USR0000TOMB,8.341308285697817,USC00427450,10.392415664490839,USC00421008,12.975226708873542,USR0000BRYC,12.999439229854499
2012820,ANNELIDA,OLIGOCHAETA,HAPLOTAXIDA,TUBIFICIDAE,BRANCHIURA,BRANCHIURA,3532,9.0,1.0,37.8816469224817,-95.67600729,LargeStreams,Region_07,NRS18_KS_10005,2018.0,7/9/2018,1,BERW,22.38,Poor,USC00149080,4.549200557803469,US1KSWO0003,5.40984046500183,US1KSWL0011,19.17725715666074,US1KSWL0010,20.05714216002576,USC00143867,21.674618801308615
2012821,ARTHROPODA,INSECTA,DIPTERA,CERATOPOGONIDAE,,CERATOPOGONINAE,3567,1.0,1.0,43.2411150712209,-99.18715736,LargeStreams,Region_08,NRS18_SD_10003,2018.0,7/9/2018,1,BERW,68.52,Good,US1SDGY0017,6.897377402877743,US1SDGY0009,9.494362094729398,US1SDGY0008,11.118064251907287,US1SDGY0010,11.17266223498282,US1SDGY0025,12.413218090564136
2012822,ARTHROPODA,INSECTA,EPHEMEROPTERA,BAETIDAE,FALLCEON,FALLCEON,3729,3.0,1.0,41.0254022187247,-115.5300398,RiversOther,Region_09,NRS18_NV_10638,2018.0,7/9/2018,1,BERW,48.93,Fair,US1NVEL0013,5.3671649350714645,USC00267188,9.253909361411106,USC00263405,9.25679043584529,US1NVEL0011,20.27007129420548,USC00262189,22.181625730045177
2012823,ANNELIDA,OLIGOCHAETA,HAPLOTAXIDA,TUBIFICIDAE,AULODRILUS,AULODRILUS,3496,,,,,,Region_10,NRS18_WA_10014,,7/9/2018,2,BETB,58.1,,ACW00011604,,US1OKCV0084,,US1OKCV0083,,US1OKCV0082,,US1OKCV0081,
2012824,ARTHROPODA,INSECTA,DIPTERA,TIPULIDAE,HEXATOMA,HEXATOMA,3817,,,41.8480453989896,-71.78683775,SmallStreams,Region_01,NRS18_RI_10003,2018.0,7/10/2018,1,BERW,8.2,Poor,US1RIPR0020,4.419732670154686,US1CTWN0004,4.468281385338163,USC00375270,4.530561286468198,US1CTWN0006,5.4428055366311705,US1RIPR0140,7.037641825827639
2012825,ARTHROPODA,INSECTA,DIPTERA,CHIRONOMIDAE,EUKIEFFERIELLA,EUKIEFFERIELLA,3722,1.0,1.0,41.6481308742715,-75.78612077,LargeStreams,Region_03,NRS18_PA_10020,2018.0,7/10/2018,1,BERW,54.77,Fair,US1PALC0002,8.93786484948739,USC00364066,9.55873505655239,US1PASS0018,10.562075452249942,USC00368982,13.10087407945883,USC00362171,13.10087407945883
2012826,ARTHROPODA,INSECTA,MEGALOPTERA,CORYDALIDAE,CHAULIODES,CHAULIODES,3574,1.0,1.0,43.80096023,-75.46668635,RiversMajor,Region_02,NRS18_NY_10035,2018.0,7/10/2018,1,BETB,19.08,Poor,USC00304912,1.5798480222422993,US1NYLW0013,9.487041510649615,USC00300500,9.888167275875194,US1NYLW0005,9.96316330700637,USC00303250,10.454398575537908
2012827,ARTHROPODA,INSECTA,TRICHOPTERA,HYDROPSYCHIDAE,,HYDROPSYCHIDAE,3845,1.0,0.0,35.6018383361105,-89.9021205,RiversMajor,Region_06,NRS18_AR_10010,2018.0,7/10/2018,1,BETB,54.67,Fair,USC00037912,12.489515273376789,US1TNTP0001,14.501815624301141,USC00035480,14.728052929654767,USC00406358,18.215817460471776,USC00033821,18.32619136144427
2012828,ANNELIDA,OLIGOCHAETA,HAPLOTAXIDA,NAIDIDAE,,NAIDIDAE,4003,1.0,0.0,41.462900375102,-95.95535348,RiversMajor,Region_07,NRS18_NE_10021,2018.0,7/10/2018,1,BETB,27.93,Fair,US10wash001,8.588778089709589,US1NEWS0002,9.598760762218172,US1IAHR0011,9.884729303827653,US10wash006,10.260428853256887,USC00252980,11.620648465286108
2012829,ARTHROPODA,INSECTA,DIPTERA,CHIRONOMIDAE,TVETENIA,TVETENIA,4394,2.0,1.0,,,,Region_04,NRS18_GA_10001,,7/10/2018,2,BERW,24.83,,ACW00011604,,US1OKCV0084,,US1OKCV0083,,US1OKCV0082,,US1OKCV0081,
2012830,MOLLUSCA,GASTROPODA,NEOTAENIOGLOSSA,PLEUROCERIDAE,,PLEUROCERIDAE,4170,1.0,1.0,33.5848310079361,-87.0957233,RiversOther,Region_04,NRS18_AL_10016,2018.0,7/10/2018,1,BETB,13.17,Poor,USC00013430,12.191066363614802,US1ALJF0069,14.774391361060845,US1ALJF0068,15.237937394035143,US1ALJF0054,16.66817599740524,USC00012350,18.444122948640036
2012831,ARTHROPODA,INSECTA,COLEOPTERA,HYDROPHILIDAE,BEROSUS,BEROSUS,3511,2.0,1.0,46.0928561143404,-103.0352231,LargeStreams,Region_08,NRS18_ND_10023,2018.0,7/10/2018,1,BERW,21.23,Poor,USC00327450,7.203863470957175,USC00327932,10.891717681731366,USC00323836,15.940889019052168,USC00320998,21.475253275723233,USC00327452,22.389064147629142
2012832,ARTHROPODA,ARACHNIDA,TROMBIDIFORMES,LIMNESIIDAE,LIMNESIA,LIMNESIA,3920,1.0,1.0,43.0928619218584,-91.17658347,RiversMajor,Region_07,NRS18_IA_10019,2018.0,7/10/2018,1,BETB,38.55,Good,US1IAAL0007,2.9876657091528274,US1WICR0006,4.278664004979708,US1IACT0007,5.30759519796743,USC00476827,5.7152704069751055,USC00135315,7.669742523613551
2012833,ARTHROPODA,INSECTA,DIPTERA,CERATOPOGONIDAE,,CERATOPOGONINAE,3567,2.0,1.0,43.1097548064662,-91.17645261,RiversMajor,Region_07,NRS18_IA_10042,2018.0,7/10/2018,1,BETB,31.92,Fair,US1IAAL0007,1.8580561100757451,US1WICR0006,5.85958642341025,US1IAAL0009,6.227318036468356,US1IACT0007,7.181709993088766,USC00476827,7.310137161309729
2012834,ARTHROPODA,INSECTA,DIPTERA,CHIRONOMIDAE,STICTOCHIRONOMUS,STICTOCHIRONOMUS,4315,4.0,1.0,33.9682424844979,-94.74045919,SmallStreams,Region_06,NRS18_OK_10923,2018.0,7/10/2018,1,BERW,49.72,Fair,US1OKMN0003,8.867906484014018,USC00344451,8.929716774638727,USC00341162,9.060272479436687,USR0000OBRB,9.095983239916556,US1OKMN0004,10.779568313017135
2012835,ARTHROPODA,INSECTA,DIPTERA,CHIRONOMIDAE,POLYPEDILUM,POLYPEDILUM,4178,5.0,1.0,45.9143388811475,-88.7222433,SmallStreams,Region_05,NRS18_WI_10243,2018.0,7/9/2018,1,BERW,38.07,Good,USC00475863,14.672355509577814,USC00207812,17.32949286940298,USC00204093,18.282224962223072,USC00478639,25.446212583273315,USC00473636,30.28814039555772
2012836,ARTHROPODA,INSECTA,DIPTERA,CHIRONOMIDAE,PSEUDOCHIRONOMUS,PSEUDOCHIRONOMUS,4212,18.0,1.0,31.7624756613309,-100.1404817,RiversMajor,Region_06,NRS18_TX_10013,2018.0,7/10/2018,1,BERW,18.62,Poor,US1TXCKE004,12.808165660890662,USC00418920,15.428508636311927,USC00410493,15.690394063859523,US1TXCKE002,24.754745618228156,US1TXTG0065,26.413384727053312
2012837,ARTHROPODA,ARACHNIDA,TROMBIDIFORMES,SPERCHONIDAE,SPERCHON,SPERCHON,4296,1.0,1.0,,,,Region_08,NRS18_CO_RF002,,7/10/2018,1,BERW,50.58,,ACW00011604,,US1OKCV0084,,US1OKCV0083,,US1OKCV0082,,US1OKCV0081,
2012838,ARTHROPODA,INSECTA,DIPTERA,CHIRONOMIDAE,PARAKIEFFERIELLA,PARAKIEFFERIELLA,4106,4.0,1.0,43.9634706649312,-116.1891543,RiversOther,Region_10,NRS18_ID_10012,2018.0,7/10/2018,1,BETB,45.05,Fair,USC00108630,17.97956311934995,USC00106590,20.327965375685302,USR0000ITOW,22.06821531871226,USC00101015,22.637783604974445,USC00103448,23.298783195831003
2012839,ARTHROPODA,ARACHNIDA,TROMBIDIFORMES,TORRENTICOLIDAE,TORRENTICOLA,TORRENTICOLA,4371,1.0,1.0,41.9888991616303,-114.9959499,SmallStreams,Region_09,NRS18_NV_10195,2018.0,7/10/2018,1,BERW,41.85,Poor,USS0015G02S,2.3700553624522773,USC00109119,16.493868149772233,USC00109120,18.789444551983564,US1NVEL0028,22.817801919475134,USS0015H14S,24.829083501445172
2012840,ARTHROPODA,ARACHNIDA,TROMBIDIFORMES,UNIONICOLIDAE,UNIONICOLA,UNIONICOLA,4400,1.0,1.0,33.6358499489802,-93.90637938,RiversMajor,Region_06,NRS18_AR_10018,2018.0,7/10/2018,1,BETB,38.13,Poor,USC00032670,8.96468802769793,USC00034839,9.026210611679351,USC00033584,14.527171421436094,USC00035376,14.581152240959119,USC00414436,16.373472249290593
2012841,ARTHROPODA,INSECTA,TRICHOPTERA,HYDROPTILIDAE,HYDROPTILA,HYDROPTILA,3846,5.0,1.0,36.9088172487929,-119.776228,RiversMajor,Region_09,NRS18_CA_10020,2018.0,7/10/2018,1,BETB,28.1,Poor,USC00043251,2.1669475378441074,US1CAFR0026,4.598432558804301,US1CAFR0020,6.657998794516603,US1CAFR0002,9.10017549969824,US1CAMA0011,9.212493705718595
2012842,ARTHROPODA,MALACOSTRACA,ISOPODA,ASELLIDAE,,ASELLIDAE,3482,2.0,0.0,,,,Region_01,NRS18_VT_10002,,7/10/2018,2,BETB,28.72,,ACW00011604,,US1OKCV0084,,US1OKCV0083,,US1OKCV0082,,US1OKCV0081,
2012843,MOLLUSCA,BIVALVIA,VENEROIDA,PISIDIIDAE,,PISIDIIDAE,4158,3.0,1.0,37.7714994017066,-112.3894827,RiversMajor,Region_08,NRS18_UT_10027,2018.0,7/10/2018,1,BERW,26.15,Poor,USC00426601,6.940727783534198,US1UTGF0004,7.109198209682699,USC00423776,13.884855029370057,US1UTGF0005,15.001846413060287,USW00023159,22.54630755808298
2012845,ARTHROPODA,INSECTA,DIPTERA,CHIRONOMIDAE,PSEUDODIAMESA,PSEUDODIAMESA,4214,52.0,1.0,,,,Region_10,NRS18_WA_10001,,7/8/2018,2,BERW,59.98,,ACW00011604,,US1OKCV0084,,US1OKCV0083,,US1OKCV0082,,US1OKCV0081,
2012846,ARTHROPODA,ARACHNIDA,TROMBIDIFORMES,PROTZIIDAE,PROTZIA,PROTZIA,4204,3.0,1.0,48.4699106641216,-120.1756803,RiversMajor,Region_10,NRS18_WA_10038,2018.0,7/10/2018,1,BETB,69.77,Good,USC00459376,1.0651951738599141,US1WAOK0012,4.937924064497323,US1WAOK0011,5.995812990182009,US1WAOK0028,6.922137791082831,US1WAOK0020,9.1929670901123
2012847,ARTHROPODA,INSECTA,DIPTERA,CHIRONOMIDAE,SAETHERIA,SAETHERIA,4260,1.0,1.0,43.1795877743947,-99.0411692,LargeStreams,Region_08,NRS18_SD_10031,2018.0,7/10/2018,1,BERW,10.65,Poor,USC00390778,13.48651794993011,US1SDGY0021,13.767059874105431,US1SDGY0013,13.828356848770765,US1SDGY0009,15.873416444914595,US1SDGY0010,17.82680638324874
2012848,ARTHROPODA,INSECTA,DIPTERA,CHIRONOMIDAE,PSEUDODIAMESA,PSEUDODIAMESA,4214,3.0,1.0,37.4993519338459,-118.1412427,SmallStreams,Region_09,NRS18_CA_10324,2018.0,7/10/2018,1,BERW,13.73,Poor,USC00049632,3.710879037824006,USC00042330,7.6806077228313105,USC00049633,12.369819462146543,USC00262431,17.225488074336173,USC00042331,19.912631807725067
2012849,ARTHROPODA,INSECTA,DIPTERA,CHIRONOMIDAE,BRILLIA,BRILLIA,3535,4.0,1.0,39.8174696433598,-75.64229325,SmallStreams,Region_03,NRS18_DE_10015,2018.0,7/10/2018,1,BERW,52.2,Good,US1PACH0027,3.033197417550765,US1PACH0013,3.202672436528437,US1DENC0062,5.479053560606105,US1DENC0031,6.7506711817641385,USC00364533,7.310936831757843
2012850,ARTHROPODA,INSECTA,DIPTERA,CHIRONOMIDAE,PARACHIRONOMUS,PARACHIRONOMUS,4099,,,,,,Region_07,NRS18_IA_RF001,,7/11/2018,1,BERW,86.1,,ACW00011604,,US1OKCV0084,,US1OKCV0083,,US1OKCV0082,,US1OKCV0081,
2012851,MOLLUSCA,GASTROPODA,BASOMMATOPHORA,PLANORBIDAE,GYRAULUS,GYRAULUS,3771,5.0,1.0,42.0100888109526,-72.63232541,SmallStreams,Region_01,NRS18_CT_10008,2018.0,7/10/2018,1,BERW,19.35,Poor,US1CTHR0099,0.7416847345550848,US1CTHR0057,1.9261237160384566,USC00068364,2.8969879538523178,US1MAHD0033,4.681020476505221,USC00062760,5.141687295223541
2012852,ARTHROPODA,INSECTA,EPHEMEROPTERA,BAETIDAE,PSEUDOCENTROPTILOIDES,PSEUDOCENTROPTILOIDES,4211,3.0,1.0,45.6695942495157,-88.79086449,LargeStreams,Region_05,NRS18_WI_10043,2018.0,7/10/2018,1,BERW,44.05,Good,USC00473636,8.815790781388163,US1WIFR0003,13.520222095585389,USC00471875,14.245979416193348,USC00475863,14.477775578022504,US1WIFR0006,14.490920067654889
2012853,ARTHROPODA,INSECTA,EPHEMEROPTERA,HEPTAGENIIDAE,STENACRON,STENACRON,4309,3.0,1.0,,,,Region_01,NRS18_VT_10023,,7/11/2018,2,BERW,73.37,,ACW00011604,,US1OKCV0084,,US1OKCV0083,,US1OKCV0082,,US1OKCV0081,
2012855,ARTHROPODA,INSECTA,MEGALOPTERA,CORYDALIDAE,,CORYDALIDAE,3618,5.0,0.0,43.580799225059,-75.95908256,SmallStreams,Region_02,NRS18_NY_10027,2018.0,7/11/2018,1,BERW,55.1,Good,USC00300608,5.485292416488489,US1NYOS0001,6.534075733294907,USC00307077,7.490161746927287,US1NYOS0013,8.954692801925258,USC00306988,9.057867526644232
2012856,ARTHROPODA,INSECTA,EPHEMEROPTERA,BAETIDAE,PROCLOEON,PROCLOEON,4192,1.0,1.0,34.6950009254007,-90.64588479,RiversOther,Region_06,NRS18_AR_10006,2018.0,7/11/2018,1,BETB,36.15,Poor,USC00037460,4.4879197034293545,USC00030496,5.503839063870833,USC00034638,11.801978483903515,USC00225415,18.231706215118663,US1ARLE0001,18.734551869647003
2012857,ARTHROPODA,INSECTA,DIPTERA,,,DIPTERA,3665,6.0,0.0,41.6447101364456,-96.09547295,RiversMajor,Region_07,NRS18_NE_10026,2018.0,7/11/2018,1,BETB,22.43,Poor,US1IAHR0007,7.02710958586514,USC00135608,10.338022591096415,USC00253800,10.36405574703585,US10burt001,10.398562775308765,US1NEWS0010,10.419906156266617
2012858,ARTHROPODA,INSECTA,ODONATA,GOMPHIDAE,,GOMPHIDAE,3759,1.0,1.0,31.4845852356123,-100.3194119,RiversOther,Region_06,NRS18_TX_10056,2018.0,7/11/2018,1,BERW,22.82,Fair,US1TXTG0014,6.665070871899062,US1TXTG0075,6.677960788053406,USC00419344,6.8764670519337665,USC00417942,7.031429277001997,US1TXTG0009,7.635318314136116
2012859,ARTHROPODA,INSECTA,DIPTERA,CHIRONOMIDAE,,THIENEMANNIMYIA GENUS GR.,4362,5.0,1.0,34.2803951665764,-94.44835594,SmallStreams,Region_06,NRS18_AR_10190,2018.0,7/11/2018,1,BERW,45.13,Good,USC00030814,6.141993212298054,USC00032908,11.100227960862522,USC00037383,14.597592545685966,USC00031666,17.028200890020244,USC00344017,19.43290051117369
2012860,ARTHROPODA,INSECTA,DIPTERA,CHIRONOMIDAE,TANYTARSUS,TANYTARSUS,4348,12.0,1.0,46.4179417798086,-103.5123707,LargeStreams,Region_08,NRS18_ND_10001,2018.0,7/11/2018,1,BERW,24.73,Poor,USR0000NSCK,14.202204426573159,USC00320209,16.212468624244572,USC00321001,18.38998083886415,US1NDBW0001,21.805106536704084,US1NDSL0001,24.791892498823255
2012861,ARTHROPODA,INSECTA,EPHEMEROPTERA,,,EPHEMEROPTERA,3708,4.0,0.0,37.6859590975402,-112.3996789,RiversOther,Region_08,NRS18_UT_10015,2018.0,7/11/2018,1,BERW,49.72,Fair,USC00423776,4.936356049415897,US1UTGF0004,15.649009563426706,USC00426601,15.6680165252742,USC00421006,19.92708517696769,USC00421007,19.92708517696769
2012862,ARTHROPODA,INSECTA,DIPTERA,CHIRONOMIDAE,POLYPEDILUM,POLYPEDILUM,4178,65.0,1.0,,,,Region_04,NRS18_GA_10011,,7/11/2018,2,BERW,42.98,,ACW00011604,,US1OKCV0084,,US1OKCV0083,,US1OKCV0082,,US1OKCV0081,
2012863,ARTHROPODA,INSECTA,TRICHOPTERA,LEPTOCERIDAE,MYSTACIDES,MYSTACIDES,4000,5.0,1.0,41.4199158458666,-78.7477514,RiversOther,Region_03,NRS18_PA_10002,2018.0,7/10/2018,1,BETB,23.48,Poor,USC00367477,0.12315022139187677,US1PAEL0005,8.142977937829565,USC00367762,13.717446773922125,USC00364541,14.30210080533523,US1PAEL0001,17.787320999888593
2012864,ARTHROPODA,INSECTA,DIPTERA,CHIRONOMIDAE,DICROTENDIPES,DICROTENDIPES,3658,3.0,1.0,44.2430850867842,-72.04818615,RiversMajor,Region_01,NRS18_NH_10002,2018.0,7/11/2018,1,BETB,16.88,Poor,USC00435044,3.0115199710082816,US1VTCL0023,4.762749589930985,USC00432578,5.012859701298063,US1NHGR0041,6.06559008570664,USC00430724,7.825987054285961
2012865,ARTHROPODA,INSECTA,DIPTERA,CHIRONOMIDAE,STENOCHIRONOMUS,STENOCHIRONOMUS,4311,1.0,1.0,42.6920610767561,-90.96287841,RiversMajor,Region_07,NRS18_IA_10035,2018.0,7/11/2018,1,BETB,39.77,Good,USC00130455,7.565529057286392,US1IADB0029,10.172732236347978,US1WIGT0009,11.630203737310815,US1IADB0021,13.913525303456582,USC00133517,15.049389013829737
2012866,ARTHROPODA,INSECTA,PLECOPTERA,PERLODIDAE,,PERLODIDAE,4141,3.0,1.0,41.6964260671095,-115.8569028,RiversMajor,Region_09,NRS18_NV_10026,2018.0,7/11/2018,1,BERW,48.85,Fair,USC00265687,6.28350738106593,USC00269072,7.760312988930441,USC00265078,8.995915864693867,USS0015h07S,14.300296609097606,USC00265688,14.86293098330348
2012867,ARTHROPODA,INSECTA,PLECOPTERA,PERLIDAE,CALINEURIA,CALINEURIA,3543,,,40.7357903767168,-108.78052,RiversOther,Region_08,NRS18_CO_11276,2018.0,7/11/2018,1,BERW,51.12,Fair,USR0000CLAD,4.580556888059672,USC00051018,8.174060947327444,USC00051017,13.592051170285682,USC00053609,16.355080143661393,USC00051020,24.81744075413584
2012868,ARTHROPODA,INSECTA,COLEOPTERA,ELMIDAE,CLEPTELMIS,CLEPTELMIS,3597,7.0,1.0,37.0030969221004,-118.2945214,SmallStreams,Region_09,NRS18_CA_10352,2018.0,7/11/2018,1,BERW,78.7,Good,USR0000COCR,18.12843068311055,US1CAIN0009,18.43498528260251,US1CAIN0011,19.439381846792294,US1CAIN0008,23.41770180372203,USC00044232,24.185895512243384
2012869,ARTHROPODA,INSECTA,COLEOPTERA,ELMIDAE,PROMORESIA,PROMORESIA,4196,,,,,,Region_03,NRS18_WV_RF003,,7/11/2018,1,BETB,90.4,,ACW00011604,,US1OKCV0084,,US1OKCV0083,,US1OKCV0082,,US1OKCV0081,
2012870,ARTHROPODA,ARACHNIDA,TROMBIDIFORMES,OXIDAE,OXUS,OXUS,4084,1.0,1.0,34.0669912867825,-94.90528581,LargeStreams,Region_06,NRS18_OK_10022,2018.0,7/11/2018,1,BETB,62.77,Good,USC00340584,9.123961773149102,USC00341162,15.52094071054999,USR0000OBRB,15.59911205237461,USC00344451,16.462785707082247,USC00347080,17.299231928963064
2012871,ARTHROPODA,INSECTA,EPHEMEROPTERA,LEPTOHYPHIDAE,TRICORYTHODES,TRICORYTHODES,4384,6.0,1.0,42.9782741695712,-74.82221319,LargeStreams,Region_02,NRS18_NY_10032,2018.0,7/12/2018,1,BERW,45.88,Fair,USC00304801,5.317097514334029,US1NYHR0017,6.947510745170283,USC00304796,7.107963029495208,US1NYHR0019,7.831612986468643,USC00304182,8.792275708937222
2012872,ARTHROPODA,INSECTA,TRICHOPTERA,RHYACOPHILIDAE,RHYACOPHILA,RHYACOPHILA,4253,10.0,1.0,,,,Region_08,NRS18_CO_RF001,,7/11/2018,1,BERW,49.0,,ACW00011604,,US1OKCV0084,,US1OKCV0083,,US1OKCV0082,,US1OKCV0081,
2012873,ARTHROPODA,INSECTA,EPHEMEROPTERA,ISONYCHIIDAE,ISONYCHIA,ISONYCHIA,3866,1.0,1.0,43.9035059146211,-72.82532461,LargeStreams,Region_01,NRS18_VT_10001,2018.0,7/12/2018,1,BERW,70.82,Good,US1VTAD0020,2.3561011770688154,US1VTWR0037,2.498457401643506,US1VTWR0022,3.26742183714551,US1VTWR0017,4.559760307572938,USC00436893,5.349311387202881
2012874,ARTHROPODA,INSECTA,DIPTERA,CHIRONOMIDAE,PARATANYTARSUS,PARATANYTARSUS,4120,15.0,1.0,41.4430515802277,-75.66055884,LargeStreams,Region_03,NRS18_PA_10006,2018.0,7/12/2018,1,BERW,34.27,Fair,US1PALC0022,2.089394861588806,USC00367902,2.9745559235806303,US1PALC0005,5.583579183748647,US1PALC0017,5.81853998303979,US1PALC0028,7.646351663162104
2012875,ARTHROPODA,INSECTA,TRICHOPTERA,PHILOPOTAMIDAE,DOLOPHILODES,DOLOPHILODES,3672,1.0,1.0,44.8077863466469,-115.9302059,SmallStreams,Region_10,NRS18_ID_10019,2018.0,7/11/2018,1,BERW,52.87,Good,US1IDVL0003,9.311579252191295,US1IDVL0001,9.59866531255883,USS0016E18S,12.762276455495618,USC00107900,14.651158340331417,USC00105708,16.346657654149713
2012876,MOLLUSCA,GASTROPODA,BASOMMATOPHORA,LYMNAEIDAE,STAGNICOLA,STAGNICOLA,4304,17.0,1.0,45.9805120913758,-102.8497856,SmallStreams,Region_08,NRS18_ND_10013,2018.0,7/12/2018,1,BERW,23.97,Poor,USC00392614,10.809504086763871,USC00394960,12.655338017441963,USW00094038,15.668063473400224,USC00324180,15.874153456008761,USC00324178,15.939646176864272
2012877,ARTHROPODA,INSECTA,DIPTERA,CHIRONOMIDAE,ABLABESMYIA,ABLABESMYIA,3406,13.0,1.0,32.0661756141268,-93.41412514,RiversMajor,Region_06,NRS18_LA_10008,2018.0,7/12/2018,1,BETB,52.03,Fair,US1LARR0009,0.9723099578184222,USC00164088,1.8077925719090575,USC00162143,8.172998999073204,US1LARR0007,8.316951945586469,USC00162145,8.73754217022024
2012878,ARTHROPODA,INSECTA,EPHEMEROPTERA,BAETIDAE,BAETIS,BAETIS,3501,2.0,1.0,41.4624123533566,-97.68191539,LargeStreams,Region_07,NRS18_NE_10020,2018.0,7/12/2018,1,BERW,13.95,Poor,USC00253191,5.98389540952516,USC00253185,6.982109617824654,USC00255630,7.20916560208603,US10nanc001,8.584011154101523,US10plat008,9.562326117924455
2012879,ARTHROPODA,INSECTA,DIPTERA,CHIRONOMIDAE,RHEOTANYTARSUS,RHEOTANYTARSUS,4247,,,34.6447329857751,-91.29251055,SmallStreams,Region_06,NRS18_AR_10040,2018.0,7/12/2018,1,BERW,53.75,Fair,US1ARMN0002,5.492416680346417,US1ARMN0001,5.722950396326627,USC00031442,6.074983056421855,USC00036920,22.11571625298289,US1ARPR0002,22.386627498907327
2012880,MOLLUSCA,GASTROPODA,BASOMMATOPHORA,PHYSIDAE,PHYSA,PHYSA,4149,1.0,1.0,31.4732968823737,-100.4694475,LargeStreams,Region_06,NRS18_TX_10025,2018.0,7/12/2018,1,BERW,5.95,Poor,US1TXTG0061,0.776989504224193,USC00417940,1.5046804282931072,US1TXTG0051,1.8796704830343898,US1TXTG0044,1.9219870232388343,US1TXTG0019,3.0412229684695724
2012881,PLATYHELMINTHES,TURBELLARIA,NEOOPHORA,PLANARIIDAE,POLYCELIS,POLYCELIS,4173,,,47.6808621871149,-117.1576414,RiversOther,Region_10,NRS18_WA_10037,2018.0,7/12/2018,1,BETB,26.75,Poor,US1WASP0033,3.676398476511624,US1WASP0035,4.1058803208673345,US1WASP0079,4.375910649810799,US1WASP0073,5.601550525815868,US1WASP0006,6.205396422389776
2012883,ARTHROPODA,INSECTA,EPHEMEROPTERA,BAETIDAE,ACENTRELLA,ACENTRELLA,3407,5.0,1.0,,,,Region_10,NRS18_WA_10002,,7/11/2018,2,BETB,72.6,,ACW00011604,,US1OKCV0084,,US1OKCV0083,,US1OKCV0082,,US1OKCV0081,
2012884,ARTHROPODA,INSECTA,DIPTERA,CHIRONOMIDAE,PHAENOPSECTRA,PHAENOPSECTRA,4143,1.0,1.0,,,,Region_03,NRS18_WV_10002,,7/12/2018,2,BETB,11.58,,ACW00011604,,US1OKCV0084,,US1OKCV0083,,US1OKCV0082,,US1OKCV0081,
2012885,ARTHROPODA,INSECTA,DIPTERA,CHIRONOMIDAE,PHAENOPSECTRA,PHAENOPSECTRA,4143,1.0,1.0,37.8901604469096,-118.7154419,LargeStreams,Region_09,NRS18_CA_10028,2018.0,7/12/2018,1,BERW,29.7,Poor,USC00040684,21.47260272777468,USR0000CBEN,21.506973980993696,USR0000CCRE,28.533062325224662,USC00047606,31.52197766696246,USC00264852,32.7358393301329
2012886,ARTHROPODA,INSECTA,TRICHOPTERA,LEPTOCERIDAE,MYSTACIDES,MYSTACIDES,4000,1.0,1.0,40.7600117769629,-79.54688849,RiversMajor,Region_03,NRS18_PA_10016,2018.0,7/11/2018,1,BETB,5.15,Poor,US1PAAR0017,2.031491146695348,US1PAAR0001,2.2996013354230733,US1PAAR0021,4.770501826944805,US1PAAR0007,5.671148899377375,USC00362942,5.749729226360099
2012887,ARTHROPODA,INSECTA,PLECOPTERA,PERLIDAE,NEOPERLA,NEOPERLA,4026,2.0,1.0,40.2661218722916,-81.87411506,RiversOther,Region_05,NRS18_OH_10037,2018.0,7/12/2018,1,BETB,45.0,Good,USC00331890,2.88263935314705,USC00331900,3.8192263961657305,US1OHCC0001,7.363746599050458,USC00339211,13.073548036055548,USW00054851,13.602080923858102
2012888,ARTHROPODA,MALACOSTRACA,AMPHIPODA,,,AMPHIPODA,3450,2.0,0.0,41.9582857416103,-115.8645252,SmallStreams,Region_09,NRS18_NV_10009,2018.0,7/12/2018,1,BERW,49.42,Fair,USS0015H20S,7.602251993218063,USR0000IPCK,13.951132711199072,USC00265392,15.809922898707253,USC00265869,19.494003559394095,USS0016H05S,24.09878774246503
2012889,ARTHROPODA,INSECTA,TRICHOPTERA,HYDROPSYCHIDAE,DIPLECTRONA,DIPLECTRONA,3662,1.0,1.0,41.9050008795303,-71.50957817,SmallStreams,Region_01,NRS18_RI_10197,2018.0,7/13/2018,1,BERW,38.52,Poor,USW00064710,2.3122553875382645,US1RIPR0131,4.10016204143956,US1RIPR0033,4.563940988269455,USC00373306,5.308211792006727,US1RIPR0006,6.0330860595013585
2012890,MOLLUSCA,BIVALVIA,VENEROIDA,,,VENEROIDA,4412,1.0,0.0,31.1197212099464,-86.15248721,LargeStreams,Region_04,NRS18_AL_10009,2018.0,7/13/2018,1,BERW,23.35,Poor,US1ALGV0005,9.750683324325905,USC00014431,13.996227101112147,USC00013496,14.315688146613644,USW00063870,17.330282486746672,USC00011807,22.023571958578557
2012891,ARTHROPODA,INSECTA,DIPTERA,CHIRONOMIDAE,CRYPTOCHIRONOMUS,CRYPTOCHIRONOMUS,3625,1.0,1.0,32.2286914930157,-87.14827743,RiversMajor,Region_04,NRS18_AL_10010,2018.0,7/12/2018,1,BETB,23.9,Poor,USC00016161,11.259678467176766,USC00015449,17.94165814587387,USW00013850,19.386584728161242,USW00063897,19.853681890964165,US1ALDS0001,21.409205448411136
2012893,ARTHROPODA,INSECTA,DIPTERA,CHIRONOMIDAE,RHEOTANYTARSUS,RHEOTANYTARSUS,4247,1.0,1.0,33.1319281110368,-91.09571046,RiversMajor,Region_06,NRS18_AR_10026,2018.0,7/13/2018,1,BETB,43.92,Fair,USC00221623,2.0500986522730456,USC00220350,12.618321625594724,US1MSWS0005,14.219881960774309,USC00032355,15.681887714598647,USC00223611,19.01307268321308
2012894,ANNELIDA,OLIGOCHAETA,HAPLOTAXIDA,,,HAPLOTAXIDA,3783,3.0,0.0,37.9682966534887,-108.2534754,SmallStreams,Region_08,NRS18_CO_10028,2018.0,7/15/2018,1,BERW,9.0,Poor,USS0008M07S,9.889166021729062,US1COSM0004,13.687136340595018,US1COSM0023,18.332482685648348,USC00056013,18.345131817208998,USC00056012,18.396922251245208
2012895,ARTHROPODA,INSECTA,EPHEMEROPTERA,HEPTAGENIIDAE,MACCAFFERTIUM,MACCAFFERTIUM,3948,3.0,1.0,36.1148864824157,-91.96699076,SmallStreams,Region_06,NRS18_AR_10004,2018.0,7/15/2018,1,BERW,23.42,Poor,USC00034746,3.8829629499216503,US1ARIZ0002,12.310429249483883,US1ARIZ0003,14.471638122069395,US1ARIZ0007,17.35043187395231,USC00031132,17.72670260566611
2012896,ARTHROPODA,INSECTA,DIPTERA,CHIRONOMIDAE,GLYPTOTENDIPES,GLYPTOTENDIPES,3756,10.0,1.0,37.986481198749,-89.94732731,RiversMajor,Region_05,NRS18_IL_10044,2018.0,7/15/2018,1,BETB,31.68,Fair,USC00114629,0.3225560733353876,US1ILRH0016,2.0997969894496755,US1MOFSA186,9.208544310434991,USC00237414,11.019679389735064,US1ILRH0005,13.06664714825661
2012897,ARTHROPODA,INSECTA,DIPTERA,CHIRONOMIDAE,PROCLADIUS,PROCLADIUS,4191,,,33.5563044212589,-92.02261248,RiversMajor,Region_06,NRS18_AR_10008,2018.0,7/15/2018,1,BETB,41.37,Fair,USC00037582,7.280407070859006,US1ARDR0012,11.820066695323074,USC00037315,20.05697999369638,US1ARDR0009,20.51801782833342,US1ARDR0014,23.5225576271417
2012898,ARTHROPODA,INSECTA,DIPTERA,CHIRONOMIDAE,MONODIAMESA,MONODIAMESA,3991,1.0,1.0,,,,Region_10,NRS18_OR_10016,,7/12/2018,2,BETB,72.33,,ACW00011604,,US1OKCV0084,,US1OKCV0083,,US1OKCV0082,,US1OKCV0081,
2012899,ARTHROPODA,ARACHNIDA,TROMBIDIFORMES,ARRENURIDAE,ARRENURUS,ARRENURUS,3481,1.0,1.0,38.7335782118151,-77.03549819,RiversMajor,Region_03,NRS18_MD_10019,2018.0,7/16/2018,1,BETB,7.85,Poor,US1MDPG0049,0.9821797806737832,US1VAFX0049,1.7531040580402988,US1MDPG0091,2.852288946469408,US1MDPG0029,3.0250452762307507,US1MDPG0093,3.0962875009706883
2012900,ARTHROPODA,INSECTA,DIPTERA,CHIRONOMIDAE,NANOCLADIUS,NANOCLADIUS,4005,1.0,1.0,37.3921272795116,-120.7909185,RiversOther,Region_09,NRS18_CA_10030,2018.0,7/16/2018,1,BETB,28.97,Poor,USC00049073,13.126039532973076,USW00093243,18.945435333629288,USC00042389,19.423238333996522,USW00023203,19.833857939419815,USR0000CSNL,23.344338630866353
2012901,ARTHROPODA,INSECTA,DIPTERA,CHIRONOMIDAE,PENTANEURA,PENTANEURA,4134,,,40.1440259996418,-110.7518441,RiversOther,Region_08,NRS18_UT_10026,2018.0,7/16/2018,1,BERW,48.08,Fair,USC00423063,9.780611876670367,USC00423056,11.611980747765749,USC00421907,14.042752652530266,USR0000BKTL,21.286134839679,USC00428555,21.501453597852716
2012902,ARTHROPODA,INSECTA,DIPTERA,CHIRONOMIDAE,PHAENOPSECTRA,PHAENOPSECTRA,4143,4.0,1.0,41.5550932556012,-85.78009263,LargeStreams,Region_05,NRS18_IN_10026,2018.0,7/16/2018,1,BERW,27.82,Fair,US1INEL0077,2.529363068721203,US1INEL0028,2.6255936774204223,USW00014829,3.2449162271718537,US1INEL0035,3.8796819522421306,US1INEL0048,4.06322356163266
2012903,ARTHROPODA,INSECTA,DIPTERA,CHIRONOMIDAE,TANYTARSUS,TANYTARSUS,4348,3.0,1.0,36.0830038510762,-91.54011977,RiversOther,Region_06,NRS18_AR_10025,2018.0,7/16/2018,1,BERW,42.2,Fair,US1ARSH0020,4.400460545903794,USC00032366,6.58091028045705,US1ARSH0003,7.107699779999284,US1ARSH0014,8.28108087311794,US1ARSH0006,9.330213794125877
2012904,ARTHROPODA,INSECTA,DIPTERA,CHIRONOMIDAE,,THIENEMANNIMYIA GENUS GR.,4362,,,46.0337849816374,-117.1125038,RiversMajor,Region_10,NRS18_WA_10025,2018.0,7/15/2018,1,BETB,54.43,Good,US1WAAS0004,7.753329123423972,USC00450184,11.181202927821044,US1WAAS0003,12.493369185506737,USR0000ICOT,17.80130293995354,US1ORWL0003,20.69343806728844
2012905,ARTHROPODA,INSECTA,DIPTERA,CERATOPOGONIDAE,,CERATOPOGONIDAE,3566,7.0,0.0,31.4161801958361,-106.1008146,RiversOther,Region_06,NRS18_TX_10068,2018.0,7/15/2018,1,BERW,7.32,Poor,US1TXEP0022,3.5799690586058674,USC00419088,4.459809666889018,US1TXEP0018,9.731573809449412,USC00413033,10.422758142891634,US1TXEP0019,12.091176591142242
2012906,ARTHROPODA,INSECTA,EPHEMEROPTERA,CAENIDAE,CAENIS,CAENIS,3542,12.0,1.0,37.5894781685453,-89.37419247,SmallStreams,Region_05,NRS18_IL_10027,2018.0,7/16/2018,1,BERW,20.53,Poor,US1ILUN0012,11.137343358101061,US1ILUN0013,12.152918478265144,US1ILJK0032,13.103982937931828,USC00115294,13.332853550374216,USC00110187,13.361663817327642
2012907,ARTHROPODA,INSECTA,TRICHOPTERA,HYDROPSYCHIDAE,HYDROPSYCHE,HYDROPSYCHE,3844,4.0,1.0,40.7057143168082,-116.5663401,RiversMajor,Region_09,NRS18_NV_10014,2018.0,7/16/2018,1,BERW,63.22,Good,USC00260795,14.96934756478963,US1NVEK0001,20.998039414709268,USC00266349,21.491579263802414,USC00266690,22.093451274614132,USR0000NBEA,23.045413300140396
2012908,ARTHROPODA,INSECTA,EPHEMEROPTERA,EPHEMERELLIDAE,,EPHEMERELLIDAE,3706,1.0,0.0,38.7323224997231,-120.4784002,SmallStreams,Region_09,NRS18_CA_10021,2018.0,7/16/2018,1,BERW,70.33,Good,USC00046597,3.5961581699808782,US1CAED0011,9.02191711871668,US1CAED0018,11.2971150870095,USC00043649,11.501724986349986,US1CAED0012,13.584096074347446
2012909,ARTHROPODA,INSECTA,DIPTERA,CHIRONOMIDAE,PARACLADOPELMA,PARACLADOPELMA,4101,1.0,1.0,,,,Region_05,NRS18_OH_10011,,7/16/2018,2,BERW,32.2,,ACW00011604,,US1OKCV0084,,US1OKCV0083,,US1OKCV0082,,US1OKCV0081,
2012912,ANNELIDA,OLIGOCHAETA,HAPLOTAXIDA,NAIDIDAE,,NAIDIDAE,4003,12.0,0.0,39.4735127533095,-95.60137918,SmallStreams,Region_07,NRS18_KS_10125,2018.0,7/16/2018,1,BERW,21.8,Poor,US1KSAT0003,8.370218675482198,US1KSJA0012,8.980802938068905,US1KSAT0001,10.922670218941645,USC00143759,13.302526574466576,USC00142388,18.65065765077538
2012913,MOLLUSCA,BIVALVIA,VENEROIDA,PISIDIIDAE,,PISIDIIDAE,4158,5.0,0.0,40.3642422616568,-75.27294934,SmallStreams,Region_03,NRS18_PA_10035,2018.0,7/17/2018,1,BERW,25.52,Poor,US1PABK0039,1.7521766875046734,US1PABK0005,2.0983573749896087,USC00366840,2.3080392802663097,US1PABK0061,2.4583974614130004,USC00367938,3.544292258225089
2012914,ARTHROPODA,INSECTA,DIPTERA,CHIRONOMIDAE,POLYPEDILUM,POLYPEDILUM,4178,2.0,1.0,31.1972336034249,-89.69055436,SmallStreams,Region_04,NRS18_MS_10001,2018.0,7/16/2018,1,BERW,41.83,Fair,US1MSLM0008,6.9531144524392925,US1MSMR0003,13.897955768479516,USC00221865,15.045104695876876,USR0000MMAR,22.116011332893923,US1MSLM0001,25.54370753593594
2012915,MOLLUSCA,GASTROPODA,,,,GASTROPODA,3745,2.0,0.0,30.8833906670899,-88.77355185,RiversMajor,Region_04,NRS18_MS_10002,2018.0,7/15/2018,1,BETB,34.48,Poor,US1MSGG0003,4.8161888267008655,USC00225789,12.362133189064146,USR0000MBLC,25.17174762703228,US1MSST0003,25.567847099762055,USC00220160,26.22195952552278
2012916,NEMERTEA,ENOPLA,HOPLONEMERTEA,TETRASTEMMATIDAE,PROSTOMA,PROSTOMA,4199,1.0,1.0,42.4490650531534,-102.9989588,RiversMajor,Region_07,NRS18_NE_10008,2018.0,7/17/2018,1,BERW,57.0,Good,US10dawe015,1.0682005573165112,US10dawe023,5.782729198260057,US10box_006,9.319360108867219,US10box_009,11.026324823714507,US10dawe018,11.431464306396407
2012917,ARTHROPODA,INSECTA,PLECOPTERA,NEMOURIDAE,ZAPADA,ZAPADA,4430,8.0,1.0,,,,Region_10,NRS18_ID_10001,,7/16/2018,2,BERW,51.18,,ACW00011604,,US1OKCV0084,,US1OKCV0083,,US1OKCV0082,,US1OKCV0081,
2012918,ARTHROPODA,INSECTA,EPHEMEROPTERA,LEPTOPHLEBIIDAE,,LEPTOPHLEBIIDAE,3904,14.0,0.0,,,,Region_10,NRS18_OR_10015,,7/17/2018,2,BERW,57.97,,ACW00011604,,US1OKCV0084,,US1OKCV0083,,US1OKCV0082,,US1OKCV0081,
2012919,ARTHROPODA,INSECTA,EPHEMEROPTERA,BAETIDAE,CENTROPTILUM,CENTROPTILUM,3564,1.0,1.0,37.6678582401108,-120.4750645,RiversOther,Region_09,NRS18_CA_10788,2018.0,7/17/2018,1,BETB,35.45,Poor,US1CAMP0003,13.500193530777375,USR0000CGSP,18.504373860126424,USC00045541,19.48963844052972,USC00044590,21.2734400629791,US1CASS0001,27.82766192414891
2012920,ARTHROPODA,INSECTA,ODONATA,GOMPHIDAE,PROGOMPHUS,PROGOMPHUS,4194,1.0,1.0,,,,Region_04,NRS18_SC_10007,,7/17/2018,2,BERW,0.0,,ACW00011604,,US1OKCV0084,,US1OKCV0083,,US1OKCV0082,,US1OKCV0081,
2012921,ANNELIDA,HIRUDINEA,RHYNCHOBDELLIDA,GLOSSIPHONIIDAE,HELOBDELLA,HELOBDELLA,3792,1.0,1.0,42.1154688005051,-79.26636795,LargeStreams,Region_02,NRS18_NY_10007,2018.0,7/17/2018,1,BETB,1.33,Poor,USC00304206,2.18672586388499,USC00304208,2.7309779272209793,US1NYCQ0040,3.097091430014329,USW00004720,4.070012769304775,US1NYCQ0035,5.249101339178797
2012922,ANNELIDA,HIRUDINEA,ARHYNCHOBDELLIDA,ERPOBDELLIDAE,ERPOBDELLA,ERPOBDELLA,3717,,,41.449043843358,-86.13924699,SmallStreams,Region_05,NRS18_IN_10347,2018.0,7/17/2018,1,BERW,19.53,Poor,US1INML0015,1.9907070537542035,US1INML0001,4.461362595651074,US1INML0021,7.577025909799226,US1INEL0031,8.773626722855825,US1INEL0044,10.649123286372804
2012923,ARTHROPODA,INSECTA,EPHEMEROPTERA,LEPTOPHLEBIIDAE,,LEPTOPHLEBIIDAE,3904,15.0,1.0,37.3507602766532,-108.2957365,LargeStreams,Region_08,NRS18_CO_10825,2018.0,7/16/2018,1,BERW,43.7,Fair,USC00055327,2.512322537445066,US1COMZ0021,4.300415487412316,US1COMZ0046,5.642639391759124,US1COMZ0013,5.729788728906908,US1COMZ0011,7.562274075741794
2012924,ARTHROPODA,INSECTA,EPHEMEROPTERA,BAETIDAE,CALLIBAETIS,CALLIBAETIS,3544,3.0,1.0,40.8875330067943,-109.2213686,RiversMajor,Region_08,NRS18_UT_10434,2018.0,7/17/2018,1,BETB,32.0,Poor,USC00424322,3.4800372475494417,USC00424321,3.7981456664039075,USC00420050,5.920204544475765,USR0000KING,10.45768759707213,USW00094098,14.695591292761783
2012925,ARTHROPODA,ARACHNIDA,TROMBIDIFORMES,LEBERTIIDAE,LEBERTIA,LEBERTIA,3892,3.0,1.0,35.5103415487155,-91.92887006,RiversOther,Region_06,NRS18_AR_10016,2018.0,7/17/2018,1,BETB,0.33,Poor,USC00036944,4.557409990541813,USC00033229,6.047663800264356,USC00032978,6.5113750979024365,US1ARCB0010,7.815361512973605,USC00033228,8.348579488934979
2012926,ARTHROPODA,ARACHNIDA,TROMBIDIFORMES,EYLAIDAE,EYLAIS,EYLAIS,3728,1.0,1.0,45.0014375781372,-98.63765836,RiversOther,Region_08,NRS18_SD_10010,2018.0,7/17/2018,1,BERW,22.73,Poor,USC00390350,10.79791728468592,USC00390346,12.325910896177355,USC00397047,17.086456401175983,USC00397052,17.503467316812483,USC00395456,17.616056938218822
2012927,ARTHROPODA,INSECTA,DIPTERA,CHIRONOMIDAE,EUKIEFFERIELLA,EUKIEFFERIELLA,3722,3.0,1.0,,,,Region_09,NRS18_NV_10001,,7/17/2018,2,BERW,45.42,,ACW00011604,,US1OKCV0084,,US1OKCV0083,,US1OKCV0082,,US1OKCV0081,
2012928,ARTHROPODA,INSECTA,TRICHOPTERA,BRACHYCENTRIDAE,MICRASEMA,MICRASEMA,3977,1.0,1.0,39.0475023796106,-75.73149965,LargeStreams,Region_03,NRS18_DE_10008,2018.0,7/17/2018,1,BERW,50.88,Fair,US1MDCL0012,4.030320985137483,US1DEKN0004,5.974033741878473,US1MDCL0009,8.207254911008782,US1DEKN0036,11.47704279008328,US1DEKN0019,13.70406702538172
2012929,ANNELIDA,HIRUDINEA,RHYNCHOBDELLIDA,GLOSSIPHONIIDAE,HELOBDELLA,HELOBDELLA,3792,24.0,1.0,40.1711986708237,-74.8242077,SmallStreams,Region_03,NRS18_PA_10068,2018.0,7/18/2018,1,BERW,2.53,Poor,USC00364975,2.24201535629133,US1PABK0053,5.108437370723616,US1PABK0054,5.584344593220485,US1PABK0080,6.457362535105106,US1PABK0018,6.738334011938515
2012930,MOLLUSCA,GASTROPODA,BASOMMATOPHORA,LYMNAEIDAE,,LYMNAEIDAE,3945,1.0,1.0,,,,Region_10,NRS18_ID_10016,,7/17/2018,2,BETB,14.35,,ACW00011604,,US1OKCV0084,,US1OKCV0083,,US1OKCV0082,,US1OKCV0081,
2012931,ARTHROPODA,INSECTA,DIPTERA,CHIRONOMIDAE,CRYPTOCHIRONOMUS,CRYPTOCHIRONOMUS,3625,2.0,1.0,43.8658079989664,-72.17821718,RiversMajor,Region_01,NRS18_NH_10004,2018.0,7/17/2018,1,BETB,5.9,Poor,US1NHGR0010,4.841285047140093,US1NHGR0029,6.389770384674722,US1VTOG0013,7.4674559468668065,USC00438556,10.423976441761342,US1NHGR0059,12.975851222602872
2012932,ARTHROPODA,INSECTA,DIPTERA,CHIRONOMIDAE,,THIENEMANNIMYIA GENUS GR.,4362,3.0,1.0,30.6544969344276,-97.92735606,LargeStreams,Region_06,NRS18_TX_10005,2018.0,7/17/2018,1,BERW,33.93,Fair,USC00415202,1.6970883820720075,US1TXWM0022,1.8705957784131266,US1TXWM0162,3.152568778284964,US1TXWM0030,3.3843517181860103,US1TXWM0359,3.3917563732457645
2012934,ANNELIDA,OLIGOCHAETA,HAPLOTAXIDA,NAIDIDAE,,NAIDIDAE,4003,6.0,0.0,39.0663686915898,-77.38957869,RiversMajor,Region_03,NRS18_MD_10002,2018.0,7/18/2018,1,BETB,36.77,Fair,US1VALD0041,3.0159709955672707,US1VALD0016,3.527545375497271,US1VAFX0111,7.371371226881495,US1VALD0035,8.050787715638002,US1MDMG0065,8.300374990415682
2012935,ARTHROPODA,OSTRACODA,,,,OSTRACODA,4081,17.0,1.0,37.5963760615595,-121.1287613,RiversOther,Region_09,NRS18_CA_10016,2018.0,7/18/2018,1,BETB,30.85,Poor,USC00045741,9.171124719756596,US1CASS0006,12.496129630004122,US1CASS0010,13.38746826783124,USW00023248,15.091633865710229,USW00023258,15.647012401086574
2012936,ARTHROPODA,INSECTA,DIPTERA,CHIRONOMIDAE,PARALAUTERBORNIELLA,PARALAUTERBORNIELLA,4107,,,42.9772580983224,-102.8460361,RiversMajor,Region_07,NRS18_NE_10049,2018.0,7/18/2018,1,BERW,77.32,Good,USC00251578,17.885402901666538,US10dawe002,20.37314685766232,US10dawe001,20.39826659612988,US1NEDS0005,20.845928984011348,US1NEDS0002,21.31566802657878
2012937,MOLLUSCA,GASTROPODA,BASOMMATOPHORA,PLANORBIDAE,,PLANORBIDAE,4162,1.0,0.0,30.2388216511079,-81.7897025,SmallStreams,Region_04,NRS18_FL_10035,2018.0,7/17/2018,1,BERW,20.85,Poor,US1FLDV0042,0.5030551216288913,US1FLDV0063,4.009545578301852,US1FLDV0026,4.990802428118254,US1FLDV0126,5.061017864001268,US1FLDV0003,7.070734876237586
2012938,ARTHROPODA,INSECTA,DIPTERA,CHIRONOMIDAE,CLADOTANYTARSUS,CLADOTANYTARSUS,3594,3.0,1.0,37.5778098750725,-88.65127462,SmallStreams,Region_05,NRS18_IL_10016,2018.0,7/18/2018,1,BERW,37.62,Fair,US1ILPP0005,7.627031205956308,US1ILJH0001,8.18548026157618,USC00116093,10.189772882396634,USC00112651,10.525151494278319,USC00114053,13.344532487958473
2012939,ARTHROPODA,INSECTA,TRICHOPTERA,HYDROPSYCHIDAE,,HYDROPSYCHIDAE,3845,1.0,0.0,41.2886352158084,-72.86611382,SmallStreams,Region_01,NRS18_CT_10036,2018.0,7/17/2018,1,BERW,20.0,Poor,USC00062169,0.9220688865958411,USW00014758,3.8281315337395583,US1CTNH0060,4.81345514035831,US1CTNH0021,4.8603582777342575,USC00065266,5.753501073489422
2012940,ANNELIDA,OLIGOCHAETA,HAPLOTAXIDA,NAIDIDAE,,NAIDIDAE,4003,1.0,1.0,34.8491527758539,-83.05363505,LargeStreams,Region_04,NRS18_SC_10479,2018.0,7/18/2018,1,BERW,32.65,Fair,US1SCOC0112,2.687870092436728,US1SCOC0095,4.7673975248389775,US1SCOC0004,6.6201928336495035,US1SCOC0078,7.142999222161073,US1SCOC0002,7.367138782426159
2012941,ARTHROPODA,INSECTA,ODONATA,CALOPTERYGIDAE,CALOPTERYX,CALOPTERYX,3547,,,41.2653042130403,-86.3162501,SmallStreams,Region_05,NRS18_IN_10021,2018.0,7/18/2018,1,BERW,24.6,Fair,US1INML0029,4.896907674452467,US1INML0025,6.09421468555645,US1INML0003,7.441929095357585,USC00127028,7.560879953840926,US1INML0006,7.921360075676189
2012942,ARTHROPODA,INSECTA,DIPTERA,CHIRONOMIDAE,CLINOTANYPUS,CLINOTANYPUS,3600,6.0,1.0,43.1376675672706,-76.29550634,RiversOther,Region_02,NRS18_NY_10019,2018.0,7/18/2018,1,BETB,15.92,Poor,US1NYOG0014,0.9272971104191943,US1NYOG0006,3.3016577565806733,USC00300379,3.358952574147888,US1NYOG0050,5.560327558945009,US1NYOG0075,5.835824444909178
2012943,ARTHROPODA,INSECTA,DIPTERA,EMPIDIDAE,HEMERODROMIA,HEMERODROMIA,3799,1.0,1.0,36.0964581024464,-92.11822359,SmallStreams,Region_06,NRS18_AR_10191,2018.0,7/18/2018,1,BERW,38.82,Fair,US1ARIZ0002,3.957874457500595,USC00031132,4.366812735313984,US1ARIZ0003,4.741111067030386,US1ARBX0003,8.341171150511993,USC00032952,10.166091776715492
2012944,ARTHROPODA,MALACOSTRACA,AMPHIPODA,GAMMARIDAE,,GAMMARIDAE,3743,6.0,1.0,35.6287632412912,-90.9851249,SmallStreams,Region_06,NRS18_AR_10039,2018.0,7/18/2018,1,BERW,18.93,Poor,USC00035189,16.418072953702268,USW00093907,17.91769148883511,USC00030536,19.998792519398588,USC00033019,22.944455814344316,US1ARPN0004,25.026224262770533
2012945,ANNELIDA,OLIGOCHAETA,HAPLOTAXIDA,NAIDIDAE,,NAIDIDAE,4003,2.0,1.0,40.5747126647748,-116.4404649,RiversOther,Region_09,NRS18_NV_10013,2018.0,7/18/2018,1,BERW,69.68,Good,US1NVEK0001,3.347514054766338,USC00260795,3.3926161747760686,USC00266690,12.26861207595159,USC00262656,14.343709619460984,USC00266349,14.619814106753978
2012946,ANNELIDA,HIRUDINEA,,,,HIRUDINEA,3818,2.0,0.0,44.6848849549552,-98.29676552,SmallStreams,Region_08,NRS18_SD_10015,2018.0,7/18/2018,1,BERW,6.07,Poor,USC00393885,9.97852497794714,USC00398406,16.93883747668451,US1SDSP0001,18.82494024997487,US1SDSP0004,18.83976916216034,US1SDBD0009,22.678794724729723
2012947,ARTHROPODA,ARACHNIDA,TROMBIDIFORMES,HYGROBATIDAE,HYGROBATES,HYGROBATES,3855,2.0,1.0,45.4621656188978,-122.9432564,RiversOther,Region_10,NRS18_OR_10059,2018.0,7/18/2018,1,BETB,2.38,Poor,US1ORWS0029,0.8960671410404041,US1ORWS0013,3.401326860367386,US1ORWS0075,5.297385550842364,US1ORWS0124,5.48886145481689,US1ORWS0106,5.516600339435805
2012948,ANNELIDA,HIRUDINEA,RHYNCHOBDELLIDA,GLOSSIPHONIIDAE,HELOBDELLA,HELOBDELLA,3792,1.0,1.0,43.1665656217026,-75.97636262,LargeStreams,Region_02,NRS18_NY_10061,2018.0,7/19/2018,1,BETB,18.7,Poor,US1NYMD0008,9.15997736663657,USC00301728,9.47320665377594,US1NYOG0013,9.860976004008716,USC00301541,10.581477732948914,USW00014771,12.046737756828232
2012949,ARTHROPODA,INSECTA,DIPTERA,CHIRONOMIDAE,RHEOTANYTARSUS,RHEOTANYTARSUS,4247,4.0,1.0,42.9239247104429,-84.98954692,LargeStreams,Region_05,NRS18_MI_10531,2018.0,7/19/2018,1,BERW,37.6,Good,USC00208746,4.332558164442921,USC00204081,7.877834527063339,USC00204078,7.882685263304007,USC00206712,8.464716457776408,US1MIIN0002,8.827023159039335
2012950,ARTHROPODA,INSECTA,PLECOPTERA,PERLIDAE,,PERLIDAE,4138,,,,,,Region_03,NRS18_WV_RF002,,7/18/2018,1,BETB,69.67,,ACW00011604,,US1OKCV0084,,US1OKCV0083,,US1OKCV0082,,US1OKCV0081,
2012952,ARTHROPODA,INSECTA,EPHEMEROPTERA,POLYMITARCYIDAE,EPHORON,EPHORON,3709,,,39.315119904402,-77.65539854,RiversMajor,Region_03,NRS18_MD_10010,2018.0,7/19/2018,1,BETB,50.98,Good,USC00463927,6.387941692884654,USC00463932,6.703973933596288,US1VALD0018,7.013953786403667,US1VALD0040,8.454163473067426,USC00188207,10.83776432478432
2012953,ANNELIDA,OLIGOCHAETA,ENCHYTRAEIDA,ENCHYTRAEIDAE,,ENCHYTRAEIDAE,3697,1.0,1.0,40.0573221526993,-111.4551488,LargeStreams,Region_08,NRS18_UT_10014,2018.0,7/19/2018,1,BERW,46.62,Fair,USC00428674,5.88107137180777,USC00428672,9.07383935830057,USC00428676,11.358660211331967,USC00425457,11.682029725510231,USC00420449,12.746310440147184
2012954,ARTHROPODA,INSECTA,EPHEMEROPTERA,LEPTOHYPHIDAE,TRICORYTHODES,TRICORYTHODES,4384,77.0,1.0,41.371900855366,-86.18941505,LargeStreams,Region_05,NRS18_IN_10008,2018.0,7/19/2018,1,BERW,30.53,Fair,US1INML0021,7.1863032800213364,US1INML0015,8.293947554681328,US1INML0001,9.110170701871393,US1INML0027,10.009404028749913,US1INML0025,10.12889797057421
2012956,ARTHROPODA,INSECTA,DIPTERA,CHIRONOMIDAE,AXARUS,AXARUS,3498,4.0,1.0,42.949262409739,-102.9025938,RiversMajor,Region_07,NRS18_NE_10046,2018.0,7/19/2018,1,BETB,78.45,Good,USC00251578,13.167675834481704,US10dawe002,15.234774052377206,US10dawe001,15.28282609769812,US1NEDS0005,15.664333523660028,US1NEDS0002,16.09444267763543
2012958,ARTHROPODA,INSECTA,DIPTERA,SIMULIIDAE,SIMULIUM,SIMULIUM,4281,1.0,1.0,,,,Region_03,NRS18_PA_10015,,7/19/2018,2,BERW,63.15,,ACW00011604,,US1OKCV0084,,US1OKCV0083,,US1OKCV0082,,US1OKCV0081,
2012961,ARTHROPODA,INSECTA,TRICHOPTERA,LEPTOCERIDAE,OECETIS,OECETIS,4060,1.0,1.0,35.5001172041443,-88.63773224,SmallStreams,Region_04,NRS18_TN_10005,2018.0,7/19/2018,1,BERW,38.92,Poor,US1TNCS0003,5.0296141364401405,USC00404567,9.060661905529427,US1TNMD0017,9.477064511627482,US1TNCS0007,9.500514191545253,USC00404033,10.012825829246525
2012962,ARTHROPODA,INSECTA,ODONATA,COENAGRIONIDAE,ARGIA,ARGIA,3476,2.0,1.0,33.895730071333,-82.01937973,LargeStreams,Region_04,NRS18_SC_10010,2018.0,7/19/2018,1,BERW,37.2,Fair,US1SCED0018,4.836656112073395,US1SCED0005,7.658717876617033,US1SCED0016,10.519288842188843,USC00385658,11.901610714969319,USC00382712,12.323875598262504
2012963,ANNELIDA,OLIGOCHAETA,HAPLOTAXIDA,NAIDIDAE,PRISTINA,PRISTINA,4188,1.0,1.0,39.1862922579152,-108.9047683,RiversMajor,Region_08,NRS18_CO_10014,2018.0,7/18/2018,1,BETB,38.17,Poor,US1COME0024,8.843906169716044,US1COME0179,8.857309006482778,US1COME0117,8.948786986603405,USC00053147,11.252510911685494,US1COME0023,12.764873397026426
2012964,MOLLUSCA,GASTROPODA,BASOMMATOPHORA,PLANORBIDAE,,PLANORBIDAE,4162,2.0,0.0,41.070745107578,-86.6206737,LargeStreams,Region_05,NRS18_IN_10025,2018.0,7/20/2018,1,BERW,23.6,Fair,USC00129670,5.665949587637125,US1INPL0009,6.735613568120309,US1INPL0004,8.14073678696212,USC00124550,8.826358360533778,USC00126615,10.73673488116076
2012965,ARTHROPODA,MALACOSTRACA,MYSIDA,MYSIDAE,,MYSIDAE,3999,2.0,1.0,29.8062427344324,-95.2141665,LargeStreams,Region_06,NRS18_TX_10046,2018.0,7/19/2018,1,BETB,9.87,Poor,US1TXHRR139,2.6497073633662676,US1TXHRR046,7.315704274641557,US1TXHRR113,8.703110149926951,USC00414326,9.265095815599722,US1TXHRR034,9.85988147387257
2012966,ARTHROPODA,INSECTA,DIPTERA,CHIRONOMIDAE,KRENOSMITTIA,KRENOSMITTIA,3881,2.0,1.0,44.2098648076683,-115.5467376,SmallStreams,Region_10,NRS18_ID_10008,2018.0,7/19/2018,1,BERW,47.35,Fair,USS0015E08S,12.67999996600814,USC00102385,13.734538046046826,US1IDBS0006,14.139559728752825,USC00105420,14.163210665773121,USC00105426,14.163210665773121
2012967,ARTHROPODA,INSECTA,DIPTERA,CHIRONOMIDAE,PSEUDODIAMESA,PSEUDODIAMESA,4214,1.0,1.0,39.3693644795656,-106.4524344,SmallStreams,Region_08,NRS18_CO_10003,2018.0,7/19/2018,1,BERW,32.43,Poor,USC00058212,11.000632701079528,USS0006K10S,12.177829859077448,USS0006K30S,14.619039132831713,US1COLK0021,14.995605275644042,USC00058064,15.051485262748043
2012968,,,,,,NO INVERTEBRATES IN SAMPLE,999999,0.0,0.0,39.4257593378039,-106.4124235,LargeStreams,Region_08,NRS18_CO_10068,2018.0,7/19/2018,1,BERW,0.0,Poor,USC00056917,10.847068887947668,USC00058212,12.32669331779789,US1COEG0022,16.68397079929355,US1COLK0021,18.628465044057506,USS0006K08S,18.94751033372774
2012969,ARTHROPODA,INSECTA,EPHEMEROPTERA,BAETIDAE,,BAETIDAE,3500,3.0,0.0,39.2859439915892,-108.8335784,SmallStreams,Region_08,NRS18_CO_10374,2018.0,7/17/2018,1,BERW,20.87,Poor,US1COME0023,3.272828848359457,US1COME0024,8.8395466833662,US1COME0179,9.471023572972824,US1COME0117,9.801813703133861,US1COME0007,13.05151778295481
2012970,ANNELIDA,OLIGOCHAETA,HAPLOTAXIDA,NAIDIDAE,NAIS,NAIS,4004,,,41.7039734532346,-111.9194458,SmallStreams,Region_08,NRS18_UT_10044,2018.0,7/20/2018,1,BERW,9.63,Poor,USC00425183,4.40117975382401,USC00421601,4.448084921213628,US1UTCH0006,4.763518934709858,USC00425194,4.81242699161218,US1UTCH0047,5.726306576511873
2012971,ARTHROPODA,INSECTA,ODONATA,GOMPHIDAE,,GOMPHIDAE,3759,7.0,1.0,41.0056480668892,-117.3393376,RiversMajor,Region_09,NRS18_NV_10006,2018.0,7/19/2018,1,BERW,51.33,Fair,USC00263245,13.938446826522426,USR0000NBUR,24.22368993184405,USS0017J02S,25.267809237982377,US1NVHT0003,31.08919352254766,USC00263250,31.472827736961868
2012972,ARTHROPODA,INSECTA,DIPTERA,CHIRONOMIDAE,,CHIRONOMIDAE,3581,,,34.826529004669,-80.8152635,LargeStreams,Region_04,NRS18_SC_10004,2018.0,7/20/2018,1,BERW,5.33,Poor,US1NCUN0034,6.712583550035236,US1SCLN0004,8.762927918938763,USC00381462,9.586822519325494,US1SCYR0039,9.6630148104412,US1NCUN0021,10.913677035867801
2012973,MOLLUSCA,BIVALVIA,VENEROIDA,PISIDIIDAE,,PISIDIIDAE,4158,8.0,0.0,35.0711778813674,-89.85614426,SmallStreams,Region_04,NRS18_TN_10011,2018.0,7/20/2018,1,BERW,4.3,Poor,US1TNSH0017,3.987529139995774,US1TNSH0046,5.336265657637832,US1TNSH0004,5.873142369166189,US1TNSH0048,6.598495270174664,US1TNSH0020,7.97075133045361
2012974,ARTHROPODA,INSECTA,ODONATA,LIBELLULIDAE,PACHYDIPLAX,PACHYDIPLAX,4086,,,35.865512194276,-90.84473388,SmallStreams,Region_06,NRS18_AR_10046,2018.0,7/20/2018,1,BERW,11.5,Poor,US1ARCG0002,12.465394847983141,US1ARCG0012,13.60857069624573,US1ARCG0010,14.290572053225782,USC00033734,17.70214237552899,USW00003953,18.377361918789788
2012975,ANNELIDA,OLIGOCHAETA,HAPLOTAXIDA,TUBIFICIDAE,BRANCHIURA,BRANCHIURA,3532,,,36.3554003367086,-90.95286554,LargeStreams,Region_06,NRS18_AR_10022,2018.0,7/19/2018,1,BETB,18.4,Poor,US1ARRN0011,2.3968449615063676,US1ARRN0008,8.590759177499661,US1ARRN0010,9.492661086930937,USC00035820,10.234883161435995,US1ARRN0006,10.440271279227696
2012976,ARTHROPODA,INSECTA,DIPTERA,CHIRONOMIDAE,LABRUNDINIA,LABRUNDINIA,3882,1.0,1.0,,,,Region_05,NRS18_IL_10013,,7/20/2018,2,BERW,34.68,,ACW00011604,,US1OKCV0084,,US1OKCV0083,,US1OKCV0082,,US1OKCV0081,
2012977,ARTHROPODA,INSECTA,TRICHOPTERA,LEPTOCERIDAE,NECTOPSYCHE,NECTOPSYCHE,4011,9.0,1.0,37.9501320918071,-89.42697576,LargeStreams,Region_05,NRS18_IL_10019,2018.0,8/6/2018,1,BERW,39.68,Fair,USC00119275,15.298826950775764,USC00116779,16.920402100055504,US1ILPY0002,17.477693132829252,US1ILJK0019,18.300457427158054,US1ILJK0011,19.09159064650679
2012978,ARTHROPODA,INSECTA,DIPTERA,CHIRONOMIDAE,CORYNONEURA,CORYNONEURA,3620,1.0,1.0,38.8653133213452,-108.398139,RiversMajor,Region_08,NRS18_CO_10002,2018.0,7/20/2018,1,BETB,30.32,Poor,US1COME0094,6.683440760706488,US1COME0184,11.807316691559024,US1COME0181,12.825236150231817,US1COME0071,13.096615381358667,USR0000CJAC,20.065443461084556
2012979,ANNELIDA,HIRUDINEA,RHYNCHOBDELLIDA,GLOSSIPHONIIDAE,ACTINOBDELLA,ACTINOBDELLA,3413,8.0,1.0,36.4294082090861,-90.75765669,RiversOther,Region_06,NRS18_AR_10024,2018.0,7/22/2018,1,BETB,35.73,Poor,US1ARRN0017,7.383918809342859,US1ARCY0001,12.174927889120658,US1ARRN0012,12.471334229575461,USC00031632,15.03388481247141,US1ARRN0010,18.59663306451202
2012980,ARTHROPODA,INSECTA,EPHEMEROPTERA,EPHEMERELLIDAE,SERRATELLA,SERRATELLA,4272,,,39.6440598158494,-107.0192684,RiversOther,Region_08,NRS18_CO_11124,2018.0,7/22/2018,1,BETB,18.68,Poor,US1COEG0069,5.235401076271231,US1COEG0044,5.548222936537554,US1COEG0029,6.197034309344901,US1COEG0030,6.9156023165735565,USR0000CGYP,6.933851608265356
2012981,ARTHROPODA,INSECTA,PLECOPTERA,CAPNIIDAE,,CAPNIIDAE,3555,5.0,1.0,42.0191076074429,-70.97145746,SmallStreams,Region_01,NRS18_MA_10185,2018.0,7/22/2018,1,BERW,9.25,Poor,US1MAPL0022,1.987025642495485,US1MAPL0012,2.6198182693172343,US1MAPL0021,3.463183425928504,USC00190860,4.373317046136688,US1MAPL0031,5.745656599755877
2012982,ARTHROPODA,INSECTA,TRICHOPTERA,HYDROPTILIDAE,,HYDROPTILIDAE,3847,1.0,0.0,48.2217760594427,-105.121677,RiversOther,Region_08,NRS18_MT_10041,2018.0,7/26/2018,1,BERW,84.47,Good,USW00094060,9.73399633720045,USC00246660,10.059737904823685,USR0000MPOP,11.1477338329822,US1MTRT0003,18.87277938283382,US1MTRT0005,20.337165078436616
2012983,ANNELIDA,OLIGOCHAETA,HAPLOTAXIDA,NAIDIDAE,DERO,DERO,3646,40.0,1.0,37.096309374856,-89.2934125,SmallStreams,Region_05,NRS18_IL_10026,2018.0,7/22/2018,1,BERW,2.08,Poor,USC00116383,10.03558148719848,USW00093809,11.300391942744142,USC00115880,11.581469979927759,US1ILAL0002,14.10323761447342,USC00111169,14.431309565065323
2012984,ARTHROPODA,INSECTA,PLECOPTERA,PERLIDAE,NEOPERLA,NEOPERLA,4026,,,35.522036284218,-94.07139992,LargeStreams,Region_06,NRS18_AR_10489,2018.0,7/22/2018,1,BERW,14.32,Poor,USC00035072,7.011243256439772,US1ARFR0005,10.925764949517788,USC00035056,14.507757823675215,US1ARCF0001,14.554529257844846,USC00032578,15.905382199902233
2012985,ARTHROPODA,INSECTA,COLEOPTERA,ELMIDAE,NARPUS,NARPUS,4006,1.0,1.0,39.1639181087683,-107.8062132,LargeStreams,Region_08,NRS18_CO_10013,2018.0,7/18/2018,1,BERW,53.17,Good,US1COME0133,10.047609910699661,USC00050825,10.514317125969395,US1COME0042,11.211668290857475,USS0007K06S,13.8111303211138,USC00051745,14.543812215887371
2012986,ARTHROPODA,INSECTA,DIPTERA,CHIRONOMIDAE,CLADOTANYTARSUS,CLADOTANYTARSUS,3594,2.0,1.0,39.8866702034677,-104.9310797,SmallStreams,Region_08,NRS18_CO_10016,2018.0,7/22/2018,1,BERW,13.92,Poor,US1COAD0119,1.0540173399819959,US1COAD0117,1.769196841735249,US1COAD0105,2.5743208179958863,US1COAD0022,2.8966060208329423,US1COAD0238,2.94535510157138
2012987,ARTHROPODA,INSECTA,TRICHOPTERA,LEPTOCERIDAE,OECETIS,OECETIS,4060,1.0,1.0,,,,Region_04,NRS18_SC_10008,,7/22/2018,2,BETB,20.9,,ACW00011604,,US1OKCV0084,,US1OKCV0083,,US1OKCV0082,,US1OKCV0081,
2012988,ARTHROPODA,INSECTA,DIPTERA,CHIRONOMIDAE,CLADOPELMA,CLADOPELMA,3593,4.0,1.0,46.8241386473192,-102.5020916,SmallStreams,Region_08,NRS18_ND_10075,2018.0,7/23/2018,1,BERW,31.05,Poor,US1NDSK0004,5.763077398204149,US1NDSK0030,10.468643508897207,USC00327530,15.645299329841366,USC00328660,19.532612766283663,US1NDSK0014,21.95315945927436
2012989,ARTHROPODA,INSECTA,TRICHOPTERA,LIMNEPHILIDAE,PSYCHOGLYPHA,PSYCHOGLYPHA,4224,2.0,1.0,42.4612110293472,-111.9125695,SmallStreams,Region_10,NRS18_ID_10003,2018.0,7/23/2018,1,BERW,61.55,Good,USS0011G30S,7.606392434699172,USR0000IGRA,9.690397312039046,USC00103732,16.910848322448768,USC00102667,17.886945949632096,USC00105143,19.20614475762069
2012990,ARTHROPODA,INSECTA,DIPTERA,CHIRONOMIDAE,LIMNOPHYES,LIMNOPHYES,3928,,,40.7620910383815,-111.1798205,SmallStreams,Region_08,NRS18_UT_10046,2018.0,7/23/2018,1,BERW,24.98,Poor,USS0011J53S,5.916379444766905,USS0011J06S,10.785456278561744,US1UTSM0011,11.537423088653332,US1UTSM0005,11.640195478414322,USC00425465,12.36137849519669
2012991,ARTHROPODA,INSECTA,DIPTERA,CHIRONOMIDAE,PSEUDOCHIRONOMUS,PSEUDOCHIRONOMUS,4212,,,36.4341156285548,-90.34879978,LargeStreams,Region_06,NRS18_AR_10021,2018.0,7/23/2018,1,BERW,31.03,Poor,USC00235950,13.929208873155105,USC00031634,16.93938974841165,USC00036380,18.22984600100463,USC00033930,18.297573665169306,USC00236970,20.505783977524512
2012992,ANNELIDA,OLIGOCHAETA,HAPLOTAXIDA,,,HAPLOTAXIDA,3783,,,39.549230864657,-105.1317434,LargeStreams,Region_08,NRS18_CO_10053,2018.0,7/23/2018,1,BERW,6.87,Poor,US1COJF0489,2.6106158742078236,US1COJF0338,2.6845093622248264,US1COJF0496,2.868305869064234,US1COJF0477,3.086586385656653,US1COJF0332,3.1972446492945203
2012993,ARTHROPODA,INSECTA,DIPTERA,CHIRONOMIDAE,PARACHIRONOMUS,PARACHIRONOMUS,4099,,,36.0889325654715,-94.02749288,RiversMajor,Region_06,NRS18_AR_10027,2018.0,7/23/2018,1,BETB,53.55,Good,US1ARWS0014,3.6944849887444478,US1ARWS0049,5.7857732590918225,US1ARWS0013,7.275691403305891,US1ARWS0029,8.792653143959656,US1ARWS0044,9.445588411939838
2012994,ARTHROPODA,INSECTA,DIPTERA,CHIRONOMIDAE,TRIBELOS,TRIBELOS,4379,1.0,1.0,32.6469600674004,-90.33467001,SmallStreams,Region_04,NRS18_MS_10003,2018.0,7/23/2018,1,BERW,39.45,Poor,USC00223069,5.223297304006071,US1MSMD0017,6.3914318664142415,USC00223067,12.75006184633454,US1MSMD0010,15.016307278446968,US1MSMD0026,19.677895383141212
2012995,ARTHROPODA,MALACOSTRACA,ISOPODA,ASELLIDAE,CAECIDOTEA,CAECIDOTEA,3540,4.0,1.0,33.3718168515431,-88.99623441,LargeStreams,Region_04,NRS18_MS_10014,2018.0,7/22/2018,1,BERW,15.25,Poor,US1MSOK0010,7.36510530405151,US1MSOK0022,12.080009181372413,US1MSOK0026,13.917799701320277,US1MSOK0004,14.44685046822151,US1MSOK0008,17.043735433377652
2012999,ARTHROPODA,INSECTA,LEPIDOPTERA,CRAMBIDAE,PARAPOYNX,PARAPOYNX,5127,1.0,1.0,41.5065393790248,-71.71228802,LargeStreams,Region_01,NRS18_RI_10004,2018.0,7/23/2018,1,BETB,29.27,Poor,US1RIWS0099,2.9850341437400676,US1RIWS0064,3.0604492245107155,USC00373600,3.2235800746769043,US1RIWS0025,3.729776480756555,US1RIWS0001,5.028785323819061
2013000,ARTHROPODA,INSECTA,DIPTERA,PSYCHODIDAE,,PSYCHODIDAE,4223,2.0,1.0,39.0738347560132,-108.4197432,RiversMajor,Region_08,NRS18_CO_10071,2018.0,7/23/2018,1,BETB,71.1,Good,US1COME0153,1.9066974978919318,US1COME0008,2.057009330930631,US1COME0091,3.867619823251877,US1COME0109,4.320315526626256,US1COME0163,4.854326876619779
2013001,ARTHROPODA,INSECTA,EPHEMEROPTERA,LEPTOPHLEBIIDAE,PARALEPTOPHLEBIA,PARALEPTOPHLEBIA,4108,7.0,1.0,45.2628022214051,-118.3998338,LargeStreams,Region_10,NRS18_OR_10020,2018.0,7/23/2018,1,BERW,39.33,Fair,USC00354625,0.4336083420768869,USC00354626,1.4236015113129545,USC00358079,5.117153216401613,USC00354624,5.117153216401613,USS0018D20S,12.120908028262225
2013002,ARTHROPODA,INSECTA,TRICHOPTERA,LEPTOCERIDAE,OECETIS,OECETIS,4060,1.0,1.0,37.691715302758,-97.77541382,SmallStreams,Region_07,NRS18_KS_10091,2018.0,7/23/2018,1,BERW,46.88,Good,USC00141467,3.5882453714223144,US1KSSG0183,6.163687794038958,US1KSSG0065,6.287436195991414,US1KSSG0054,6.412286375943549,USC00141466,6.532473591830646
2013003,ARTHROPODA,INSECTA,DIPTERA,CHIRONOMIDAE,DICROTENDIPES,DICROTENDIPES,3658,7.0,1.0,,,,Region_05,NRS18_IL_10001,,7/23/2018,2,BERW,37.28,,ACW00011604,,US1OKCV0084,,US1OKCV0083,,US1OKCV0082,,US1OKCV0081,
2013006,ARTHROPODA,INSECTA,DIPTERA,CHIRONOMIDAE,POLYPEDILUM,POLYPEDILUM,4178,1.0,1.0,42.4555564759163,-112.0018302,SmallStreams,Region_10,NRS18_ID_10245,2018.0,7/24/2018,1,BERW,76.72,Good,USS0011G30S,7.944387751341747,USC00102667,10.648094793768658,USR0000IGRA,15.097146596454571,US1IDBK0022,17.746425409553797,USC00105143,18.22293717488535
2013007,ARTHROPODA,ARACHNIDA,TROMBIDIFORMES,HYGROBATIDAE,HYGROBATES,HYGROBATES,3855,12.0,1.0,43.0384667962313,-90.25512316,LargeStreams,Region_05,NRS18_WI_10047,2018.0,7/24/2018,1,BERW,40.9,Good,US1WIIW0015,12.752657763257165,US1WIIW0006,13.84093811873938,US1WIIW0007,13.92923786851393,USC00472173,14.226900074214164,US1WIIW0014,15.032231128228714
2013008,ARTHROPODA,INSECTA,COLEOPTERA,ELMIDAE,DUBIRAPHIA,DUBIRAPHIA,3678,1.0,1.0,40.0513459686986,-99.76749823,RiversOther,Region_07,NRS18_NE_10038,2018.0,7/24/2018,1,BERW,21.7,Fair,US10furn004,4.3770136964563235,US10furn007,8.907551233755953,USC00250640,10.196873850670602,US10furn014,10.265239427326005,US10furn008,11.379343381461215
2013009,ANNELIDA,OLIGOCHAETA,HAPLOTAXIDA,NAIDIDAE,,NAIDIDAE,4003,6.0,0.0,40.4141104660928,-104.9936989,SmallStreams,Region_08,NRS18_CO_10063,2018.0,7/24/2018,1,BERW,26.75,Fair,US1COLR1125,1.5478208580940171,US1COLR0869,2.1228692160052196,US1COLR0034,2.299089696636757,US1COLR0687,2.7002331525573635,US1COLR0015,3.6658059359985504
2013010,ARTHROPODA,INSECTA,DIPTERA,TIPULIDAE,HEXATOMA,HEXATOMA,3817,,,33.6095935678906,-82.21193048,RiversOther,Region_04,NRS18_GA_10027,2018.0,7/24/2018,1,BERW,32.67,Fair,USC00385775,4.94858144569001,USC00381726,6.316558950654646,US1GACU0029,6.617223297308217,US1SCMC0012,6.7476860967677545,US1GACU0018,7.323591570371507
2013011,ARTHROPODA,INSECTA,DIPTERA,CHIRONOMIDAE,TANYTARSUS,TANYTARSUS,4348,9.0,1.0,41.4006488524029,-71.73109982,RiversOther,Region_01,NRS18_RI_10009,2018.0,7/24/2018,1,BETB,7.7,Poor,US1RIWS0046,3.9559885998126343,USC00379327,4.461707440505093,US1RIWS0036,5.533290034262848,US1RIWS0001,6.871513554133215,US1RIWS0009,7.770693913173147
2013012,ARTHROPODA,INSECTA,DIPTERA,CHIRONOMIDAE,AXARUS,AXARUS,3498,1.0,1.0,31.5862324947383,-90.8103525,LargeStreams,Region_04,NRS18_MS_10009,2018.0,7/24/2018,1,BERW,50.32,Fair,USC00229072,10.9461561599531,US1MSFK0003,13.772444447143688,USC00225704,15.100070162566249,USC00225291,17.048522994894327,US1MSJF0001,18.5321560777306
2013013,ARTHROPODA,INSECTA,DIPTERA,CHIRONOMIDAE,MACROPELOPIA,MACROPELOPIA,3953,,,29.8685747484276,-98.18765891,LargeStreams,Region_06,NRS18_TX_10038,2018.0,7/24/2018,1,BETB,35.42,Fair,US1TXCML125,0.658137426755372,USC00411429,1.167758992798487,US1TXCML126,1.4369523259903636,US1TXCML310,2.2992321591877567,US1TXCML129,2.473742622835638
2013014,ARTHROPODA,INSECTA,DIPTERA,ATHERICIDAE,ATHERIX,ATHERIX,3487,7.0,1.0,43.5104731807612,-73.24101049,LargeStreams,Region_01,NRS18_VT_10184,2018.0,7/24/2018,1,BERW,53.48,Fair,US1VTRT0023,6.368890629041369,US1VTRT0024,8.913949045531847,USC00438905,10.939804845823813,US1VTRT0019,11.17160603297091,US1VTRT0017,11.941701406307303
2013015,ARTHROPODA,INSECTA,DIPTERA,CHIRONOMIDAE,NANOCLADIUS,NANOCLADIUS,4005,2.0,1.0,39.2162191555295,-89.02055726,LargeStreams,Region_05,NRS18_IL_10004,2018.0,7/24/2018,1,BERW,24.25,Poor,USC00117126,10.33883544343856,USC00116579,17.874486041583967,US1ILCN0008,18.153237263550032,US1ILSH0003,20.59679098401253,USC00110500,20.856743007683843
2013016,MOLLUSCA,GASTROPODA,BASOMMATOPHORA,PHYSIDAE,PHYSA,PHYSA,4149,2.0,1.0,43.9668824350713,-98.98077838,RiversOther,Region_08,NRS18_SD_10023,2018.0,7/24/2018,1,BERW,28.1,Poor,USC00393217,12.381093808171295,USC00393211,12.593073065808008,US1SDBF0001,17.33662726918567,US1SDBL0013,23.00977956457547,USC00399077,23.346115257020745
2013017,ARTHROPODA,INSECTA,EPHEMEROPTERA,CAENIDAE,,CAENIDAE,3541,2.0,0.0,35.6781747902362,-93.74408948,RiversOther,Region_06,NRS18_AR_10007,2018.0,7/24/2018,1,BERW,62.25,Good,USC00031574,14.455717833662078,USC00036393,16.30447799474055,USC00037772,18.60684800446401,US1ARFR0006,21.382040040326274,USC00035512,21.575664334390282
2013018,ARTHROPODA,INSECTA,PLECOPTERA,CHLOROPERLIDAE,,CHLOROPERLIDAE,3583,2.0,1.0,38.3213138960559,-119.6740704,LargeStreams,Region_09,NRS18_CA_10389,2018.0,7/24/2018,1,BERW,51.87,Good,USS0019L07S,6.583539037606849,USS0019L38S,7.236188155979572,USS0019L08S,11.081582115088134,USS0019L42S,14.601395142590931,USS0019L06S,21.3293717488906
2013019,ARTHROPODA,INSECTA,TRICHOPTERA,BRACHYCENTRIDAE,BRACHYCENTRUS,BRACHYCENTRUS,3526,7.0,1.0,43.2383677785134,-73.24959885,SmallStreams,Region_01,NRS18_VT_10008,2018.0,7/25/2018,1,BERW,65.37,Good,US1NYWS0011,6.614217500425328,USC00307405,9.648178053436997,US1NYWS0010,11.508553141365068,USC00431786,14.232760918458933,US1NYWS0008,14.386763568975326
2013020,ARTHROPODA,INSECTA,DIPTERA,CHIRONOMIDAE,PARALAUTERBORNIELLA,PARALAUTERBORNIELLA,4107,26.0,1.0,42.879947494531,-112.4731285,RiversOther,Region_10,NRS18_ID_10842,2018.0,7/25/2018,1,BERW,50.25,Fair,USC00107210,2.2068931559647513,US1IDBK0016,4.073916339573486,US1IDBK0012,4.2266898476629295,US1IDBK0001,4.43149974112385,US1IDBK0011,4.903740986141102
2013021,ARTHROPODA,INSECTA,DIPTERA,CHIRONOMIDAE,,CRICOTOPUS/ORTHOCLADIUS,3623,12.0,1.0,40.3972645428835,-99.77148662,LargeStreams,Region_07,NRS18_NE_10034,2018.0,7/25/2018,1,BERW,45.17,Good,US10gosp002,7.029804216834061,US10gosp001,8.060659549471643,US10gosp006,9.248578795846774,USC00256454,12.686641498749301,USC00252690,13.119044628075034
2013022,ARTHROPODA,INSECTA,DIPTERA,CHIRONOMIDAE,PRODIAMESA,PRODIAMESA,4193,1.0,1.0,43.5329661357907,-90.62979488,SmallStreams,Region_05,NRS18_WI_10004,2018.0,7/25/2018,1,BERW,6.68,Poor,USC00474404,4.488128396236268,USC00477016,7.8302219687328085,US1WIVR0003,8.79037133968128,US1WIRL0011,11.440760776579513,USC00477015,14.328480826996302
2013023,ARTHROPODA,INSECTA,TRICHOPTERA,LEPTOCERIDAE,OECETIS,OECETIS,4060,,,46.5037026340889,-102.7530186,RiversMajor,Region_08,NRS18_ND_10019,2018.0,7/25/2018,1,BERW,31.7,Poor,USC00326315,9.79023346096998,US1NDSK0028,16.35908463510322,USC00327465,17.398767955622336,US1NDHT0001,23.1854163891472,USC00327452,28.616677161098544
2013024,ARTHROPODA,INSECTA,DIPTERA,CHIRONOMIDAE,ZAVRELIMYIA,ZAVRELIMYIA,4433,3.0,1.0,42.1423504594639,-70.89254964,SmallStreams,Region_01,NRS18_MA_10007,2018.0,7/25/2018,1,BERW,2.58,Poor,USW00014790,3.4656204240833013,US1MAPL0015,4.9911011849579845,US1MAPL0060,5.218270642242462,US1MAPL0001,5.66535878196398,US1MAPL0057,6.769711345014577
2013025,ARTHROPODA,INSECTA,DIPTERA,CERATOPOGONIDAE,DASYHELEA,DASYHELEA,3641,225.0,1.0,29.6508672205244,-100.0203813,RiversMajor,Region_06,NRS18_TX_10040,2018.0,7/25/2018,1,BERW,19.95,Poor,USC00411398,2.3946540446198386,US1TXUV0019,6.2764510940551,US1TXED0003,7.911395395942586,US1TXRL0017,12.50670537938346,US1TXRL0009,12.946695315642755
2013026,MOLLUSCA,GASTROPODA,,,,GASTROPODA,3745,243.0,0.0,33.5094652463431,-90.41456407,SmallStreams,Region_04,NRS18_MS_10012,2018.0,7/25/2018,1,BERW,0.0,Poor,USC00226009,10.91370763957316,US1MSSF0003,15.839833957348805,USC00227993,17.002508041920184,USC00224386,19.879121191857987,USC00223614,21.45554128858452
2013027,ANNELIDA,OLIGOCHAETA,HAPLOTAXIDA,TUBIFICIDAE,LIMNODRILUS,LIMNODRILUS,3925,1.0,1.0,38.7136426958427,-109.0093362,RiversOther,Region_08,NRS18_CO_11278,2018.0,7/24/2018,1,BERW,25.18,Poor,USC00053246,5.098798580160295,US1UTGR0016,18.599328285358514,USC00420460,26.93680866575005,USC00053307,27.016014459809437,USC00422150,27.484002667139286
2013028,ARTHROPODA,INSECTA,ODONATA,GOMPHIDAE,,GOMPHIDAE,3759,1.0,1.0,,,,Region_06,NRS18_AR_10002,,7/24/2018,2,BETB,23.9,,ACW00011604,,US1OKCV0084,,US1OKCV0083,,US1OKCV0082,,US1OKCV0081,
2013029,MOLLUSCA,BIVALVIA,VENEROIDA,DREISSENIDAE,DREISSENA,DREISSENA,3674,1.0,1.0,,,,Region_06,NRS18_AR_10010,,7/24/2018,2,BETB,38.6,,ACW00011604,,US1OKCV0084,,US1OKCV0083,,US1OKCV0082,,US1OKCV0081,
2013030,ARTHROPODA,MALACOSTRACA,AMPHIPODA,,,AMPHIPODA,3450,4.0,0.0,36.4593301670873,-89.46806283,RiversMajor,Region_07,NRS18_MO_10014,2018.0,7/25/2018,1,BETB,48.32,Fair,USC00409020,8.563393308632934,USC00236040,14.453748078839249,USC00408065,14.983379044172722,USC00236045,15.309210318428041,US1MONM0011,15.645900469130941
2013031,ANNELIDA,OLIGOCHAETA,HAPLOTAXIDA,NAIDIDAE,HAEMONAIS,HAEMONAIS,3777,,,33.8439193643123,-96.29824697,SmallStreams,Region_06,NRS18_OK_10019,2018.0,7/25/2018,1,BERW,53.92,Fair,USC00349841,6.71932340515116,USC00342680,8.787788954927622,USC00344745,9.828092398044516,US1OKBR0003,16.174912400485542,US1TXGA0037,17.82155723166254
2013032,MOLLUSCA,GASTROPODA,BASOMMATOPHORA,PLANORBIDAE,,PLANORBIDAE,4162,2.0,0.0,42.9547515013517,-72.53091136,SmallStreams,Region_01,NRS18_NH_10020,2018.0,7/25/2018,1,BETB,2.68,Poor,US1VTWH0025,3.5206400907936177,US1VTWH0012,5.402141659883976,US1NHCH0002,6.250718183035035,US1VTWH0015,7.6088806896518415,USC00430842,7.693606134229381
2013033,ARTHROPODA,INSECTA,EPHEMEROPTERA,BAETIDAE,BAETIS,BAETIS,3501,18.0,1.0,39.0335309763428,-84.50062278,LargeStreams,Region_04,NRS18_KY_10026,2018.0,7/25/2018,1,BERW,22.32,Poor,US1KYCB0010,2.208308395121014,US1KYCB0005,3.245301316066052,US1KYKN0015,3.5893573092644147,US1KYKN0029,3.6549749580550226,US1KYCB0012,3.724707385257248
2013036,ANNELIDA,OLIGOCHAETA,HAPLOTAXIDA,NAIDIDAE,DERO,DERO,3646,10.0,1.0,27.4121165975361,-81.14118759,LargeStreams,Region_04,NRS18_FL_10009,2018.0,7/25/2018,1,BETB,23.62,Poor,USC00081869,2.85619972626674,US1FLHL0012,10.38639940492597,USC00080488,11.122494905760346,US1FLOB0006,18.5057538006583,US1FLHL0043,19.66838383764763
2013037,MOLLUSCA,GASTROPODA,BASOMMATOPHORA,LYMNAEIDAE,,LYMNAEIDAE,3945,3.0,1.0,39.6386557249504,-102.1136539,LargeStreams,Region_08,NRS18_CO_10050,2018.0,7/25/2018,1,BERW,16.82,Poor,USC00050834,2.061855534995692,US1COYU0030,2.1009724450839546,USC00144041,8.114515144858167,US1KSCN0012,10.095559455330521,US1COYU0009,14.374737609888337
2013038,ARTHROPODA,INSECTA,DIPTERA,CHIRONOMIDAE,CRYPTOCHIRONOMUS,CRYPTOCHIRONOMUS,3625,1.0,1.0,36.4984059712326,-90.27924365,LargeStreams,Region_07,NRS18_MO_10013,2018.0,7/26/2018,1,BERW,30.55,Poor,USC00236970,11.316180437233815,USC00235950,11.998162354783217,USC00036380,12.89342447641144,USC00231221,19.07451437638082,US1MODN0003,20.027396929433365
2013039,ARTHROPODA,INSECTA,DIPTERA,CHIRONOMIDAE,CHIRONOMUS,CHIRONOMUS,3582,9.0,1.0,46.458987527365,-102.6568372,RiversMajor,Region_08,NRS18_ND_10011,2018.0,7/26/2018,1,BERW,40.62,Poor,USC00327465,8.521226936809665,US1NDHT0001,14.666529292232617,USC00326315,18.61629775268676,US1NDSK0028,22.4674442712045,USC00324186,23.32692961708175
2013040,ANNELIDA,OLIGOCHAETA,HAPLOTAXIDA,TUBIFICIDAE,LIMNODRILUS,LIMNODRILUS,3925,1.0,1.0,40.3325741118461,-101.0525616,RiversOther,Region_07,NRS18_NE_10037,2018.0,7/26/2018,1,BERW,28.4,Fair,US10haye008,3.583800741903974,US10haye012,4.6170390441793945,USC00256480,4.83853485221918,US10hitc017,5.181167204083563,US1Hitc1832,5.282544960322978
2013041,ANNELIDA,OLIGOCHAETA,HAPLOTAXIDA,TUBIFICIDAE,AULODRILUS,AULODRILUS,3496,5.0,1.0,41.6314672721842,-71.44787904,SmallStreams,Region_01,NRS18_RI_10017,2018.0,7/26/2018,1,BERW,57.63,Good,US1RIWS0007,0.718948828412858,US1RIWS0004,1.158510241718538,US1RIKN0015,1.5694743982726134,US1RIKN0030,3.456564319917512,US1RIKN0045,3.7401797278349016
2013043,ARTHROPODA,INSECTA,EPHEMEROPTERA,BAETIDAE,BAETIS,BAETIS,3501,4.0,1.0,44.9014943201021,-118.4770429,LargeStreams,Region_10,NRS18_OR_10004,2018.0,7/25/2018,1,BERW,60.88,Good,USC00353430,11.429834542677762,USC00356269,16.331160420571866,USS0018E08S,20.519818222613814,USC00354119,21.402151932388698,USC00351937,23.421464430186358
2013044,ARTHROPODA,INSECTA,DIPTERA,CHIRONOMIDAE,PAGASTIA,PAGASTIA,4088,,,44.8514580551858,-118.142916,SmallStreams,Region_10,NRS18_OR_10007,2018.0,7/26/2018,1,BERW,62.12,Good,USS0018E03S,3.3138491478364243,USS0018E05S,4.412998839761628,USC00351937,8.160926239728141,USC00357250,9.03634420053539,US1ORBK0007,12.199307239538562
2013045,MOLLUSCA,GASTROPODA,,,,GASTROPODA,3745,10.0,0.0,38.7353559044631,-108.1669674,RiversMajor,Region_08,NRS18_CO_11725,2018.0,7/25/2018,1,BETB,36.3,Poor,USC00052192,7.938876806181632,US1CODL0011,9.779042184142295,US1CODL0068,10.413283783607202,US1CODL0042,10.5837668056514,US1COMT0016,11.935373463649453
2013046,ARTHROPODA,INSECTA,DIPTERA,CHIRONOMIDAE,ABLABESMYIA,ABLABESMYIA,3406,4.0,1.0,40.9628349536427,-89.28942601,LargeStreams,Region_05,NRS18_IL_10033,2018.0,7/26/2018,1,BERW,49.75,Good,USC00118797,9.865977783767821,US1ILWF0019,10.274037007745807,USC00114805,12.250106707639596,US1ILWF0025,13.390480438307769,US1ILMH0007,14.273173740290526
2013047,ARTHROPODA,INSECTA,COLEOPTERA,GYRINIDAE,GYRINUS,GYRINUS,3774,1.0,1.0,,,,Region_05,NRS18_MN_RF002,,7/26/2018,1,BETB,13.58,,ACW00011604,,US1OKCV0084,,US1OKCV0083,,US1OKCV0082,,US1OKCV0081,
2013048,ARTHROPODA,INSECTA,EPHEMEROPTERA,LEPTOHYPHIDAE,TRICORYTHODES,TRICORYTHODES,4384,21.0,1.0,,,,Region_05,NRS18_OH_10037,,7/26/2018,2,BETB,31.02,,ACW00011604,,US1OKCV0084,,US1OKCV0083,,US1OKCV0082,,US1OKCV0081,
2013049,ARTHROPODA,MALACOSTRACA,ISOPODA,ASELLIDAE,CAECIDOTEA,CAECIDOTEA,3540,17.0,1.0,,,,Region_03,NRS18_PA_10002,,7/24/2018,2,BETB,30.43,,ACW00011604,,US1OKCV0084,,US1OKCV0083,,US1OKCV0082,,US1OKCV0081,
2013050,ANNELIDA,OLIGOCHAETA,HAPLOTAXIDA,TUBIFICIDAE,BRANCHIURA,BRANCHIURA,3532,2.0,1.0,,,,Region_03,NRS18_PA_10016,,7/25/2018,2,BETB,13.8,,ACW00011604,,US1OKCV0084,,US1OKCV0083,,US1OKCV0082,,US1OKCV0081,
2013051,ARTHROPODA,INSECTA,DIPTERA,CHIRONOMIDAE,ABLABESMYIA,ABLABESMYIA,3406,2.0,1.0,29.4621369471899,-100.0014734,RiversMajor,Region_06,NRS18_TX_10039,2018.0,7/26/2018,1,BERW,66.1,Good,US1TXUV0016,1.828108306309736,US1TXUV0020,1.9593141825358427,USC00414907,2.0317208860329803,USC00416019,8.049021439852481,US1TXUV0019,15.064861796184667
2013052,ARTHROPODA,INSECTA,TRICHOPTERA,PHILOPOTAMIDAE,CHIMARRA,CHIMARRA,3579,2.0,1.0,35.6248353605418,-93.72112066,SmallStreams,Region_06,NRS18_AR_10192,2018.0,7/27/2018,1,BERW,23.83,Poor,US1ARFR0006,16.386556497811142,US1ARFR0004,17.202741105431933,USC00035508,17.95682762381105,USC00035512,18.254851318358774,USC00031574,20.73855854722777
2013053,ARTHROPODA,INSECTA,DIPTERA,CHIRONOMIDAE,PARATENDIPES,PARATENDIPES,4121,18.0,1.0,39.9493704800852,-90.56089308,SmallStreams,Region_05,NRS18_IL_10015,2018.0,7/27/2018,1,BERW,5.12,Poor,USC00110497,2.954152038527588,US1ILBR0001,4.303895413616908,USC00117278,10.841204720928173,US1ILCS0004,13.014355461974263,USC00110492,13.569894299142641
2013054,ARTHROPODA,INSECTA,EPHEMEROPTERA,BAETIDAE,ACERPENNA,ACERPENNA,3408,1.0,1.0,42.9681722332306,-84.05173434,RiversOther,Region_05,NRS18_MI_10022,2018.0,7/27/2018,1,BERW,61.4,Good,USC00201818,3.853159656172246,US1MISW0005,6.043996479369752,USC00202328,6.841201881958857,US1MISW0008,7.776347738521169,USC00206297,9.597976528840588
2013055,ARTHROPODA,INSECTA,DIPTERA,CERATOPOGONIDAE,,CERATOPOGONINAE,3567,1.0,1.0,38.6961953346594,-104.7115425,RiversOther,Region_08,NRS18_CO_10021,2018.0,7/27/2018,1,BERW,27.27,Fair,US1COEP0212,0.8130832872612512,US1COEP0022,1.2032614175460428,USC00053063,2.2268612970985098,US1COEP0370,2.3960551379700954,US1COEP0202,2.6512065937397167
2013056,ARTHROPODA,INSECTA,DIPTERA,CHIRONOMIDAE,PENTANEURA,PENTANEURA,4134,,,39.5646374686745,-104.2890967,LargeStreams,Region_08,NRS18_CO_10033,2018.0,7/26/2018,1,BERW,11.2,Poor,US1COAR0224,3.926400813671447,US1COAR0406,6.001447909759591,US1COAR0208,6.678784365610734,US1COAR0194,10.51454752038556,US1COEL0010,13.990901914095666
2013057,ANNELIDA,OLIGOCHAETA,HAPLOTAXIDA,TUBIFICIDAE,AULODRILUS,AULODRILUS,3496,1.0,1.0,41.7325038740293,-71.4937123,SmallStreams,Region_01,NRS18_RI_10192,2018.0,7/27/2018,1,BERW,0.0,Poor,US1RIKN0074,0.5646455069860957,US1RIKN0071,1.0918852014712084,US1RIPR0111,2.117318934016868,US1RIPR0057,2.636515302617261,US1RIKN0018,3.1542101716523834
2013058,ARTHROPODA,INSECTA,DIPTERA,CHIRONOMIDAE,NANOCLADIUS,NANOCLADIUS,4005,1.0,1.0,33.5898619366445,-82.21196701,SmallStreams,Region_04,NRS18_GA_10022,2018.0,7/25/2018,1,BERW,27.67,Poor,US1GACU0029,4.4888085190739195,US1GACU0018,5.155920133692057,USC00385775,6.395461959482251,US1GACU0003,7.3186849012537465,US1GACU0013,7.917852379381586
2013059,ARTHROPODA,INSECTA,ODONATA,GOMPHIDAE,,GOMPHIDAE,3759,2.0,1.0,38.3501333083229,-104.6111431,RiversOther,Region_08,NRS18_CO_10070,2018.0,7/27/2018,1,BERW,12.72,Poor,US1COPU0117,3.391062501720484,US1COPU0015,3.9891452366081332,US1COPU0147,4.127594978738394,US1COPU0082,5.703837069813857,US1COPU0017,5.743883262180942
2013060,ARTHROPODA,INSECTA,TRICHOPTERA,LEPTOCERIDAE,OECETIS,OECETIS,4060,,,38.5696115479404,-106.9424621,RiversMajor,Region_08,NRS18_CO_10024,2018.0,7/26/2018,1,BETB,13.98,Poor,US1COGN0052,1.961001659469891,US1COGN0068,2.7619676347932827,US1COGN0036,2.8049170133397867,US1COGN0019,3.1132781327648273,US1COGN0027,3.1697349145275684
2013061,ARTHROPODA,ARACHNIDA,TROMBIDIFORMES,LIMNESIIDAE,LIMNESIA,LIMNESIA,3920,1.0,1.0,34.3114328025322,-82.78739283,RiversMajor,Region_04,NRS18_SC_10020,2018.0,7/29/2018,1,BETB,11.75,Poor,US1SCAN0016,3.155346616316817,USC00094138,5.397251964502215,US1SCAN0022,10.44894625721249,US1SCAN0010,11.02764435491987,US1GAEL0010,11.187682594389644
2013062,PLATYHELMINTHES,TURBELLARIA,,,,TURBELLARIA,4393,1.0,1.0,36.1022952373425,-91.61969827,LargeStreams,Region_06,NRS18_AR_10034,2018.0,7/29/2018,1,BERW,54.3,Good,USC00032366,2.458331384425813,US1ARSH0020,3.610642675105453,US1ARSH0014,5.4872554298621,US1ARSH0003,7.549899830427459,US1ARSH0009,7.9511663495143425
2013063,ARTHROPODA,INSECTA,ODONATA,GOMPHIDAE,,GOMPHIDAE,3759,,,42.6544775282784,-72.46514205,RiversMajor,Region_01,NRS18_MA_10006,2018.0,7/29/2018,1,BETB,8.7,Poor,US1MAFR0001,6.231564702396527,USC00198580,8.113722483912548,US1MAFR0035,8.119592164888248,US1MAFR0021,9.098072640529438,US1MAFR0047,9.287323086698143
2013071,MOLLUSCA,GASTROPODA,BASOMMATOPHORA,ANCYLIDAE,FERRISSIA,FERRISSIA,3735,6.0,1.0,44.9102851648039,-90.49366297,LargeStreams,Region_05,NRS18_WI_10007,2018.0,7/30/2018,1,BERW,31.2,Fair,USC00476358,4.440345944106001,USC00476357,6.060961951179603,USC00471931,6.487110844077641,US1WICK0003,6.901265516101199,USC00471720,15.546792686714836
2013072,ARTHROPODA,INSECTA,DIPTERA,CHIRONOMIDAE,TRIBELOS,TRIBELOS,4379,60.0,1.0,41.5218167998318,-71.59217352,LargeStreams,Region_01,NRS18_RI_10008,2018.0,7/30/2018,1,BERW,35.65,Poor,US1RIWS0095,3.9392288390940173,US1RIWS0062,4.18144192428172,US1RIWS0032,4.353542219498668,US1RIWS0019,4.780838043112741,US1RIWS0069,4.795130755091095
2013073,ARTHROPODA,INSECTA,TRICHOPTERA,HYDROPSYCHIDAE,HYDROPSYCHE,HYDROPSYCHE,3844,4.0,1.0,39.6718467031065,-85.00230457,LargeStreams,Region_05,NRS18_IN_10013,2018.0,7/30/2018,1,BERW,65.08,Good,USC00125049,7.578665286581427,USC00125050,11.442928974037223,US1INFY0003,12.304044238102502,US1INFY0009,13.877860100938053,US1INFY0002,13.919916366344694
2013074,ARTHROPODA,INSECTA,ODONATA,GOMPHIDAE,OPHIOGOMPHUS,OPHIOGOMPHUS,4069,3.0,1.0,38.1432187627657,-104.6370915,LargeStreams,Region_08,NRS18_CO_10523,2018.0,7/29/2018,1,BERW,30.0,Fair,USC00056767,4.5974965875146,USC00055001,5.5526689200542245,US1COPU0144,7.9363381487880975,US1COPU0005,8.567134590669504,US1COPU0078,9.177789189125683
2013075,ARTHROPODA,INSECTA,DIPTERA,STRATIOMYIDAE,STRATIOMYS,STRATIOMYS,4319,2.0,1.0,36.051922957934,-90.32523631,SmallStreams,Region_07,NRS18_MO_10027,2018.0,7/30/2018,1,BERW,16.52,Poor,USC00231321,9.975786973427283,US1ARGN0016,13.782483453833402,US1ARGN0022,13.971730341595496,USC00035562,15.090379193244642,USC00035563,15.130208163226598
2013076,ARTHROPODA,INSECTA,EPHEMEROPTERA,LEPTOPHLEBIIDAE,,LEPTOPHLEBIIDAE,3904,3.0,1.0,37.1760795043494,-105.7310464,RiversMajor,Region_08,NRS18_CO_10011,2018.0,7/29/2018,1,BERW,43.28,Fair,US1COCS0010,15.514348872769704,USC00055322,18.521785756671996,USC00054346,21.41298121046667,US1COCS0005,22.013281291067607,US1COCS0012,23.144103490257816
2013077,ARTHROPODA,INSECTA,DIPTERA,CHIRONOMIDAE,XESTOCHIRONOMUS,XESTOCHIRONOMUS,4422,1.0,1.0,34.5078297086731,-81.51029334,RiversOther,Region_04,NRS18_SC_10781,2018.0,7/30/2018,1,BETB,15.72,Poor,USC00389218,4.610262300964933,US1SCNW0029,12.662443405598772,USC00380777,13.713850187426385,USC00387722,14.17214438455154,USC00380772,14.315288555357757
2013078,ARTHROPODA,INSECTA,EPHEMEROPTERA,CAENIDAE,CAENIS,CAENIS,3542,3.0,1.0,39.4660277270724,-81.48058598,RiversOther,Region_05,NRS18_OH_10009,2018.0,7/30/2018,1,BETB,24.92,Poor,US1OHWS0014,0.6803581879229283,USC00334929,3.8294934222073946,USC00334924,6.563768980416087,US1WVWD0007,7.31184974222218,USC00334927,7.59063309014544
2013079,ARTHROPODA,INSECTA,DIPTERA,CHIRONOMIDAE,STEMPELLINA,STEMPELLINA,4307,9.0,1.0,44.8639685574444,-71.54817245,RiversMajor,Region_01,NRS18_NH_10007,2018.0,7/30/2018,1,BETB,42.13,Fair,USC00271647,0.77577250702558,USC00434603,4.7117825865772405,US1VTES0002,7.416433665618328,USC00271662,8.46416501071072,USC00430690,9.388030593695394
2013080,ARTHROPODA,INSECTA,ODONATA,GOMPHIDAE,,GOMPHIDAE,3759,1.0,1.0,38.0623777846736,-104.4110972,RiversOther,Region_08,NRS18_CO_10975,2018.0,7/30/2018,1,BERW,0.0,Poor,USC00051157,5.844686444413952,USC00050837,15.219439282202103,US1COPU0051,15.438251388864547,USC00055001,16.235893336517037,US1COPU0091,18.570273881546957
2013081,ARTHROPODA,INSECTA,DIPTERA,CHIRONOMIDAE,POLYPEDILUM,POLYPEDILUM,4178,2.0,1.0,44.3152156557795,-84.21130805,SmallStreams,Region_05,NRS18_MI_10005,2018.0,7/31/2018,1,BERW,44.95,Good,US1MIOG0002,3.2577062265267642,USC00208800,6.833118823066504,US1MIOG0006,8.101161144135435,US1MIOG0001,11.396751775889772,USC00204966,14.893942387004614
2013082,ARTHROPODA,INSECTA,PLECOPTERA,PERLODIDAE,,PERLODIDAE,4141,2.0,1.0,,,,Region_01,NRS18_VT_10001,,7/31/2018,2,BERW,61.73,,ACW00011604,,US1OKCV0084,,US1OKCV0083,,US1OKCV0082,,US1OKCV0081,
2013083,ARTHROPODA,INSECTA,DIPTERA,CHIRONOMIDAE,CHIRONOMUS,CHIRONOMUS,3582,1.0,1.0,47.1678874332294,-102.6457542,LargeStreams,Region_08,NRS18_ND_10004,2018.0,7/31/2018,1,BERW,40.17,Poor,USC00323446,1.743587435559274,US1NDDN0003,11.241085981014612,USC00325519,11.67889411874554,USC00322193,15.077395556636846,US1NDDN0004,17.340645912743117
2013084,ANNELIDA,POLYCHAETA,SABELLIDA,SABELLIDAE,,SABELLIDAE,4259,2.0,1.0,43.3050722238198,-73.59358931,RiversMajor,Region_02,NRS18_NY_10038,2018.0,7/31/2018,1,BETB,21.27,Poor,USW00014750,3.965638360901666,USC00303289,4.743797484399855,USC00303281,5.943032318254572,USC00303299,6.393136577836127,US1NYWR0013,6.607929840439491
2013085,MOLLUSCA,GASTROPODA,BASOMMATOPHORA,PHYSIDAE,PHYSA,PHYSA,4149,4.0,1.0,40.7996551647927,-98.43775325,RiversOther,Region_07,NRS18_NE_10009,2018.0,7/31/2018,1,BETB,14.82,Poor,US10hall017,2.8473739691610187,US10hall009,3.553032817536029,US1Hall4018,6.322650444590974,US1NEHL0004,7.16877419878178,US10hall004,8.246512456818234
2013086,ARTHROPODA,ARACHNIDA,TROMBIDIFORMES,LEBERTIIDAE,LEBERTIA,LEBERTIA,3892,2.0,1.0,39.7146449004462,-85.18634092,SmallStreams,Region_05,NRS18_IN_10010,2018.0,7/31/2018,1,BERW,51.13,Good,US1INFY0003,4.304679152899504,USC00121777,7.192893810365402,US1INFY0009,8.864660134057974,US1INRS0002,12.252976564127934,US1INHY0038,13.725779804472248
2013087,ARTHROPODA,INSECTA,DIPTERA,CHIRONOMIDAE,LOPESCLADIUS,LOPESCLADIUS,3939,2.0,1.0,39.8543291326936,-82.95790904,RiversOther,Region_05,NRS18_OH_10032,2018.0,7/30/2018,1,BETB,45.75,Good,USC00331779,2.633385397075761,USW00013812,4.682146753923726,US1OHFR0143,5.161781828737358,USC00331783,6.467991284871795,US1OHFR0111,8.812402790046988
2013088,ARTHROPODA,INSECTA,EPHEMEROPTERA,LEPTOPHLEBIIDAE,,LEPTOPHLEBIIDAE,3904,11.0,1.0,37.0231192187461,-107.1671952,RiversMajor,Region_08,NRS18_CO_10046,2018.0,7/30/2018,1,BETB,61.97,Good,US1COAU0066,9.2232619176211,USC00292608,17.74386662283822,USW00003075,17.752130647548082,US1COAU0086,21.170393042694666,US1COAU0011,21.504250120376472
2013089,MOLLUSCA,BIVALVIA,VENEROIDA,PISIDIIDAE,,PISIDIIDAE,4158,4.0,1.0,34.3298847533045,-80.69510871,RiversMajor,Region_04,NRS18_SC_10012,2018.0,7/31/2018,1,BETB,18.35,Poor,USC00388979,0.900960500338585,US1SCKR0048,7.8778363022367675,US1SCKR0014,8.394794540867291,US1SCKR0017,8.88959227894111,US1SCKR0036,8.971614202661751
2013090,ARTHROPODA,INSECTA,TRICHOPTERA,HYDROPSYCHIDAE,POTAMYIA,POTAMYIA,4186,1.0,1.0,36.6087019256978,-89.30583201,RiversMajor,Region_07,NRS18_MO_10009,2018.0,7/31/2018,1,BETB,20.08,Poor,USC00153816,13.271146706425966,USC00408065,17.463606280454286,USC00236040,19.035718882655402,US1MONM0008,20.242493361218074,USC00236045,20.37975099189535
2013091,ARTHROPODA,INSECTA,DIPTERA,CHIRONOMIDAE,GLYPTOTENDIPES,GLYPTOTENDIPES,3756,4.0,1.0,33.8636235341702,-97.00595407,RiversMajor,Region_06,NRS18_OK_10007,2018.0,7/31/2018,1,BETB,8.15,Poor,US1TXGA0015,11.867097929633308,US1OKLV0005,13.383930552205765,US1TXGA0039,14.386061574183634,USC00345563,14.675894164270609,US1OKLV0001,15.06123925890263
2013092,ARTHROPODA,INSECTA,TRICHOPTERA,RHYACOPHILIDAE,RHYACOPHILA,RHYACOPHILA,4253,3.0,1.0,41.8684239102624,-72.08972479,LargeStreams,Region_01,NRS18_CT_10006,2018.0,7/31/2018,1,BERW,72.28,Good,USC00065125,1.7375725373957183,USC00062073,3.5511570580848626,US1CTWN0012,4.267387340483558,US1CTWN0003,5.06733072566363,US1CTWN0001,6.317094856306278
2013093,ARTHROPODA,MALACOSTRACA,DECAPODA,PALAEMONIDAE,PALAEMON,PALAEMON,5126,85.0,1.0,33.8843292162294,-96.98814858,RiversMajor,Region_06,NRS18_OK_10009,2018.0,7/31/2018,1,BETB,16.37,Poor,US1TXGA0015,11.180940043060776,US1OKML0005,13.366046683535453,US1OKLV0005,13.582066052411136,US1TXGA0039,14.32857218083408,US1TXGA0026,15.17895991930628
2013094,ARTHROPODA,INSECTA,COLEOPTERA,DYTISCIDAE,,DYTISCIDAE,3679,2.0,1.0,44.4907140878577,-122.8137147,RiversOther,Region_10,NRS18_OR_10002,2018.0,7/31/2018,1,BETB,23.13,Poor,US1ORLN0054,1.1049209296733906,US1ORLN0072,3.991767242232992,USC00359083,5.462370865168984,US1ORLN0034,5.782071370199234,US1ORLN0001,5.948992806173415
2013095,ARTHROPODA,INSECTA,DIPTERA,CHIRONOMIDAE,TANYTARSUS,TANYTARSUS,4348,7.0,1.0,43.3076253033567,-73.63244863,SmallStreams,Region_02,NRS18_NY_10026,2018.0,8/1/2018,1,BETB,17.52,Poor,USC00303289,1.7420551665935597,USC00303281,2.898400457359378,USC00303299,3.8729993916845107,USW00014750,3.8823782903162223,USC00303284,4.152770688412489
2013096,ARTHROPODA,INSECTA,DIPTERA,EMPIDIDAE,,EMPIDIDAE,3695,9.0,0.0,44.5409514370486,-73.03445819,LargeStreams,Region_01,NRS18_VT_10015,2018.0,8/1/2018,1,BERW,31.93,Poor,US1VTCH0037,3.7731777447270187,US1VTCH0019,4.382859551290095,US1VTCH0054,6.640525701673778,US1VTCH0072,7.088078440307054,USC00432843,7.39338862403262
2013097,ARTHROPODA,INSECTA,DIPTERA,CHIRONOMIDAE,PHAENOPSECTRA,PHAENOPSECTRA,4143,5.0,1.0,39.187273908572,-85.34940479,SmallStreams,Region_05,NRS18_IN_10001,2018.0,8/1/2018,1,BERW,24.45,Poor,USC00126055,3.184578860073929,US1INDC0007,7.6645596909913944,USC00126625,8.276675280315127,US1INRP0004,9.971119935374942,US1INRP0005,10.267719650800482
2013098,MOLLUSCA,GASTROPODA,BASOMMATOPHORA,LYMNAEIDAE,GALBA,GALBA,5117,1.0,1.0,47.1811504193222,-120.0244085,LargeStreams,Region_10,NRS18_WA_10522,2018.0,7/31/2018,1,BERW,64.45,Good,USC00458579,4.361928511237797,USC00456880,13.818349939446142,USC00456875,16.338691357263347,USS0020B25S,20.785715057832626,US1WAGR0008,22.100538796566273
2013099,PLATYHELMINTHES,TURBELLARIA,,,,TURBELLARIA,4393,3.0,1.0,45.6986077500135,-120.4175269,RiversMajor,Region_10,NRS18_WA_10008,2018.0,7/27/2018,1,BETB,2.38,Poor,USC00350788,7.388505905778073,USC00455958,16.06192991195638,USC00350265,16.582955719115233,USC00454035,22.02597866542355,USC00359068,24.755208849319253
2013100,ARTHROPODA,INSECTA,EPHEMEROPTERA,BAETIDAE,CALLIBAETIS,CALLIBAETIS,3544,2.0,1.0,48.1394315625538,-119.0654186,RiversMajor,Region_10,NRS18_WA_10024,2018.0,7/30/2018,1,BETB,12.03,Poor,USC00455832,6.131801173508369,USC00455664,17.181321888187544,US1WAOK0019,18.52228215932028,USC00451767,21.146601905953595,USS0019A13S,24.549843004127126
2013101,ARTHROPODA,MALACOSTRACA,AMPHIPODA,GAMMARIDAE,GAMMARUS,GAMMARUS,3744,2.0,1.0,46.6902134940879,-117.4968159,RiversMajor,Region_10,NRS18_WA_10026,2018.0,7/28/2018,1,BETB,10.28,Poor,USC00454835,6.5940857297546875,USC00459024,8.635140686569892,US1WAWM0006,20.066828594204072,US1WAWM0001,23.942684238125626,USC00451586,24.205799433168185
2013102,ARTHROPODA,INSECTA,DIPTERA,CHIRONOMIDAE,PARATANYTARSUS,PARATANYTARSUS,4120,1.0,1.0,48.0873196054411,-119.0223688,RiversMajor,Region_10,NRS18_WA_10040,2018.0,7/30/2018,1,BETB,7.22,Poor,USC00455832,5.8782958661636435,USC00451767,14.875834558790574,US1WALN0002,19.419518098067,US1WAOK0019,22.4476080127815,USC00455664,23.757595114637535
2013103,ARTHROPODA,INSECTA,DIPTERA,CHIRONOMIDAE,POTTHASTIA,POTTHASTIA,4187,2.0,1.0,47.4613894510131,-120.3168798,RiversMajor,Region_10,NRS18_WA_10039,2018.0,7/29/2018,1,BETB,7.65,Poor,US1WADG0011,1.2103081728104936,US1WACH0011,3.0942338010362564,US1WACH0014,3.1303648015675303,US1WADG0009,3.486976517089609,US1WADG0003,3.5838764540902113
2013104,ANNELIDA,OLIGOCHAETA,HAPLOTAXIDA,NAIDIDAE,,NAIDIDAE,4003,3.0,1.0,40.6785958028217,-99.48502099,RiversMajor,Region_07,NRS18_NE_10024,2018.0,8/1/2018,1,BETB,54.45,Good,US10daws014,4.9414638210942226,US10phel009,5.797941494196658,USC00256435,6.084558785489255,US10buff013,7.040532467682907,US10daws013,7.955337061887941
2013105,ARTHROPODA,INSECTA,TRICHOPTERA,LIMNEPHILIDAE,PYCNOPSYCHE,PYCNOPSYCHE,4233,1.0,1.0,41.4884666813538,-78.13260722,SmallStreams,Region_03,NRS18_PA_10005,2018.0,8/1/2018,1,BERW,71.67,Good,USC00361180,7.058689780566553,USC00362633,7.674469243207486,USC00362629,8.158893051676081,US1PACR0001,9.37217072255162,USC00362635,9.754431972836791
2013106,ARTHROPODA,INSECTA,DIPTERA,CHIRONOMIDAE,TRIBELOS,TRIBELOS,4379,3.0,1.0,36.606373521468,-85.50504123,RiversMajor,Region_04,NRS18_TN_10002,2018.0,8/1/2018,1,BETB,0.12,Poor,US1TNCY0002,6.015873633334306,USC00401561,8.340217513159082,USC00402305,9.496496012898188,US1TNCY0004,9.947099365494038,USC00154376,12.373095970091864
2013107,ARTHROPODA,ARACHNIDA,TROMBIDIFORMES,HYGROBATIDAE,HYGROBATES,HYGROBATES,3855,1.0,1.0,45.4940435030942,-90.96128054,SmallStreams,Region_05,NRS18_WI_10035,2018.0,8/1/2018,1,BERW,63.6,Good,USC00473090,3.5372445316531547,USC00470773,6.847282002221978,US1WIRS0004,11.374548788434362,USC00474396,11.521882211345513,US1WIRS0011,11.891148828151715
2013108,ARTHROPODA,INSECTA,COLEOPTERA,ELMIDAE,STENELMIS,STENELMIS,4310,13.0,1.0,45.2691920335702,-92.49501632,LargeStreams,Region_05,NRS18_WI_10066,2018.0,7/31/2018,1,BERW,64.9,Good,US1WIPK0029,5.099212690531187,US1WIPK0004,6.461635532587944,US1WIPK0042,7.73854587847096,US1WIPK0041,8.205619738121953,US1WIPK0019,10.458109828533296
2013109,ARTHROPODA,INSECTA,DIPTERA,CHIRONOMIDAE,TRISSOPELOPIA,TRISSOPELOPIA,4386,2.0,1.0,37.4917628354756,-78.75646116,SmallStreams,Region_03,NRS18_VA_10003,2018.0,8/1/2018,1,BERW,50.97,Good,USC00444046,14.79732480810704,US1VABK0004,15.956859111524452,USC00444802,18.786895074738133,USC00440243,19.460141184419374,USC00441136,19.77225867508894
2013110,ARTHROPODA,INSECTA,TRICHOPTERA,HYDROPTILIDAE,LEUCOTRICHIA,LEUCOTRICHIA,3910,13.0,1.0,37.0710959497053,-107.6140928,LargeStreams,Region_08,NRS18_CO_10020,2018.0,7/31/2018,1,BERW,57.03,Good,USC00054250,7.343045375608663,USC00054254,7.346552256122995,US1COLP0038,7.4197696380962075,US1COLP0092,7.543443064629414,US1COLP0009,8.119254181234083
2013111,ARTHROPODA,INSECTA,DIPTERA,CERATOPOGONIDAE,ATRICHOPOGON,ATRICHOPOGON,3491,1.0,1.0,40.1488700656835,-80.70355735,RiversMajor,Region_05,NRS18_OH_10019,2018.0,8/1/2018,1,BETB,9.0,Poor,USC00467018,0.21858619298552912,USC00469484,3.58990945698758,US1WVOH0002,4.204780947405445,USC00469492,5.442514429097345,USW00014894,5.564601715149689
2013112,ARTHROPODA,INSECTA,TRICHOPTERA,LEPTOCERIDAE,NECTOPSYCHE,NECTOPSYCHE,4011,1.0,1.0,34.1262214181086,-80.65031792,RiversMajor,Region_04,NRS18_SC_10005,2018.0,8/1/2018,1,BETB,43.93,Fair,US1SCKR0055,6.651422580829333,US1SCKR0056,6.8428729643008515,US1SCKR0008,10.872667731820515,US1SCKR0027,11.332957896630186,US1SCKR0057,12.170580979321542
2013113,ARTHROPODA,INSECTA,DIPTERA,CHIRONOMIDAE,DICROTENDIPES,DICROTENDIPES,3658,33.0,1.0,36.509600452275,-90.40380405,RiversMajor,Region_07,NRS18_MO_10040,2018.0,8/1/2018,1,BETB,57.7,Good,USC00235950,4.997032752850966,USC00031634,16.81248064712505,USC00236970,17.926998465998,USC00031632,20.229979269430796,USC00033930,21.23046090535929
2013114,ARTHROPODA,INSECTA,DIPTERA,CHIRONOMIDAE,POLYPEDILUM,POLYPEDILUM,4178,13.0,1.0,43.0441962350419,-97.36152662,SmallStreams,Region_08,NRS18_SD_10029,2018.0,8/1/2018,1,BERW,25.77,Poor,US1SDYN0011,14.912584429094489,US1SDYN0023,17.08698793631849,USW00094911,18.414234159852708,US1SDYN0009,18.707692498490736,USC00399507,19.98349069692891
2013115,ARTHROPODA,INSECTA,EPHEMEROPTERA,CAENIDAE,CAENIS,CAENIS,3542,1.0,1.0,37.6046199233321,-103.6059701,RiversOther,Region_08,NRS18_CO_10009,2018.0,8/1/2018,1,BERW,24.93,Fair,US1COLA0001,17.01846158773634,US1COOT0042,17.021323500784163,USC00054726,19.89491151141052,USC00053982,20.286735906858446,US1COOT0051,27.86454441833257
2013116,ARTHROPODA,INSECTA,DIPTERA,CHIRONOMIDAE,STENOCHIRONOMUS,STENOCHIRONOMUS,4311,1.0,1.0,41.1123126435263,-74.97563402,RiversMajor,Region_02,NRS18_NJ_10019,2018.0,8/1/2018,1,BETB,28.42,Poor,US1NJSS0040,8.633353176190735,US1PAMN0009,10.61451605788524,US1NJWR0022,10.848614705627073,US1NJWR0028,10.904155755351665,US1PAPK0009,11.013803370548553
2013117,ARTHROPODA,ARACHNIDA,TROMBIDIFORMES,PROTZIIDAE,PROTZIA,PROTZIA,4204,1.0,1.0,45.5191548429358,-115.9668094,SmallStreams,Region_10,NRS18_ID_10057,2018.0,7/31/2018,1,BERW,68.82,Good,USC00105429,26.003554989217378,US1IDID0006,26.421822380120723,USR0000ISLA,27.71070941926817,USC00108475,27.71070941926817,US1IDID0009,34.13286106929035
2013118,ARTHROPODA,INSECTA,EPHEMEROPTERA,BAETIDAE,BAETIS,BAETIS,3501,7.0,1.0,45.5305645868909,-116.0130752,SmallStreams,Region_10,NRS18_ID_10095,2018.0,7/30/2018,1,BERW,40.62,Fair,USC00105429,22.35158900429977,US1IDID0006,22.68826271883349,USC00108475,23.932395981080045,USR0000ISLA,23.932395981080045,US1IDID0009,31.290784773506637
2013119,ARTHROPODA,INSECTA,DIPTERA,TIPULIDAE,DICRANOTA,DICRANOTA,3657,1.0,1.0,45.9935763460971,-115.8989656,SmallStreams,Region_10,NRS18_ID_10280,2018.0,8/1/2018,1,BERW,89.08,Good,US1IDID0011,4.598303081915183,US1IDID0012,6.673180621577227,USC00105013,9.057221041600242,USC00105015,11.678312654920163,USC00103780,18.018773467265337
2013120,ARTHROPODA,INSECTA,TRICHOPTERA,ODONTOCERIDAE,PSILOTRETA,PSILOTRETA,4220,1.0,1.0,44.0094161421892,-72.4004584,SmallStreams,Region_01,NRS18_VT_10013,2018.0,8/2/2018,1,BERW,47.38,Fair,US1VTOG0015,4.2700986647204955,USC00431360,4.91303163695827,USC00431565,6.488755888906313,USC00431363,6.626903294586646,US1VTOG0011,9.796205098845576
2013121,ARTHROPODA,ARACHNIDA,TROMBIDIFORMES,ARRENURIDAE,ARRENURUS,ARRENURUS,3481,17.0,1.0,32.4610359923805,-94.70198022,SmallStreams,Region_06,NRS18_TX_10004,2018.0,7/31/2018,1,BERW,32.3,Poor,USC00415341,1.914084484547318,US1TXGG0019,6.186691768038729,US1TXGG0021,6.375160991812772,USC00415344,6.562240122570327,US1TXGG0007,7.763836737245896
2013122,ARTHROPODA,INSECTA,DIPTERA,CHIRONOMIDAE,DICROTENDIPES,DICROTENDIPES,3658,2.0,1.0,33.587430873046,-94.45554905,RiversMajor,Region_06,NRS18_TX_10035,2018.0,8/1/2018,1,BETB,37.4,Poor,USC00415187,4.273964617218683,USC00416271,13.464394293071216,US1TXBWE011,13.67389851981052,US1TXBWE007,15.006336896245065,USC00416270,15.379490466121892
2013123,ARTHROPODA,INSECTA,DIPTERA,CHIRONOMIDAE,POLYPEDILUM,POLYPEDILUM,4178,10.0,1.0,43.2486611188534,-73.74077517,RiversMajor,Region_02,NRS18_NY_10014,2018.0,8/2/2018,1,BETB,10.7,Poor,USC00308104,1.864376606640233,US1NYSR0059,3.4388827424195223,US1NYWR0004,4.881680507509618,USC00305580,5.462250660980175,US1NYWR0003,6.980812375161247
2013124,ARTHROPODA,INSECTA,TRICHOPTERA,LEPTOCERIDAE,OECETIS,OECETIS,4060,1.0,1.0,35.691637365508,-87.22674783,RiversOther,Region_04,NRS18_TN_10016,2018.0,8/2/2018,1,BETB,16.2,Poor,US1TNMY0037,6.37072892185979,USC00408203,8.257081425337335,US1TNHM0009,10.256350045343664,USC00406154,10.319397469126512,US1TNMY0041,11.92324701539576
2013125,ANNELIDA,OLIGOCHAETA,HAPLOTAXIDA,NAIDIDAE,,NAIDIDAE,4003,,,44.1679536616252,-122.24967,RiversOther,Region_10,NRS18_OR_10011,2018.0,8/1/2018,1,BETB,35.9,Fair,USC00351914,4.177552391867193,USC00355357,6.833336704575,US1ORLA0130,7.046632333510318,USC00355362,10.701937559229528,US1ORLA0176,15.394109053410995
2013127,ARTHROPODA,INSECTA,TRICHOPTERA,LEPTOCERIDAE,NECTOPSYCHE,NECTOPSYCHE,4011,3.0,1.0,,,,Region_05,NRS18_IN_10008,,8/2/2018,2,BERW,19.63,,ACW00011604,,US1OKCV0084,,US1OKCV0083,,US1OKCV0082,,US1OKCV0081,
2013128,ARTHROPODA,INSECTA,DIPTERA,CHIRONOMIDAE,PARALAUTERBORNIELLA,PARALAUTERBORNIELLA,4107,1.0,1.0,,,,Region_08,NRS18_ND_10001,,8/2/2018,2,BERW,54.5,,ACW00011604,,US1OKCV0084,,US1OKCV0083,,US1OKCV0082,,US1OKCV0081,
2013129,ARTHROPODA,ARACHNIDA,SARCOPTIFORMES,,,SARCOPTIFORMES,4263,,,41.4798270316434,-78.06973939,SmallStreams,Region_03,NRS18_PA_10017,2018.0,8/2/2018,1,BERW,68.0,Good,USC00368469,9.469093241786478,USC00361180,11.349404177632005,USC00362633,12.90771636699238,USC00362629,13.475168185439294,US1PACR0001,14.477006969195772
2013130,ARTHROPODA,INSECTA,COLEOPTERA,DRYOPIDAE,HELICHUS,HELICHUS,3788,1.0,1.0,37.6658283789822,-104.2322735,RiversOther,Region_08,NRS18_CO_10974,2018.0,8/2/2018,1,BERW,29.8,Fair,US1COLA0072,8.260525486080821,US1COLA0077,15.859772808330392,USC00052178,19.32064263719417,USC00058997,24.6910165588459,USC00050784,24.918790970318696
2013131,ARTHROPODA,ARACHNIDA,TROMBIDIFORMES,LEBERTIIDAE,LEBERTIA,LEBERTIA,3892,1.0,1.0,41.8455303026767,-70.61924261,SmallStreams,Region_01,NRS18_MA_10011,2018.0,8/2/2018,1,BERW,49.07,Fair,US1MAPL0052,3.7725487853971758,US1MAPL0063,5.144286260754439,US1MAPL0039,5.669531619513617,US1MAPL0002,6.4519576143545105,US1MAPL0054,7.10799818549233
2013132,ARTHROPODA,MALACOSTRACA,ISOPODA,ASELLIDAE,CAECIDOTEA,CAECIDOTEA,3540,3.0,1.0,40.0410916442885,-104.825239,RiversMajor,Region_08,NRS18_CO_11423,2018.0,8/1/2018,1,BETB,19.68,Poor,US1COWE0485,3.2243166132375216,US1COAD0053,4.322953887204716,USC00053027,4.566188433318033,US1COWE0027,4.978114297964039,US1COWE0444,5.06533866848475
2013133,ARTHROPODA,INSECTA,EPHEMEROPTERA,BAETIDAE,,BAETIDAE,3500,4.0,1.0,40.5069035295173,-80.61779008,RiversMajor,Region_05,NRS18_OH_10034,2018.0,8/2/2018,1,BETB,1.32,Poor,USC00466442,2.2869243225375797,USC00469345,11.982055203135536,US1WVHN0003,12.203351425726988,USC00461609,13.48513458156806,US1OHCB0031,14.2134285559636
2013134,ANNELIDA,OLIGOCHAETA,HAPLOTAXIDA,NAIDIDAE,,NAIDIDAE,4003,2.0,1.0,43.2777227097481,-97.29452776,LargeStreams,Region_08,NRS18_SD_10018,2018.0,8/2/2018,1,BERW,35.37,Fair,US1SDTR0002,8.89109713955892,USC00395228,16.245097771085604,US1SDTR0009,16.589948774908173,US1SDTR0003,17.061125350242055,US1SDTR0001,20.920917469180324
2013135,MOLLUSCA,BIVALVIA,VENEROIDA,PISIDIIDAE,MUSCULIUM,MUSCULIUM,3997,1.0,1.0,39.4106518395422,-82.98479119,RiversMajor,Region_05,NRS18_OH_10020,2018.0,8/2/2018,1,BETB,57.92,Good,USR0000OCHL,2.7634567222146957,USC00331528,4.342989797450381,US1OHRS0014,6.48162682592423,USC00331524,8.491126531752082,USC00331523,8.740582705051796
2013136,ARTHROPODA,INSECTA,DIPTERA,CHIRONOMIDAE,RHEOTANYTARSUS,RHEOTANYTARSUS,4247,1.0,1.0,39.488266966081,-82.9948937,RiversMajor,Region_05,NRS18_OH_10035,2018.0,8/1/2018,1,BETB,25.32,Poor,US1OHRS0014,10.606406233664853,USR0000OCHL,11.425442940542235,USC00331528,12.68348942487772,USC00336675,13.141614925338859,USC00331524,13.616756989358237
2013137,ARTHROPODA,INSECTA,COLEOPTERA,DRYOPIDAE,HELICHUS,HELICHUS,3788,2.0,1.0,39.7782351888594,-86.44708213,SmallStreams,Region_05,NRS18_IN_10005,2018.0,8/3/2018,1,BERW,43.43,Good,US1INHS0004,3.8534391018471212,US1INHS0043,4.16830058069199,US1INHS0021,4.604555847190636,US1INHS0056,5.145944020888477,US1INHS0006,5.560473751977396
2013138,ARTHROPODA,INSECTA,DIPTERA,TIPULIDAE,DICRANOTA,DICRANOTA,3657,3.0,1.0,41.900603112775,-72.17456169,SmallStreams,Region_01,NRS18_CT_10030,2018.0,8/2/2018,1,BERW,79.42,Good,US1CTWN0012,4.460933508902049,USC00067949,5.882059956985612,US1CTWN0001,7.3281539857647715,US1CTTL0043,7.388779782051389,USC00062073,7.553413883619304
2013139,ARTHROPODA,INSECTA,DIPTERA,TABANIDAE,,TABANIDAE,4340,1.0,1.0,,,,Region_01,NRS18_NH_10002,,8/2/2018,2,BETB,5.28,,ACW00011604,,US1OKCV0084,,US1OKCV0083,,US1OKCV0082,,US1OKCV0081,
2013140,ARTHROPODA,INSECTA,ODONATA,CALOPTERYGIDAE,,CALOPTERYGIDAE,3546,3.0,1.0,34.6749771597024,-81.10775781,SmallStreams,Region_04,NRS18_SC_10180,2018.0,8/2/2018,1,BERW,31.73,Fair,US1SCCS0007,4.789390063116153,US1SCCS0003,7.085738695045596,USC00381633,8.10039893399438,US1SCCS0015,10.274582990775771,US1SCCS0014,11.720397670373046
2013141,ARTHROPODA,INSECTA,DIPTERA,CHIRONOMIDAE,DICROTENDIPES,DICROTENDIPES,3658,,,44.7334934393195,-92.32639404,LargeStreams,Region_05,NRS18_WI_10543,2018.0,8/2/2018,1,BERW,45.92,Good,US1WIPC0001,6.289663728104775,US1WIPC0009,7.016549367269917,US1WIPC0020,7.231748364877653,US1WIPC0037,7.530934288772876,USC00472556,10.44947738796049
2013142,ARTHROPODA,INSECTA,COLEOPTERA,PTILODACTYLIDAE,ANCHYTARSUS,ANCHYTARSUS,3457,1.0,1.0,30.7611014152122,-86.26432774,SmallStreams,Region_04,NRS18_FL_10008,2018.0,7/31/2018,1,BERW,46.77,Fair,US1FLWT0027,2.212923099770731,US1FLWT0013,8.336102776555979,US1FLWT0005,9.336890624448259,US1FLWT0006,10.25567010038371,US1FLWT0010,10.901145081684586
2013143,ARTHROPODA,INSECTA,COLEOPTERA,ELMIDAE,STENELMIS,STENELMIS,4310,1.0,1.0,35.6724137962101,-87.2633331,RiversOther,Region_04,NRS18_TN_10007,2018.0,8/3/2018,1,BETB,24.62,Poor,US1TNHM0009,7.060480356251516,USC00408203,8.813532130173765,US1TNMY0037,10.278664224582924,US1TNMY0031,12.742130640388908,USC00406154,13.261186371092831
2013144,ARTHROPODA,INSECTA,TRICHOPTERA,LEPTOCERIDAE,NECTOPSYCHE,NECTOPSYCHE,4011,2.0,1.0,40.6550539411411,-103.1684977,RiversMajor,Region_08,NRS18_CO_11424,2018.0,8/2/2018,1,BETB,44.5,Good,US1COLG0059,4.067358719920145,US1COLG0049,4.480090991875626,US1COLG0055,4.492916593579055,USC00057950,4.523513664405596,US1COLG0075,5.160426869806957
2013145,ARTHROPODA,INSECTA,DIPTERA,CHIRONOMIDAE,TANYPUS,TANYPUS,4347,3.0,1.0,33.482983031292,-97.17612376,SmallStreams,Region_06,NRS18_TX_10011,2018.0,8/3/2018,1,BERW,23.3,Fair,USC00419286,1.8082282335196347,US1TXCOO010,8.044073695316479,US1TXDN0003,11.009435469489143,USC00412941,11.642210965952518,USC00416118,11.697012903189064
2013146,ARTHROPODA,INSECTA,TRICHOPTERA,ODONTOCERIDAE,,ODONTOCERIDAE,4057,1.0,1.0,41.9200414744181,-71.53041473,SmallStreams,Region_01,NRS18_RI_10022,2018.0,8/3/2018,1,BERW,15.78,Poor,US1RIPR0131,2.21221687666668,USW00064710,3.2533884096054964,US1RIPR0051,4.130647381591245,US1RIPR0033,4.255317365892844,US1RIPR0028,4.447565280304595
2013151,ARTHROPODA,INSECTA,ODONATA,CALOPTERYGIDAE,HETAERINA,HETAERINA,3807,,,42.4644575124082,-71.41567548,LargeStreams,Region_01,NRS18_MA_10017,2018.0,8/5/2018,1,BERW,35.25,Poor,US1MAMD0053,4.167152021042133,USC00191622,4.32750858472809,USC00194580,4.496032351776536,US1MAMD0213,4.681927357048029,US1MAMD0166,4.998427248613236
2013152,ARTHROPODA,INSECTA,TRICHOPTERA,LEPTOCERIDAE,,LEPTOCERIDAE,3897,,,40.9413152231007,-102.3414153,RiversMajor,Region_08,NRS18_CO_10010,2018.0,8/3/2018,1,BETB,45.95,Good,US1COSG0031,4.348418673385919,USC00056225,4.509941872083725,US1COSG0027,4.614034212694903,US1COSG0024,5.206485242585227,US1COSG0017,7.44310838478183
2013153,MOLLUSCA,GASTROPODA,BASOMMATOPHORA,PHYSIDAE,PHYSA,PHYSA,4149,4.0,1.0,32.7792409461036,-96.55448836,SmallStreams,Region_06,NRS18_TX_10010,2018.0,8/5/2018,1,BERW,35.78,Good,US1TXDA0026,3.551602948089732,USW00053970,4.233400268226543,USC00415863,4.477792502653633,US1TXDA0093,4.626476447014222,US1TXDA0099,5.324499484905718
2013154,ARTHROPODA,INSECTA,DIPTERA,CHIRONOMIDAE,CHIRONOMUS,CHIRONOMUS,3582,17.0,1.0,32.2164864421918,-85.51675754,LargeStreams,Region_04,NRS18_AL_10022,2018.0,8/6/2018,1,BERW,30.48,Poor,USC00014080,10.230587360297761,USC00015397,20.61269128953679,USC00018403,22.380616303454016,USC00013722,22.655337572586994,US1ALMC0001,22.991609505100413
2013155,ARTHROPODA,INSECTA,TRICHOPTERA,PHILOPOTAMIDAE,CHIMARRA,CHIMARRA,3579,33.0,1.0,41.8326705940145,-71.46914114,LargeStreams,Region_01,NRS18_RI_10001,2018.0,8/6/2018,1,BERW,41.18,Fair,US1RIPR0016,2.7586524811275654,US1RIPR0082,2.916860708933281,US1RIPR0048,3.1989297611662746,US1RIPR0150,3.250889771765144,USC00375610,3.817600266798389
2013156,PLATYHELMINTHES,TURBELLARIA,,,,TURBELLARIA,4393,3.0,1.0,37.1020524423802,-81.04268,LargeStreams,Region_03,NRS18_VA_10005,2018.0,8/6/2018,1,BERW,44.13,Fair,USC00440792,6.516597186220006,USC00440495,12.219653529751493,USC00449301,18.499402243475934,USC00449060,21.97338659950355,USW00013868,23.100227844882433
2013157,ARTHROPODA,INSECTA,MEGALOPTERA,CORYDALIDAE,CORYDALUS,CORYDALUS,3619,1.0,1.0,39.1886321814636,-76.85368602,LargeStreams,Region_03,NRS18_MD_10005,2018.0,8/6/2018,1,BERW,26.4,Poor,US1MDHW0006,1.621914422739363,US1MDHW0053,1.7422771467799707,US1MDHW0009,2.0243775792466234,US1MDHW0026,2.2350670732456837,US1MDHW0011,3.360999261512636
2013158,ARTHROPODA,INSECTA,DIPTERA,CHIRONOMIDAE,STEMPELLINELLA,STEMPELLINELLA,4308,2.0,1.0,48.1757587130537,-97.69985563,RiversOther,Region_08,NRS18_ND_10008,2018.0,8/6/2018,1,BERW,22.65,Poor,US1NDWH0006,17.90856996708536,USC00326857,25.208996636692543,USC00327027,27.78815558816318,USC00326007,28.277862648212153,US1NDNL0001,28.820381691921895
2013159,ARTHROPODA,ARACHNIDA,TROMBIDIFORMES,SPERCHONIDAE,SPERCHONOPSIS,SPERCHONOPSIS,4298,7.0,1.0,37.9574160947384,-108.8410129,RiversOther,Region_08,NRS18_CO_11274,2018.0,8/4/2018,1,BERW,43.23,Fair,US1COSM0008,13.050965751863107,US1COSM0010,14.253105611340231,USC00052342,22.047512222464857,USC00055970,22.12120807981745,US1CODR0001,22.439857296770406
2013160,ARTHROPODA,INSECTA,TRICHOPTERA,HYDROPSYCHIDAE,ARCTOPSYCHE,ARCTOPSYCHE,3475,8.0,1.0,37.714068674414,-106.8381694,LargeStreams,Region_08,NRS18_CO_10004,2018.0,8/5/2018,1,BERW,46.88,Fair,USC00058742,9.564711864799218,USR0000CBLU,10.65652089212197,US1COMN0007,14.224752627739246,USC00051948,14.888849828747478,USC00050231,16.504029132609922
2013161,ARTHROPODA,INSECTA,DIPTERA,CHIRONOMIDAE,ABLABESMYIA,ABLABESMYIA,3406,21.0,1.0,34.4009847788115,-96.10731749,SmallStreams,Region_06,NRS18_OK_10921,2018.0,8/6/2018,1,BERW,9.42,Poor,USC00340391,3.013406060667426,USC00340394,6.601831192404571,USC00345020,14.388436482140088,USC00345108,15.516525905411502,USC00348550,16.20214092567674
2013162,ARTHROPODA,INSECTA,ODONATA,GOMPHIDAE,,GOMPHIDAE,3759,1.0,1.0,40.3945065854773,-103.4773326,RiversMajor,Region_08,NRS18_CO_10012,2018.0,8/5/2018,1,BETB,50.65,Good,US1COWA0023,2.259418342546201,US1COMR0079,5.859327620331449,US1COMR0104,7.006458954142151,US1COMR0033,10.402827429545486,US1COMR0038,11.14101157452551
2013163,ARTHROPODA,INSECTA,DIPTERA,CHIRONOMIDAE,CHIRONOMUS,CHIRONOMUS,3582,7.0,1.0,39.9220263450561,-97.28540999,SmallStreams,Region_07,NRS18_KS_10040,2018.0,8/6/2018,1,BERW,30.65,Fair,USC00143323,5.3531720983074615,US10thay013,13.635239292809839,USC00252820,16.19475148737918,US1KSWS0012,16.368848117955515,US10jeff002,18.199954188059657
2013164,ARTHROPODA,ARACHNIDA,TROMBIDIFORMES,UNIONICOLIDAE,UNIONICOLA,UNIONICOLA,4400,4.0,1.0,31.3367795303723,-96.97263145,RiversMajor,Region_06,NRS18_TX_10026,2018.0,8/6/2018,1,BETB,13.38,Poor,US1TXFA0001,9.571168850096752,USC00415611,9.773745028937816,US1TXMCL049,12.222748004572571,USC00417608,18.365987826887615,US1TXMCL067,19.20498481951425
2013165,ARTHROPODA,INSECTA,DIPTERA,CHIRONOMIDAE,DICROTENDIPES,DICROTENDIPES,3658,4.0,1.0,41.9698967785838,-76.51192148,RiversMajor,Region_03,NRS18_PA_10012,2018.0,8/7/2018,1,BETB,26.58,Poor,US1PABF0020,0.9476405267544149,USC00360279,1.0477507794220438,USC00309047,3.719152915815703,USC00365731,5.500681990554617,US1PABF0014,5.880047828341658
2013166,ARTHROPODA,INSECTA,DIPTERA,SIMULIIDAE,,SIMULIIDAE,4280,1.0,0.0,41.6569858514094,-78.6114885,SmallStreams,Region_03,NRS18_PA_10007,2018.0,8/7/2018,1,BERW,61.15,Good,USC00361529,9.711606021200119,USC00361526,10.569177157912879,USC00361534,10.684214555869668,USC00363311,10.76463792201498,USC00363310,11.934573267783474
2013167,ARTHROPODA,INSECTA,COLEOPTERA,PSEPHENIDAE,ECTOPRIA,ECTOPRIA,3688,,,44.1889680852931,-87.88353587,LargeStreams,Region_05,NRS18_WI_10401,2018.0,8/7/2018,1,BERW,79.65,Good,US1WIBN0036,9.85921092923813,US1WIMC0007,13.334346778889877,USC00471064,15.988624337440408,US1WICT0005,16.26850503472554,US1WIMC0008,16.979387451914956
2013168,ARTHROPODA,ARACHNIDA,TROMBIDIFORMES,LEBERTIIDAE,LEBERTIA,LEBERTIA,3892,1.0,1.0,38.5723422087607,-121.3577452,RiversOther,Region_09,NRS18_CA_10018,2018.0,8/7/2018,1,BETB,27.8,Poor,US1CASA0082,1.360166682202148,US1CASA0030,1.5773101853823501,US1CASA0057,1.6018975287224875,US1CASA0077,1.7342599274331423,US1CASA0083,2.401160428279734
2013169,ARTHROPODA,MALACOSTRACA,AMPHIPODA,HYALELLIDAE,HYALELLA,HYALELLA,3821,54.0,1.0,47.324716202361,-97.0365988,LargeStreams,Region_08,NRS18_ND_10005,2018.0,8/7/2018,1,BERW,18.8,Poor,USC00324626,1.7448043074433328,USC00324203,12.893394895306885,US1NDCS0009,12.99918987958847,US1NDTR0003,14.691994905941387,USC00213463,15.62103511821234
2013172,ARTHROPODA,INSECTA,TRICHOPTERA,HYDROPTILIDAE,,HYDROPTILIDAE,3847,1.0,1.0,42.7225294723737,-96.87167402,RiversMajor,Region_07,NRS18_NE_10025,2018.0,8/7/2018,1,BETB,10.02,Poor,US1SDCY0004,1.4614623714757673,US1SDCY0010,5.868958378241022,USC00398622,5.911325568245267,US1SDCY0009,7.03896231636084,USC00255895,7.71268006514858
2013173,ARTHROPODA,INSECTA,TRICHOPTERA,HYDROPTILIDAE,HYDROPTILA,HYDROPTILA,3846,4.0,1.0,37.5932827823398,-79.38320406,RiversMajor,Region_03,NRS18_VA_10002,2018.0,8/7/2018,1,BETB,56.75,Good,USC00443375,5.404212042634971,USC00444039,5.732539413914888,USC00440411,6.434622534680076,USC00445941,10.350868471889669,USC00446593,12.581097168519175
2013174,ARTHROPODA,MALACOSTRACA,ISOPODA,ASELLIDAE,CAECIDOTEA,CAECIDOTEA,3540,2.0,1.0,32.1242205648654,-87.52831805,SmallStreams,Region_04,NRS18_AL_10005,2018.0,8/7/2018,1,BERW,15.95,Poor,US1ALWX0003,9.856600895481977,USC00015004,11.50269158161323,USC00015420,12.531034443898996,USC00015417,15.458119181764202,USC00010140,16.356451859702727
2013175,ARTHROPODA,MALACOSTRACA,AMPHIPODA,GAMMARIDAE,GAMMARUS,GAMMARUS,3744,54.0,1.0,41.89122923,-72.66210156,RiversOther,Region_01,NRS18_CT_10002,2018.0,8/7/2018,1,BETB,26.9,Poor,US1CTHR0102,2.865455067245242,US1CTHR0061,4.978262389142128,USW00014740,5.399589716504208,US1CTHR0124,6.54550885175117,US1CTHR0134,7.204893730015964
2013176,ARTHROPODA,INSECTA,DIPTERA,CHIRONOMIDAE,PARATANYTARSUS,PARATANYTARSUS,4120,1.0,1.0,43.8409965372461,-122.8207579,SmallStreams,Region_10,NRS18_OR_10054,2018.0,8/7/2018,1,BERW,69.2,Good,US1ORLA0100,2.5725156746880122,US1ORLA0019,8.47846522496948,USC00355072,8.937201485480921,USC00355050,9.45678802427565,USC00355074,9.467455741642176
2013177,MOLLUSCA,GASTROPODA,BASOMMATOPHORA,PLANORBIDAE,MENETUS,MENETUS,3967,2.0,1.0,34.3911616829434,-94.50889924,LargeStreams,Region_06,NRS18_OK_10026,2018.0,8/7/2018,1,BERW,35.32,Fair,USC00031666,9.503733296510099,USC00030814,11.43052200662102,USC00037383,13.719663504594191,USC00344017,14.461661392167844,USC00348285,14.94791862033666
2013178,MOLLUSCA,BIVALVIA,VENEROIDA,CORBICULIDAE,CORBICULA,CORBICULA,3612,9.0,1.0,37.2560167194006,-88.5102815,LargeStreams,Region_05,NRS18_IL_10031,2018.0,8/7/2018,1,BETB,6.82,Poor,US1ILMC0003,10.509580321741815,USC00115643,10.76450645448664,US1ILPP0001,11.70649312672476,USC00118020,12.367367659293103,USC00113522,13.788209880158025
2013179,ARTHROPODA,INSECTA,DIPTERA,CHIRONOMIDAE,PROCLADIUS,PROCLADIUS,4191,2.0,1.0,43.6916534119698,-97.96683719,RiversMajor,Region_08,NRS18_SD_10024,2018.0,8/7/2018,1,BETB,20.12,Poor,US1SDDV0024,2.877374255079262,US1SDDV0005,4.274359216645696,US1SDDV0007,4.457511500532809,US1SDDV0001,4.709395238394339,US1SDDV0033,5.463424107607552
2013180,ARTHROPODA,INSECTA,DIPTERA,CHIRONOMIDAE,RHEOTANYTARSUS,RHEOTANYTARSUS,4247,4.0,1.0,,,,Region_03,NRS18_DE_10005,,8/7/2018,2,BERW,45.07,,ACW00011604,,US1OKCV0084,,US1OKCV0083,,US1OKCV0082,,US1OKCV0081,
2013181,ARTHROPODA,INSECTA,DIPTERA,CHIRONOMIDAE,PARATANYTARSUS,PARATANYTARSUS,4120,2.0,1.0,42.0659050439803,-78.46921643,RiversMajor,Region_02,NRS18_NY_10018,2018.0,8/7/2018,1,BETB,25.75,Poor,USC00306196,1.6800720454679452,US1NYCT0006,5.472246188088314,USC00304450,8.311676788588976,USC00300090,8.89348979903374,US1NYCT0011,10.466621298543325
2013182,ARTHROPODA,INSECTA,DIPTERA,PSYCHODIDAE,,PSYCHODIDAE,4223,3.0,1.0,,,,Region_08,NRS18_CO_10013,,8/7/2018,2,BERW,52.13,,ACW00011604,,US1OKCV0084,,US1OKCV0083,,US1OKCV0082,,US1OKCV0081,
2013183,ARTHROPODA,INSECTA,DIPTERA,CHIRONOMIDAE,PARAKIEFFERIELLA,PARAKIEFFERIELLA,4106,2.0,1.0,44.396068955293,-116.0460788,RiversOther,Region_10,NRS18_ID_10049,2018.0,8/7/2018,1,BETB,14.48,Poor,USC00100199,5.006792752231216,US1IDVL0011,8.372013519400957,USC00101524,13.4171701754427,USC00101514,14.092762205084444,USC00109380,16.508502733845322
2013184,ARTHROPODA,ARACHNIDA,TROMBIDIFORMES,SPERCHONIDAE,SPERCHON,SPERCHON,4296,2.0,1.0,39.6442594821613,-75.868082,LargeStreams,Region_03,NRS18_MD_10015,2018.0,8/7/2018,1,BERW,68.52,Good,US1MDCC0016,1.6918791438953613,US1MDCC0011,1.9816052616225954,US1MDCC0003,3.940182132944926,US1MDCC0006,4.020529304214811,USC00182860,4.273607893311094
2013185,ARTHROPODA,INSECTA,PLECOPTERA,LEUCTRIDAE,,LEUCTRIDAE,3913,1.0,1.0,39.6901658253134,-76.93024368,SmallStreams,Region_03,NRS18_MD_10003,2018.0,8/8/2018,1,BERW,25.57,Poor,US1MDCR0012,5.5403407959161965,US1PAYR0021,6.556960378043234,US1PAAD0026,7.093734258964856,USC00180390,7.7852053979886175,USC00185934,11.376771712069866
2013186,ARTHROPODA,INSECTA,DIPTERA,CHIRONOMIDAE,PARACHIRONOMUS,PARACHIRONOMUS,4099,17.0,1.0,39.7549313120524,-97.55600515,SmallStreams,Region_07,NRS18_KS_10140,2018.0,8/7/2018,1,BERW,23.28,Fair,US1KSRP0013,9.124925275785644,US1KSRP0007,9.458796810949899,US1KSRP0014,9.966106050961038,USC00140073,10.048991214986492,USC00141941,10.086948621230752
2013187,ARTHROPODA,INSECTA,EPHEMEROPTERA,HEPTAGENIIDAE,,HEPTAGENIIDAE,3802,7.0,0.0,41.9999024160351,-76.62263816,RiversOther,Region_03,NRS18_PA_10023,2018.0,8/8/2018,1,BETB,60.83,Good,USC00301413,1.326015263128807,US1PABF0014,4.143554521955948,USC00309047,8.071167601686993,US1PABF0020,8.84154470633122,USC00365731,10.116327708812697
2013188,MOLLUSCA,GASTROPODA,,,,GASTROPODA,3745,3.0,1.0,,,,Region_04,NRS18_AL_10010,,8/8/2018,2,BETB,16.38,,ACW00011604,,US1OKCV0084,,US1OKCV0083,,US1OKCV0082,,US1OKCV0081,
2013189,ARTHROPODA,INSECTA,TRICHOPTERA,LEPTOCERIDAE,OECETIS,OECETIS,4060,2.0,1.0,34.7880619763736,-91.87004886,LargeStreams,Region_06,NRS18_AR_10009,2018.0,8/8/2018,1,BERW,39.58,Poor,US1ARLK0011,2.609765465012143,US1ARLK0002,4.101732194313378,US1ARLK0006,6.021353478741803,USC00031224,10.97605905637471,US1ARLK0008,14.982692705044759
2013190,ARTHROPODA,INSECTA,DIPTERA,CHIRONOMIDAE,CARDIOCLADIUS,CARDIOCLADIUS,3556,,,41.350000440327,-73.19197535,SmallStreams,Region_01,NRS18_CT_10017,2018.0,8/7/2018,1,BERW,32.12,Poor,US1CTFR0042,2.328460993405893,US1CTFR0032,3.145067609501711,USC00068065,3.929967188419912,US1CTFR0065,5.152015443042929,US1CTFR0023,5.509908518782556
2013191,ARTHROPODA,MALACOSTRACA,DECAPODA,CAMBARIDAE,FAXONIUS,FAXONIUS,5131,1.0,1.0,34.4956631811137,-94.4735322,RiversOther,Region_06,NRS18_OK_10036,2018.0,8/8/2018,1,BERW,26.95,Poor,USC00031666,8.800565349085623,USC00037383,15.801332920034968,USC00348285,15.821197130900174,USC00030814,19.620137751986274,USC00034756,20.286273835492512
2013192,ARTHROPODA,MALACOSTRACA,AMPHIPODA,HYALELLIDAE,HYALELLA,HYALELLA,3821,2.0,1.0,25.9714392434668,-80.31460687,SmallStreams,Region_04,NRS18_FL_10042,2018.0,8/7/2018,1,BETB,18.18,Poor,US1FLMD0006,3.537222606896747,US1FLBW0045,4.128013068779904,US1FLBW0004,4.910357939289058,US1FLBW0103,5.24997469089902,US1FLBW0021,5.262492548620538
2013193,ARTHROPODA,INSECTA,DIPTERA,CHIRONOMIDAE,PHAENOPSECTRA,PHAENOPSECTRA,4143,1.0,1.0,41.7827042586172,-71.89588062,RiversOther,Region_01,NRS18_CT_10004,2018.0,8/8/2018,1,BETB,51.5,Fair,US1CTWN0016,4.304970685956651,USC00060918,4.487804448551363,US1CTWN0026,5.5086863344227615,US1CTWN0025,6.509142462826986,US1CTWN0008,6.977169241887462
2013194,ARTHROPODA,INSECTA,EPHEMEROPTERA,EPHEMERELLIDAE,DRUNELLA,DRUNELLA,3676,4.0,1.0,44.7983829103273,-122.4810694,LargeStreams,Region_10,NRS18_OR_10022,2018.0,8/8/2018,1,BERW,69.23,Good,US1ORMN0047,5.215494779427176,US1ORLN0028,5.55061209709397,US1ORMN0036,5.801998440332835,US1ORLN0098,5.806638413946289,US1ORLN0076,5.989332442061994
2013195,ANNELIDA,OLIGOCHAETA,HAPLOTAXIDA,,,HAPLOTAXIDA,3783,1.0,1.0,32.801159951838,-82.92292172,SmallStreams,Region_04,NRS18_GA_10004,2018.0,8/8/2018,1,BERW,68.73,Good,US1GAJH0001,14.53399547748002,USC00094110,19.599710698469256,US1GAWG0006,21.75054170272874,US1GAWG0001,21.769847121753138,USC00097777,22.211446312834333
2013196,ARTHROPODA,INSECTA,DIPTERA,CHIRONOMIDAE,POLYPEDILUM,POLYPEDILUM,4178,8.0,1.0,39.9122593324493,-104.8821446,RiversMajor,Region_08,NRS18_CO_10061,2018.0,8/6/2018,1,BETB,27.3,Fair,US1COAD0075,3.3935489041655513,US1COAD0232,4.136956571622896,US1COAD0187,4.150860289278798,US1COAD0069,4.340077168473432,US1COAD0132,5.171687897148553
2013197,ARTHROPODA,INSECTA,DIPTERA,CHIRONOMIDAE,TANYTARSUS,TANYTARSUS,4348,1.0,1.0,38.1066020041808,-88.16383425,RiversOther,Region_05,NRS18_IL_10042,2018.0,8/7/2018,1,BETB,12.95,Poor,USC00111302,2.805114216428262,USC00111296,7.1436027956909856,US1ILWH0004,14.959577422356007,USC00114356,16.24424032212326,USC00126179,19.120030849047826
2013198,ARTHROPODA,INSECTA,DIPTERA,CHIRONOMIDAE,POLYPEDILUM,POLYPEDILUM,4178,6.0,1.0,,,,Region_03,NRS18_VA_RF005,,8/8/2018,1,BETB,78.95,,ACW00011604,,US1OKCV0084,,US1OKCV0083,,US1OKCV0082,,US1OKCV0081,
2013199,ARTHROPODA,INSECTA,DIPTERA,CHIRONOMIDAE,,CHIRONOMIDAE,3581,2.0,0.0,43.5710787089705,-97.95400211,LargeStreams,Region_08,NRS18_SD_10034,2018.0,8/8/2018,1,BERW,27.7,Fair,US1SDDV0026,6.22679487808373,US1SDDV0028,7.861992016627579,US1SDDV0025,9.332460075876929,US1SDDV0037,10.99487944511342,US1SDDV0002,11.426119156694766
2013200,ARTHROPODA,INSECTA,DIPTERA,CHIRONOMIDAE,CLADOPELMA,CLADOPELMA,3593,,,39.1361919277625,-84.34205654,RiversOther,Region_05,NRS18_OH_10008,2018.0,8/8/2018,1,BETB,66.17,Good,USC00334824,3.8740669186713657,US1OHHM0087,4.384600587172001,US1OHCM0016,4.939235584971546,USC00335265,4.965840457513066,US1OHCM0032,5.023133880442969
2013201,ARTHROPODA,INSECTA,DIPTERA,CHIRONOMIDAE,,THIENEMANNIMYIA GENUS GR.,4362,,,46.6207914418859,-97.54318839,RiversOther,Region_08,NRS18_ND_10035,2018.0,8/8/2018,1,BERW,39.18,Fair,USC00322697,1.875638707849165,USC00322695,7.275009052527006,USC00327270,21.121471327230598,US1NDRS0002,22.34280044721087,USC00325220,22.70862514673347
2013202,ARTHROPODA,INSECTA,TRICHOPTERA,LEPIDOSTOMATIDAE,LEPIDOSTOMA,LEPIDOSTOMA,3895,3.0,1.0,,,,Region_09,NRS18_CA_10020,,8/6/2018,2,BETB,23.03,,ACW00011604,,US1OKCV0084,,US1OKCV0083,,US1OKCV0082,,US1OKCV0081,
2013203,ARTHROPODA,ARACHNIDA,TROMBIDIFORMES,LIMNESIIDAE,LIMNESIA,LIMNESIA,3920,1.0,1.0,38.6382310297853,-121.5636929,RiversMajor,Region_09,NRS18_CA_10055,2018.0,8/8/2018,1,BETB,6.93,Poor,US1CASA0071,4.179540099922065,US1CAYL0025,6.1175963644689615,USW00093225,7.439243953610555,USP00CA0002,9.332785138004581,US1CASA0018,11.820652214451583
2013204,ARTHROPODA,INSECTA,TRICHOPTERA,HYDROPTILIDAE,HYDROPTILA,HYDROPTILA,3846,1.0,1.0,38.9900369912213,-77.15981221,SmallStreams,Region_03,NRS18_MD_10014,2018.0,8/9/2018,1,BERW,23.92,Poor,US1MDMG0066,0.9847197703119597,USC00183645,2.730054557330927,US1MDMG0037,2.742939423628929,US1MDMG0038,3.6132562160164308,USC00180565,3.8870059063136657
2013205,ARTHROPODA,INSECTA,DIPTERA,SIMULIIDAE,SIMULIUM,SIMULIUM,4281,3.0,1.0,31.8801760938746,-86.78361624,SmallStreams,Region_04,NRS18_AL_10019,2018.0,8/9/2018,1,BERW,43.92,Fair,US1ALBT0005,0.6582021746346298,US1ALBT0001,5.869575926558482,US1ALBT0004,6.1260640343755,USC00013524,15.123351285679151,USW00063874,16.426777695017357
2013206,ARTHROPODA,INSECTA,DIPTERA,DIXIDAE,DIXA,DIXA,3667,3.0,1.0,44.79284508,-122.5357681,SmallStreams,Region_10,NRS18_OR_10071,2018.0,8/9/2018,1,BERW,67.92,Good,US1ORMN0036,3.0044820732382784,USC00355092,4.67544476111319,US1ORMN0049,5.495415779531091,US1ORMN0047,5.571753255519672,USC00355447,6.401638370124069
2013207,ARTHROPODA,INSECTA,DIPTERA,CHIRONOMIDAE,RHEOCRICOTOPUS,RHEOCRICOTOPUS,4245,,,41.6834654224652,-78.45547253,SmallStreams,Region_03,NRS18_PA_10032,2018.0,8/8/2018,1,BERW,12.42,Poor,USC00361529,3.6977772571928433,USC00361526,3.951085785690832,USC00361534,8.511501459700677,USC00368203,12.607848725322295,USC00368190,14.928757960345958
2013208,ARTHROPODA,INSECTA,DIPTERA,CHIRONOMIDAE,PSEUDOCHIRONOMUS,PSEUDOCHIRONOMUS,4212,,,44.5635375498858,-72.56501577,LargeStreams,Region_01,NRS18_VT_10018,2018.0,8/9/2018,1,BERW,59.07,Good,US1VTLM0016,1.6385035172750306,USC00435366,3.0004060433557713,USR0000VELM,3.623357469994243,US1VTLM0027,4.9176548865961,US1VTLM0008,5.047067228803783
2013209,ARTHROPODA,INSECTA,EPHEMEROPTERA,HEPTAGENIIDAE,LEUCROCUTA,LEUCROCUTA,3911,1.0,1.0,41.3946923188913,-71.84151595,RiversOther,Region_01,NRS18_RI_10006,2018.0,8/9/2018,1,BETB,69.93,Good,US1RIWS0030,1.736496332158941,US1RIWS0024,2.2012023075454286,US1RIWS0104,2.4581649591515786,US1RIWS0047,2.4859066905960328,US1CTNL0052,3.0459790861966867
2013210,ARTHROPODA,INSECTA,DIPTERA,CHIRONOMIDAE,PARACHAETOCLADIUS,PARACHAETOCLADIUS,4098,,,44.9264179444789,-72.08737253,SmallStreams,Region_01,NRS18_VT_10009,2018.0,8/7/2018,1,BERW,23.68,Poor,US1VTOL0005,6.950083035432986,USC00431730,8.188222779838062,USC00435542,8.538758719110989,US1VTOL0024,9.677359520258348,CA007028280,10.087932675001836
2013211,ARTHROPODA,INSECTA,DIPTERA,CHIRONOMIDAE,NILOTANYPUS,NILOTANYPUS,4042,,,44.9436573930035,-72.04422356,SmallStreams,Region_01,NRS18_VT_10012,2018.0,8/7/2018,1,BERW,48.63,Fair,USC00431730,6.978510648277078,US1VTOL0005,8.737995503663477,CA007028280,9.231056580101678,US1VTOL0024,10.225670279326588,USC00435542,11.573919368220476
2013212,ARTHROPODA,INSECTA,TRICHOPTERA,HELICOPSYCHIDAE,HELICOPSYCHE,HELICOPSYCHE,3789,9.0,1.0,35.5623257716112,-93.28855047,LargeStreams,Region_06,NRS18_AR_10014,2018.0,8/9/2018,1,BERW,53.67,Good,USR0000ADVK,6.766735946067856,US1ARJH0002,7.901562516989508,USC00034390,9.454512815509526,USC00034290,9.52106112663189,USC00031457,10.914250145549902
2013213,ANNELIDA,OLIGOCHAETA,HAPLOTAXIDA,NAIDIDAE,NAIS,NAIS,4004,1.0,1.0,37.2619901896386,-88.51406065,RiversOther,Region_05,NRS18_IL_10037,2018.0,8/9/2018,1,BETB,9.83,Poor,USC00115643,10.683032653933099,US1ILPP0001,11.113925478422475,US1ILMC0003,11.19784809093706,USC00118020,13.10448423756687,USC00113522,13.18141480155109
2013214,ARTHROPODA,INSECTA,DIPTERA,CHIRONOMIDAE,PARAMETRIOCNEMUS,PARAMETRIOCNEMUS,4112,3.0,1.0,41.0233478601786,-78.90571919,SmallStreams,Region_03,NRS18_PA_10019,2018.0,8/9/2018,1,BERW,37.22,Fair,USC00368610,6.120366799936886,USC00361551,10.055207853782306,USC00367222,11.245599250082721,USC00367217,11.364172917186748,USC00362261,14.89989667000361
2013215,ARTHROPODA,INSECTA,TRICHOPTERA,HYDROPSYCHIDAE,CHEUMATOPSYCHE,CHEUMATOPSYCHE,3578,4.0,1.0,45.0269185749912,-88.97934453,LargeStreams,Region_05,NRS18_WI_10046,2018.0,8/8/2018,1,BERW,80.97,Good,US1WISW0013,12.218110887436247,US1WIMM0001,12.880968687156662,USW00004864,17.506515435605426,USC00470239,18.198873797096027,USC00478190,18.418400204964477
2013216,ARTHROPODA,INSECTA,TRICHOPTERA,PSYCHOMYIIDAE,LYPE,LYPE,3947,,,44.8782368578808,-88.6715616,SmallStreams,Region_05,NRS18_WI_10263,2018.0,8/9/2018,1,BERW,38.63,Good,US1WISW0016,9.015581141055401,US1WISW0015,10.677086069434353,USC00477708,13.474224813085176,US1WIOC0023,15.274183446443933,US1WIOC0003,15.995941235363047
2013217,ARTHROPODA,INSECTA,EPHEMEROPTERA,LEPTOHYPHIDAE,ASIOPLAX,ASIOPLAX,3485,33.0,1.0,40.5399774896961,-109.0681634,RiversMajor,Region_08,NRS18_UT_10435,2018.0,8/7/2018,1,BETB,79.25,Good,USR0000CDIN,13.76712537120791,USR0000DIAM,17.066306448977677,USR0000MINE,18.242716610669746,USC00422172,22.915480470061045,USC00422173,23.139373357914728
2013218,ARTHROPODA,INSECTA,TRICHOPTERA,LEPTOCERIDAE,OECETIS,OECETIS,4060,2.0,1.0,30.3643454874431,-94.26185268,RiversOther,Region_06,NRS18_TX_10036,2018.0,8/9/2018,1,BETB,42.58,Fair,USC00414878,3.791996476260549,US1TXHRN005,5.260103599883164,US1TXHRN006,5.268497689830005,USC00418311,5.789796864008524,US1TXHRN011,9.01445688036588
2013219,ARTHROPODA,INSECTA,DIPTERA,CHIRONOMIDAE,CLADOTANYTARSUS,CLADOTANYTARSUS,3594,4.0,1.0,43.3087915923993,-116.5772537,RiversMajor,Region_10,NRS18_ID_10042,2018.0,8/9/2018,1,BETB,18.45,Poor,USC00103894,3.5915786297912913,USC00106248,10.27571486094153,USC00108928,17.662633535973747,USC00107648,17.999102243937212,USW00004127,18.215555592729096
2013220,ANNELIDA,OLIGOCHAETA,HAPLOTAXIDA,TUBIFICIDAE,BRANCHIURA,BRANCHIURA,3532,,,26.1797304839906,-81.67099279,SmallStreams,Region_04,NRS18_FL_10012,2018.0,8/9/2018,1,BETB,12.15,Poor,USC00086078,2.076501665353766,US1FLCR0001,4.113519829235584,US1FLCR0026,4.899186595729738,US1FLCR0062,6.351915062133097,US1FLCR0059,6.792784801158918
2013221,ARTHROPODA,INSECTA,MEGALOPTERA,CORYDALIDAE,CORYDALUS,CORYDALUS,3619,8.0,1.0,35.5423541837838,-93.16001748,RiversOther,Region_06,NRS18_AR_10015,2018.0,8/10/2018,1,BETB,50.83,Good,USC00034290,4.24489439210586,USC00034390,10.461868991814487,US1ARPP0017,14.829231474225175,USC00037262,15.46872207055795,US1ARPP0026,17.035929292369932
2013222,MOLLUSCA,BIVALVIA,VENEROIDA,,,VENEROIDA,4412,20.0,0.0,,,,Region_04,NRS18_AL_10009,,8/10/2018,2,BERW,18.15,,ACW00011604,,US1OKCV0084,,US1OKCV0083,,US1OKCV0082,,US1OKCV0081,
2013223,ARTHROPODA,MALACOSTRACA,AMPHIPODA,GAMMARIDAE,GAMMARUS,GAMMARUS,3744,1.0,1.0,41.5428966811996,-71.6956366,SmallStreams,Region_01,NRS18_RI_10199,2018.0,8/10/2018,1,BERW,35.23,Poor,US1RIWS0064,1.3836244390272756,US1RIWS0099,3.8896288942468455,US1RIWS0042,4.925714226082252,US1RIWS0062,5.025549098333086,US1RIWS0019,5.154915665531155
2013225,ARTHROPODA,INSECTA,EPHEMEROPTERA,BAETIDAE,,BAETIDAE,3500,36.0,0.0,40.5153294299408,-107.2359869,RiversMajor,Region_08,NRS18_CO_10026,2018.0,8/8/2018,1,BETB,72.53,Good,USC00053867,2.991204302029357,US1CORT0010,3.3006203657456332,USW00094025,4.114631586141389,US1CORT0079,6.120225260263983,US1CORT0057,8.575750059394025
2013226,MOLLUSCA,GASTROPODA,,,,GASTROPODA,3745,140.0,0.0,,,,Region_08,NRS18_CO_10002,,8/9/2018,2,BETB,23.4,,ACW00011604,,US1OKCV0084,,US1OKCV0083,,US1OKCV0082,,US1OKCV0081,
2013227,ARTHROPODA,INSECTA,DIPTERA,CHIRONOMIDAE,,THIENEMANNIMYIA GENUS GR.,4362,13.0,1.0,,,,Region_08,NRS18_CO_10003,,8/10/2018,2,BERW,9.07,,ACW00011604,,US1OKCV0084,,US1OKCV0083,,US1OKCV0082,,US1OKCV0081,
2013228,ARTHROPODA,INSECTA,EPHEMEROPTERA,LEPTOHYPHIDAE,TRICORYTHODES,TRICORYTHODES,4384,1.0,1.0,34.0648809084455,-93.44225956,SmallStreams,Region_06,NRS18_AR_10001,2018.0,8/12/2018,1,BERW,42.17,Fair,USC00030178,4.23774453603563,US1ARPK0001,6.924981298867911,US1ARPK0003,9.525721351298003,US1ARPK0009,15.817664830684649,US1ARPK0006,18.81327997004173
2013229,ARTHROPODA,INSECTA,DIPTERA,CHIRONOMIDAE,CRYPTOCHIRONOMUS,CRYPTOCHIRONOMUS,3625,1.0,1.0,37.8019830849711,-89.23035608,RiversOther,Region_05,NRS18_IL_11563,2018.0,8/12/2018,1,BETB,24.53,Poor,US1ILJK0014,1.4905291836211836,USW00093810,2.4576710524298555,US1ILJK0002,7.613452047094525,US1ILJK0019,8.288432780981742,US1ILWM0003,8.436893139637597
2013230,ARTHROPODA,INSECTA,DIPTERA,CHIRONOMIDAE,RHEOTANYTARSUS,RHEOTANYTARSUS,4247,1.0,1.0,38.6045541818443,-106.4649269,SmallStreams,Region_08,NRS18_CO_10055,2018.0,8/12/2018,1,BERW,56.12,Good,US1COGN0059,5.806926861267021,USC00056513,5.9630513067311215,US1COGN0023,8.881225003327312,USS0006L05S,13.43832836550073,USC00057345,13.61599162353802
2013231,ARTHROPODA,INSECTA,DIPTERA,CHIRONOMIDAE,PARATANYTARSUS,PARATANYTARSUS,4120,2.0,1.0,40.1597030611558,-105.1184267,LargeStreams,Region_08,NRS18_CO_10005,2018.0,8/13/2018,1,BERW,54.45,Good,US1COBO0256,0.8596088984537801,US1COBO0531,1.0760462133530693,US1COBO0551,1.408042524566095,US1COBO0441,1.4256265579586243,US1COBO0181,1.4834941419150647
2013232,ARTHROPODA,INSECTA,EPHEMEROPTERA,CAENIDAE,CAENIS,CAENIS,3542,41.0,1.0,28.9899363962658,-96.70226571,RiversOther,Region_06,NRS18_TX_10050,2018.0,8/13/2018,1,BERW,57.95,Good,USC00412768,3.1748051718300068,USC00412769,4.808753299714247,US1TXJK0006,5.398942268802421,US1TXJK0004,7.485131860299102,USC00412770,10.47615881159967
2013233,ARTHROPODA,INSECTA,EPHEMEROPTERA,CAENIDAE,CAENIS,CAENIS,3542,1.0,1.0,,,,Region_04,NRS18_MS_10002,,8/13/2018,2,BETB,33.37,,ACW00011604,,US1OKCV0084,,US1OKCV0083,,US1OKCV0082,,US1OKCV0081,
2013234,ARTHROPODA,INSECTA,DIPTERA,CHIRONOMIDAE,POLYPEDILUM,POLYPEDILUM,4178,5.0,1.0,41.0421198127447,-74.04730488,SmallStreams,Region_02,NRS18_NJ_10001,2018.0,8/13/2018,1,BERW,18.77,Poor,US1NJBG0060,2.6069514636002618,USC00289832,3.163679598054193,US1NYRL0001,3.971674442373209,US1NYRL0013,5.604028274429975,US1NJBG0010,6.348779845420051
2013235,ARTHROPODA,INSECTA,DIPTERA,CERATOPOGONIDAE,,CERATOPOGONINAE,3567,2.0,1.0,41.4156571474872,-98.08896794,LargeStreams,Region_07,NRS18_NE_10004,2018.0,8/13/2018,1,BERW,43.88,Good,USC00250734,5.476968939511965,USC00253082,7.406527350413564,US10nanc003,11.00612894754499,US10boon006,11.192407145432805,USC00253075,11.304495056745914
2013236,ARTHROPODA,INSECTA,DIPTERA,CHIRONOMIDAE,TANYTARSUS,TANYTARSUS,4348,2.0,1.0,37.1387580765341,-89.26780319,RiversOther,Region_05,NRS18_IL_10036,2018.0,8/13/2018,1,BETB,32.08,Poor,USC00116383,8.328911268852355,USC00115880,10.768080976647024,USW00093809,12.97848691338952,USR0000IBNR,15.651650686814545,US1ILAL0002,16.466792132214863
2013237,ARTHROPODA,INSECTA,DIPTERA,CHIRONOMIDAE,HETEROTRISSOCLADIUS,HETEROTRISSOCLADIUS,3814,3.0,1.0,,,,Region_10,NRS18_OR_10002,,8/13/2018,2,BETB,35.75,,ACW00011604,,US1OKCV0084,,US1OKCV0083,,US1OKCV0082,,US1OKCV0081,
2013238,MOLLUSCA,GASTROPODA,BASOMMATOPHORA,LYMNAEIDAE,GALBA,GALBA,5117,1.0,1.0,,,,Region_08,NRS18_CO_10014,,8/10/2018,2,BETB,28.07,,ACW00011604,,US1OKCV0084,,US1OKCV0083,,US1OKCV0082,,US1OKCV0081,
2013239,ARTHROPODA,INSECTA,DIPTERA,CHIRONOMIDAE,PHAENOPSECTRA,PHAENOPSECTRA,4143,2.0,1.0,40.5799649844491,-105.0562722,RiversOther,Region_08,NRS18_CO_10977,2018.0,8/13/2018,1,BERW,56.92,Good,US1COLR1104,0.6194008690212656,US1COLR0373,1.0142763210286845,US1COLR1137,1.1972324067277507,US1COLR0798,1.2693264594112457,US1COLR0431,1.498774253065448
2013240,ARTHROPODA,INSECTA,DIPTERA,CHIRONOMIDAE,DICROTENDIPES,DICROTENDIPES,3658,2.0,1.0,39.4069302883391,-79.41190187,LargeStreams,Region_03,NRS18_MD_10008,2018.0,8/13/2018,1,BERW,40.15,Fair,USC00186620,1.2100146655955206,US1MDGR0009,3.4255631549336734,USC00182450,7.361049511839226,US1WVPR0019,8.543970840556737,USC00188670,8.81801550404719
2013241,ARTHROPODA,INSECTA,DIPTERA,CHIRONOMIDAE,MICROTENDIPES,MICROTENDIPES,3982,4.0,1.0,44.1128038977571,-73.09310954,LargeStreams,Region_01,NRS18_VT_10017,2018.0,8/14/2018,1,BERW,62.8,Good,US1VTAD0019,2.3539653858994103,USC00430921,3.0935964705832872,USC00435501,4.576730929925873,US1VTAD0002,6.233139470623368,US1VTAD0038,8.212953737270517
2013242,MOLLUSCA,GASTROPODA,BASOMMATOPHORA,PLANORBIDAE,HELISOMA,HELISOMA,3790,2.0,1.0,42.877610581736,-70.99176953,RiversOther,Region_01,NRS18_NH_10019,2018.0,8/14/2018,1,BETB,12.7,Poor,USC00275880,3.4425670506618493,US1MAES0061,4.383795741094178,US1MAES0059,5.041062684814294,US1NHRC0080,5.872826176316085,US1MAES0027,7.268739287133643
2013243,ARTHROPODA,INSECTA,DIPTERA,CHIRONOMIDAE,COELOTANYPUS,COELOTANYPUS,3604,1.0,1.0,28.8908909411463,-97.13556039,RiversMajor,Region_06,NRS18_TX_10023,2018.0,8/14/2018,1,BETB,24.58,Poor,US1TXVC0027,5.327592713098091,US1TXVC0001,5.370048464128945,US1TXVC0015,5.798668958936416,US1TXVC0022,7.081633153185592,US1TXGD0001,10.54029128707535
2013244,ARTHROPODA,MALACOSTRACA,AMPHIPODA,HYALELLIDAE,HYALELLA,HYALELLA,3821,87.0,1.0,,,,Region_08,NRS18_ND_10011,,8/14/2018,2,BERW,31.45,,ACW00011604,,US1OKCV0084,,US1OKCV0083,,US1OKCV0082,,US1OKCV0081,
2013245,ARTHROPODA,INSECTA,DIPTERA,CHIRONOMIDAE,HYDROBAENUS,HYDROBAENUS,3831,1.0,1.0,39.1136859120679,-107.9785352,LargeStreams,Region_08,NRS18_CO_10034,2018.0,8/9/2018,1,BERW,71.2,Good,US1COME0042,5.514114298329937,USC00050825,6.982796145283483,US1CODL0044,7.92302744231931,US1CODL0045,8.547450056472265,US1COME0133,8.850759325955483
2013246,ARTHROPODA,INSECTA,DIPTERA,CHIRONOMIDAE,PARAMETRIOCNEMUS,PARAMETRIOCNEMUS,4112,7.0,1.0,43.143229530181,-91.02181196,SmallStreams,Region_05,NRS18_WI_10003,2018.0,8/14/2018,1,BERW,36.68,Fair,US1WICR0007,6.381917458945744,USC00474937,9.835465513429085,US1WICR0006,13.338189917431086,USC00478163,13.346288006307214,USC00476827,13.737662564560367
2013247,ARTHROPODA,INSECTA,DIPTERA,CHIRONOMIDAE,STEMPELLINELLA,STEMPELLINELLA,4308,2.0,1.0,,,,Region_04,NRS18_NC_RF001,,8/14/2018,1,BERW,71.95,,ACW00011604,,US1OKCV0084,,US1OKCV0083,,US1OKCV0082,,US1OKCV0081,
2013248,ARTHROPODA,INSECTA,DIPTERA,EMPIDIDAE,HEMERODROMIA,HEMERODROMIA,3799,1.0,1.0,,,,Region_04,NRS18_MS_10001,,8/14/2018,2,BERW,61.38,,ACW00011604,,US1OKCV0084,,US1OKCV0083,,US1OKCV0082,,US1OKCV0081,
2013254,ARTHROPODA,INSECTA,ODONATA,GOMPHIDAE,,GOMPHIDAE,3759,7.0,1.0,43.2628460294827,-103.6068246,RiversMajor,Region_08,NRS18_SD_10058,2018.0,8/14/2018,1,BERW,71.82,Good,USC00394010,6.182808984228574,USC00391485,9.084113941295287,US1SDFR0035,13.518340969091904,US1SDFR0005,15.03389104566475,US1SDFR0020,15.93333466412668
2013255,ANNELIDA,OLIGOCHAETA,HAPLOTAXIDA,,,HAPLOTAXIDA,3783,6.0,1.0,40.8794208679557,-74.17183043,SmallStreams,Region_02,NRS18_NJ_10334,2018.0,8/15/2018,1,BERW,17.17,Poor,US1NJPS0017,2.4541901867934657,USC00286775,2.933218849195586,US1NJES0015,3.502439627325911,US1NJPS0028,3.699188980449527,USC00281472,4.02914373479409
2013256,ARTHROPODA,INSECTA,PLECOPTERA,LEUCTRIDAE,,LEUCTRIDAE,3913,1.0,1.0,40.864463398973,-110.5393564,SmallStreams,Region_08,NRS18_UT_10032,2018.0,8/14/2018,1,BERW,45.47,Fair,USS0010J21S,1.7284385642118267,USS0010J20S,6.048480166077334,USS0010J23S,10.505347914882538,USC00423886,10.613944118367053,USS0010J04S,10.739906716070738
2013257,ARTHROPODA,INSECTA,DIPTERA,CHIRONOMIDAE,DIPLOCLADIUS,DIPLOCLADIUS,3663,1.0,1.0,38.8733271731424,-75.47641458,SmallStreams,Region_03,NRS18_DE_10033,2018.0,8/14/2018,1,BERW,44.45,Fair,US1DESS0090,2.1056895550576744,US1DESS0036,3.196450062888662,US1DESS0056,4.0336015267301555,US1DEKN0013,4.4096523360462845,USC00075915,5.245437731448032
2013258,ARTHROPODA,INSECTA,EPHEMEROPTERA,EPHEMERELLIDAE,EPHEMERELLA,EPHEMERELLA,3705,2.0,1.0,45.1361876178704,-113.9096247,RiversMajor,Region_10,NRS18_ID_10992,2018.0,8/14/2018,1,BETB,49.98,Fair,USR0000ISAL,2.409730134943722,USC00108080,4.5161558671157565,US1IDLM0003,4.586313550639254,US1IDLM0001,5.056732789333495,USC00108076,7.853132605066042
2013259,ARTHROPODA,INSECTA,DIPTERA,CHIRONOMIDAE,THIENEMANNIELLA,THIENEMANNIELLA,4361,1.0,1.0,45.1862177207305,-113.8928287,RiversMajor,Region_10,NRS18_ID_10026,2018.0,8/15/2018,1,BETB,35.13,Poor,US1IDLM0001,0.772796945345062,USC00108080,1.5648006534894146,USC00108076,2.5574947204961735,USR0000ISAL,5.126894684877652,US1IDLM0003,10.048458413849703
2013260,ARTHROPODA,INSECTA,EPHEMEROPTERA,HEPTAGENIIDAE,RHITHROGENA,RHITHROGENA,4249,1.0,1.0,44.2603759797561,-114.7981142,RiversMajor,Region_10,NRS18_ID_10028,2018.0,8/13/2018,1,BETB,52.2,Good,USC00108676,11.736903831799317,USC00101050,12.898401117005372,USW00004112,14.302183221365345,USR0000ISTN,14.364511955228519,USR0000IBON,22.392061344301588
2013261,ARTHROPODA,INSECTA,DIPTERA,CHIRONOMIDAE,RHEOTANYTARSUS,RHEOTANYTARSUS,4247,1.0,1.0,42.9761116865867,-90.99134515,SmallStreams,Region_05,NRS18_WI_10008,2018.0,8/15/2018,1,BERW,20.23,Poor,US1WIGT0018,2.4560307332692295,US1WIGT0013,4.249061871858189,US1WIGT0011,6.711854824465825,USW00004963,11.774620309264884,USC00476827,14.370200691051322
2013262,ARTHROPODA,INSECTA,COLEOPTERA,ELMIDAE,OULIMNIUS,OULIMNIUS,4082,2.0,1.0,41.3988661513132,-73.38664778,SmallStreams,Region_01,NRS18_CT_10003,2018.0,8/15/2018,1,BERW,31.82,Poor,US1CTFR0041,2.6948602895459928,USC00061762,2.878047562805847,US1CTFR0043,3.4065144151208524,US1CTFR0009,4.651127319940113,US1CTFR0082,5.488555520526134
2013263,ARTHROPODA,INSECTA,COLEOPTERA,HYDROPHILIDAE,BEROSUS,BEROSUS,3511,1.0,1.0,28.8783961147352,-96.2871676,LargeStreams,Region_06,NRS18_TX_10006,2018.0,8/15/2018,1,BERW,57.87,Good,US1TXMTG004,11.834400788261643,USW00012935,17.400404219516638,USC00415670,17.988882926712115,USC00411885,20.632766025678755,USC00412266,21.0597906680548
2013264,ARTHROPODA,INSECTA,DIPTERA,CHIRONOMIDAE,LIMNOPHYES,LIMNOPHYES,3928,1.0,1.0,42.8075344057417,-98.83494417,SmallStreams,Region_07,NRS18_NE_10028,2018.0,8/15/2018,1,BERW,25.6,Fair,US10holt016,10.81430699246866,US10boyd005,11.367225697698517,US10boyd002,11.397444963666125,USC00251365,11.811988628446095,USC00258040,15.059673529941934
2013265,ARTHROPODA,INSECTA,DIPTERA,CHIRONOMIDAE,PARATANYTARSUS,PARATANYTARSUS,4120,4.0,1.0,42.770064899987,-97.11920616,RiversMajor,Region_07,NRS18_NE_10057,2018.0,8/8/2018,1,BETB,24.63,Poor,US10ceda010,5.1507373841522615,US10ceda026,11.382743658791785,US10ceda021,11.390041109566345,US1SDYN0003,11.47617899756879,US10ceda013,11.900803048794431
2013266,ARTHROPODA,INSECTA,DIPTERA,CHIRONOMIDAE,PROCLADIUS,PROCLADIUS,4191,3.0,1.0,,,,Region_04,NRS18_MS_10009,,8/15/2018,2,BERW,61.45,,ACW00011604,,US1OKCV0084,,US1OKCV0083,,US1OKCV0082,,US1OKCV0081,
2013267,ARTHROPODA,MALACOSTRACA,AMPHIPODA,HYALELLIDAE,HYALELLA,HYALELLA,3821,5.0,1.0,30.694847431155,-87.92434568,LargeStreams,Region_04,NRS18_AL_10014,2018.0,8/12/2018,1,BETB,17.25,Poor,US1ALBW0068,2.525763359890748,US1ALBW0028,3.5644748389704617,US1ALBW0058,5.472114265442381,US1ALBW0003,6.047811762997375,US1ALBW0080,6.486191879916416
2013268,ARTHROPODA,INSECTA,ODONATA,COENAGRIONIDAE,ARGIA,ARGIA,3476,3.0,1.0,36.5355621108092,-90.7040699,RiversOther,Region_07,NRS18_MO_10035,2018.0,8/15/2018,1,BETB,48.72,Fair,USC00232289,13.533556689514425,US1MOFSA181,14.094826163743356,US1MORP0006,14.607324045573456,USR0000MDON,14.752458913293667,US1ARCY0001,15.557203345715571
2013269,ARTHROPODA,INSECTA,DIPTERA,CHIRONOMIDAE,PHAENOPSECTRA,PHAENOPSECTRA,4143,,,39.4989110365957,-105.0865186,RiversMajor,Region_08,NRS18_CO_10042,2018.0,8/14/2018,1,BERW,63.95,Good,USC00054452,1.2184371320965532,US1CODG0117,1.8551676872746712,US1CODG0159,3.3874688714147254,US1CODG0130,3.953932939731027,US1COJF0332,4.678096159811389
2013270,ARTHROPODA,INSECTA,DIPTERA,CHIRONOMIDAE,NATARSIA,NATARSIA,4008,2.0,1.0,30.518846238835,-87.29779287,SmallStreams,Region_04,NRS18_FL_10003,2018.0,8/14/2018,1,BERW,40.45,Poor,US1FLES0063,1.0345227729710513,US1FLES0038,1.4878437353520917,US1FLES0064,1.5406254319948078,US1FLES0021,2.469305654418033,US1FLES0005,5.321690154511169
2013271,ARTHROPODA,INSECTA,DIPTERA,CHIRONOMIDAE,PARATANYTARSUS,PARATANYTARSUS,4120,1.0,1.0,36.7847693080943,-93.71442822,RiversOther,Region_07,NRS18_MO_10012,2018.0,8/15/2018,1,BERW,67.0,Good,USC00233537,10.513870154700474,USC00236700,12.832655365108176,USC00235579,13.618129987160504,USC00230342,14.671416182773566,USC00231383,16.170509445941377
2013272,ARTHROPODA,INSECTA,PLECOPTERA,LEUCTRIDAE,,LEUCTRIDAE,3913,2.0,1.0,40.7496732984937,-105.8520428,SmallStreams,Region_08,NRS18_CO_10017,2018.0,8/15/2018,1,BERW,58.68,Good,USC00053340,6.184147578312281,USS0005J06S,9.628997330390323,US1COLR1364,9.673050705187334,US1COLR0208,9.71356589712073,US1COLR1168,10.186261672846339
2013273,ARTHROPODA,INSECTA,TRICHOPTERA,HYDROPSYCHIDAE,HYDROPSYCHE,HYDROPSYCHE,3844,20.0,1.0,,,,Region_04,NRS18_NC_RF002,,8/15/2018,1,BERW,84.58,,ACW00011604,,US1OKCV0084,,US1OKCV0083,,US1OKCV0082,,US1OKCV0081,
2013274,PLATYHELMINTHES,TURBELLARIA,,,,TURBELLARIA,4393,2.0,1.0,44.8170409927285,-121.0957247,RiversOther,Region_10,NRS18_OR_10670,2018.0,8/15/2018,1,BETB,44.25,Fair,US1ORJF0001,12.38992079322162,USC00355080,13.379279986439553,USC00359038,13.399380819954734,USC00350054,14.276686087471974,USR0000OMUT,14.377625831231681
2013275,ARTHROPODA,INSECTA,EPHEMEROPTERA,HEPTAGENIIDAE,,HEPTAGENIIDAE,3802,6.0,0.0,36.9681906393774,-80.64644699,SmallStreams,Region_03,NRS18_VA_10014,2018.0,8/16/2018,1,BERW,58.47,Good,US1VAPL0005,8.72178646770834,USC00440135,8.734843990370154,USC00444246,10.37946816545697,US1VAPL0009,13.179521135395536,USC00449169,13.759970693286725
2013276,ARTHROPODA,INSECTA,DIPTERA,CHIRONOMIDAE,ZAVRELIELLA,ZAVRELIELLA,4432,1.0,1.0,33.91373784,-88.53107022,RiversMajor,Region_04,NRS18_MS_10007,2018.0,8/16/2018,1,BETB,14.6,Poor,US1MSMN0001,5.910289291133273,US1MSMN0006,7.2260076674075995,USC00220176,7.92959264967979,USC00220021,9.36126497492006,US1MSMN0002,10.591749164163883
2013277,ARTHROPODA,INSECTA,TRICHOPTERA,HYDROPSYCHIDAE,HYDROPSYCHE,HYDROPSYCHE,3844,10.0,1.0,,,,Region_05,NRS18_WI_RF001,,8/16/2018,1,BERW,44.7,,ACW00011604,,US1OKCV0084,,US1OKCV0083,,US1OKCV0082,,US1OKCV0081,
2013278,ARTHROPODA,INSECTA,DIPTERA,CHIRONOMIDAE,TANYPUS,TANYPUS,4347,1.0,1.0,36.9926675240836,-90.20508369,LargeStreams,Region_07,NRS18_MO_10030,2018.0,8/16/2018,1,BETB,34.35,Poor,USC00236934,8.21764666082217,USC00238700,10.416790061360397,USC00238703,11.913076246429883,USC00234660,12.045056159673052,US1MOBU0004,15.862700343062556
2013279,ARTHROPODA,INSECTA,DIPTERA,CHIRONOMIDAE,LARSIA,LARSIA,3890,1.0,1.0,42.5896443723195,-97.87221792,LargeStreams,Region_07,NRS18_NE_10006,2018.0,8/16/2018,1,BERW,54.65,Good,US1NEKX0002,8.629480459137197,US10knox009,13.096910267939588,USC00251990,14.626689362044587,US10knox014,16.252914677161517,US10knox016,16.68103667018314
2013280,ARTHROPODA,INSECTA,DIPTERA,EMPIDIDAE,,EMPIDIDAE,3695,1.0,1.0,45.2842831237225,-121.0273292,RiversOther,Region_10,NRS18_OR_10819,2018.0,8/16/2018,1,BETB,51.0,Fair,USC00358712,7.8742298103678845,USR0000OPAT,9.045761496552348,USC00359011,19.79307594679092,USC00353121,20.092377056379025,USC00352440,20.50425406776005
2013281,MOLLUSCA,BIVALVIA,VENEROIDA,PISIDIIDAE,,PISIDIIDAE,4158,2.0,1.0,45.369484053369,-114.2899056,RiversMajor,Region_10,NRS18_ID_10010,2018.0,8/16/2018,1,BETB,40.37,Fair,USC00108395,1.2581116455910362,USR0000IIND,9.745252023715732,USR0000ISKU,14.393507838205034,USC00106500,28.219749983961847,USC00101938,28.499351328745306
2013282,ARTHROPODA,INSECTA,DIPTERA,CHIRONOMIDAE,CORYNONEURA,CORYNONEURA,3620,1.0,1.0,41.3821504156493,-107.2276038,SmallStreams,Region_08,NRS18_WY_10003,2018.0,8/16/2018,1,BERW,2.48,Poor,USS0007H06S,3.3530316939760016,US1WYCR0002,8.897848557642094,USS0007H05S,11.19893991013624,USC00488000,29.64733295814526,USC00487490,29.741910946783523
2013283,ARTHROPODA,INSECTA,COLEOPTERA,HYDRAENIDAE,OCHTHEBIUS,OCHTHEBIUS,4054,2.0,1.0,41.5962517429327,-109.1487648,RiversOther,Region_08,NRS18_WY_10010,2018.0,8/17/2018,1,BERW,28.78,Poor,US1WYSW0010,5.1925093644704505,US1WYSW0043,5.434444333509974,US1WYSW0014,5.5116076213583405,US1WYSW0001,5.701632003735993,USC00487840,5.830463760114939
2013284,ARTHROPODA,INSECTA,DIPTERA,CHIRONOMIDAE,PLATYSMITTIA,PLATYSMITTIA,4165,5.0,1.0,30.2949162835691,-85.29384067,SmallStreams,Region_04,NRS18_FL_10004,2018.0,8/16/2018,1,BERW,24.97,Poor,US1FLCN0001,4.922281158213442,US1FLCN0002,15.887318464241702,US1FLBY0015,18.3643663315792,USC00083230,19.383504415804552,USC00081601,20.948524402333597
2013285,ARTHROPODA,INSECTA,TRICHOPTERA,POLYCENTROPODIDAE,,POLYCENTROPODIDAE,4174,,,37.2983489035849,-92.41283843,RiversMajor,Region_07,NRS18_MO_10041,2018.0,8/17/2018,1,BERW,58.4,Good,US1MOWT0014,3.402436651372308,USC00233661,9.371936050260281,US1MOFSA229,10.431781288392063,USC00235220,11.402400767757563,US1MOWT0013,11.6475557923792
2013286,ARTHROPODA,MALACOSTRACA,DECAPODA,CAMBARIDAE,,CAMBARIDAE,3548,1.0,1.0,42.898172945258,-100.4853861,LargeStreams,Region_07,NRS18_NE_10007,2018.0,8/14/2018,1,BERW,68.05,Good,US1NECH0003,3.7850796263259476,US1NECH0006,4.842290674133878,US10cher005,5.648232526457366,USC00258751,5.971475054505522,US1NECH0001,6.854272470739708
2013287,ARTHROPODA,MALACOSTRACA,AMPHIPODA,HYALELLIDAE,HYALELLA,HYALELLA,3821,77.0,1.0,41.2965690658463,-80.60143851,LargeStreams,Region_05,NRS18_OH_10026,2018.0,8/14/2018,1,BERW,6.87,Poor,USC00336333,5.927668934723742,USW00014852,7.618428253129411,US1OHTR0013,10.136999511510641,US1OHTR0001,10.659146095338384,US1OHTR0017,10.820175395691876
2013288,ARTHROPODA,INSECTA,DIPTERA,CHIRONOMIDAE,TANYTARSUS,TANYTARSUS,4348,26.0,1.0,41.5141255929982,-80.73366923,LargeStreams,Region_05,NRS18_OH_10015,2018.0,8/15/2018,1,BERW,44.05,Fair,USC00331755,3.479543520485409,USC00337854,9.467494423637445,USC00339163,12.698444282893476,USC00334248,14.413517893443426,USC00337231,15.69040415233059
2013289,ARTHROPODA,INSECTA,DIPTERA,CHIRONOMIDAE,PHAENOPSECTRA,PHAENOPSECTRA,4143,1.0,1.0,40.5215844316865,-79.39898471,LargeStreams,Region_03,NRS18_PA_10008,2018.0,8/16/2018,1,BERW,31.2,Fair,USC00368989,8.069594672797066,USC00365212,8.238998997140973,USC00367796,10.686668765304598,USC00369140,12.083246924757024,USC00367782,12.47746006124943
2013290,ARTHROPODA,INSECTA,DIPTERA,CHIRONOMIDAE,MICROPSECTRA,MICROPSECTRA,3981,,,41.0996763760431,-80.60824166,LargeStreams,Region_05,NRS18_OH_10025,2018.0,8/13/2018,1,BERW,49.02,Fair,US1OHMH0007,5.929003769881196,US1OHTR0010,7.897188278910174,US1OHMH0002,10.091070224802984,US1OHTR0014,11.108401218577283,US1PAMR0005,13.706566436725081
2013291,ARTHROPODA,INSECTA,DIPTERA,CERATOPOGONIDAE,,CERATOPOGONIDAE,3566,1.0,0.0,,,,Region_07,NRS18_MO_10013,,8/17/2018,2,BERW,37.05,,ACW00011604,,US1OKCV0084,,US1OKCV0083,,US1OKCV0082,,US1OKCV0081,
2013292,ARTHROPODA,INSECTA,TRICHOPTERA,HYDROPSYCHIDAE,CHEUMATOPSYCHE,CHEUMATOPSYCHE,3578,1.0,1.0,42.1677998225241,-104.4644536,RiversMajor,Region_08,NRS18_WY_12048,2018.0,8/16/2018,1,BETB,56.1,Good,US1WYGS0013,1.1795173213161219,US1WYGS0039,1.794801989274015,US1WYGS0062,6.31310355712963,US1WYGS0025,6.827877996706006,USC00483485,6.934876409019599
2013293,ARTHROPODA,INSECTA,EPHEMEROPTERA,BAETIDAE,ANAFROPTILUM,ANAFROPTILUM,5112,,,42.841977684395,-105.5211615,RiversMajor,Region_08,NRS18_WY_11912,2018.0,8/17/2018,1,BETB,75.23,Good,US1WYCV0004,3.026841240648417,USW00094057,12.54822231742601,US1WYCV0016,12.974865577670197,US1WYCV0013,13.972861584910161,US1WYCV0019,15.865337973740289
2013294,MOLLUSCA,BIVALVIA,VENEROIDA,,,VENEROIDA,4412,2.0,0.0,40.4813961945382,-92.68617538,RiversOther,Region_07,NRS18_MO_10023,2018.0,8/19/2018,1,BETB,44.72,Good,USC00235014,1.2726988704946505,US1MOFSA197,14.165304701117536,US1IADV0015,23.70981552282963,US1IADV0003,25.357987830285268,US1IADV0002,25.558902397711172
2013295,ARTHROPODA,ARACHNIDA,TROMBIDIFORMES,SPERCHONIDAE,SPERCHON,SPERCHON,4296,,,43.6547362610937,-109.9078766,SmallStreams,Region_08,NRS18_WY_10069,2018.0,8/19/2018,1,BERW,54.53,Good,USC00488158,2.487093410629695,USC00484169,10.060968525381202,US1WYFM0004,11.389547603136299,US1WYFM0005,11.655599427275172,USS0010F09S,16.178712612860462
2013296,ARTHROPODA,INSECTA,DIPTERA,TIPULIDAE,,TIPULIDAE,4369,3.0,0.0,40.4877357762595,-93.49836702,LargeStreams,Region_07,NRS18_MO_10020,2018.0,8/20/2018,1,BERW,22.38,Poor,US1MOMR0001,8.695957801151968,US1MOFSA129,10.364766076800196,USC00235519,11.033556551079194,USC00236866,12.273081197075198,US1MOMR0002,12.65369459744604
2013297,ARTHROPODA,INSECTA,DIPTERA,CHIRONOMIDAE,PARALAUTERBORNIELLA,PARALAUTERBORNIELLA,4107,27.0,1.0,43.7020848386317,-88.57194663,LargeStreams,Region_05,NRS18_WI_10040,2018.0,8/20/2018,1,BERW,41.87,Good,US1WIDL0029,8.315854741341992,USW00004840,9.926267094212907,US1WIDD0027,10.026008641911973,US1WIDL0018,10.632513380303928,USC00472842,11.11457408517864
2013298,ARTHROPODA,INSECTA,DIPTERA,CHIRONOMIDAE,POLYPEDILUM,POLYPEDILUM,4178,2.0,1.0,37.0001080782925,-89.26342226,RiversMajor,Region_05,NRS18_IL_10008,2018.0,8/19/2018,1,BETB,18.47,Poor,USC00111169,7.547454322750989,US1ILAL0002,7.661268901546624,USW00093809,8.345105870497218,USC00231540,11.398049918726954,USC00115880,13.361210351507847
2013299,ARTHROPODA,INSECTA,DIPTERA,CHIRONOMIDAE,AXARUS,AXARUS,3498,2.0,1.0,37.19892748,-89.46155197,RiversMajor,Region_07,NRS18_MO_10024,2018.0,8/19/2018,1,BETB,16.22,Poor,US1MOSC0001,5.4661125395917916,US1MOSC0005,5.58839647312573,USR0000IBNR,9.211049278207746,USC00116383,10.206122133640674,USW00003935,10.78123616529966
2013300,ARTHROPODA,INSECTA,DIPTERA,CHIRONOMIDAE,STICTOCHIRONOMUS,STICTOCHIRONOMUS,4315,1.0,1.0,37.9624363048959,-89.98442983,RiversMajor,Region_07,NRS18_MO_10042,2018.0,8/20/2018,1,BETB,9.6,Poor,USC00114629,4.044747501727812,US1MOFSA186,5.728905188256487,US1ILRH0016,6.193978427964553,USC00237414,7.237814214230597,US1ILRH0005,14.757613678895844
2013301,ARTHROPODA,INSECTA,DIPTERA,,,DIPTERA,3665,2.0,1.0,37.9630115851605,-89.98239493,RiversMajor,Region_07,NRS18_MO_10025,2018.0,8/20/2018,1,BETB,0.0,Poor,USC00114629,3.862795238889275,US1MOFSA186,5.901137478266811,US1ILRH0016,6.008720369180175,USC00237414,7.422648760812453,US1ILRH0005,14.61055351176596
2013302,ANNELIDA,OLIGOCHAETA,HAPLOTAXIDA,TUBIFICIDAE,BRANCHIURA,BRANCHIURA,3532,1.0,1.0,,,,Region_07,NRS18_MO_10014,,8/19/2018,2,BETB,38.88,,ACW00011604,,US1OKCV0084,,US1OKCV0083,,US1OKCV0082,,US1OKCV0081,
2013303,ARTHROPODA,INSECTA,TRICHOPTERA,HYDROPSYCHIDAE,,HYDROPSYCHIDAE,3845,1.0,1.0,36.5347440889431,-89.46723242,RiversMajor,Region_07,NRS18_MO_10008,2018.0,8/19/2018,1,BETB,34.37,Poor,USC00236040,6.976547646122835,USC00236045,8.222841847325036,US1MONM0011,8.81888908142217,US1MOFSA143,9.062347181295307,US1MONM0007,9.069737784072025
2013304,ARTHROPODA,INSECTA,DIPTERA,CHIRONOMIDAE,,CRICOTOPUS/ORTHOCLADIUS,3623,9.0,1.0,43.1212475377324,-124.1793596,RiversOther,Region_10,NRS18_OR_10023,2018.0,8/20/2018,1,BETB,6.77,Poor,US1ORCS0018,3.5766065554170487,USC00351834,5.324286976897237,USC00351836,6.092292310723917,US1ORCS0021,8.429794634227378,US1ORCS0038,9.934358719385772
2013305,ARTHROPODA,INSECTA,DIPTERA,CHIRONOMIDAE,NATARSIA,NATARSIA,4008,29.0,1.0,35.6772784546635,-78.15344368,SmallStreams,Region_04,NRS18_NC_10030,2018.0,8/20/2018,1,BERW,17.18,Poor,US1NCJH0088,3.335254729204201,US1NCJH0009,5.521448615612257,US1NCWN0006,6.184483966365692,US1NCWN0028,7.530062359926955,US1NCWN0025,7.542966190932854
2013306,ARTHROPODA,INSECTA,DIPTERA,CHIRONOMIDAE,PROCLADIUS,PROCLADIUS,4191,1.0,1.0,,,,Region_07,NRS18_MO_10002,,8/21/2018,2,BETB,26.43,,ACW00011604,,US1OKCV0084,,US1OKCV0083,,US1OKCV0082,,US1OKCV0081,
2013307,ARTHROPODA,INSECTA,DIPTERA,CHIRONOMIDAE,PARAKIEFFERIELLA,PARAKIEFFERIELLA,4106,10.0,1.0,38.3953278602896,-77.9554202,SmallStreams,Region_03,NRS18_VA_10001,2018.0,8/21/2018,1,BERW,31.28,Fair,USC00442155,10.078926782846766,US1VACP0011,10.765093522501445,US1VACP0010,11.376044384786592,US1VACP0013,11.95261042399277,US1VACP0015,13.482768593851887
2013308,ARTHROPODA,INSECTA,DIPTERA,CHIRONOMIDAE,POLYPEDILUM,POLYPEDILUM,4178,8.0,1.0,34.3031474213572,-84.47051375,SmallStreams,Region_04,NRS18_GA_10006,2018.0,8/21/2018,1,BERW,69.12,Good,USC00090603,3.2972747427279887,US1GACE0015,5.710932346465204,US1GACE0004,6.090653380497684,USC00099077,6.21127136234837,US1GACE0033,6.413671034236285
2013309,ARTHROPODA,INSECTA,TRICHOPTERA,BRACHYCENTRIDAE,BRACHYCENTRUS,BRACHYCENTRUS,3526,,,44.1768184773611,-106.7335252,LargeStreams,Region_08,NRS18_WY_10697,2018.0,8/20/2018,1,BERW,91.88,Good,USC00486175,4.625027189797885,USC00480740,5.852344330382985,US1WYJN0028,8.183099555614593,US1WYJN0033,9.638655414338901,US1WYJN0014,11.907289966294677
2013310,ARTHROPODA,MALACOSTRACA,AMPHIPODA,HYALELLIDAE,HYALELLA,HYALELLA,3821,1.0,1.0,44.0891217100143,-106.6736713,LargeStreams,Region_08,NRS18_WY_10084,2018.0,8/20/2018,1,BERW,74.12,Good,USC00481172,2.5546162209649066,USC00480740,6.068669583151619,US1WYJN0023,8.115842111783454,US1WYJN0033,9.810942186601185,US1WYJN0028,10.798134705081448
2013311,MOLLUSCA,GASTROPODA,BASOMMATOPHORA,LYMNAEIDAE,STAGNICOLA,STAGNICOLA,4304,1.0,1.0,43.7000833862929,-87.81661116,LargeStreams,Region_05,NRS18_WI_10041,2018.0,8/21/2018,1,BERW,71.18,Good,US1WISB0041,2.522711194230711,US1WISB0040,3.692897393299752,US1WISB0025,3.7351190967598917,US1WISB0031,5.653429663863041,US1WISB0038,6.80753906687958
2013312,ARTHROPODA,INSECTA,EPHEMEROPTERA,BAETIDAE,CALLIBAETIS,CALLIBAETIS,3544,1.0,1.0,38.4644046350254,-97.88634393,SmallStreams,Region_07,NRS18_KS_10087,2018.0,8/20/2018,1,BERW,9.1,Poor,US1KSRC0010,7.794479436340492,US1KSMP0020,8.91987842779556,US1KSRC0011,10.931105525103424,USC00144761,13.42429721096819,US1KSMP0069,14.229827303918755
2013313,ANNELIDA,OLIGOCHAETA,HAPLOTAXIDA,NAIDIDAE,DERO,DERO,3646,2.0,1.0,39.0282651450202,-93.68118785,LargeStreams,Region_07,NRS18_MO_10003,2018.0,8/21/2018,1,BETB,29.35,Fair,USC00233837,4.572112125138521,USC00233838,5.499006852538071,US1MOFSA107,6.3146745147344605,US1MOLF0004,7.055279146441589,USC00231837,11.076117110127798
2013314,ARTHROPODA,INSECTA,COLEOPTERA,ELMIDAE,ZAITZEVIA,ZAITZEVIA,4428,,,43.2721722407804,-123.9293403,SmallStreams,Region_10,NRS18_OR_10068,2018.0,8/21/2018,1,BERW,77.68,Good,USC00352775,7.749780802438285,USR0000OBUR,9.155762552597876,USC00355375,12.984675951595172,USC00352370,13.182347863589959,USC00357869,13.687723086733623
2013315,ANNELIDA,OLIGOCHAETA,BRANCHIOBDELLIDA,,,BRANCHIOBDELLIDA,3529,1.0,1.0,42.8581540892821,-105.9867823,RiversMajor,Region_08,NRS18_WY_11903,2018.0,8/20/2018,1,BETB,73.8,Good,US1WYCV0005,9.497153811243155,US1WYCV0027,9.736540483846643,US1WYNT0056,11.884884890088653,USC00483951,14.09611303396441,US1WYCV0024,14.428033019445097
2013316,ARTHROPODA,INSECTA,DIPTERA,CHIRONOMIDAE,AXARUS,AXARUS,3498,1.0,1.0,31.4930898685774,-94.83198032,RiversOther,Region_06,NRS18_TX_10019,2018.0,8/21/2018,1,BETB,53.82,Fair,USC00415415,9.433835449854419,US1TXAG0006,14.685073781750194,USW00053948,14.956151365603102,US1TXNC0007,16.48594571065408,USC00412558,18.391609348770906
2013317,ARTHROPODA,INSECTA,PLECOPTERA,LEUCTRIDAE,,LEUCTRIDAE,3913,1.0,1.0,,,,Region_08,NRS18_UT_10009,,8/21/2018,2,BERW,17.58,,ACW00011604,,US1OKCV0084,,US1OKCV0083,,US1OKCV0082,,US1OKCV0081,
2013318,ARTHROPODA,INSECTA,DIPTERA,CHIRONOMIDAE,POLYPEDILUM,POLYPEDILUM,4178,3.0,1.0,40.4535937797554,-103.3961287,RiversMajor,Region_08,NRS18_CO_11425,2018.0,8/19/2018,1,BETB,25.65,Fair,US1COWA0023,8.141727799878083,US1COLG0061,13.472737913474058,US1COMR0079,14.768625745314607,US1COMR0104,16.076537027214968,US1COMR0096,19.06275463899361
2013319,ARTHROPODA,INSECTA,DIPTERA,CHIRONOMIDAE,STENOCHIRONOMUS,STENOCHIRONOMUS,4311,,,42.6802951810064,-71.14519819,LargeStreams,Region_01,NRS18_MA_10005,2018.0,8/21/2018,1,BERW,26.22,Poor,USC00194105,2.693362311255617,US1MAES0048,2.8959000333469254,US1MAES0029,3.0496502602059614,US1MAES0066,3.3123784389995423,USC00190130,3.5063342159984736
2013320,MOLLUSCA,GASTROPODA,,,,GASTROPODA,3745,10.0,0.0,,,,Region_01,NRS18_MA_10006,,8/20/2018,2,BETB,4.75,,ACW00011604,,US1OKCV0084,,US1OKCV0083,,US1OKCV0082,,US1OKCV0081,
2013321,ARTHROPODA,INSECTA,DIPTERA,CHIRONOMIDAE,TANYTARSUS,TANYTARSUS,4348,4.0,1.0,41.8801385953391,-71.38130481,RiversOther,Region_01,NRS18_RI_10002,2018.0,8/19/2018,1,BETB,1.95,Poor,USC00375882,1.9222982188164408,US1RIPR0013,2.2413844066504813,US1RIPR0024,2.5145325488240586,US1RIPR0004,2.69446871466406,USC00374750,2.6967099190432458
2013322,ARTHROPODA,INSECTA,DIPTERA,CHIRONOMIDAE,TVETENIA,TVETENIA,4394,2.0,1.0,42.8288372939794,-106.3667892,RiversMajor,Region_08,NRS18_WY_10016,2018.0,8/21/2018,1,BETB,68.27,Good,US1WYNT0013,0.2950896191152996,US1WYNT0100,0.3838329285216981,US1WYNT0029,1.5895013651576975,US1WYNT0092,1.9117247503868278,US1WYNT0090,1.918651086154475
2013323,ARTHROPODA,INSECTA,COLEOPTERA,ELMIDAE,STENELMIS,STENELMIS,4310,5.0,1.0,39.5395534066352,-75.69163245,SmallStreams,Region_03,NRS18_DE_10010,2018.0,8/21/2018,1,BERW,25.12,Poor,US1DENC0007,2.5412556231925194,US1DENC0005,3.3083191690677234,US1DENC0008,5.422056569301953,US1DENC0028,6.311015492864111,USC00071200,6.774506971274114
2013324,ARTHROPODA,INSECTA,DIPTERA,CHIRONOMIDAE,PAGASTIA,PAGASTIA,4088,4.0,1.0,44.1583904202348,-106.9120155,SmallStreams,Region_08,NRS18_WY_10004,2018.0,8/21/2018,1,BERW,35.02,Poor,USC00481171,6.4944791144378895,USS0006E03S,12.530654034803812,USC00486175,14.453916632957462,USC00480740,14.866853018246648,US1WYJN0023,16.625916581345248
2013325,ARTHROPODA,INSECTA,DIPTERA,TIPULIDAE,TIPULA,TIPULA,4368,,,44.4367086476182,-89.22237607,SmallStreams,Region_05,NRS18_WI_10080,2018.0,8/22/2018,1,BERW,32.93,Fair,US1WIPT0019,4.137437350276845,USC00470205,5.874272338214569,US1WIPT0026,6.056359941074972,US1WIWP0011,10.507677902344142,US1WIWP0008,11.932546996467915
2013326,ANNELIDA,OLIGOCHAETA,HAPLOTAXIDA,NAIDIDAE,,NAIDIDAE,4003,1.0,1.0,,,,Region_05,NRS18_IL_10002,,8/22/2018,2,BETB,6.0,,ACW00011604,,US1OKCV0084,,US1OKCV0083,,US1OKCV0082,,US1OKCV0081,
2013327,MOLLUSCA,GASTROPODA,,,,GASTROPODA,3745,3.0,0.0,39.5374773661621,-90.57778564,RiversMajor,Region_05,NRS18_IL_10025,2018.0,8/22/2018,1,BETB,16.67,Poor,USC00116681,9.199166689795844,US1ILST0001,15.134310748853819,USC00119331,15.241667674116302,USC00116833,17.188667944302935,USC00119241,20.170578315117833
2013328,ARTHROPODA,INSECTA,EPHEMEROPTERA,BAETIDAE,LABIOBAETIS,LABIOBAETIS,4774,1.0,1.0,31.9345346313549,-95.43335988,RiversMajor,Region_06,NRS18_TX_10003,2018.0,8/22/2018,1,BETB,43.97,Fair,US1TXAN0003,11.556988721071615,USC00414524,15.1597311784153,USC00414525,15.384316689451461,USC00412444,18.114417185071297,USC00413325,18.35625942302199
2013329,ARTHROPODA,INSECTA,COLEOPTERA,ELMIDAE,CLEPTELMIS,CLEPTELMIS,3597,,,42.4741200793008,-124.3300903,RiversMajor,Region_10,NRS18_OR_10028,2018.0,8/22/2018,1,BETB,15.07,Poor,US1ORCY0021,2.8204557929305953,US1ORCY0007,4.33759936039872,USC00353351,5.831043247658362,US1ORCY0022,9.414027067321483,USR0000OGLD,9.646954096723025
2013330,ARTHROPODA,INSECTA,COLEOPTERA,PSEPHENIDAE,PSEPHENUS,PSEPHENUS,4209,74.0,1.0,37.9139847408022,-90.82499626,LargeStreams,Region_07,NRS18_MO_10019,2018.0,8/21/2018,1,BERW,49.68,Good,US1MOWS0002,2.4360706004623047,USC00236826,2.500086806247865,US1MOFSA221,8.181062872096453,US1MOFSA093,12.961434086366689,US1MOWS0006,13.212743998479283
2013331,ARTHROPODA,INSECTA,DIPTERA,CHIRONOMIDAE,STENOCHIRONOMUS,STENOCHIRONOMUS,4311,4.0,1.0,41.4165199248865,-71.79748593,RiversOther,Region_01,NRS18_RI_10020,2018.0,8/22/2018,1,BETB,26.67,Poor,US1RIWS0030,2.67237498288062,US1RIWS0104,4.691764881893719,US1RIWS0024,4.696794342747426,US1RIWS0047,4.893592352737914,USC00378911,6.293980650323238
2013332,ANNELIDA,OLIGOCHAETA,HAPLOTAXIDA,TUBIFICIDAE,AULODRILUS,AULODRILUS,3496,3.0,1.0,,,,Region_03,NRS18_VA_RF004,,8/22/2018,1,BETB,55.73,,ACW00011604,,US1OKCV0084,,US1OKCV0083,,US1OKCV0082,,US1OKCV0081,
2013333,ARTHROPODA,INSECTA,MEGALOPTERA,CORYDALIDAE,CHAULIODES,CHAULIODES,3574,1.0,1.0,43.5043621811373,-88.71859937,SmallStreams,Region_05,NRS18_WI_10032,2018.0,8/23/2018,1,BERW,46.48,Good,USC00471213,4.4485584692668345,US1WIDD0020,5.972270894575756,USC00473756,10.124170800438623,US1WIDD0003,11.54026313779382,USC00470645,12.303953467080254
2013334,ARTHROPODA,INSECTA,EPHEMEROPTERA,BAETIDAE,ACENTRELLA,ACENTRELLA,3407,11.0,1.0,43.7929721901145,-72.67631186,RiversOther,Region_01,NRS18_VT_10005,2018.0,8/23/2018,1,BERW,72.02,Good,US1VTWR0036,4.659800761463732,USC00430660,5.658558664075725,US1VTWR0029,6.095061361442648,USC00430315,6.763327229349874,USC00430661,10.591587175096281
2013335,ARTHROPODA,INSECTA,TRICHOPTERA,HYDROPTILIDAE,OXYETHIRA,OXYETHIRA,4085,1.0,1.0,42.7554625904354,-82.49398014,LargeStreams,Region_05,NRS18_MI_10013,2018.0,8/23/2018,1,BETB,29.37,Fair,CA0061219J1,3.8016838177122976,USC00205148,4.012611690599307,US1MISC0019,5.13653995562606,CA1ON001001,6.785981461008824,CA1ON000427,8.503404093338046
2013336,MOLLUSCA,GASTROPODA,BASOMMATOPHORA,PHYSIDAE,PHYSA,PHYSA,4149,3.0,1.0,27.6430167970687,-81.13631515,RiversOther,Region_04,NRS18_FL_10333,2018.0,8/23/2018,1,BETB,8.77,Poor,USC00084621,9.280748934678481,US1FLOB0002,11.042558180585706,US1FLOB0006,16.246498984719143,USC00089048,18.05800435824268,USC00086404,18.547189707311453
2013337,ARTHROPODA,INSECTA,DIPTERA,CHIRONOMIDAE,POLYPEDILUM,POLYPEDILUM,4178,7.0,1.0,44.8036911381267,-105.368457,RiversOther,Region_08,NRS18_WY_10027,2018.0,8/22/2018,1,BERW,64.6,Good,USC00485686,4.195552871320951,US1WYCM0009,8.167486890257303,USC00489580,18.938295573765327,US1WYCM0002,19.1740108656015,USC00486960,22.615550659735437
2013338,ARTHROPODA,INSECTA,DIPTERA,CHIRONOMIDAE,TANYTARSUS,TANYTARSUS,4348,2.0,1.0,,,,Region_01,NRS18_NH_10007,,8/23/2018,2,BETB,35.17,,ACW00011604,,US1OKCV0084,,US1OKCV0083,,US1OKCV0082,,US1OKCV0081,
2013339,ARTHROPODA,INSECTA,TRICHOPTERA,,,TRICHOPTERA,4382,2.0,0.0,,,,Region_01,NRS18_RI_10006,,8/23/2018,2,BETB,70.02,,ACW00011604,,US1OKCV0084,,US1OKCV0083,,US1OKCV0082,,US1OKCV0081,
2013340,ARTHROPODA,INSECTA,DIPTERA,TIPULIDAE,HEXATOMA,HEXATOMA,3817,4.0,1.0,40.7687167636815,-110.7982492,LargeStreams,Region_08,NRS18_UT_10282,2018.0,8/23/2018,1,BERW,63.52,Good,USS0010J44S,7.711985321996505,USS0010J35S,10.151302096930323,USR0000BEAR,13.124354443958982,USS0010J17S,13.74811951698243,USS0010J23S,14.079361877162444
2013341,ARTHROPODA,INSECTA,COLEOPTERA,ELMIDAE,DUBIRAPHIA,DUBIRAPHIA,3678,8.0,1.0,,,,Region_03,NRS18_VA_RF008,,8/23/2018,1,BETB,52.28,,ACW00011604,,US1OKCV0084,,US1OKCV0083,,US1OKCV0082,,US1OKCV0081,
2013342,ARTHROPODA,INSECTA,EPHEMEROPTERA,BAETIDAE,LABIOBAETIS,LABIOBAETIS,4774,1.0,1.0,36.9910343043037,-77.27445076,RiversOther,Region_03,NRS18_VA_10021,2018.0,8/23/2018,1,BETB,66.52,Good,USC00448249,8.302915825692924,US1VASS0003,8.379988266525089,US1VAPC0011,10.998713676843506,USC00448129,11.675939950784109,USC00442400,14.940023641986812
2013343,ARTHROPODA,INSECTA,DIPTERA,CHIRONOMIDAE,STICTOCHIRONOMUS,STICTOCHIRONOMUS,4315,1.0,1.0,34.6669067621162,-84.94212879,LargeStreams,Region_04,NRS18_GA_10025,2018.0,8/22/2018,1,BERW,32.65,Fair,US1GAWF0004,4.398288346135392,USC00097430,8.56786300224282,US1GAGD0001,12.255238481500026,USC00092493,12.514579698161668,US1GAGD0003,13.529246980973188
2013344,ARTHROPODA,INSECTA,DIPTERA,CHIRONOMIDAE,NANOCLADIUS,NANOCLADIUS,4005,,,44.6339234010626,-105.3049705,RiversOther,Region_08,NRS18_WY_11306,2018.0,8/23/2018,1,BERW,25.22,Poor,USC00489580,0.7820704231862557,US1WYCM0002,11.492513489871396,US1WYCM0009,17.365963686735544,USC00485686,23.640376846666104,USC00486960,24.140338678960912
2013345,ARTHROPODA,MALACOSTRACA,AMPHIPODA,,,AMPHIPODA,3450,1.0,0.0,42.5694989709306,-84.59279596,SmallStreams,Region_05,NRS18_MI_10001,2018.0,8/24/2018,1,BERW,39.28,Good,US1MIIH0016,2.3081768452803573,USC00202437,7.5065762764069,US1MIET0015,7.75043668578977,US1MIET0022,8.405400479522923,USC00202140,9.194992220138502
2013346,ARTHROPODA,INSECTA,DIPTERA,CHIRONOMIDAE,POLYPEDILUM,POLYPEDILUM,4178,1.0,1.0,31.8947458033373,-95.09106182,LargeStreams,Region_06,NRS18_TX_10034,2018.0,8/23/2018,1,BETB,16.35,Poor,US1TXCHK009,1.48979364637412,USC00416335,9.936995126734715,USC00417547,10.189913120221577,USC00417841,10.694059467233691,US1TXCHK004,11.775017502935832
2013347,ARTHROPODA,INSECTA,EPHEMEROPTERA,BAETIDAE,PARACLOEODES,PARACLOEODES,4102,1.0,1.0,42.9083997292983,-106.5568563,SmallStreams,Region_08,NRS18_WY_10035,2018.0,8/23/2018,1,BERW,34.23,Poor,USW00024089,6.882970463454863,US1WYNT0027,11.590823913511995,US1WYNT0004,13.359371397062453,US1WYNT0087,14.537122589150353,US1WYNT0008,14.876683826049824
2013348,ARTHROPODA,INSECTA,EPHEMEROPTERA,BAETIDAE,BAETIS,BAETIS,3501,28.0,1.0,42.8254103855932,-105.4350037,RiversMajor,Region_08,NRS18_WY_11896,2018.0,8/22/2018,1,BETB,67.63,Good,US1WYCV0004,4.285945673490982,USW00094057,5.506070192047529,US1WYCV0013,9.912612866808319,USW00024019,10.06875003297427,US1WYCV0019,10.377516945884308
2013349,ARTHROPODA,INSECTA,EPHEMEROPTERA,HEPTAGENIIDAE,,HEPTAGENIIDAE,3802,3.0,0.0,42.821520694113,-105.4057413,RiversMajor,Region_08,NRS18_WY_11908,2018.0,8/22/2018,1,BETB,70.02,Good,USW00094057,3.492306252801117,US1WYCV0004,6.711034093916503,USW00024019,8.567182678859572,USC00482685,9.108738942397018,US1WYCV0019,9.290139028656425
2013350,ARTHROPODA,INSECTA,COLEOPTERA,ELMIDAE,DUBIRAPHIA,DUBIRAPHIA,3678,1.0,1.0,,,,Region_01,NRS18_CT_10002,,8/24/2018,2,BETB,49.17,,ACW00011604,,US1OKCV0084,,US1OKCV0083,,US1OKCV0082,,US1OKCV0081,
2013351,ARTHROPODA,INSECTA,DIPTERA,CHIRONOMIDAE,ABLABESMYIA,ABLABESMYIA,3406,1.0,1.0,47.696447648031,-116.9152781,RiversMajor,Region_10,NRS18_ID_10011,2018.0,8/21/2018,1,BETB,10.13,Poor,US1IDKT0038,0.9814256580723957,US1IDKT0033,4.3579092349896795,US1IDKT0008,6.0284886663894275,US1IDKT0002,6.106069887055998,US1IDKT0006,7.924958807624257
2013352,ARTHROPODA,INSECTA,PLECOPTERA,CAPNIIDAE,,CAPNIIDAE,3555,2.0,1.0,48.8200187624521,-116.1500278,LargeStreams,Region_10,NRS18_ID_10035,2018.0,8/22/2018,1,BETB,71.68,Good,US1IDBD0004,12.682998810171133,US1IDBD0002,13.792191801961824,US1IDBD0006,16.56584269068051,USC00101084,18.0931922547198,USC00101079,18.38886492728475
2013353,MOLLUSCA,BIVALVIA,VENEROIDA,PISIDIIDAE,SPHAERIUM,SPHAERIUM,4300,1.0,1.0,38.0149386278269,-91.79721698,LargeStreams,Region_07,NRS18_MO_10031,2018.0,8/24/2018,1,BERW,26.03,Poor,US1MOPH0010,2.650247028560034,US1MOPH0059,3.9555298609908283,US1MOPH0034,4.24610733302633,US1MOPH0053,4.785488307734316,US1MOPH0002,4.913079102782593
2013354,ARTHROPODA,INSECTA,COLEOPTERA,HALIPLIDAE,PELTODYTES,PELTODYTES,4130,4.0,1.0,38.28136274,-91.37650313,RiversOther,Region_07,NRS18_MO_10021,2018.0,8/23/2018,1,BERW,40.77,Fair,US1MOGS0004,9.6701285486948,US1MOFSA073,12.51587711122816,USC00236438,13.203663800407686,US1MOCF0015,13.25616192573879,USC00233178,13.719419135206488
2013355,ARTHROPODA,INSECTA,DIPTERA,TIPULIDAE,ANTOCHA,ANTOCHA,3465,1.0,1.0,,,,Region_01,NRS18_CT_10006,,8/26/2018,2,BERW,70.63,,ACW00011604,,US1OKCV0084,,US1OKCV0083,,US1OKCV0082,,US1OKCV0081,
2013356,MOLLUSCA,GASTROPODA,BASOMMATOPHORA,PLANORBIDAE,MENETUS,MENETUS,3967,1.0,1.0,38.24012139,-91.80404806,RiversMajor,Region_07,NRS18_MO_10010,2018.0,8/26/2018,1,BETB,45.53,Good,USC00230536,4.846106049221027,US1MOMS0001,6.0367269713184575,US1MOMS0002,9.98948421520365,USW00013997,12.536819259319747,USC00238610,14.51421859094303
2013357,ARTHROPODA,INSECTA,TRICHOPTERA,HYDROPTILIDAE,HYDROPTILA,HYDROPTILA,3846,4.0,1.0,42.722994792601,-88.3110742,LargeStreams,Region_05,NRS18_WI_10021,2018.0,8/27/2018,1,BERW,60.4,Good,US1WIWW0037,0.7561646352401398,USC00477314,6.902605742719287,US1WIRC0025,7.522536026239699,US1WIRC0016,7.681076757114935,US1WIRC0049,8.176113434498358
2013358,ARTHROPODA,INSECTA,EPHEMEROPTERA,BAETIDAE,,BAETIDAE,3500,1.0,0.0,44.0742265497036,-105.2545973,RiversOther,Region_08,NRS18_WY_10029,2018.0,8/27/2018,1,BERW,24.97,Poor,USC00482580,11.288453945853645,US1WYCM0012,20.489386131059057,US1WYCM0039,21.270994910382463,USC00485465,23.138754191584407,USC00487907,23.93306433912768
2013359,ARTHROPODA,INSECTA,EPHEMEROPTERA,CAENIDAE,CAENIS,CAENIS,3542,2.0,1.0,44.7168387409638,-105.039555,LargeStreams,Region_08,NRS18_WY_10701,2018.0,8/26/2018,1,BERW,31.0,Poor,USC00486960,8.1576908514551,USC00488647,8.1576908514551,US1WYCM0002,11.776301959893626,USC00486952,17.062751511276335,US1WYCM0009,19.646149351765
2013360,ARTHROPODA,INSECTA,DIPTERA,CHIRONOMIDAE,,CRICOTOPUS/ORTHOCLADIUS,3623,1.0,1.0,35.7427806714003,-97.19597867,LargeStreams,Region_06,NRS18_OK_10005,2018.0,8/27/2018,1,BERW,42.12,Good,US1OKLG0013,1.3940416808222535,US1OKOK0074,7.5813619183230205,USC00345410,8.46757346169174,US1OKOK0004,9.426360932724092,US1OKLG0022,11.834632920281864
2013361,ARTHROPODA,INSECTA,DIPTERA,CHIRONOMIDAE,ABLABESMYIA,ABLABESMYIA,3406,3.0,1.0,38.350947374002,-86.61831615,SmallStreams,Region_05,NRS18_IN_10003,2018.0,8/27/2018,1,BERW,15.2,Poor,US1INDB0018,10.148751218084072,USC00126711,11.951224403373205,US1INDB0020,13.031088690956361,USC00122309,13.583469080829369,US1INDB0015,13.717119882126587
2013362,ARTHROPODA,INSECTA,DIPTERA,CHIRONOMIDAE,PARACLADOPELMA,PARACLADOPELMA,4101,,,44.739664156563,-108.607171,RiversOther,Region_08,NRS18_WY_10090,2018.0,8/26/2018,1,BETB,21.9,Poor,US1WYPK0041,4.056595798381495,US1WYBH0035,5.495225650074585,USC00483770,6.755207856185513,US1WYPK0013,7.956981840028213,US1WYPK0003,10.386775487917793
2013363,ARTHROPODA,INSECTA,DIPTERA,CHIRONOMIDAE,PHAENOPSECTRA,PHAENOPSECTRA,4143,9.0,1.0,41.96621452,-110.0007263,RiversMajor,Region_08,NRS18_WY_10076,2018.0,8/27/2018,1,BETB,43.22,Fair,USC00483396,5.458679662060852,USC00483385,24.36120516058876,USC00486865,34.304108444708376,US1WYLN0009,34.52789380870176,USC00485252,36.825933281904504
2013364,ANNELIDA,OLIGOCHAETA,ENCHYTRAEIDA,ENCHYTRAEIDAE,,ENCHYTRAEIDAE,3697,,,44.695841021351,-106.3382579,RiversOther,Region_08,NRS18_WY_10014,2018.0,8/24/2018,1,BETB,67.48,Good,US1WYSH0010,1.2407680301568,US1WYSH0008,4.189658870738794,US1WYSH0051,4.357698217015171,USC00481816,15.67506415334142,USC00485506,17.578910065400198
2013365,ARTHROPODA,INSECTA,DIPTERA,CHIRONOMIDAE,SYNORTHOCLADIUS,SYNORTHOCLADIUS,4337,,,,,,Region_03,NRS18_VA_10002,,8/27/2018,2,BETB,62.18,,ACW00011604,,US1OKCV0084,,US1OKCV0083,,US1OKCV0082,,US1OKCV0081,
2013366,ARTHROPODA,INSECTA,ODONATA,COENAGRIONIDAE,,COENAGRIONIDAE,3606,2.0,1.0,41.9703940884795,-110.0168622,RiversMajor,Region_08,NRS18_WY_10068,2018.0,8/27/2018,1,BETB,39.13,Poor,USC00483396,4.052420016136192,USC00483385,22.987977188886898,USC00486865,33.60703328056429,US1WYLN0009,33.801739741741756,USC00485252,35.84199087488075
2013367,ARTHROPODA,ARACHNIDA,TROMBIDIFORMES,UNIONICOLIDAE,UNIONICOLA,UNIONICOLA,4400,5.0,1.0,39.2198723275566,-91.92117072,LargeStreams,Region_07,NRS18_MO_10001,2018.0,8/27/2018,1,BERW,6.82,Poor,USC00235541,6.872061599236775,US1MOAN0013,7.839647277361746,US1MOFSA007,11.003472374747272,US1MOAN0005,13.51254398960578,US1MOAN0008,16.61613942050154
2013368,ANNELIDA,OLIGOCHAETA,HAPLOTAXIDA,NAIDIDAE,,NAIDIDAE,4003,42.0,1.0,39.5762948733567,-98.51414655,SmallStreams,Region_07,NRS18_KS_10015,2018.0,8/27/2018,1,BERW,27.85,Fair,USC00142204,7.999985238513307,USC00142202,9.023549925600122,USC00141371,10.551433636546351,USC00146511,15.480746818127246,USC00143997,17.050423652023532
2013369,MOLLUSCA,GASTROPODA,BASOMMATOPHORA,PHYSIDAE,PHYSA,PHYSA,4149,1.0,1.0,40.5768065938547,-89.29380386,RiversOther,Region_05,NRS18_IL_11565,2018.0,8/27/2018,1,BERW,49.5,Good,USC00111836,6.620628027359393,US1ILWF0016,7.530899082865243,US1ILTZ0040,7.830054474154868,USC00111838,8.33023614472708,US1ILMCL009,8.831447529997627
2013370,ARTHROPODA,INSECTA,EPHEMEROPTERA,HEPTAGENIIDAE,MACCAFFERTIUM,MACCAFFERTIUM,3948,1.0,1.0,42.1789591174186,-72.36887881,RiversOther,Region_01,NRS18_MA_10009,2018.0,8/27/2018,1,BETB,51.77,Fair,USC00199093,8.530089299029127,USC00194340,9.712863804512294,US1MAHD0026,10.256790895043089,US1MAHS0039,10.259567493225829,US1MAHD0043,10.449208951303993
2013371,ARTHROPODA,INSECTA,DIPTERA,SIMULIIDAE,SIMULIUM,SIMULIUM,4281,,,48.26628188,-116.8604859,RiversOther,Region_10,NRS18_ID_10023,2018.0,8/23/2018,1,BETB,66.85,Good,US1IDBR0026,0.376661118406738,USC00103117,6.889620518625808,US1IDBR0009,7.316683070304214,USC00107386,9.613525477460149,USC00100789,10.328103301868733
2013372,ARTHROPODA,INSECTA,COLEOPTERA,HYDROPHILIDAE,BEROSUS,BEROSUS,3511,7.0,1.0,29.7539600233985,-82.94205564,RiversMajor,Region_04,NRS18_FL_10011,2018.0,8/27/2018,1,BETB,42.35,Fair,USC00080598,5.188334201195692,US1FLGC0008,13.286040824223715,US1FLDX0003,13.841339008107925,US1FLDX0004,14.221984338089179,USC00086500,15.77408921865326
2013373,MOLLUSCA,GASTROPODA,BASOMMATOPHORA,PLANORBIDAE,PLANORBELLA,PLANORBELLA,4161,1.0,1.0,26.360214313732,-98.79562648,LargeStreams,Region_06,NRS18_TX_10073,2018.0,8/28/2018,1,BETB,25.75,Fair,USC00417622,2.450847061080854,US1TXST0008,5.440118031575375,MXN00028014,6.124214151820825,US1TXST0001,7.683531810957302,MXN00028099,12.263024121131073
2013374,MOLLUSCA,GASTROPODA,BASOMMATOPHORA,PLANORBIDAE,MENETUS,MENETUS,3967,68.0,1.0,,,,Region_01,NRS18_RI_10001,,8/28/2018,2,BERW,33.58,,ACW00011604,,US1OKCV0084,,US1OKCV0083,,US1OKCV0082,,US1OKCV0081,
2013375,ARTHROPODA,INSECTA,EPHEMEROPTERA,,,EPHEMEROPTERA,3708,3.0,0.0,38.8335548058873,-91.55991845,RiversOther,Region_07,NRS18_MO_10038,2018.0,8/28/2018,1,BETB,38.5,Fair,US1MOMY0003,10.27157809179133,USW00013992,13.267142644980058,USC00236009,13.267142644980058,USC00237102,13.418384898155798,USC00235728,15.686799829893433
2013376,ARTHROPODA,INSECTA,EPHEMEROPTERA,POTAMANTHIDAE,ANTHOPOTAMUS,ANTHOPOTAMUS,3463,4.0,1.0,42.0127830940293,-75.77945713,RiversMajor,Region_02,NRS18_NY_10022,2018.0,8/28/2018,1,BETB,49.62,Fair,USC00301700,2.8432770798751212,USC00363604,5.673140826465192,USC00301702,6.228567889565759,US1PASS0012,7.845713310379096,US1NYBM0059,11.992306324432839
2013377,ANNELIDA,OLIGOCHAETA,HAPLOTAXIDA,TUBIFICIDAE,LIMNODRILUS,LIMNODRILUS,3925,1.0,1.0,38.6257451432784,-86.42670129,LargeStreams,Region_05,NRS18_IN_10498,2018.0,8/28/2018,1,BERW,19.23,Poor,US1INOR0001,3.715468257867009,US1INOR0012,4.642245195388921,US1INOR0022,6.138273795720069,US1INOR0016,6.713625570982005,US1INOR0009,7.427927357209905
2013378,ARTHROPODA,INSECTA,EPHEMEROPTERA,CAENIDAE,CAENIS,CAENIS,3542,1.0,1.0,39.2879678663448,-97.41126316,SmallStreams,Region_07,NRS18_KS_10006,2018.0,8/28/2018,1,BERW,36.13,Good,US1KSCD0013,7.4365602930114,USC00145335,7.9034540248704195,US1KSOT0032,8.140065052346712,US1KSOT0022,14.534689571748874,US1KSCY0001,14.898592254159954
2013379,ARTHROPODA,INSECTA,EPHEMEROPTERA,LEPTOHYPHIDAE,ASIOPLAX,ASIOPLAX,3485,3.0,1.0,42.2878954928238,-110.1877438,RiversMajor,Region_08,NRS18_WY_12347,2018.0,8/28/2018,1,BETB,79.62,Good,USC00485252,2.6799217000890097,USC00483385,23.321078770124217,USC00480695,28.65073665128876,USW00024164,32.89877537928002,USC00483396,35.145314960077044
2013380,ARTHROPODA,INSECTA,TRICHOPTERA,HYDROPTILIDAE,HYDROPTILA,HYDROPTILA,3846,2.0,1.0,42.1557089958691,-84.17461787,LargeStreams,Region_05,NRS18_MI_10042,2018.0,8/28/2018,1,BERW,69.28,Good,USC00203561,3.526651194505478,USC00201017,5.579742644718441,USC00203379,8.877496473879825,USC00202693,10.129268970344908,US1MIJC0009,10.147318173665711
2013381,ARTHROPODA,INSECTA,DIPTERA,CHIRONOMIDAE,CORYNONEURA,CORYNONEURA,3620,1.0,1.0,,,,Region_08,NRS18_CO_RF003,,8/27/2018,1,BERW,35.62,,ACW00011604,,US1OKCV0084,,US1OKCV0083,,US1OKCV0082,,US1OKCV0081,
2013382,ARTHROPODA,INSECTA,EPHEMEROPTERA,HEPTAGENIIDAE,EPEORUS,EPEORUS,3703,1.0,1.0,,,,Region_08,NRS18_CO_RF005,,8/28/2018,1,BERW,57.8,,ACW00011604,,US1OKCV0084,,US1OKCV0083,,US1OKCV0082,,US1OKCV0081,
2013383,ARTHROPODA,INSECTA,ODONATA,GOMPHIDAE,,GOMPHIDAE,3759,5.0,0.0,42.9489628318618,-104.2071641,LargeStreams,Region_08,NRS18_WY_10696,2018.0,8/28/2018,1,BERW,62.17,Good,USC00489644,3.634565005997402,US1WYNB0001,4.189970638373741,US1WYNB0028,4.9624447692196485,USC00484305,6.259751605315448,USC00484303,9.084802118579972
2013384,ARTHROPODA,INSECTA,DIPTERA,CHIRONOMIDAE,PARATANYTARSUS,PARATANYTARSUS,4120,8.0,1.0,39.1406928381273,-86.53345714,SmallStreams,Region_05,NRS18_IN_10053,2018.0,8/29/2018,1,BERW,20.97,Poor,US1INMN0009,1.0839212577157358,US1INMN0047,1.5142464265308664,US1INMN0041,2.9391985457657523,US1INMN0032,2.9475376236651485,US1INMN0026,3.221829545639953
2013385,ARTHROPODA,INSECTA,DIPTERA,CHIRONOMIDAE,CRYPTOTENDIPES,CRYPTOTENDIPES,3628,1.0,1.0,,,,Region_04,NRS18_TN_10002,,8/29/2018,2,BETB,6.35,,ACW00011604,,US1OKCV0084,,US1OKCV0083,,US1OKCV0082,,US1OKCV0081,
2013386,ARTHROPODA,INSECTA,DIPTERA,CHIRONOMIDAE,STICTOCHIRONOMUS,STICTOCHIRONOMUS,4315,1.0,1.0,41.8747950013474,-84.7893984,SmallStreams,Region_05,NRS18_MI_10032,2018.0,8/29/2018,1,BERW,36.0,Fair,US1MIHL0005,9.084344196401256,US1MIBH0005,10.822645593179436,US1MIBH0003,10.862587662001376,US1MIBH0007,10.947631231258724,US1MIHL0003,13.4787040576583
2013387,ARTHROPODA,INSECTA,EPHEMEROPTERA,,,EPHEMEROPTERA,3708,3.0,0.0,26.3264480089324,-98.77887147,RiversMajor,Region_06,NRS18_TX_10077,2018.0,8/29/2018,1,BETB,14.52,Poor,MXN00028014,5.531916265518687,USC00417622,6.493988438210844,MXN00028099,8.757720483988605,US1TXST0008,8.923655245285126,USC00413444,10.080006238352814
2013388,PLATYHELMINTHES,TURBELLARIA,,,,TURBELLARIA,4393,1.0,1.0,42.4229693207937,-75.63216966,RiversOther,Region_02,NRS18_NY_10002,2018.0,8/29/2018,1,BETB,51.72,Fair,US1NYCN0014,4.048145638719611,US1NYCN0013,10.616323944204792,USC00306365,11.92429071371539,US1NYCN0009,12.30224376507168,USC00306085,13.507441714055764
2013389,ARTHROPODA,INSECTA,DIPTERA,CHIRONOMIDAE,PARAKIEFFERIELLA,PARAKIEFFERIELLA,4106,1.0,1.0,42.031989168303,-71.60830093,LargeStreams,Region_01,NRS18_MA_10008,2018.0,8/29/2018,1,BETB,46.77,Fair,US1MAWR0103,1.7894953256000181,US1MAWR0138,4.714160671093051,US1MAWR0048,4.891331009612638,US1MAWR0062,5.052229439760331,US1MAWR0117,5.670674889525642
2013390,ARTHROPODA,INSECTA,EPHEMEROPTERA,HEPTAGENIIDAE,MACCAFFERTIUM,MACCAFFERTIUM,3948,1.0,1.0,39.5594012956421,-79.98095209,LargeStreams,Region_03,NRS18_WV_10181,2018.0,8/29/2018,1,BERW,40.7,Fair,US1WVMG0016,3.006712357292091,US1WVMG0001,6.624466775536649,USC00466212,6.83992622517889,USC00466207,8.63452252558977,US1WVMG0005,8.981523787494888
2013391,ARTHROPODA,INSECTA,DIPTERA,CHIRONOMIDAE,,CHIRONOMIDAE,3581,5.0,0.0,44.7129620962533,-71.1726973,RiversMajor,Region_01,NRS18_NH_10011,2018.0,8/29/2018,1,BETB,28.9,Poor,USC00275400,6.2097978095614925,USC00272846,8.875287494944196,USC00272842,9.308020809831783,USC00178950,12.979697837480247,US1NHCS0003,14.947448822699346
2013392,ARTHROPODA,INSECTA,DIPTERA,CHIRONOMIDAE,BRILLIA,BRILLIA,3535,2.0,1.0,44.0616173272185,-103.6927357,LargeStreams,Region_08,NRS18_SD_10019,2018.0,8/28/2018,1,BERW,30.78,Poor,USC00395929,4.17961166597642,US1SDPN0066,7.414135074856665,USC00397033,7.6561178279782345,USC00397222,8.197256605359666,USC00392234,8.79497038633711
2013393,ARTHROPODA,INSECTA,DIPTERA,CHIRONOMIDAE,TANYPUS,TANYPUS,4347,2.0,1.0,44.2381767307292,-103.3686096,LargeStreams,Region_08,NRS18_SD_10035,2018.0,8/29/2018,1,BERW,23.03,Poor,USC00396596,2.821260535943146,US1SDMD0025,2.8390700689908863,US1SDMD0032,5.796945891113602,US1SDMD0018,6.755194060994598,US1SDMD0004,7.280936653622941
2013394,ARTHROPODA,INSECTA,DIPTERA,EMPIDIDAE,OREOGETON,OREOGETON,4075,1.0,1.0,,,,Region_08,NRS18_CO_RF004,,8/29/2018,1,BERW,53.85,,ACW00011604,,US1OKCV0084,,US1OKCV0083,,US1OKCV0082,,US1OKCV0081,
2013395,ARTHROPODA,INSECTA,TRICHOPTERA,HYDROPTILIDAE,MAYATRICHIA,MAYATRICHIA,3963,3.0,1.0,43.9656083164978,-106.1714276,RiversOther,Region_08,NRS18_WY_10015,2018.0,8/29/2018,1,BERW,67.77,Good,USC00488805,25.26532041986853,US1WYJN0036,28.369402768243148,USC00486680,29.978862697647937,US1WYJN0007,30.59509363066858,US1WYJN0015,32.07906076759416
2013396,ANNELIDA,OLIGOCHAETA,HAPLOTAXIDA,NAIDIDAE,,NAIDIDAE,4003,3.0,0.0,35.4689854378541,-94.95436269,SmallStreams,Region_06,NRS18_OK_10920,2018.0,8/29/2018,1,BERW,29.88,Poor,USC00348720,8.106475792016417,US1OKSQ0001,9.175446682230307,USC00347862,13.617715780994695,US1OKSQ0004,13.781765402377781,US1OKSQ0003,14.560342518443774
2013397,ARTHROPODA,MALACOSTRACA,MYSIDA,MYSIDAE,,MYSIDAE,3999,9.0,0.0,26.1050244682949,-98.29839048,RiversMajor,Region_06,NRS18_TX_10048,2018.0,8/30/2018,1,BETB,29.32,Poor,USC00414139,3.213361945675331,MXN00028128,3.98125008006062,USW00012959,9.852588617003269,USC00415973,10.717750636588356,USC00415701,10.8168728817397
2013398,ARTHROPODA,INSECTA,PLECOPTERA,PERLIDAE,,PERLIDAE,4138,1.0,0.0,42.0708603174849,-75.80974005,RiversMajor,Region_02,NRS18_NY_10066,2018.0,8/30/2018,1,BETB,49.2,Fair,USC00301702,0.7753309906354833,USC00301700,4.253237477940908,US1NYBM0059,7.034915063934019,US1NYBM0005,7.277578164737084,US1NYBM0024,7.624874399178832
2013399,ARTHROPODA,INSECTA,TRICHOPTERA,APATANIIDAE,APATANIA,APATANIA,3466,,,41.4211113005656,-71.79528015,LargeStreams,Region_01,NRS18_RI_10005,2018.0,8/30/2018,1,BERW,46.6,Fair,US1RIWS0030,3.1110439933978875,US1RIWS0104,5.232116130400221,US1RIWS0024,5.23348357084465,US1RIWS0047,5.4332985165254755,USC00378911,6.831099575723734
2013400,MOLLUSCA,BIVALVIA,VENEROIDA,PISIDIIDAE,SPHAERIUM,SPHAERIUM,4300,1.0,1.0,41.8907650502532,-79.99304337,RiversOther,Region_03,NRS18_PA_10042,2018.0,8/28/2018,1,BERW,69.83,Good,USC00369041,10.507692824446591,USC00369042,10.972225210952393,USC00362514,11.916351656526155,US1PAER0006,18.53028719232901,USC00362519,20.897218239839038
2013401,ARTHROPODA,INSECTA,TRICHOPTERA,HYDROPSYCHIDAE,HYDROPSYCHE,HYDROPSYCHE,3844,4.0,1.0,41.0241931669761,-80.16322399,RiversOther,Region_03,NRS18_PA_10014,2018.0,8/29/2018,1,BERW,55.02,Good,US1PALW0010,3.711215754513121,USC00368184,9.402632514113153,US1PABT0013,10.026819606298773,US1PABT0027,13.544240071507728,USC00363542,16.243427109666936
2013402,NEMERTEA,ENOPLA,HOPLONEMERTEA,TETRASTEMMATIDAE,PROSTOMA,PROSTOMA,4199,2.0,1.0,,,,Region_05,NRS18_IN_10001,,8/30/2018,2,BERW,40.68,,ACW00011604,,US1OKCV0084,,US1OKCV0083,,US1OKCV0082,,US1OKCV0081,
2013404,ARTHROPODA,INSECTA,DIPTERA,CERATOPOGONIDAE,,CERATOPOGONINAE,3567,1.0,1.0,,,,Region_04,NRS18_TN_10001,,8/30/2018,2,BERW,65.4,,ACW00011604,,US1OKCV0084,,US1OKCV0083,,US1OKCV0082,,US1OKCV0081,
2013405,ARTHROPODA,INSECTA,DIPTERA,CHIRONOMIDAE,POLYPEDILUM,POLYPEDILUM,4178,7.0,1.0,40.1951810131664,-96.22861468,LargeStreams,Region_07,NRS18_NE_10013,2018.0,8/30/2018,1,BERW,36.37,Fair,US1Pawn4071,4.336871513240958,US10pawn013,5.727104531125041,US1Pawn4033,6.008555063007572,US1Pawn1882,6.027071571024837,US10pawn008,7.146793591753291
2013406,ARTHROPODA,INSECTA,DIPTERA,CHIRONOMIDAE,POLYPEDILUM,POLYPEDILUM,4178,2.0,1.0,,,,Region_04,NRS18_SC_RF001,,8/30/2018,1,BERW,79.53,,ACW00011604,,US1OKCV0084,,US1OKCV0083,,US1OKCV0082,,US1OKCV0081,
2013407,ARTHROPODA,INSECTA,DIPTERA,CHIRONOMIDAE,,CRICOTOPUS/ORTHOCLADIUS,3623,3.0,1.0,46.0741300366845,-116.9562342,RiversMajor,Region_10,NRS18_ID_10080,2018.0,8/30/2018,1,BETB,33.13,Poor,US1WAAS0003,6.4734938976645084,USR0000ICOT,8.083324074609958,US1WAAS0004,13.60701817695069,USC00450184,15.154125443764503,USC00459630,19.11585626271353
2013408,ARTHROPODA,INSECTA,COLEOPTERA,ELMIDAE,OPTIOSERVUS,OPTIOSERVUS,4071,7.0,1.0,39.9253768775067,-80.50520104,LargeStreams,Region_03,NRS18_PA_10039,2018.0,8/30/2018,1,BERW,40.4,Fair,US1PAGR0004,5.446989680898063,US1PAGR0005,6.05290966989055,US1PAGR0013,6.701433327010173,US1PAGR0006,8.180450920323006,US1PAGR0007,8.364603879865586
2013409,ARTHROPODA,MALACOSTRACA,AMPHIPODA,HYALELLIDAE,HYALELLA,HYALELLA,3821,2.0,1.0,,,,Region_04,NRS18_TN_10010,,8/31/2018,2,BETB,6.65,,ACW00011604,,US1OKCV0084,,US1OKCV0083,,US1OKCV0082,,US1OKCV0081,
2013410,ARTHROPODA,INSECTA,DIPTERA,CHIRONOMIDAE,PARAMETRIOCNEMUS,PARAMETRIOCNEMUS,4112,1.0,1.0,39.4632264742388,-91.13030742,LargeStreams,Region_07,NRS18_MO_10034,2018.0,8/30/2018,1,BERW,29.95,Fair,USC00235093,6.39552443151829,USC00235098,7.31685263102251,USC00235418,11.830119628411856,USC00117400,12.479298240145164,USC00230856,13.669852619090928
2013411,ARTHROPODA,INSECTA,DIPTERA,SIMULIIDAE,SIMULIUM,SIMULIUM,4281,3.0,1.0,44.3461859573299,-106.7024292,LargeStreams,Region_08,NRS18_WY_10085,2018.0,8/30/2018,1,BERW,80.17,Good,US1WYJN0026,0.41977748711706137,US1WYJN0041,0.4990737594877569,USC00481165,0.746078827639694,US1WYJN0042,0.7590132701910807,US1WYJN0024,0.7724122842469991
2013412,ARTHROPODA,INSECTA,PLECOPTERA,PERLIDAE,HESPEROPERLA,HESPEROPERLA,3805,1.0,1.0,41.1260788560491,-106.4326716,RiversMajor,Region_08,NRS18_WY_12197,2018.0,8/30/2018,1,BETB,69.25,Good,USC00480655,7.379043274056222,USC00483045,16.66943035327957,US1COJK0028,16.964213408619052,USC00480535,19.79741338784658,USC00056382,20.98582167950457
2013413,ARTHROPODA,INSECTA,DIPTERA,CHIRONOMIDAE,MICROTENDIPES,MICROTENDIPES,3982,,,42.2565666568257,-104.7365833,RiversMajor,Region_08,NRS18_WY_12046,2018.0,8/31/2018,1,BETB,72.78,Good,US1WYPT0035,1.1146323279972685,US1WYPT0025,1.4726537827520556,US1WYPT0001,3.6893112252832627,USC00484131,3.8700500814801804,USC00484126,4.3437519047466
2013414,ARTHROPODA,INSECTA,EPHEMEROPTERA,BAETIDAE,ACERPENNA,ACERPENNA,3408,3.0,1.0,42.5024558606177,-108.2566083,RiversOther,Region_08,NRS18_WY_10089,2018.0,8/29/2018,1,BERW,84.08,Good,USC00486875,7.016575151793553,US1WYFM0025,7.643077557785777,USC00487980,29.988349191130794,USC00480434,32.11219986412433,USC00484925,35.24296383131648
2013415,ARTHROPODA,INSECTA,DIPTERA,CHIRONOMIDAE,POLYPEDILUM,POLYPEDILUM,4178,6.0,1.0,39.3101110558549,-80.27189457,SmallStreams,Region_03,NRS18_WV_10013,2018.0,8/30/2018,1,BERW,31.02,Fair,US1WVHS0006,0.6089491002968602,US1WVHS0012,0.7444858710124637,USW00003802,4.222086573464491,USC00461682,6.067010090659397,USC00461677,8.341808584709044
2013416,ARTHROPODA,INSECTA,DIPTERA,CHIRONOMIDAE,NILOTHAUMA,NILOTHAUMA,4043,2.0,1.0,41.8383236462461,-71.61173317,SmallStreams,Region_01,NRS18_RI_10201,2018.0,8/31/2018,1,BERW,60.58,Good,US1RIPR0130,3.523519787411448,US1RIPR0121,5.837886634150521,USC00375354,5.955339364904451,USC00373306,6.238575318741275,US1RIPR0033,7.054677950503586
2013417,ARTHROPODA,INSECTA,DIPTERA,CHIRONOMIDAE,POLYPEDILUM,POLYPEDILUM,4178,2.0,1.0,42.3636919872797,-104.9080902,RiversMajor,Region_08,NRS18_WY_10065,2018.0,9/3/2018,1,BETB,43.47,Good,USC00483944,12.621439033413123,USC00484125,13.610305778078583,USC00484126,14.46733969830281,USC00484131,14.663809074421785,USC00482800,14.903015042918332
2013418,ARTHROPODA,INSECTA,TRICHOPTERA,HYDROPSYCHIDAE,,HYDROPSYCHIDAE,3845,1.0,0.0,41.6051261677059,-104.633556,LargeStreams,Region_08,NRS18_WY_10845,2018.0,9/3/2018,1,BERW,71.68,Good,US1WYPT0046,8.93304910374326,US1WYLM0094,11.278139106423318,USC00487200,11.777489196667073,US1WYPT0011,11.863614561719894,US1WYGS0022,13.411079519959614
2013419,ARTHROPODA,INSECTA,TRICHOPTERA,HYDROPSYCHIDAE,CHEUMATOPSYCHE,CHEUMATOPSYCHE,3578,3.0,1.0,43.492475395197,-106.6606345,LargeStreams,Region_08,NRS18_WY_10073,2018.0,9/2/2018,1,BERW,42.28,Poor,USC00480237,9.069313325210127,US1WYNT0015,10.24771622221154,USC00488810,15.242027024802269,USC00485065,18.010146071859303,US1WYJN0005,21.405538023734515
2013420,NEMERTEA,ENOPLA,HOPLONEMERTEA,TETRASTEMMATIDAE,PROSTOMA,PROSTOMA,4199,1.0,1.0,41.6004875930499,-72.75885445,SmallStreams,Region_01,NRS18_CT_10032,2018.0,8/30/2018,1,BERW,40.67,Poor,US1CTHR0018,1.7351941475948844,US1CTHR0080,3.1602744755514904,US1CTHR0145,3.8459592026328124,US1CTHR0015,5.332753495560983,US1CTMD0012,5.4613828776071145
2013421,ANNELIDA,OLIGOCHAETA,,,,OLIGOCHAETA,4061,8.0,1.0,38.8083623719349,-121.6352071,RiversOther,Region_09,NRS18_CA_10012,2018.0,9/4/2018,1,BETB,28.15,Poor,USC00044592,7.122588942976764,USC00044591,7.122588942976764,USC00046193,11.136949966280799,USW00093225,12.486841221435853,USC00046194,15.257640491224926
2013422,ARTHROPODA,INSECTA,TRICHOPTERA,HYDROPSYCHIDAE,,HYDROPSYCHIDAE,3845,1.0,0.0,43.4246023674675,-97.08474691,RiversOther,Region_08,NRS18_SD_10045,2018.0,9/4/2018,1,BERW,41.38,Good,US1SDMC0013,9.331673537073918,US1SDTR0008,10.390963912402858,US1SDMC0015,13.441331646968173,US1SDTR0003,13.617582582851593,USC00395228,13.667535324934622
2013423,ANNELIDA,OLIGOCHAETA,HAPLOTAXIDA,TUBIFICIDAE,AULODRILUS,AULODRILUS,3496,,,35.7308382495682,-84.32573156,RiversMajor,Region_04,NRS18_TN_11090,2018.0,9/4/2018,1,BETB,14.17,Poor,USC00405451,0.7359530486487559,US1TNLN0012,5.246598264002054,US1TNLN0011,5.841477642440146,USC00405158,8.518164411891252,US1TNLN0015,9.237240953851893
2013424,ARTHROPODA,INSECTA,TRICHOPTERA,HYDROPSYCHIDAE,CHEUMATOPSYCHE,CHEUMATOPSYCHE,3578,3.0,1.0,43.6733448728752,-106.5306621,RiversOther,Region_08,NRS18_WY_11299,2018.0,8/31/2018,1,BERW,27.88,Poor,US1WYJN0001,8.666694507654123,USC00485055,9.748671087857117,USC00488801,14.825985276517706,US1WYJN0005,15.79398078287267,USC00486680,16.388107287624646
2013425,MOLLUSCA,GASTROPODA,BASOMMATOPHORA,PLANORBIDAE,MENETUS,MENETUS,3967,1.0,1.0,37.7866242962126,-96.42997002,LargeStreams,Region_07,NRS18_KS_10001,2018.0,9/4/2018,1,BERW,58.63,Good,US1KSGW0001,12.661060229052376,US1KSGW0002,14.275622350789533,USC00142622,15.168421905815123,USC00142623,16.283884982367233,US1KSBU0021,16.931474872144115
2013426,ANNELIDA,OLIGOCHAETA,HAPLOTAXIDA,,,HAPLOTAXIDA,3783,1.0,1.0,38.8012729053296,-105.1697687,SmallStreams,Region_08,NRS18_CO_10224,2018.0,9/4/2018,1,BERW,39.3,Fair,USC00051977,2.7200077019632825,US1COTL0026,2.8850913379395964,US1COTL0016,5.353914123046797,USC00051973,5.798909637803853,US1COTL0037,6.352946541337367
2013428,ARTHROPODA,INSECTA,DIPTERA,CHIRONOMIDAE,,CHIRONOMIDAE,3581,1.0,0.0,28.3021048474044,-98.05815346,RiversMajor,Region_06,NRS18_TX_10014,2018.0,9/5/2018,1,BETB,13.05,Poor,US1TXLO0011,3.2463261760853217,US1TXLO0018,4.089659490768342,USC00413508,6.288364126614118,US1TXLO0002,6.7648640006341,USR0000TGEO,9.188296995154445
2013429,ARTHROPODA,INSECTA,DIPTERA,CHIRONOMIDAE,NANOCLADIUS,NANOCLADIUS,4005,1.0,1.0,38.8512995781994,-121.6304411,RiversOther,Region_09,NRS18_CA_10795,2018.0,9/5/2018,1,BETB,21.53,Poor,USC00046193,6.780709377519556,USC00044591,9.400786615056875,USC00044592,9.400786615056875,USC00046194,11.146739333043861,USW00093225,17.04105425089016
2013430,MOLLUSCA,BIVALVIA,VENEROIDA,CORBICULIDAE,CORBICULA,CORBICULA,3612,142.0,1.0,33.3135750551657,-84.17306649,LargeStreams,Region_04,NRS18_GA_10005,2018.0,9/5/2018,1,BERW,14.82,Poor,US1GASP0006,7.5870583364013475,USC00098460,10.474290531205217,US1GAHY0011,10.76686786277515,USC00093936,11.213006027685692,US1GAHY0014,11.603051164446061
2013431,ARTHROPODA,INSECTA,ODONATA,COENAGRIONIDAE,ARGIA,ARGIA,3476,1.0,1.0,43.4799640651245,-97.13014341,RiversOther,Region_08,NRS18_SD_10021,2018.0,9/5/2018,1,BERW,49.97,Good,US1SDMC0013,2.263254980540686,US1SDMC0015,6.426520857993163,US1SDTR0003,11.487211033760033,USC00395228,11.961729073037361,US1SDTR0014,13.205532647971161
2013432,ARTHROPODA,INSECTA,DIPTERA,CHIRONOMIDAE,POLYPEDILUM,POLYPEDILUM,4178,3.0,1.0,36.1250756561568,-83.18162197,RiversOther,Region_04,NRS18_TN_10008,2018.0,9/5/2018,1,BETB,6.83,Poor,US1TNJF0004,7.9111637758806665,USC00409710,9.180133797673207,US1TNGN0004,9.738950964214384,US1TNCC0009,13.350224541929657,US1TNGN0017,14.370413963199145
2013433,ARTHROPODA,INSECTA,EPHEMEROPTERA,LEPTOPHLEBIIDAE,,LEPTOPHLEBIIDAE,3904,1.0,1.0,42.083662649277,-76.29192789,RiversMajor,Region_02,NRS18_NY_10041,2018.0,9/5/2018,1,BETB,52.35,Fair,USC00306356,2.1540750738212786,US1NYTG0007,3.741916444266932,US1NYTG0019,7.394008806778867,US1NYTG0018,10.506899612219451,USC00308309,11.103182477121038
2013434,MOLLUSCA,GASTROPODA,BASOMMATOPHORA,PLANORBIDAE,GYRAULUS,GYRAULUS,3771,,,41.2724226226825,-74.84021528,RiversMajor,Region_02,NRS18_NJ_10002,2018.0,9/5/2018,1,BETB,71.45,Good,USC00284735,2.6239979937311015,USC00284736,3.3342467151644906,USC00365752,5.960526363418898,US1NJSS0028,6.061323883239089,USC00362160,6.579860500179761
2013435,ARTHROPODA,INSECTA,EPHEMEROPTERA,LEPTOPHLEBIIDAE,NEOLEPTOPHLEBIA,NEOLEPTOPHLEBIA,5124,5.0,1.0,,,,Region_08,NRS18_UT_10032,,9/5/2018,2,BERW,47.65,,ACW00011604,,US1OKCV0084,,US1OKCV0083,,US1OKCV0082,,US1OKCV0081,
2013436,ARTHROPODA,INSECTA,DIPTERA,CHIRONOMIDAE,,THIENEMANNIMYIA GENUS GR.,4362,1.0,1.0,,,,Region_03,NRS18_MD_10002,,9/6/2018,2,BETB,33.48,,ACW00011604,,US1OKCV0084,,US1OKCV0083,,US1OKCV0082,,US1OKCV0081,
2013437,ARTHROPODA,MALACOSTRACA,AMPHIPODA,GAMMARIDAE,GAMMARUS,GAMMARUS,3744,40.0,1.0,42.0289548425636,-76.39830205,RiversMajor,Region_02,NRS18_NY_10020,2018.0,9/6/2018,1,BETB,59.92,Good,US1NYTG0018,0.5824854648736961,US1PABF0017,5.889940118421422,USC00306356,8.820160987797983,USC00360279,10.887925801631509,USC00309047,10.890754743347498
2013438,ARTHROPODA,INSECTA,DIPTERA,CHIRONOMIDAE,,CRICOTOPUS/ORTHOCLADIUS,3623,1.0,1.0,,,,Region_08,NRS18_WY_10010,,9/5/2018,2,BERW,34.92,,ACW00011604,,US1OKCV0084,,US1OKCV0083,,US1OKCV0082,,US1OKCV0081,
2013439,ARTHROPODA,INSECTA,DIPTERA,CHIRONOMIDAE,,CRICOTOPUS/ORTHOCLADIUS,3623,55.0,1.0,42.546894801745,-109.1163941,SmallStreams,Region_08,NRS18_WY_10071,2018.0,9/6/2018,1,BERW,70.7,Good,USS0009G06S,4.268883507686284,USC00482780,13.412950382260222,USS0009G09S,16.419760776737636,USS0008G10S,18.357640935812846,USR0000WAND,18.869579809606694
2013440,ARTHROPODA,INSECTA,PLECOPTERA,NEMOURIDAE,SOYEDINA,SOYEDINA,4293,1.0,1.0,36.4465831689799,-81.73968862,SmallStreams,Region_04,NRS18_TN_10019,2018.0,9/6/2018,1,BERW,37.07,Fair,USC00406292,6.448946288917907,USC00316565,6.539473665752705,USC00406287,7.241638227421633,US1NCAS0015,7.5233972650936085,USC00405770,7.649157126046481
2013441,ARTHROPODA,INSECTA,DIPTERA,CHIRONOMIDAE,,CRICOTOPUS/ORTHOCLADIUS,3623,20.0,1.0,41.3950922752112,-73.42907896,LargeStreams,Region_01,NRS18_CT_10009,2018.0,9/6/2018,1,BERW,31.38,Poor,USC00061762,0.8821930610691138,US1CTFR0082,1.9806011347989416,US1CTFR0043,3.5961878042547677,US1CTFR0041,3.9056800596914494,US1CTFR0016,4.392650488374005
2013442,ARTHROPODA,INSECTA,DIPTERA,CHIRONOMIDAE,RHEOCRICOTOPUS,RHEOCRICOTOPUS,4245,3.0,1.0,43.101181707114,-122.8297435,SmallStreams,Region_10,NRS18_OR_10006,2018.0,9/6/2018,1,BERW,67.67,Good,USR0000OTAF,14.303345476943633,USR0000OBUE,15.911320646493188,USC00354939,19.448384962225937,USC00355892,20.07004809344509,USC00358514,21.29646003992762
2013443,ARTHROPODA,INSECTA,ODONATA,COENAGRIONIDAE,ISCHNURA,ISCHNURA,3863,1.0,1.0,43.2174780178184,-70.65012175,SmallStreams,Region_01,NRS18_ME_10017,2018.0,9/6/2018,1,BERW,27.57,Poor,USC00171131,1.1770743302748825,US1MEYK0063,3.4963805835719315,USC00175530,4.042804997829258,US1MEYK0033,6.967961496419877,US1MEYK0008,8.36205668352486
2013444,ARTHROPODA,INSECTA,EPHEMEROPTERA,HEPTAGENIIDAE,STENACRON,STENACRON,4309,1.0,1.0,,,,Region_05,NRS18_MI_10001,,9/7/2018,2,BERW,52.33,,ACW00011604,,US1OKCV0084,,US1OKCV0083,,US1OKCV0082,,US1OKCV0081,
2013445,ARTHROPODA,INSECTA,DIPTERA,CHIRONOMIDAE,CRYPTOCHIRONOMUS,CRYPTOCHIRONOMUS,3625,1.0,1.0,28.2750516380675,-97.98394783,SmallStreams,Region_06,NRS18_TX_10080,2018.0,9/6/2018,1,BETB,15.72,Poor,US1TXLO0017,6.928296851101789,US1TXLO0018,9.277910312559232,US1TXLO0011,10.642561583667558,USC00413508,13.978304848228003,US1TXLO0002,14.618046139918071
2013446,ARTHROPODA,INSECTA,PLECOPTERA,PERLODIDAE,SKWALA,SKWALA,4287,2.0,1.0,46.8368000145355,-115.4679038,LargeStreams,Region_10,NRS18_ID_10021,2018.0,9/5/2018,1,BERW,71.08,Good,USR0000IEAG,6.589946581305669,USS0015C16S,15.37137524232109,USC00101244,22.75999079527835,USC00106705,27.530111243149612,USR0000IKEL,29.737866221635436
2013447,ARTHROPODA,INSECTA,TRICHOPTERA,LEPTOCERIDAE,OECETIS,OECETIS,4060,1.0,1.0,41.2925654992327,-74.47550692,LargeStreams,Region_02,NRS18_NY_10021,2018.0,9/6/2018,1,BERW,18.65,Poor,US1NYOR0023,5.195811652582128,US1NYOR0004,5.652095558496181,USC00303144,5.9994127102759265,US1NJSS0003,7.970831109928663,US1NJSS0066,9.194955269804273
2013448,ARTHROPODA,INSECTA,EPHEMEROPTERA,BAETIDAE,,BAETIDAE,3500,2.0,0.0,42.4567527053427,-75.57029949,RiversOther,Region_02,NRS18_NY_10064,2018.0,9/7/2018,1,BETB,44.57,Fair,US1NYCN0014,2.639092356775014,USC00306085,7.385581690031636,US1NYCN0013,7.391661115797884,US1NYCN0009,9.872169658498898,US1NYCN0021,12.809857305208016
2013449,ARTHROPODA,MALACOSTRACA,AMPHIPODA,GAMMARIDAE,GAMMARUS,GAMMARUS,3744,1.0,1.0,42.8543568843497,-70.92492707,LargeStreams,Region_01,NRS18_MA_10016,2018.0,9/7/2018,1,BETB,8.83,Poor,US1MAES0027,1.6890408609874366,USC00197150,2.088963648299795,US1MAES0059,2.138878799603813,US1MAES0001,2.279833788314176,USC00195285,2.617542523859988
2013450,ARTHROPODA,INSECTA,EPHEMEROPTERA,BAETIDAE,BAETIS,BAETIS,3501,12.0,1.0,,,,Region_04,NRS18_TN_10009,,9/7/2018,2,BERW,43.82,,ACW00011604,,US1OKCV0084,,US1OKCV0083,,US1OKCV0082,,US1OKCV0081,
2013451,ANNELIDA,HIRUDINEA,RHYNCHOBDELLIDA,GLOSSIPHONIIDAE,,GLOSSIPHONIIDAE,3751,2.0,1.0,,,,Region_01,NRS18_MA_10005,,9/9/2018,2,BERW,11.05,,ACW00011604,,US1OKCV0084,,US1OKCV0083,,US1OKCV0082,,US1OKCV0081,
2013452,ARTHROPODA,INSECTA,DIPTERA,CHIRONOMIDAE,PARAKIEFFERIELLA,PARAKIEFFERIELLA,4106,2.0,1.0,,,,Region_06,NRS18_AR_10001,,9/9/2018,2,BERW,33.87,,ACW00011604,,US1OKCV0084,,US1OKCV0083,,US1OKCV0082,,US1OKCV0081,
2013453,ANNELIDA,OLIGOCHAETA,HAPLOTAXIDA,NAIDIDAE,,NAIDIDAE,4003,1.0,0.0,33.5432525128851,-83.50925108,SmallStreams,Region_04,NRS18_GA_10014,2018.0,9/6/2018,1,BERW,9.13,Poor,US1GAMG0004,5.564075009510798,US1GAMG0003,7.233095701680453,US1GAMG0006,9.239512510327453,USC00093792,10.131083760211517,US1GAMG0009,11.075089168501702
2013454,ARTHROPODA,INSECTA,DIPTERA,CHIRONOMIDAE,,CHIRONOMIDAE,3581,2.0,0.0,42.7705211113356,-109.2570498,SmallStreams,Region_08,NRS18_WY_10021,2018.0,9/7/2018,1,BERW,8.18,Poor,USS0009G09S,13.403503784578065,USS0009G11S,14.188302789836685,USC00482780,17.113828530058615,USS0009G03S,17.549594953460787,USC00480698,22.960856266294407
2013455,ARTHROPODA,INSECTA,PLECOPTERA,PERLODIDAE,ISOPERLA,ISOPERLA,3867,4.0,1.0,,,,Region_08,NRS18_WY_10069,,9/8/2018,2,BERW,52.58,,ACW00011604,,US1OKCV0084,,US1OKCV0083,,US1OKCV0082,,US1OKCV0081,
2013456,MOLLUSCA,GASTROPODA,BASOMMATOPHORA,PLANORBIDAE,,PLANORBIDAE,4162,2.0,0.0,,,,Region_01,NRS18_RI_10002,,9/10/2018,2,BETB,6.85,,ACW00011604,,US1OKCV0084,,US1OKCV0083,,US1OKCV0082,,US1OKCV0081,
2013457,ARTHROPODA,INSECTA,TRICHOPTERA,HYDROPSYCHIDAE,CHEUMATOPSYCHE,CHEUMATOPSYCHE,3578,10.0,1.0,43.9802273854454,-88.29780865,SmallStreams,Region_05,NRS18_WI_10113,2018.0,9/10/2018,1,BERW,18.3,Poor,US1WICT0001,12.063448339051549,USC00471568,13.410581468928694,US1WICT0009,14.797280218855924,USC00475910,17.493895752184894,US1WIDL0005,18.23474670360068
2013458,ANNELIDA,OLIGOCHAETA,ENCHYTRAEIDA,ENCHYTRAEIDAE,,ENCHYTRAEIDAE,3697,1.0,1.0,40.6322426161454,-81.70202657,SmallStreams,Region_05,NRS18_OH_10021,2018.0,9/10/2018,1,BERW,26.97,Poor,US1OHWN0014,7.030376072971106,USC00330493,11.420233416272128,US1OHWN0001,13.831329826497479,US1OHTS0001,14.76631432954479,US1OHTS0008,14.903549310709408
2013459,ARTHROPODA,INSECTA,DIPTERA,CHIRONOMIDAE,SAETHERIA,SAETHERIA,4260,18.0,1.0,42.0572593292772,-93.73743341,LargeStreams,Region_07,NRS18_IA_10016,2018.0,9/10/2018,1,BERW,36.33,Fair,US1IASR0053,4.714494477535985,US1IABN0001,5.016816592359102,US1IASR0047,5.052010163647816,USC00130200,5.065057273917764,US1IASR0042,6.627869550199524
2013460,ARTHROPODA,INSECTA,EPHEMEROPTERA,LEPTOPHLEBIIDAE,,LEPTOPHLEBIIDAE,3904,,,48.0872032317321,-118.6915789,RiversOther,Region_10,NRS18_WA_10023,2018.0,9/9/2018,1,BERW,42.25,Fair,US1WAFY0002,1.3570030055794176,USR0000WGOL,19.851621781842987,USS0018A19S,20.638469248489063,USC00455832,22.257014481112375,USC00452645,23.861794099874942
2013461,ARTHROPODA,ARACHNIDA,TROMBIDIFORMES,UNIONICOLIDAE,NEUMANIA,NEUMANIA,4038,2.0,1.0,45.1917378725923,-101.6904958,RiversMajor,Region_08,NRS18_SD_10057,2018.0,9/10/2018,1,BERW,51.4,Fair,US1SDZB0014,9.594188912505258,USC00392429,17.53210774530699,USR0000SBEA,22.475520294103465,USC00393316,25.064344444929834,USC00394268,30.49770009137322
2013462,ARTHROPODA,INSECTA,DIPTERA,CHIRONOMIDAE,CORYNONEURA,CORYNONEURA,3620,1.0,1.0,43.1524293116488,-85.96651416,LargeStreams,Region_05,NRS18_MI_10039,2018.0,9/11/2018,1,BERW,29.1,Fair,USC00207590,8.953003265800834,US1MIOW0059,9.13993077635333,US1MIMG0015,10.52724370372713,USC00206060,11.694790624768569,US1MIOW0024,12.03069310277619
2013463,ARTHROPODA,INSECTA,COLEOPTERA,ELMIDAE,DUBIRAPHIA,DUBIRAPHIA,3678,7.0,1.0,44.05945899,-101.2161095,RiversOther,Region_08,NRS18_SD_10041,2018.0,9/11/2018,1,BERW,27.1,Poor,USC00395506,5.254443461479018,US1SDHK0008,7.708659040359919,US1SDHK0023,8.128522621211648,USC00396397,21.215965012854323,US1SDJK0009,25.29815080024356
2013464,MOLLUSCA,BIVALVIA,VENEROIDA,PISIDIIDAE,PISIDIUM,PISIDIUM,4159,35.0,1.0,40.8737329030158,-95.59770401,SmallStreams,Region_07,NRS18_IA_10001,2018.0,9/11/2018,1,BERW,33.72,Fair,USC00136891,2.607872785663291,US1IAFM0001,6.73204288155266,USC00130493,9.081866526883744,USC00133295,9.778597784353373,USC00138231,14.294409208167874
2013465,ARTHROPODA,INSECTA,EPHEMEROPTERA,BAETIDAE,LABIOBAETIS,LABIOBAETIS,4774,,,45.7402602971184,-88.07920209,LargeStreams,Region_05,NRS18_WI_10541,2018.0,9/11/2018,1,BERW,83.0,Good,USC00204090,5.078604109768205,USC00208327,7.018287035450789,USW00094893,8.53652336952653,US1MIDC0002,8.966003178224835,US1MIDC0006,9.675019283648426
2013466,ARTHROPODA,INSECTA,DIPTERA,CHIRONOMIDAE,EUKIEFFERIELLA,EUKIEFFERIELLA,3722,1.0,1.0,35.8430762362561,-81.96907489,LargeStreams,Region_04,NRS18_NC_10023,2018.0,9/11/2018,1,BERW,41.43,Fair,USR0000NNCP,4.106027095156045,USC00310312,6.252947186393433,US1NCML0011,6.4333879754919465,USC00310160,7.647165133802985,USC00313427,7.751918630304369
2013467,ARTHROPODA,INSECTA,DIPTERA,CHIRONOMIDAE,HYDROBAENUS,HYDROBAENUS,3831,2.0,1.0,,,,Region_07,NRS18_MO_10001,,9/11/2018,2,BERW,7.77,,ACW00011604,,US1OKCV0084,,US1OKCV0083,,US1OKCV0082,,US1OKCV0081,
2013468,ARTHROPODA,INSECTA,EPHEMEROPTERA,ISONYCHIIDAE,ISONYCHIA,ISONYCHIA,3866,1.0,1.0,,,,Region_01,NRS18_RI_10005,,9/11/2018,2,BERW,51.05,,ACW00011604,,US1OKCV0084,,US1OKCV0083,,US1OKCV0082,,US1OKCV0081,
2013469,ARTHROPODA,INSECTA,TRICHOPTERA,HYDROPSYCHIDAE,,HYDROPSYCHIDAE,3845,3.0,0.0,40.7153894993333,-81.71384549,SmallStreams,Region_05,NRS18_OH_10022,2018.0,9/11/2018,1,BERW,11.93,Poor,US1OHWN0014,2.321444779931429,US1OHWN0001,4.894637679028622,US1OHWN0008,9.760464578166301,USC00330493,15.404817444265696,USW00054856,17.418515110919834
2013470,ARTHROPODA,INSECTA,DIPTERA,CHIRONOMIDAE,NANOCLADIUS,NANOCLADIUS,4005,1.0,1.0,45.221844205238,-101.533231,RiversMajor,Region_08,NRS18_SD_10053,2018.0,9/11/2018,1,BERW,31.78,Poor,US1SDZB0014,13.941279740343985,USR0000SBEA,18.836894758002977,USC00392429,20.191196358568373,USC00394268,20.932968601362283,US1SDDW0003,21.037311206911024
2013471,ARTHROPODA,ARACHNIDA,TROMBIDIFORMES,TORRENTICOLIDAE,TORRENTICOLA,TORRENTICOLA,4371,4.0,1.0,43.5585507398104,-110.2491438,LargeStreams,Region_08,NRS18_WY_10026,2018.0,9/11/2018,1,BERW,45.22,Fair,USC00482375,17.624492288677246,USS0010F19S,21.06396420482921,USS0010F09S,26.167545721317005,USC00488158,28.03216055732511,USS0010F29S,28.350055030586816
2013472,ARTHROPODA,MALACOSTRACA,DECAPODA,PALAEMONIDAE,PALAEMON,PALAEMON,5126,2.0,1.0,27.2060330737806,-80.57422881,SmallStreams,Region_04,NRS18_FL_10037,2018.0,9/11/2018,1,BETB,23.27,Poor,US1FLMT0013,4.220145228252652,US1FLMT0043,4.658043192127943,US1FLSL0017,14.486400636265067,US1FLSL0023,16.581355507418166,US1FLSL0043,17.101008887041278
2013473,ARTHROPODA,INSECTA,DIPTERA,CHIRONOMIDAE,TANYTARSUS,TANYTARSUS,4348,11.0,1.0,,,,Region_01,NRS18_CT_10001,,9/12/2018,2,BERW,66.48,,ACW00011604,,US1OKCV0084,,US1OKCV0083,,US1OKCV0082,,US1OKCV0081,
2013474,MOLLUSCA,BIVALVIA,VENEROIDA,PISIDIIDAE,SPHAERIUM,SPHAERIUM,4300,1.0,1.0,40.036283747707,-92.54790307,SmallStreams,Region_07,NRS18_MO_10029,2018.0,9/12/2018,1,BERW,21.88,Poor,USC00234640,4.623711530265801,USW00014938,6.718523001334097,US1MOFSA001,15.600074272299526,USR0000MATL,18.668895952609464,USC00234544,18.986561664463306
2013475,ARTHROPODA,INSECTA,TRICHOPTERA,POLYCENTROPODIDAE,,POLYCENTROPODIDAE,4174,,,43.3414737622918,-83.62441072,RiversOther,Region_05,NRS18_MI_10008,2018.0,9/12/2018,1,BERW,74.63,Good,USC00208438,2.873475006740987,USC00208443,4.303012725833913,USC00208434,6.638077057490088,USC00202955,7.8118264136113975,USC00205488,13.395693247170177
2013476,ARTHROPODA,INSECTA,EPHEMEROPTERA,HEPTAGENIIDAE,STENACRON,STENACRON,4309,15.0,1.0,37.2756016018005,-92.44534107,RiversMajor,Region_07,NRS18_MO_10026,2018.0,9/12/2018,1,BERW,58.85,Good,USC00233661,5.619463208723081,US1MOFSA229,6.629232162627961,US1MOWT0014,6.8153769758178555,US1MOWT0013,7.940509439184677,US1MOWT0001,8.00095741550856
2013477,ARTHROPODA,ARACHNIDA,TROMBIDIFORMES,MIDEOPSIDAE,MIDEOPSIS,MIDEOPSIS,3986,1.0,1.0,37.3109560975927,-82.28885525,SmallStreams,Region_03,NRS18_VA_10013,2018.0,9/11/2018,1,BERW,30.85,Fair,USC00440982,2.4772227072533304,USC00152528,5.543539736606785,USC00155668,8.746855195142265,USC00152812,9.429000164846226,USC00444410,10.130025977566472
2013478,ARTHROPODA,INSECTA,TRICHOPTERA,HYDROPSYCHIDAE,CHEUMATOPSYCHE,CHEUMATOPSYCHE,3578,3.0,1.0,35.0818989637222,-85.27878753,RiversMajor,Region_04,NRS18_TN_11089,2018.0,9/12/2018,1,BETB,32.0,Fair,US1TNHL0061,1.315394749844532,USW00053875,2.5656734126409093,US1TNHL0053,3.9491151687311365,US1TNHL0027,4.165747416275406,US1TNHL0013,4.230079047321319
2013479,MOLLUSCA,BIVALVIA,VENEROIDA,PISIDIIDAE,PISIDIUM,PISIDIUM,4159,48.0,1.0,30.3973598022868,-99.34755081,SmallStreams,Region_06,NRS18_TX_10445,2018.0,9/11/2018,1,BETB,30.73,Fair,US1TXKM0007,3.6204546925958914,US1TXGS0039,9.546279706987336,US1TXGS0038,9.62206638351108,US1TXGS0020,12.15383486767502,US1TXGS0055,13.084052941928721
2013480,ARTHROPODA,INSECTA,DIPTERA,SIMULIIDAE,SIMULIUM,SIMULIUM,4281,2.0,1.0,30.5773207802864,-99.86389486,LargeStreams,Region_06,NRS18_TX_10021,2018.0,9/12/2018,1,BETB,41.33,Good,USW00013973,11.925375083484544,US1TXKM0003,15.087156976491597,US1TXKM0005,15.218660863100792,USC00414670,15.744154405144993,USC00417735,19.301921090025004
2013481,ARTHROPODA,ARACHNIDA,TROMBIDIFORMES,SPERCHONIDAE,SPERCHONOPSIS,SPERCHONOPSIS,4298,1.0,1.0,40.6249236915654,-100.5745604,RiversOther,Region_07,NRS18_NE_10012,2018.0,9/12/2018,1,BERW,11.62,Poor,US1Fron4026,3.645421187599379,US10fron004,3.9872816564794014,USC00252100,4.56720792273539,US10fron008,4.99635124638354,US1Fron4256,5.281897995087207
2013482,ARTHROPODA,INSECTA,DIPTERA,CHIRONOMIDAE,PARAMETRIOCNEMUS,PARAMETRIOCNEMUS,4112,1.0,1.0,48.2672399966707,-118.5072669,SmallStreams,Region_10,NRS18_WA_10029,2018.0,9/10/2018,1,BERW,41.05,Fair,USS0018A19S,9.274928454808943,USR0000WGOL,10.162523965542734,USC00452645,11.171951111797739,US1WAFY0003,22.065753747668477,USC00453903,22.189039127787513
2013483,ARTHROPODA,INSECTA,DIPTERA,CHIRONOMIDAE,CRYPTOCHIRONOMUS,CRYPTOCHIRONOMUS,3625,1.0,1.0,41.9407961734336,-95.46332634,RiversOther,Region_07,NRS18_IA_10656,2018.0,9/12/2018,1,BETB,30.4,Fair,US1IACF0006,12.916131473527196,USC00132171,15.376821545821738,US1IACF0005,16.78423096002972,US1IASH0008,21.86927689939859,US1IAHR0006,24.84043163996238
2013484,ARTHROPODA,INSECTA,DIPTERA,CHIRONOMIDAE,,THIENEMANNIMYIA GENUS GR.,4362,4.0,1.0,41.8504242425005,-78.82659517,SmallStreams,Region_03,NRS18_PA_10218,2018.0,9/12/2018,1,BERW,47.05,Fair,USC00365435,6.3444125744774915,USC00360868,10.695662811246919,USC00361978,13.965428061763564,USC00364706,14.386570656456318,USC00364983,14.736691637852598
2013485,ARTHROPODA,INSECTA,DIPTERA,CHIRONOMIDAE,CLADOTANYTARSUS,CLADOTANYTARSUS,3594,1.0,1.0,45.1550934162648,-102.752592,RiversMajor,Region_08,NRS18_SD_10014,2018.0,9/12/2018,1,BERW,17.35,Poor,USC00390706,11.482494910325643,USC00391544,15.756318406860762,US1SDPK0007,17.642012811710728,USC00395320,20.333666594752227,US1SDPK0006,21.150059426306605
2013486,ARTHROPODA,INSECTA,DIPTERA,CHIRONOMIDAE,PARAKIEFFERIELLA,PARAKIEFFERIELLA,4106,1.0,1.0,44.5756472500098,-109.1051816,LargeStreams,Region_08,NRS18_WY_11151,2018.0,9/12/2018,1,BERW,23.1,Poor,US1WYPK0038,4.813236367005233,US1WYPK0026,5.675003229707971,US1WYPK0057,5.751253473993707,US1WYPK0060,6.6772975530879055,USC00485980,6.9230452443592405
2013487,MOLLUSCA,GASTROPODA,NEOTAENIOGLOSSA,HYDROBIIDAE,,HYDROBIIDAE,3832,22.0,1.0,37.2293781431992,-86.77924889,RiversMajor,Region_04,NRS18_KY_10033,2018.0,9/11/2018,1,BETB,20.02,Poor,USC00150012,8.197811811409363,USC00156882,10.253637577245213,USC00151943,11.700521209088253,US1KYOH0003,11.842341057292442,US1KYBU0003,13.418079499180983
2013488,MOLLUSCA,GASTROPODA,BASOMMATOPHORA,PHYSIDAE,PHYSA,PHYSA,4149,1.0,1.0,37.1848126998236,-88.23837008,RiversMajor,Region_04,NRS18_KY_10032,2018.0,9/12/2018,1,BETB,0.0,Poor,US1KYLV0001,8.405010501496077,USC00157110,8.846001343140925,US1KYLY0003,12.434685859413419,USC00154453,14.58985155351402,USC00118020,17.226037344504103
2013489,ARTHROPODA,ARACHNIDA,TROMBIDIFORMES,ARRENURIDAE,ARRENURUS,ARRENURUS,3481,1.0,1.0,38.7644370404341,-75.73555877,SmallStreams,Region_03,NRS18_MD_10007,2018.0,9/13/2018,1,BERW,43.88,Fair,US1DESS0094,7.569286755427825,USC00071330,10.430568927432645,US1DESS0085,10.434402669074657,US1MDCL0014,11.363864130531429,USC00182523,14.347553998363274
2013490,ARTHROPODA,INSECTA,DIPTERA,CHIRONOMIDAE,CRYPTOTENDIPES,CRYPTOTENDIPES,3628,2.0,1.0,43.2457379795625,-97.64923729,RiversMajor,Region_08,NRS18_SD_10060,2018.0,9/12/2018,1,BETB,8.15,Poor,USC00395481,6.401192634003967,US1SDHT0016,22.607198357108253,USC00396462,25.62320102556645,US1SDHT0002,27.995013032979415,US1SDBH0015,31.260872216067863
2013491,ARTHROPODA,INSECTA,DIPTERA,PSYCHODIDAE,,PSYCHODIDAE,4223,,,42.4643262039383,-84.04812975,SmallStreams,Region_05,NRS18_MI_10231,2018.0,9/13/2018,1,BERW,33.52,Fair,US1MILV0015,4.148272227204494,USC00203712,6.101346149444217,US1MILV0016,9.027770689591337,US1MIIH0028,10.868488344244952,USC00207912,10.958382837153868
2013492,ARTHROPODA,INSECTA,DIPTERA,CHIRONOMIDAE,PARALAUTERBORNIELLA,PARALAUTERBORNIELLA,4107,,,46.7605250813758,-100.7203535,RiversOther,Region_08,NRS18_ND_10026,2018.0,9/13/2018,1,BERW,42.68,Fair,US1NDBH0043,2.2223366957147364,US1NDBH0045,3.0621030018614457,USC00320818,3.209120692420432,USW00024011,3.271436622764741,US1NDBH0046,4.077998110909412
2013493,ARTHROPODA,INSECTA,DIPTERA,SIMULIIDAE,SIMULIUM,SIMULIUM,4281,22.0,1.0,44.3209340614938,-89.09305848,LargeStreams,Region_05,NRS18_WI_10569,2018.0,9/13/2018,1,BERW,54.78,Good,USC00478951,4.611141338139809,US1WIWP0012,6.625875446218512,US1WIWP0008,7.588426630951573,US1WIWP0015,8.530289778081597,US1WIWP0001,13.083189216445144
2013494,ARTHROPODA,INSECTA,PLECOPTERA,CAPNIIDAE,PARACAPNIA,PARACAPNIA,4097,,,45.3280889164477,-88.42995944,LargeStreams,Region_05,NRS18_WI_10050,2018.0,9/12/2018,1,BERW,68.07,Good,USC00474523,5.358078409647851,USC00474530,7.169741076742963,USC00478561,12.000867450930453,US1WIOC0009,14.081944476131074,US1WIMR0011,14.700008879204924
2013495,ARTHROPODA,INSECTA,DIPTERA,CHIRONOMIDAE,ABLABESMYIA,ABLABESMYIA,3406,11.0,1.0,34.7555821044846,-85.68075739,LargeStreams,Region_04,NRS18_AL_10023,2018.0,9/13/2018,1,BERW,13.88,Poor,USC00012945,1.2578838667752374,USC00014115,4.329731076160803,US1ALDK0017,9.84305483573121,USC00097499,13.485980425901145,USC00018936,15.54472586381753
2013496,ARTHROPODA,INSECTA,DIPTERA,SIMULIIDAE,SIMULIUM,SIMULIUM,4281,3.0,1.0,42.4043895350324,-95.87348016,SmallStreams,Region_07,NRS18_IA_10004,2018.0,9/13/2018,1,BERW,23.48,Poor,USC00131838,9.61546971937924,USC00136363,13.63980778694675,USC00132026,18.32956848113699,USC00135823,19.1424992161391,USC00133900,20.201046936919855
2013497,ARTHROPODA,INSECTA,EPHEMEROPTERA,LEPTOPHLEBIIDAE,HABROPHLEBIA,HABROPHLEBIA,3775,2.0,1.0,41.7465558334785,-79.30664962,SmallStreams,Region_03,NRS18_PA_10018,2018.0,9/13/2018,1,BERW,72.88,Good,US1PAWR0003,0.5387856424187054,USC00369966,11.53259904732927,USC00368897,13.888897337998502,USC00368026,13.94216332368746,USC00363158,14.216746999859916
2013498,ARTHROPODA,INSECTA,DIPTERA,CHIRONOMIDAE,MICROPSECTRA,MICROPSECTRA,3981,2.0,1.0,44.5077105935811,-108.4333775,RiversOther,Region_08,NRS18_WY_10078,2018.0,9/13/2018,1,BERW,48.8,Fair,USC00483031,3.5882029095043166,USC00481240,6.552119696969669,US1WYBH0019,8.702974415547226,US1WYBH0004,10.75983032106194,US1WYBH0008,13.445371548318237
2013499,ARTHROPODA,INSECTA,TRICHOPTERA,LIMNEPHILIDAE,,LIMNEPHILIDAE,3918,5.0,1.0,44.4585947299704,-108.6400312,RiversOther,Region_08,NRS18_WY_11746,2018.0,9/13/2018,1,BERW,34.4,Poor,USC00489660,11.984129968449658,USC00481240,17.751976417569423,US1WYBH0019,19.143625000011127,US1WYBH0008,19.228689627007622,USC00483031,20.25006007629604
2013500,ARTHROPODA,INSECTA,DIPTERA,CHIRONOMIDAE,TANYPUS,TANYPUS,4347,1.0,1.0,30.5000976830021,-99.68645313,RiversOther,Region_06,NRS18_TX_10042,2018.0,9/13/2018,1,BETB,39.4,Good,USW00013973,7.747708205559606,USC00418183,9.464704956744193,US1TXKM0002,11.346774609847827,US1TXKM0003,11.586145350160338,USC00414670,12.849653982674601
2013501,ARTHROPODA,INSECTA,DIPTERA,CHIRONOMIDAE,DICROTENDIPES,DICROTENDIPES,3658,11.0,1.0,,,,Region_04,NRS18_AL_10002,,9/14/2018,2,BETB,7.73,,ACW00011604,,US1OKCV0084,,US1OKCV0083,,US1OKCV0082,,US1OKCV0081,
2013502,ARTHROPODA,INSECTA,TRICHOPTERA,HYDROPSYCHIDAE,CHEUMATOPSYCHE,CHEUMATOPSYCHE,3578,4.0,1.0,36.6592557496441,-92.63412036,LargeStreams,Region_07,NRS18_MO_10665,2018.0,9/14/2018,1,BERW,42.93,Fair,US1MOOZ0008,5.879222946638095,USC00234192,9.966104518794403,US1MOOZ0003,14.679616355505036,US1MOOZ0012,14.988165179183952,US1MOOZ0011,16.98963119850203
2013503,ARTHROPODA,INSECTA,DIPTERA,CHIRONOMIDAE,ABLABESMYIA,ABLABESMYIA,3406,9.0,1.0,38.9023856239271,-93.01374945,RiversOther,Region_07,NRS18_MO_10039,2018.0,9/14/2018,1,BETB,34.7,Fair,US1MOSN0003,9.203656069088723,USC00237960,16.11506549881184,USC00231704,16.946435904541786,USC00236052,19.398589617032872,USC00230747,20.195916783424295
2013504,ARTHROPODA,INSECTA,TRICHOPTERA,HYDROPSYCHIDAE,HYDROPSYCHE,HYDROPSYCHE,3844,9.0,1.0,42.5473345977114,-96.47690097,RiversMajor,Region_07,NRS18_IA_10034,2018.0,9/14/2018,1,BETB,56.37,Good,USC00137717,2.5653726119538045,USC00137703,5.361298445328524,USC00137713,5.570439425138104,US1IAWD0007,7.082582366571726,US1SDUN0014,7.700696215842899
2013505,ARTHROPODA,INSECTA,EPHEMEROPTERA,CAENIDAE,CAENIS,CAENIS,3542,5.0,1.0,38.4064788146756,-90.38821011,SmallStreams,Region_07,NRS18_MO_10051,2018.0,9/17/2018,1,BERW,24.98,Poor,US1MOJF0011,1.2492021109213314,US1MOJF0032,1.8946295328008773,US1MOJF0036,3.2405709023794556,US1MOJF0018,3.368442691010684,US1MOSL0076,7.742684399870012
2013506,ARTHROPODA,INSECTA,EPHEMEROPTERA,HEPTAGENIIDAE,,HEPTAGENIIDAE,3802,7.0,0.0,39.0658511124341,-92.52016586,SmallStreams,Region_07,NRS18_MO_10361,2018.0,9/16/2018,1,BERW,21.23,Poor,US1MOBN0021,5.627158417599572,US1MOBN0024,5.748929436167202,USC00232832,7.057769085698761,US1MOBN0020,7.2218924013315915,US1MOBN0028,7.752560953928205
2013507,MOLLUSCA,GASTROPODA,,,,GASTROPODA,3745,15.0,0.0,40.9072273901245,-72.73717806,LargeStreams,Region_02,NRS18_NY_10549,2018.0,9/16/2018,1,BETB,38.5,Poor,USC00300364,3.03674295351048,US1NYSF0002,6.186497085551999,USC00307134,6.395999418782246,US1NYSF0166,9.246953558181147,US1NYSF0103,9.89186373389169
2013508,ARTHROPODA,INSECTA,DIPTERA,CHIRONOMIDAE,PHAENOPSECTRA,PHAENOPSECTRA,4143,1.0,1.0,42.1833760856131,-90.19425335,LargeStreams,Region_05,NRS18_IL_10035,2018.0,9/16/2018,1,BETB,46.57,Good,US1ILCR0017,5.007704062772111,US1ILJD0006,10.820275517829979,USC00119854,11.885818414787312,US1IAJC0001,12.026987550127918,US1ILCR0012,14.20771278989351
2013509,MOLLUSCA,GASTROPODA,,,,GASTROPODA,3745,2.0,0.0,36.7979585903887,-92.82411663,RiversOther,Region_07,NRS18_MO_11111,2018.0,9/16/2018,1,BETB,41.8,Fair,US1MODG0004,2.7942916657221897,USC00230878,8.40396007857181,US1MODG0009,8.570714537468644,USC00230368,8.916305616691378,US1MODG0012,14.30320368272928
2013510,ARTHROPODA,INSECTA,ODONATA,COENAGRIONIDAE,,COENAGRIONIDAE,3606,17.0,1.0,43.414023145765,-106.2859759,RiversOther,Region_08,NRS18_WY_10011,2018.0,9/16/2018,1,BERW,9.1,Poor,USC00486195,0.7162523781973462,US1WYNT0077,0.9179892369232251,USC00486200,9.685965877328771,USC00480237,24.1073218423737,USC00485581,26.46918589503156
2013511,ANNELIDA,OLIGOCHAETA,HAPLOTAXIDA,TUBIFICIDAE,AULODRILUS,AULODRILUS,3496,5.0,1.0,45.1801892112662,-83.63260681,LargeStreams,Region_05,NRS18_MI_10044,2018.0,9/17/2018,1,BERW,41.77,Good,USC00200166,3.8186822537759815,USW00094849,13.196998957621762,US1MIAP0001,20.30922392521624,USW00014814,20.839832013015844,USC00208391,23.222333148449977
2013512,ANNELIDA,OLIGOCHAETA,HAPLOTAXIDA,TUBIFICIDAE,AULODRILUS,AULODRILUS,3496,4.0,1.0,47.1895948305973,-102.6300471,RiversOther,Region_08,NRS18_ND_10031,2018.0,9/17/2018,1,BERW,57.83,Good,USC00323446,1.6623781815646017,US1NDDN0003,10.602593828869042,USC00325519,11.40878329283489,US1NDDN0004,15.978193465885271,USC00322193,15.979140659181303
2013513,ARTHROPODA,INSECTA,DIPTERA,CHIRONOMIDAE,PARAMETRIOCNEMUS,PARAMETRIOCNEMUS,4112,,,44.4703152601972,-90.86880828,LargeStreams,Region_05,NRS18_WI_10049,2018.0,9/17/2018,1,BERW,57.23,Good,USC00473471,12.42054929972775,USC00472678,16.37522630839108,US1WIJK0001,16.99632360108502,USR0000WBRF,19.094778133843505,USC00470855,20.051817106899527
2013514,ARTHROPODA,MALACOSTRACA,ISOPODA,ASELLIDAE,CAECIDOTEA,CAECIDOTEA,3540,2.0,1.0,42.2585032722233,-90.28275489,RiversOther,Region_05,NRS18_IL_10023,2018.0,9/17/2018,1,BETB,17.67,Poor,US1ILJD0006,0.27063973630621996,USC00112745,7.882107329317017,USC00130608,11.545180764471612,US1IAJC0005,12.214968049154306,US1ILCR0017,16.02018974304148
2013515,ANNELIDA,OLIGOCHAETA,ENCHYTRAEIDA,ENCHYTRAEIDAE,,ENCHYTRAEIDAE,3697,59.0,1.0,32.4995892120619,-90.80185682,RiversMajor,Region_04,NRS18_MS_10022,2018.0,9/17/2018,1,BETB,0.0,Poor,US1MSWR0004,5.478385735187028,USW00013979,11.209875759543094,US1MSWR0008,11.666829844185951,USC00229230,14.486243790004101,USC00227587,15.06838530431182
2013516,ANNELIDA,OLIGOCHAETA,HAPLOTAXIDA,NAIDIDAE,,NAIDIDAE,4003,1.0,1.0,40.7579639084296,-74.16350611,RiversOther,Region_02,NRS18_NJ_10007,2018.0,9/17/2018,1,BETB,0.0,Poor,USC00283704,1.4692701551181873,US1NJHD0002,2.526442636486517,US1NJHD0018,2.8714300010570106,US1NJES0020,3.669826290103256,US1NJBG0015,4.229724404319966
2013517,ARTHROPODA,INSECTA,DIPTERA,CHIRONOMIDAE,PHAENOPSECTRA,PHAENOPSECTRA,4143,1.0,1.0,40.8589025272934,-74.11904238,RiversOther,Region_02,NRS18_NJ_11083,2018.0,9/17/2018,1,BETB,2.15,Poor,US1NJBG0033,2.1628192428715005,US1NJBG0013,2.623550967862347,US1NJBG0064,2.75195675203305,USC00284931,3.128286587214395,US1NJBG0012,3.5668709238184526
2013518,ARTHROPODA,ARACHNIDA,TROMBIDIFORMES,UNIONICOLIDAE,NEUMANIA,NEUMANIA,4038,9.0,1.0,39.2481192299184,-94.91314785,SmallStreams,Region_07,NRS18_KS_10137,2018.0,9/17/2018,1,BERW,31.63,Fair,US1KSLV0009,4.875195910401018,US1KSLV0014,4.987272358428845,USC00144589,5.184863149295557,USC00144586,5.878845473964482,US1KSLV0004,7.188387758197956
2013519,ARTHROPODA,INSECTA,TRICHOPTERA,HYDROPSYCHIDAE,CHEUMATOPSYCHE,CHEUMATOPSYCHE,3578,13.0,1.0,43.6183459760442,-104.2088301,RiversOther,Region_08,NRS18_WY_10052,2018.0,9/17/2018,1,BERW,14.9,Poor,US1WYWS0009,2.2749521952714478,US1WYWS0010,6.925709382549654,USC00486664,8.114654046158034,USC00486450,15.11001703123289,USC00392312,17.010914110205473
2013520,ARTHROPODA,INSECTA,DIPTERA,CHIRONOMIDAE,PHAENOPSECTRA,PHAENOPSECTRA,4143,,,43.8330022330649,-104.4068878,RiversOther,Region_08,NRS18_WY_11308,2018.0,9/17/2018,1,BERW,36.47,Poor,USC00486662,6.12922882398842,US1WYWS0013,12.184078352216428,US1WYWS0025,13.927332411626608,US1WYWS0020,14.238801621983058,USC00486935,16.165244892640708
2013521,MOLLUSCA,BIVALVIA,VENEROIDA,PISIDIIDAE,,PISIDIIDAE,4158,4.0,0.0,38.7238378825921,-89.49259979,RiversOther,Region_05,NRS18_IL_10022,2018.0,9/18/2018,1,BETB,55.32,Good,US1ILCT0006,10.596820547013687,US1ILCT0009,11.801511799202418,USC00114089,13.944374562678336,US1ILMD0037,14.406663231784506,US1ILMD0003,15.702479196327113
2013522,ARTHROPODA,INSECTA,TRICHOPTERA,HYDROPSYCHIDAE,CHEUMATOPSYCHE,CHEUMATOPSYCHE,3578,1.0,1.0,,,,Region_06,NRS18_AR_10009,,9/18/2018,2,BERW,35.55,,ACW00011604,,US1OKCV0084,,US1OKCV0083,,US1OKCV0082,,US1OKCV0081,
2013523,ARTHROPODA,ARACHNIDA,TROMBIDIFORMES,SPERCHONIDAE,SPERCHON,SPERCHON,4296,8.0,1.0,45.3644615216341,-84.5085825,LargeStreams,Region_05,NRS18_MI_10040,2018.0,9/18/2018,1,BERW,49.93,Good,US1MICB0006,9.249781353072764,USC00209105,12.365060067401265,USC00208417,22.25258712210105,USC00206184,22.866625145750763,US1MICB0001,26.432778172767883
2013524,ANNELIDA,HIRUDINEA,RHYNCHOBDELLIDA,GLOSSIPHONIIDAE,HELOBDELLA,HELOBDELLA,3792,1.0,1.0,45.5451488655309,-84.45337414,SmallStreams,Region_05,NRS18_MI_10030,2018.0,9/18/2018,1,BERW,17.05,Poor,US1MICB0001,6.143137338059269,USC00201497,10.074770609511264,USC00201492,11.996187008617477,US1MICB0006,19.95851899013394,USC00206184,23.344324981066045
2013525,ANNELIDA,OLIGOCHAETA,HAPLOTAXIDA,,,HAPLOTAXIDA,3783,1.0,0.0,39.3143738100931,-83.33566716,LargeStreams,Region_05,NRS18_OH_10028,2018.0,9/17/2018,1,BERW,62.3,Good,USC00333356,4.65713913082702,US1OHRS0018,5.746241771032443,US1OHHG0012,7.838180822171385,US1OHRS0010,11.436316669300707,US1OHHG0008,12.788067448634386
2013526,ARTHROPODA,INSECTA,TRICHOPTERA,HYDROPSYCHIDAE,CHEUMATOPSYCHE,CHEUMATOPSYCHE,3578,,,39.6767701299048,-83.23122949,SmallStreams,Region_05,NRS18_OH_10024,2018.0,9/18/2018,1,BERW,26.6,Fair,USC00332090,5.936727981284806,USC00335573,7.704161747541135,USC00332170,10.350306735679277,USC00335830,12.344378911225627,US1OHPC0004,13.630669329169395
2013527,ARTHROPODA,INSECTA,DIPTERA,CHIRONOMIDAE,POLYPEDILUM,POLYPEDILUM,4178,10.0,1.0,32.2411885009781,-90.58898349,RiversOther,Region_04,NRS18_MS_10021,2018.0,9/18/2018,1,BERW,36.35,Poor,USC00226476,8.118415536379171,USC00222668,8.791503508533006,USC00229101,16.244119181636627,US1MSHD0025,20.077145582488317,US1MSHD0012,23.132062067197765
2013528,ARTHROPODA,INSECTA,ODONATA,AESHNIDAE,BOYERIA,BOYERIA,3524,1.0,1.0,,,,Region_02,NRS18_NJ_10001,,9/18/2018,2,BERW,24.42,,ACW00011604,,US1OKCV0084,,US1OKCV0083,,US1OKCV0082,,US1OKCV0081,
2013529,ARTHROPODA,INSECTA,DIPTERA,SIMULIIDAE,SIMULIUM,SIMULIUM,4281,3.0,1.0,43.4224423735225,-103.9918046,RiversMajor,Region_08,NRS18_SD_10012,2018.0,9/18/2018,1,BERW,52.38,Fair,US1SDFR0024,3.8664347965380435,USC00392312,12.773421696306851,USC00486600,12.913194572835696,USC00392559,13.15987850193364,USC00488475,14.175050993692969
2013530,ARTHROPODA,INSECTA,COLEOPTERA,ELMIDAE,,ELMIDAE,3694,17.0,0.0,42.5542838491939,-120.8997093,LargeStreams,Region_10,NRS18_OR_10035,2018.0,9/18/2018,1,BERW,49.48,Fair,USS0020G12S,10.382163555571754,USS0020G02S,18.14060113295356,USC00350853,20.952494885778467,USC00350854,21.22855052451415,USR0000OCOF,22.91679670507142
2013531,ARTHROPODA,INSECTA,DIPTERA,CHIRONOMIDAE,TANYTARSUS,TANYTARSUS,4348,,,41.2332841950364,-105.2928902,SmallStreams,Region_08,NRS18_WY_10022,2018.0,9/18/2018,1,BERW,35.63,Poor,USC00482233,6.729018889991384,US1WYLM0231,6.985700194236962,USS0005H02S,7.293640146152191,USC00484022,8.227588234477018,USC00487330,8.419282090149535
2013532,MOLLUSCA,BIVALVIA,VENEROIDA,CORBICULIDAE,CORBICULA,CORBICULA,3612,16.0,1.0,,,,Region_04,NRS18_AL_RF001,,9/18/2018,1,BERW,55.77,,ACW00011604,,US1OKCV0084,,US1OKCV0083,,US1OKCV0082,,US1OKCV0081,
2013533,ARTHROPODA,INSECTA,TRICHOPTERA,HYDROPSYCHIDAE,HYDROPSYCHE,HYDROPSYCHE,3844,15.0,1.0,43.2059500505077,-90.74092242,LargeStreams,Region_05,NRS18_WI_10051,2018.0,9/19/2018,1,BERW,38.07,Good,US1WICR0001,6.652418409972427,USW00094994,7.561126225566965,USC00478163,10.502581132962527,USC00478164,11.163106183469356,USC00470950,11.797323465695902
2013534,ARTHROPODA,INSECTA,DIPTERA,CHIRONOMIDAE,LABRUNDINIA,LABRUNDINIA,3882,,,47.1295783974407,-102.2341882,RiversOther,Region_08,NRS18_ND_10007,2018.0,9/18/2018,1,BERW,42.05,Poor,USC00325582,7.6241568129270805,US1NDDN0014,10.600832373043046,USC00323529,12.691397898005796,US1NDSK0009,18.39035877954892,USC00328660,23.38555414690697
2013535,ARTHROPODA,INSECTA,DIPTERA,CHIRONOMIDAE,,CRICOTOPUS/ORTHOCLADIUS,3623,2.0,1.0,36.5608835086625,-94.14868317,SmallStreams,Region_07,NRS18_MO_10213,2018.0,9/19/2018,1,BERW,26.08,Poor,USC00236834,6.643808245416455,US1MOBY0013,7.941893126871246,USC00238740,8.641497897245864,US1MOMD0009,10.453414993079654,US1ARBT0008,11.836486678464839
2013536,ARTHROPODA,INSECTA,DIPTERA,CHIRONOMIDAE,STEMPELLINELLA,STEMPELLINELLA,4308,1.0,1.0,33.2220059538637,-89.32785941,LargeStreams,Region_04,NRS18_MS_10020,2018.0,9/19/2018,1,BERW,40.53,Poor,USC00229475,5.60453879193557,USC00223173,9.563066485909646,USC00225620,12.145091570277314,US1MSCT0002,12.200188076419805,US1MSCT0004,13.111779640050026
2013537,ARTHROPODA,INSECTA,TRICHOPTERA,HYDROPTILIDAE,,HYDROPTILIDAE,3847,1.0,1.0,40.5812822715589,-81.39514041,RiversOther,Region_05,NRS18_OH_10007,2018.0,9/18/2018,1,BETB,20.93,Poor,USC00332272,2.4382241385721017,US1OHTS0002,6.220105589980291,US1OHTS0004,7.957119826600616,USC00330823,8.292186481741613,US1OHTS0007,8.788514826124162
2013538,ARTHROPODA,INSECTA,EPHEMEROPTERA,EPHEMERIDAE,HEXAGENIA,HEXAGENIA,3816,10.0,1.0,32.8930545377469,-83.27685531,LargeStreams,Region_04,NRS18_GA_10023,2018.0,9/19/2018,1,BERW,44.28,Fair,USC00095696,7.381157193152146,USC00094594,7.916235665778728,USR0000GMCI,12.851750020809417,US1GABD0001,13.631124392172172,USC00095874,21.2833271609192
2013539,ARTHROPODA,INSECTA,DIPTERA,TABANIDAE,,TABANIDAE,4340,1.0,1.0,,,,Region_02,NRS18_NJ_10002,,9/19/2018,2,BETB,11.77,,ACW00011604,,US1OKCV0084,,US1OKCV0083,,US1OKCV0082,,US1OKCV0081,
2013540,ARTHROPODA,INSECTA,TRICHOPTERA,HYDROPTILIDAE,HYDROPTILA,HYDROPTILA,3846,1.0,1.0,41.3178145499028,-74.47483104,RiversOther,Region_02,NRS18_NY_10065,2018.0,9/19/2018,1,BETB,41.55,Fair,USC00303144,3.278740491392492,US1NYOR0023,7.3458603647770415,US1NYOR0004,7.372183766010592,USC00308967,10.67319692843095,US1NJSS0003,10.766093682229538
2013541,ARTHROPODA,INSECTA,DIPTERA,CHIRONOMIDAE,TANYTARSUS,TANYTARSUS,4348,1.0,1.0,41.2752371744654,-90.79014197,LargeStreams,Region_05,NRS18_IL_10968,2018.0,9/19/2018,1,BERW,31.0,Fair,US1ILMR0002,8.022391674347046,US1ILMR0007,8.176105232988428,USC00110072,8.60296569528207,USC00117211,8.906080256528687,US1ILMR0006,9.064236577515143
2013542,ARTHROPODA,INSECTA,DIPTERA,CHIRONOMIDAE,ROBACKIA,ROBACKIA,4257,2.0,1.0,43.2780341440764,-103.7201563,RiversMajor,Region_08,NRS18_SD_10026,2018.0,9/19/2018,1,BERW,19.58,Poor,US1SDFR0020,7.021965034101948,USC00392557,9.098145894086471,US1SDFR0021,9.559573472082695,USC00396812,12.621127151451688,USC00394010,13.98723004536886
2013543,ARTHROPODA,INSECTA,EPHEMEROPTERA,LEPTOPHLEBIIDAE,PARALEPTOPHLEBIA,PARALEPTOPHLEBIA,4108,4.0,1.0,46.8162269375232,-88.2020265,LargeStreams,Region_05,NRS18_MI_10041,2018.0,9/20/2018,1,BERW,58.12,Good,USC00207580,7.077967522795628,US1MIBG0001,9.748175541107786,USC00204623,21.015184975470092,USC00203744,21.44363322579127,USC00200485,21.720905570816676
2013544,ANNELIDA,OLIGOCHAETA,HAPLOTAXIDA,TUBIFICIDAE,LIMNODRILUS,LIMNODRILUS,3925,,,30.6796337994935,-99.02698714,RiversOther,Region_06,NRS18_TX_10022,2018.0,9/19/2018,1,BETB,51.45,Good,US1TXMSN012,1.3849098751034303,USC00411521,6.193598225061742,US1TXLL0059,7.1862749729010025,US1TXMSN006,8.199650775842265,USC00415626,14.322852622012629
2013545,ANNELIDA,OLIGOCHAETA,HAPLOTAXIDA,NAIDIDAE,,NAIDIDAE,4003,3.0,0.0,31.1318176253106,-99.32020964,LargeStreams,Region_06,NRS18_TX_10007,2018.0,9/20/2018,1,BETB,23.1,Fair,US1TXMCC008,1.6801037353988921,US1TXMCC007,2.5967523238930066,USC00411017,3.09359234029069,US1TXMCC009,12.929437761722083,USC00411385,15.518258887748017
2013546,ARTHROPODA,INSECTA,TRICHOPTERA,HYDROPSYCHIDAE,CHEUMATOPSYCHE,CHEUMATOPSYCHE,3578,10.0,1.0,,,,Region_03,NRS18_MD_10005,,9/20/2018,2,BERW,27.3,,ACW00011604,,US1OKCV0084,,US1OKCV0083,,US1OKCV0082,,US1OKCV0081,
2013547,NEMERTEA,ENOPLA,HOPLONEMERTEA,TETRASTEMMATIDAE,PROSTOMA,PROSTOMA,4199,1.0,1.0,42.4663899187133,-121.4395592,RiversOther,Region_10,NRS18_OR_10024,2018.0,9/19/2018,1,BETB,22.92,Poor,USC00358007,5.694455085926085,US1ORKL0013,18.464503552655398,US1ORKL0014,18.626208325298514,USC00359604,18.84729137768576,USS0021G16S,20.703502445702146
2013548,ARTHROPODA,INSECTA,DIPTERA,CHIRONOMIDAE,ABLABESMYIA,ABLABESMYIA,3406,1.0,1.0,34.0016578133697,-88.51833179,RiversMajor,Region_04,NRS18_MS_10006,2018.0,9/20/2018,1,BETB,57.17,Good,USC00220173,2.972670125043076,USC00220176,3.562424110273168,US1MSMN0001,9.417159819721979,US1MSMN0003,12.022508415412533,USC00228189,14.392075927066246
2013549,ARTHROPODA,INSECTA,ODONATA,AESHNIDAE,ANAX,ANAX,3455,1.0,1.0,,,,Region_03,NRS18_VA_10001,,9/20/2018,2,BERW,30.65,,ACW00011604,,US1OKCV0084,,US1OKCV0083,,US1OKCV0082,,US1OKCV0081,
2013550,ARTHROPODA,INSECTA,DIPTERA,CHIRONOMIDAE,LABRUNDINIA,LABRUNDINIA,3882,1.0,1.0,39.7114498820277,-94.15728298,LargeStreams,Region_07,NRS18_MO_10006,2018.0,9/20/2018,1,BERW,47.27,Good,US1MOCL0002,6.339360806581664,USC00231216,9.092852186582851,USC00234481,9.370932017455774,USC00233568,11.037197061744719,US1MOFSA025,12.630756915237228
2013551,ARTHROPODA,INSECTA,DIPTERA,CHIRONOMIDAE,NILOTHAUMA,NILOTHAUMA,4043,1.0,1.0,32.2973038855688,-84.04997461,LargeStreams,Region_04,NRS18_GA_10016,2018.0,9/20/2018,1,BERW,38.67,Poor,USC00095979,2.6527776214537258,USC00090284,13.359271626225707,USC00095555,13.405777956442758,USR0000GBYR,15.249716195783574,US1GASY0003,18.010089624890643
2013552,ARTHROPODA,ARACHNIDA,TROMBIDIFORMES,UNIONICOLIDAE,NEUMANIA,NEUMANIA,4038,1.0,1.0,39.0681128650257,-88.60513041,RiversOther,Region_05,NRS18_IL_10040,2018.0,9/19/2018,1,BERW,32.98,Fair,US1ILEF0001,2.7822051961600804,US1ILEF0010,5.565688294477397,US1ILEF0028,5.795518571481997,USC00112687,5.801756961792349,US1ILEF0006,7.52613212674105
2013553,ARTHROPODA,INSECTA,DIPTERA,CERATOPOGONIDAE,,CERATOPOGONINAE,3567,2.0,1.0,41.1590554729145,-81.81774278,LargeStreams,Region_05,NRS18_OH_10004,2018.0,9/19/2018,1,BERW,40.65,Poor,US1OHMD0006,2.5389673033833473,US1OHMD0010,3.585430817723916,US1OHMD0021,5.013458162580569,US1OHMD0009,6.199376562064893,US1OHMD0004,7.755969023261753
2013554,ARTHROPODA,INSECTA,EPHEMEROPTERA,BAETIDAE,,BAETIDAE,3500,1.0,0.0,,,,Region_07,NRS18_NE_10013,,9/19/2018,2,BERW,30.0,,ACW00011604,,US1OKCV0084,,US1OKCV0083,,US1OKCV0082,,US1OKCV0081,
2013555,MOLLUSCA,GASTROPODA,BASOMMATOPHORA,LYMNAEIDAE,,LYMNAEIDAE,3945,1.0,1.0,44.1564304018129,-103.2286963,LargeStreams,Region_08,NRS18_SD_10004,2018.0,9/20/2018,1,BERW,55.53,Fair,US1SDMD0036,2.550010221270135,US1SDPN0064,4.281354382068443,USC00396947,5.957455215110969,US1SDPN0038,6.870698905769986,US1SDMD0019,7.0221703060763625
2013556,ARTHROPODA,INSECTA,COLEOPTERA,ELMIDAE,,ELMIDAE,3694,2.0,0.0,41.0190560936978,-108.8249439,LargeStreams,Region_08,NRS18_WY_11145,2018.0,9/20/2018,1,BERW,32.3,Poor,USC00053975,17.92206250195454,USC00051020,23.98555702443937,USC00051017,25.477183856175078,USC00051018,26.261168966757175,USR0000KING,29.202758947657486
2013557,ARTHROPODA,INSECTA,TRICHOPTERA,HYDROPSYCHIDAE,,HYDROPSYCHIDAE,3845,1.0,1.0,41.6960598374757,-110.9799158,SmallStreams,Region_08,NRS18_WY_10546,2018.0,9/20/2018,1,BERW,3.78,Poor,US1UTRC0001,17.332490771477516,USC00427165,17.63152843366649,USC00487955,19.04726062845494,USC00483582,23.379991491007864,USC00429595,25.087405439701975
2013558,ARTHROPODA,INSECTA,DIPTERA,TIPULIDAE,HEXATOMA,HEXATOMA,3817,1.0,1.0,41.5104391378839,-72.49660533,SmallStreams,Region_01,NRS18_CT_10037,2018.0,9/20/2018,1,BERW,79.62,Good,US1CTMD0041,3.828189754930137,US1CTMD0026,4.490133390694012,US1CTMD0023,5.053795471479682,USC00065018,5.397932673524305,USC00061488,5.782295825886139
2013559,ARTHROPODA,INSECTA,DIPTERA,CHIRONOMIDAE,STENOCHIRONOMUS,STENOCHIRONOMUS,4311,1.0,1.0,30.7703831593067,-81.78635437,LargeStreams,Region_04,NRS18_FL_10017,2018.0,9/20/2018,1,BETB,46.97,Fair,USC00090840,8.30956085471826,US1GACM0012,10.074553611535409,US1GACM0018,10.149894026602277,USC00083978,16.077896087322863,US1GACM0004,16.266446969074238
2013560,ARTHROPODA,INSECTA,DIPTERA,CHIRONOMIDAE,CORYNONEURA,CORYNONEURA,3620,31.0,1.0,39.097485221639,-94.3516643,SmallStreams,Region_07,NRS18_MO_10004,2018.0,9/21/2018,1,BERW,19.23,Poor,US1MOJC0024,2.7018006634976643,US1MOJC0021,2.991979508200739,USC00234158,4.378844863910575,USC00234652,4.447702679110516,USC00234154,4.703703012067458
2013561,ARTHROPODA,INSECTA,DIPTERA,CHIRONOMIDAE,,THIENEMANNIMYIA GENUS GR.,4362,,,40.0163561593032,-83.25296419,LargeStreams,Region_05,NRS18_OH_10038,2018.0,9/20/2018,1,BERW,74.67,Good,US1OHFR0158,6.189814239443016,US1OHFR0030,6.78854484582352,US1OHMA0011,7.558936878093916,US1OHFR0059,8.61022542953034,US1OHFR0081,9.262917341497861
2013562,ARTHROPODA,INSECTA,ODONATA,GOMPHIDAE,,GOMPHIDAE,3759,3.0,0.0,33.7948473749528,-87.85932001,SmallStreams,Region_04,NRS18_AL_10020,2018.0,9/21/2018,1,BERW,36.1,Poor,US1ALFY0010,3.6971091883769747,US1ALFY0001,5.907298959945999,US1ALFY0005,9.124113229904863,US1ALFY0003,9.365910327378428,US1ALFY0009,9.706176925010634
2013563,ARTHROPODA,ARACHNIDA,TROMBIDIFORMES,UNIONICOLIDAE,NEUMANIA,NEUMANIA,4038,1.0,1.0,,,,Region_02,NRS18_NY_10021,,9/20/2018,2,BERW,15.85,,ACW00011604,,US1OKCV0084,,US1OKCV0083,,US1OKCV0082,,US1OKCV0081,
2013564,ARTHROPODA,ARACHNIDA,TROMBIDIFORMES,ARRENURIDAE,ARRENURUS,ARRENURUS,3481,7.0,1.0,39.6922182479462,-75.43711061,LargeStreams,Region_02,NRS18_NJ_10013,2018.0,9/21/2018,1,BETB,29.23,Poor,USC00282209,5.471958689600102,US1NJSL0007,8.155398912529957,US1NJSL0013,8.506498563903566,US1NJSL0002,9.711247358005272,US1DENC0064,10.04715609853404
2013565,MOLLUSCA,GASTROPODA,,,,GASTROPODA,3745,1.0,0.0,38.4349664629861,-77.52442813,LargeStreams,Region_03,NRS18_VA_10011,2018.0,9/21/2018,1,BERW,33.37,Fair,US1VASF0009,2.478582901608654,US1VASF0008,6.132160093485509,US1VASF0003,9.847277154438238,US1VASF0011,12.362348824259662,USC00443192,14.664026966184071
2013566,ARTHROPODA,INSECTA,DIPTERA,CHIRONOMIDAE,NANOCLADIUS,NANOCLADIUS,4005,4.0,1.0,37.2519777902421,-89.66008891,LargeStreams,Region_07,NRS18_MO_10053,2018.0,9/21/2018,1,BETB,45.62,Fair,USW00003935,7.787258755570145,US1MOCG0012,12.393009142095346,US1MOCG0017,12.813839167334095,USC00231296,12.98829087327098,US1MOFSA031,13.058337290185484
2013567,ARTHROPODA,INSECTA,DIPTERA,CHIRONOMIDAE,GLYPTOTENDIPES,GLYPTOTENDIPES,3756,5.0,1.0,37.2149376288278,-89.74896151,RiversOther,Region_07,NRS18_MO_10055,2018.0,9/20/2018,1,BETB,49.8,Fair,US1MOCG0002,10.22046459747582,USW00003935,15.131398557960697,US1MOCG0021,15.259897414834306,US1MOFSA031,18.646640613494633,US1MOST0005,19.31909682466664
2013568,ARTHROPODA,INSECTA,DIPTERA,CHIRONOMIDAE,CORYNONEURA,CORYNONEURA,3620,3.0,1.0,46.3029588221367,-94.5370565,RiversOther,Region_05,NRS18_MN_10063,2018.0,9/21/2018,1,BETB,21.5,Poor,US1MNMR0021,2.3123355849672893,US1MNMR0032,7.85298015123605,US1MNCS0071,8.611018342162726,US1MNMR0026,8.991320625844358,US1MNMR0041,10.625627195891605
2013569,ARTHROPODA,INSECTA,COLEOPTERA,PSEPHENIDAE,PSEPHENUS,PSEPHENUS,4209,1.0,1.0,40.4728576010748,-95.31541125,LargeStreams,Region_07,NRS18_MO_10033,2018.0,9/23/2018,1,BETB,51.35,Good,US1MOAT0007,6.906983059896286,USC00238292,7.2182150345485345,USW00014945,7.504766234739929,US1MOAT0006,15.283933879834997,USC00232729,16.215564081113165
2013570,ARTHROPODA,INSECTA,DIPTERA,CHIRONOMIDAE,CORYNONEURA,CORYNONEURA,3620,4.0,1.0,45.5516467313519,-94.26643898,RiversOther,Region_05,NRS18_MN_10066,2018.0,9/23/2018,1,BETB,42.37,Good,US1MNSR0117,2.6853351709683437,US1MNSR0004,2.869850871034391,US1MNSR0003,3.288149895881656,US1MNSR0020,3.5575242733013726,US1MNSR0088,4.087718487974956
2013571,ARTHROPODA,INSECTA,EPHEMEROPTERA,BAETIDAE,CALLIBAETIS,CALLIBAETIS,3544,2.0,1.0,42.2477730426658,-109.4265564,RiversOther,Region_08,NRS18_WY_11747,2018.0,9/22/2018,1,BERW,21.37,Poor,US1WYSW0007,8.415387870341464,USC00483170,12.022258075583506,US1WYSW0042,12.621835829337911,USC00482780,43.50665575877011,USR0000WAND,45.13885569004269
2013572,ARTHROPODA,INSECTA,DIPTERA,CHIRONOMIDAE,PROCLADIUS,PROCLADIUS,4191,3.0,1.0,42.3426403099437,-109.5151102,RiversOther,Region_08,NRS18_WY_10060,2018.0,9/21/2018,1,BERW,53.7,Fair,US1WYSW0007,19.423901748395004,USC00483170,23.60911989505279,US1WYSW0042,23.934407932975326,USC00480698,36.05507656816457,USC00482780,37.43452466255499
2013573,ARTHROPODA,ARACHNIDA,TROMBIDIFORMES,UNIONICOLIDAE,NEUMANIA,NEUMANIA,4038,1.0,1.0,41.5202005873936,-94.50593786,LargeStreams,Region_07,NRS18_IA_10024,2018.0,9/24/2018,1,BERW,58.18,Good,USC00130046,10.997003930708868,US1IAGT0002,12.302428245134982,USC00133509,16.517252438293884,US1IACS0002,20.957704584009363,USC00132240,23.274141659619236
2013574,ARTHROPODA,INSECTA,EPHEMEROPTERA,BAETIDAE,FALLCEON,FALLCEON,3729,1.0,1.0,39.3194503802802,-94.63354357,LargeStreams,Region_07,NRS18_MO_10812,2018.0,9/23/2018,1,BERW,40.63,Good,USC00234377,5.256058838462891,US1MOCY0028,6.454316204556731,US1MOCY0024,6.481136866238333,US1MOPT0014,6.964990919847042,US1MOCY0017,7.076275886550283
2013575,ARTHROPODA,INSECTA,COLEOPTERA,ELMIDAE,STENELMIS,STENELMIS,4310,22.0,1.0,42.854810159667,-90.52929038,SmallStreams,Region_05,NRS18_WI_10017,2018.0,9/24/2018,1,BERW,34.48,Fair,US1WIGT0020,8.054426670110637,USC00476646,12.872062694817538,US1WIGT0016,13.02996040742161,US1WIGT0002,13.76402885563734,US1WIGT0001,14.617659254306789
2013576,ARTHROPODA,INSECTA,COLEOPTERA,ELMIDAE,PROMORESIA,PROMORESIA,4196,1.0,1.0,39.2938681900431,-79.46484146,SmallStreams,Region_03,NRS18_MD_10013,2018.0,9/24/2018,1,BERW,39.57,Fair,USC00188670,4.566741629992704,US1WVPR0011,5.963533927247919,USC00460527,8.633024230828257,USC00186620,14.372515267605964,US1MDGR0009,14.61833313145092
2013577,ARTHROPODA,INSECTA,DIPTERA,CHIRONOMIDAE,,CRICOTOPUS/ORTHOCLADIUS,3623,9.0,1.0,,,,Region_07,NRS18_KS_10001,,9/24/2018,2,BERW,63.05,,ACW00011604,,US1OKCV0084,,US1OKCV0083,,US1OKCV0082,,US1OKCV0081,
2013578,ARTHROPODA,INSECTA,EPHEMEROPTERA,BAETIDAE,PROCLOEON,PROCLOEON,4192,3.0,1.0,45.3222072446464,-93.8161004,RiversMajor,Region_05,NRS18_MN_10033,2018.0,9/24/2018,1,BETB,32.07,Fair,US1MNSH0081,4.394986371485956,US1MNSH0059,5.67629281937729,US1MNWR0150,5.864486616847778,US1MNWR0038,5.8830190342346285,US1MNSH0044,6.869230530124839
2013579,ARTHROPODA,INSECTA,DIPTERA,CHIRONOMIDAE,PROCLADIUS,PROCLADIUS,4191,3.0,1.0,38.0766729061627,-93.67149884,SmallStreams,Region_07,NRS18_MO_10214,2018.0,9/24/2018,1,BERW,15.82,Poor,USC00236407,2.020875029910392,USC00236402,4.168768734261996,US1MOFSA185,4.625850058147296,US1MOSR0011,5.650830596291017,US1MOSR0001,5.816149812445675
2013580,ARTHROPODA,INSECTA,TRICHOPTERA,PHRYGANEIDAE,PTILOSTOMIS,PTILOSTOMIS,4230,3.0,1.0,43.4247421713076,-89.93750094,LargeStreams,Region_05,NRS18_WI_10542,2018.0,9/25/2018,1,BERW,61.37,Good,USC00477319,3.4399990172216794,US1WISK0002,4.425410208888179,USC00477315,6.108685201667223,US1WISK0024,7.936797967705456,USC00477052,12.023559830774303
2013581,ARTHROPODA,INSECTA,DIPTERA,CHIRONOMIDAE,NILOTHAUMA,NILOTHAUMA,4043,1.0,1.0,,,,Region_04,NRS18_GA_RF001,,9/25/2018,1,BETB,48.37,,ACW00011604,,US1OKCV0084,,US1OKCV0083,,US1OKCV0082,,US1OKCV0081,
2013582,ARTHROPODA,INSECTA,DIPTERA,CHIRONOMIDAE,RHEOTANYTARSUS,RHEOTANYTARSUS,4247,3.0,1.0,45.2972886600874,-93.57205141,RiversOther,Region_05,NRS18_MN_10013,2018.0,9/25/2018,1,BETB,41.23,Good,US1MNSH0025,1.1048590786140153,USC00212500,1.233665076692667,US1MNSH0038,1.4493203532656564,US1MNSH0075,1.6453969043879875,US1MNWR0105,1.7345061921386953
2013583,ARTHROPODA,INSECTA,DIPTERA,CHIRONOMIDAE,,CRICOTOPUS/ORTHOCLADIUS,3623,5.0,1.0,40.4268122521482,-94.94433466,SmallStreams,Region_07,NRS18_MO_10362,2018.0,9/25/2018,1,BERW,13.15,Poor,USC00235345,5.287635099832273,USC00231141,10.429694092978746,US1MOND0009,11.64616071428422,US1MOFSA147,12.701415559597374,USC00235340,12.967595322884316
2013584,MOLLUSCA,GASTROPODA,BASOMMATOPHORA,PLANORBIDAE,,PLANORBIDAE,4162,2.0,0.0,42.8094719503118,-86.17005076,SmallStreams,Region_05,NRS18_MI_10062,2018.0,9/26/2018,1,BERW,18.53,Poor,USC00203860,1.8425597175956636,US1MIOW0049,2.1902032702211898,US1MIOW0014,2.190260356283538,US1MIOW0025,2.2233196897756,USC00203858,3.1899316026322926
2013585,ARTHROPODA,INSECTA,DIPTERA,CHIRONOMIDAE,PARAKIEFFERIELLA,PARAKIEFFERIELLA,4106,67.0,1.0,,,,Region_07,NRS18_IA_10001,,9/26/2018,2,BERW,25.6,,ACW00011604,,US1OKCV0084,,US1OKCV0083,,US1OKCV0082,,US1OKCV0081,
2013586,ARTHROPODA,INSECTA,DIPTERA,CHIRONOMIDAE,CHIRONOMUS,CHIRONOMUS,3582,1.0,1.0,30.5797300012904,-94.99791386,RiversMajor,Region_06,NRS18_TX_10002,2018.0,9/25/2018,1,BETB,37.78,Poor,USC00418265,10.724388368121119,US1TXPL0037,11.048588682857513,US1TXPL0024,11.436353421935978,US1TXPL0002,11.614557403550187,US1TXPL0013,13.404445531441615
2013587,ANNELIDA,OLIGOCHAETA,HAPLOTAXIDA,NAIDIDAE,NAIS,NAIS,4004,2.0,1.0,,,,Region_04,NRS18_FL_RF001,,9/26/2018,1,BERW,56.52,,ACW00011604,,US1OKCV0084,,US1OKCV0083,,US1OKCV0082,,US1OKCV0081,
2013588,ARTHROPODA,INSECTA,EPHEMEROPTERA,CAENIDAE,CAENIS,CAENIS,3542,44.0,1.0,45.2226742138561,-96.2737006,RiversMajor,Region_05,NRS18_MN_10071,2018.0,9/26/2018,1,BETB,28.7,Fair,USC00211812,8.46244793663087,US1MNBS0012,13.18569255549524,USC00216225,15.502945295504189,USC00216224,16.258141068098062,US1SDGT0005,18.93831875247511
2013589,MOLLUSCA,BIVALVIA,VENEROIDA,PISIDIIDAE,PISIDIUM,PISIDIUM,4159,54.0,1.0,45.6021959487218,-90.95854245,SmallStreams,Region_05,NRS18_WI_10245,2018.0,9/26/2018,1,BERW,24.07,Fair,USC00470773,5.181307827810939,USC00473090,11.821525552815968,US1WIRS0004,18.04910568485386,US1WIRS0011,19.820343709913452,US1WIRS0001,19.853935643856996
2013590,ARTHROPODA,INSECTA,DIPTERA,CHIRONOMIDAE,CRYPTOCHIRONOMUS,CRYPTOCHIRONOMUS,3625,1.0,1.0,37.9655763924095,-76.9600031,LargeStreams,Region_03,NRS18_VA_10015,2018.0,9/26/2018,1,BERW,58.52,Good,USC00448331,9.82256723742949,USC00448894,16.243312175650377,US1VAWM0005,22.845740221677968,US1VAWM0001,23.637423379725423,USC00448829,25.694543774020136
2013591,ARTHROPODA,INSECTA,DIPTERA,CHIRONOMIDAE,ROBACKIA,ROBACKIA,4257,16.0,1.0,40.1650873290343,-97.42809165,RiversOther,Region_07,NRS18_NE_10042,2018.0,9/26/2018,1,BERW,30.2,Fair,US10thay012,1.7879463543107033,US10jeff005,8.139834510703178,US10thay014,8.68211938496115,US10thay009,9.534109221251665,US10jeff004,9.86597801283161
2013593,ARTHROPODA,INSECTA,DIPTERA,CHIRONOMIDAE,DICROTENDIPES,DICROTENDIPES,3658,11.0,1.0,,,,Region_05,NRS18_MI_10013,,9/27/2018,2,BETB,35.47,,ACW00011604,,US1OKCV0084,,US1OKCV0083,,US1OKCV0082,,US1OKCV0081,
2013594,ARTHROPODA,INSECTA,ODONATA,COENAGRIONIDAE,ARGIA,ARGIA,3476,2.0,1.0,,,,Region_08,NRS18_SD_10014,,9/26/2018,2,BERW,25.17,,ACW00011604,,US1OKCV0084,,US1OKCV0083,,US1OKCV0082,,US1OKCV0081,
2013595,MOLLUSCA,BIVALVIA,VENEROIDA,PISIDIIDAE,,PISIDIIDAE,4158,5.0,0.0,45.4476078597816,-91.87864283,LargeStreams,Region_05,NRS18_WI_10022,2018.0,9/27/2018,1,BERW,41.28,Good,USC00470565,6.814644556601638,USC00477132,8.967215340363987,US1WIBR0021,10.395878921620032,US1WIBR0022,10.499694749779032,US1WIBR0016,11.290266999938218
2013596,ARTHROPODA,INSECTA,DIPTERA,CHIRONOMIDAE,LOPESCLADIUS,LOPESCLADIUS,3939,1.0,1.0,40.357430774636,-98.13043778,RiversOther,Region_07,NRS18_NE_10011,2018.0,9/27/2018,1,BERW,33.82,Fair,US10nuck008,5.87154032726895,US10nuck021,5.936262935603675,US10clay029,5.980248601655157,USC00252306,6.097416120272293,US10nuck024,7.516345261607661
2013597,MOLLUSCA,BIVALVIA,VENEROIDA,PISIDIIDAE,PISIDIUM,PISIDIUM,4159,,,41.8046360698793,-77.49244816,SmallStreams,Region_03,NRS18_PA_10217,2018.0,9/26/2018,1,BERW,78.65,Good,USC00367730,4.398830112476913,USC00360176,6.439515907146592,US1PATG0002,7.628510158559233,US1PATG0001,8.267255152816238,US1PATG0008,14.339241998859656
2013598,ARTHROPODA,INSECTA,EPHEMEROPTERA,EPHEMERELLIDAE,DRUNELLA,DRUNELLA,3676,10.0,1.0,42.7236694348526,-118.832975,LargeStreams,Region_10,NRS18_OR_10519,2018.0,9/26/2018,1,BERW,84.85,Good,USC00356853,10.076142723374952,USS0018G01S,12.03827094820923,USR0000OPHI,14.189235173603047,USC00353109,14.635314808326143,USS0018G02S,16.651882270905617
2013599,ANNELIDA,OLIGOCHAETA,HAPLOTAXIDA,NAIDIDAE,TELMATODRILUS,TELMATODRILUS,4973,,,42.562811638436,-118.7504256,SmallStreams,Region_10,NRS18_OR_10231,2018.0,9/25/2018,1,BERW,33.1,Poor,USC00350189,16.47805277523165,USC00350188,18.099311065734717,USS0018G02S,19.102608273034843,USC00350170,21.358524933916854,USS0018G01S,21.39289976404106
2013600,ANNELIDA,HIRUDINEA,RHYNCHOBDELLIDA,GLOSSIPHONIIDAE,PLACOBDELLA,PLACOBDELLA,4160,1.0,1.0,40.3156412656813,-91.50354157,RiversOther,Region_07,NRS18_MO_10037,2018.0,9/26/2018,1,BETB,20.5,Poor,USC00114292,3.9848774438249723,USC00118976,7.0742942044693695,USC00233463,8.010437162235926,USC00238771,11.662956078656823,USC00134372,12.666017939663627
2013601,ARTHROPODA,INSECTA,EPHEMEROPTERA,ISONYCHIIDAE,ISONYCHIA,ISONYCHIA,3866,11.0,1.0,45.8481710233195,-92.05125217,LargeStreams,Region_05,NRS18_WI_10083,2018.0,10/1/2018,1,BERW,70.37,Good,US1WIBT0007,0.3232150402680078,US1WIBT0002,5.221401595793655,US1WIBT0027,8.647975002691442,US1WIWB0011,9.294029525979107,US1WIWB0005,11.268522394589606
2013602,ARTHROPODA,INSECTA,EPHEMEROPTERA,BAETIDAE,BAETIS,BAETIS,3501,5.0,1.0,46.2497694516653,-91.64108564,SmallStreams,Region_05,NRS18_WI_10324,2018.0,10/2/2018,1,BERW,68.25,Good,US1WIDG0037,5.567802102994593,US1WIBY0006,12.116650752824194,USC00473186,12.592527291037843,US1WIDG0034,13.751872011020401,US1WIDG0065,16.953280751329117
2013603,ARTHROPODA,ARACHNIDA,TROMBIDIFORMES,LEBERTIIDAE,LEBERTIA,LEBERTIA,3892,,,36.7215773381469,-81.47754244,SmallStreams,Region_03,NRS18_VA_10022,2018.0,10/3/2018,1,BERW,51.83,Good,USC00448200,8.538819526710407,USC00448547,9.8342024083937,USC00445271,11.137396602362928,US1VASM0006,14.04490333925598,US1VASM0001,14.239786927705302
2013604,ARTHROPODA,INSECTA,PLECOPTERA,PTERONARCYIDAE,PTERONARCYS,PTERONARCYS,4229,1.0,1.0,36.9653019734801,-82.05179538,RiversOther,Region_03,NRS18_VA_10006,2018.0,10/4/2018,1,BETB,66.13,Good,US1VARS0002,2.711761907301564,USC00444777,7.052652512989336,USC00444078,7.336571084669541,USC00444779,7.782477158858651,USC00449218,8.20353129958573
2013605,ARTHROPODA,INSECTA,DIPTERA,CERATOPOGONIDAE,DASYHELEA,DASYHELEA,3641,1.0,1.0,34.8699501892025,-112.0693494,LargeStreams,Region_09,NRS18_AZ_10011,2019.0,4/25/2019,1,BERW,11.52,Poor,USC00028904,11.722323886884052,USC00026424,12.376662929737375,USC00024453,13.46313378432293,USC00022193,13.737911404723697,US1AZYV0072,15.388759369872416
2013606,ANNELIDA,OLIGOCHAETA,HAPLOTAXIDA,NAIDIDAE,BRATISLAVIA,BRATISLAVIA,3533,,,32.4088212166625,-111.1606295,RiversOther,Region_09,NRS18_AZ_10001,2019.0,4/25/2019,1,BERW,48.73,Fair,US1AZPM0393,2.4895805362699317,US1AZPM0386,4.182811581114709,US1AZPM0406,4.677524349132465,US1AZPM0181,5.830089956999001,US1AZPM0252,7.7322454854069305
2013607,ARTHROPODA,INSECTA,DIPTERA,CHIRONOMIDAE,THIENEMANNIELLA,THIENEMANNIELLA,4361,1.0,1.0,36.5749222533711,-106.0471804,LargeStreams,Region_06,NRS18_NM_10007,2019.0,4/26/2019,1,BERW,31.08,Poor,US1NMTS0051,10.401668930114399,USC00299085,10.77868618529158,USW00003090,10.865183554703579,USC00291278,11.340354245412813,USC00290606,14.741086583024174
2013608,ARTHROPODA,INSECTA,DIPTERA,CHIRONOMIDAE,DIAMESA,DIAMESA,3654,71.0,1.0,36.5972930930139,-106.0635088,LargeStreams,Region_06,NRS18_NM_10645,2019.0,4/25/2019,1,BERW,40.95,Fair,US1NMTS0051,9.935638035847996,USC00299085,10.087593266527028,USW00003090,10.162027897621874,USC00290606,12.191500128802257,USC00291278,12.48627309618657
2013609,ARTHROPODA,INSECTA,TRICHOPTERA,HYDROPTILIDAE,HYDROPTILA,HYDROPTILA,3846,1.0,1.0,31.5146621966666,-110.1281584,LargeStreams,Region_09,NRS18_AZ_10010,2019.0,4/26/2019,1,BERW,34.57,Poor,US1AZCH0002,7.041793514820602,US1AZCH0089,7.453598148795428,US1AZCH0066,8.636724351681835,US1AZCH0019,8.827996085662843,US1AZCH0052,9.06509663854404
2013610,ARTHROPODA,INSECTA,DIPTERA,CHIRONOMIDAE,BRILLIA,BRILLIA,3535,51.0,1.0,34.9098811193669,-111.7278663,RiversOther,Region_09,NRS18_AZ_10021,2019.0,4/26/2019,1,BERW,15.68,Poor,USR0000AOAK,4.152049324689296,USC00026037,6.077932216566868,USC00024508,6.632298780775742,US1AZCN0148,6.887233356997779,US1AZYV0021,7.632739230015825
2013611,ARTHROPODA,INSECTA,EPHEMEROPTERA,BAETIDAE,LABIOBAETIS,LABIOBAETIS,4774,109.0,1.0,36.7009792654654,-110.5255705,LargeStreams,Region_09,NRS18_AZ_10006,2019.0,4/28/2019,1,BERW,37.0,Poor,USW00053169,2.576617969283162,USC00020750,2.9258275741573647,USC00024578,21.891430538160854,USC00024580,30.076058863801542,USC00426076,42.76201342297204
2013612,ARTHROPODA,INSECTA,DIPTERA,CHIRONOMIDAE,EUKIEFFERIELLA,EUKIEFFERIELLA,3722,4.0,1.0,36.1106040005529,-105.7319394,SmallStreams,Region_06,NRS18_NM_10001,2019.0,4/27/2019,1,BERW,53.88,Good,US1NMTS0056,0.3051766783808405,US1NMTS0016,7.004910377990388,USC00294035,7.391660798574392,US1NMTS0060,7.396420888709947,USC00296705,7.614816728337687
2013613,ARTHROPODA,INSECTA,DIPTERA,CHIRONOMIDAE,EUKIEFFERIELLA,EUKIEFFERIELLA,3722,6.0,1.0,35.7171257848855,-105.4943247,SmallStreams,Region_06,NRS18_NM_10038,2019.0,4/28/2019,1,BERW,14.37,Poor,USC00293840,4.4248805304557415,USS0005P08S,8.11594883322746,US1NMSM0010,11.842065275796347,USC00294310,12.04520414120039,USC00295760,14.14271423689163
2013614,ARTHROPODA,INSECTA,DIPTERA,CHIRONOMIDAE,,CRICOTOPUS/ORTHOCLADIUS,3623,2.0,1.0,36.8776223188796,-103.8756484,LargeStreams,Region_06,NRS18_NM_10511,2019.0,4/29/2019,1,BERW,49.13,Good,USC00293242,3.8483450575654103,US1NMUN0009,12.13233874124904,USC00291454,13.254148491862098,USW00003092,14.570558480084607,USC00292453,14.683165851344748
2013615,ARTHROPODA,INSECTA,EPHEMEROPTERA,BAETIDAE,CAMELOBAETIDIUS,CAMELOBAETIDIUS,3551,1.0,1.0,33.4763421236492,-114.6053022,RiversMajor,Region_09,NRS18_AZ_10002,2019.0,4/28/2019,1,BETB,30.15,Poor,US1CARV0076,14.938878370359681,USC00022787,15.283977148377272,USC00040924,15.310294331651663,USW00023158,18.801512961998718,USC00022790,19.691727288156343
2013616,ARTHROPODA,INSECTA,EPHEMEROPTERA,BAETIDAE,FALLCEON,FALLCEON,3729,6.0,1.0,33.4870175253068,-114.5986041,RiversMajor,Region_09,NRS18_AZ_12837,2019.0,4/28/2019,1,BETB,24.9,Poor,US1CARV0076,13.861593889588159,USC00022787,13.9448940888614,USC00040924,14.108764803738731,USW00023158,18.171273806686823,USC00022790,18.38171598604865
2013617,ARTHROPODA,INSECTA,DIPTERA,CHIRONOMIDAE,EUKIEFFERIELLA,EUKIEFFERIELLA,3722,4.0,1.0,36.8544572681586,-109.2076534,SmallStreams,Region_09,NRS18_AZ_10016,2019.0,4/29/2019,1,BERW,2.43,Poor,USC00028468,12.964585283334886,USC00420157,45.91220580881795,USC00298284,46.39763352844512,USC00025129,48.428857452791114,USC00420788,56.82301862789767
2013618,ARTHROPODA,INSECTA,DIPTERA,CHIRONOMIDAE,GOELDICHIRONOMUS,GOELDICHIRONOMUS,3757,1.0,1.0,27.5677687659905,-97.79458829,SmallStreams,Region_06,NRS18_TX_10024,2019.0,4/30/2019,1,BERW,14.18,Poor,USC00410805,2.0104733246508624,US1TXNU0013,2.072255958991535,US1TXNU0022,2.8025856951127244,USW00012928,6.61415272898161,USC00414810,6.793056867702091
2013619,ARTHROPODA,INSECTA,DIPTERA,CERATOPOGONIDAE,,CERATOPOGONINAE,3567,2.0,1.0,33.6683987544748,-114.5312724,RiversMajor,Region_09,NRS18_AZ_10007,2019.0,4/29/2019,1,BETB,12.93,Poor,USC00022787,7.6079106450172045,USC00022790,8.311604484090587,USC00040924,8.659956516155324,US1CARV0076,10.923583455733601,USW00023158,17.823205575152418
2013620,ARTHROPODA,INSECTA,DIPTERA,CHIRONOMIDAE,EUKIEFFERIELLA,EUKIEFFERIELLA,3722,,,35.0742417919114,-114.6042903,RiversMajor,Region_09,NRS18_NV_10004,2019.0,4/30/2019,1,BETB,10.87,Poor,US1AZMH0036,3.5544533421151336,US1NVCK0064,7.149314027929575,USC00021050,8.112277517224186,USR0000NBIG,9.48183243231285,USC00264480,10.776464222614427
2013621,MOLLUSCA,BIVALVIA,VENEROIDA,PISIDIIDAE,PISIDIUM,PISIDIUM,4159,,,35.1562932755937,-114.5706815,LargeStreams,Region_09,NRS18_AZ_10020,2019.0,4/30/2019,1,BETB,9.07,Poor,USC00264480,1.6948835345651028,USC00021050,1.6999820400711945,USC00022440,3.0247392069010224,USC00022439,4.873419386694203,US1AZMH0010,5.742063981630064
2013622,ARTHROPODA,INSECTA,ODONATA,COENAGRIONIDAE,,COENAGRIONIDAE,3606,27.0,0.0,36.953930671216,-103.5030799,RiversOther,Region_06,NRS18_NM_10968,2019.0,4/30/2019,1,BERW,38.3,Good,USC00299304,12.200332746404015,USC00295073,14.020425553499823,USC00293750,16.473109031834465,US1NMUN0009,22.087880758885643,US1COLA0021,22.289234502367062
2013623,ARTHROPODA,ARACHNIDA,TROMBIDIFORMES,UNIONICOLIDAE,KOENIKEA,KOENIKEA,3876,3.0,1.0,36.1747698488648,-103.3193983,LargeStreams,Region_06,NRS18_NM_10507,2019.0,5/1/2019,1,BERW,30.53,Fair,US1NMUN0011,7.951013621613531,USC00298187,9.63411607393138,US1NMUN0003,10.60877914820749,USC00298543,13.567892402782109,US1NMUN0025,14.061499728171095
2013624,ARTHROPODA,INSECTA,TRICHOPTERA,GLOSSOSOMATIDAE,PROTOPTILA,PROTOPTILA,4203,1.0,1.0,27.5254038380715,-99.4485389,LargeStreams,Region_06,NRS18_TX_10074,2019.0,5/1/2019,1,BERW,21.98,Fair,US1TXWB0037,1.3445599903155703,US1TXWB0029,1.9549737078914837,USW00012920,1.9944346000453903,USW00012907,1.9944346000453903,US1TXWB0062,2.4194627906333657
2013625,ARTHROPODA,INSECTA,EPHEMEROPTERA,BAETIDAE,PARACLOEODES,PARACLOEODES,4102,1.0,1.0,28.509316495464,-99.76235329,RiversOther,Region_06,NRS18_TX_10079,2019.0,5/2/2019,1,BETB,40.68,Good,USC00410380,8.538460317338885,US1TXDM0002,9.324701031545636,US1TXDM0003,10.02602229800388,USC00411486,11.065652778223798,USC00410787,16.981201658584887
2013626,ANNELIDA,OLIGOCHAETA,HAPLOTAXIDA,TUBIFICIDAE,LIMNODRILUS,LIMNODRILUS,3925,2.0,1.0,36.0454096813617,-104.3744102,RiversMajor,Region_06,NRS18_NM_11409,2019.0,5/2/2019,1,BERW,46.45,Good,USW00003095,2.424881235802185,USC00291556,5.702464364877406,USC00296332,8.89181904409832,USC00295726,11.42625440560567,US1NMHR0011,12.976046656085867
2013627,ARTHROPODA,INSECTA,DIPTERA,SIMULIIDAE,SIMULIUM,SIMULIUM,4281,139.0,1.0,35.9910719592466,-104.3426529,RiversMajor,Region_06,NRS18_NM_11401,2019.0,5/2/2019,1,BERW,36.75,Good,USW00003095,7.836378207531296,USC00291556,8.727295554782142,US1NMHR0011,10.963905065698542,USC00296332,11.516687491324074,USC00295726,13.904573302356503
2013628,ARTHROPODA,INSECTA,DIPTERA,CHIRONOMIDAE,,CHIRONOMIDAE,3581,1.0,0.0,33.9015511727047,-112.6718023,RiversOther,Region_09,NRS18_AZ_12038,2019.0,5/2/2019,1,BERW,30.13,Poor,US1AZMR0200,5.972326067205655,US1AZMR0456,7.155009878939991,US1AZMR0437,9.837947501189117,USC00029287,10.699382818281727,USC00029464,19.46512906667123
2013629,ARTHROPODA,ARACHNIDA,TROMBIDIFORMES,HYGROBATIDAE,ATRACTIDES,ATRACTIDES,3490,1.0,1.0,33.9779217942639,-111.3062761,RiversOther,Region_09,NRS18_AZ_10012,2019.0,5/3/2019,1,BERW,52.05,Fair,USC00028647,3.25018554379731,USC00020625,8.303060557643787,USC00027081,12.404642470101148,US1AZGL0014,12.613217486181714,USC00026840,13.601567745183862
2013630,ARTHROPODA,INSECTA,DIPTERA,CHIRONOMIDAE,,CRICOTOPUS/ORTHOCLADIUS,3623,18.0,1.0,33.3519351608784,-105.67545,SmallStreams,Region_06,NRS18_NM_10014,2019.0,5/6/2019,1,BERW,9.17,Poor,USC00297651,0.84073134966008,US1NMLN0020,1.5469466994816339,US1NMLN0032,1.8169764517351077,US1NMLN0052,1.8846936457787575,USC00297649,2.210927772376893
2013631,ARTHROPODA,INSECTA,DIPTERA,CHIRONOMIDAE,THIENEMANNIELLA,THIENEMANNIELLA,4361,2.0,1.0,33.7712288144677,-106.9013376,RiversOther,Region_06,NRS18_NM_11246,2019.0,5/5/2019,1,BERW,22.95,Poor,USC00291138,3.8148564858675322,US1NMSC0050,10.863026981793801,USC00297907,12.371281898960099,US1NMSC0069,14.470555725806662,US1NMSC0040,14.473544471646894
2013632,ARTHROPODA,INSECTA,DIPTERA,CHIRONOMIDAE,PARALAUTERBORNIELLA,PARALAUTERBORNIELLA,4107,1.0,1.0,32.9203804992606,-109.8384095,RiversMajor,Region_09,NRS18_AZ_10027,2019.0,5/6/2019,1,BERW,53.12,Fair,US1AZGH0002,4.680331894544078,US1AZGH0003,6.764951592531469,USC00027388,14.931290937121142,USC00023144,16.309705331156376,USC00023150,16.92004528770566
2013633,ARTHROPODA,INSECTA,DIPTERA,CHIRONOMIDAE,THIENEMANNIELLA,THIENEMANNIELLA,4361,1.0,1.0,33.2963716724585,-109.1921199,RiversOther,Region_09,NRS18_AZ_10013,2019.0,5/5/2019,1,BERW,26.18,Poor,USC00023258,4.187231542111338,USR0000ATRA,16.706243481236065,USC00023697,18.506115291127845,USC00023698,18.506115291127845,USC00023635,20.75820782314368
2013634,ARTHROPODA,INSECTA,EPHEMEROPTERA,CAENIDAE,CAENIS,CAENIS,3542,25.0,1.0,30.9226987619986,-99.43732159,RiversOther,Region_06,NRS18_TX_10041,2019.0,5/6/2019,1,BERW,78.87,Good,USC00414123,11.074407924284314,USC00411385,18.400066357421917,US1TXMSN009,18.75527590665586,US1TXMND001,20.677683428357422,USC00415583,23.25313100006175
2013635,ARTHROPODA,INSECTA,TRICHOPTERA,HYDROPSYCHIDAE,HYDROPSYCHE,HYDROPSYCHE,3844,1.0,1.0,33.1144762843002,-105.9352895,LargeStreams,Region_06,NRS18_NM_10809,2019.0,5/7/2019,1,BERW,35.0,Poor,US1NMOT0051,7.477744458257872,US1NMOT0034,9.276036747336857,USC00299165,10.934994098082878,US1NMOT0014,11.79353197498921,US1NMOT0046,12.25234949126017
2013636,ARTHROPODA,INSECTA,DIPTERA,CHIRONOMIDAE,PARAMETRIOCNEMUS,PARAMETRIOCNEMUS,4112,1.0,1.0,32.912151865308,-110.477373,RiversOther,Region_09,NRS18_AZ_12037,2019.0,5/7/2019,1,BERW,41.8,Poor,USR0000AHOR,3.3165546737327984,USC00029425,12.515815501219437,USC00024698,20.7368650562138,USC00029420,22.345998880540105,US1AZPN0028,22.601757816671896
2013637,ARTHROPODA,INSECTA,EPHEMEROPTERA,EPHEMERELLIDAE,EPHEMERELLA,EPHEMERELLA,3705,1.0,1.0,33.3007677595228,-108.1255044,RiversOther,Region_06,NRS18_NM_10035,2019.0,5/8/2019,1,BERW,18.92,Poor,USC00293909,0.7295131547893839,USC00293315,0.7295131547893839,USC00293530,13.783870360980858,US1NMGR0062,13.97938628452628,USC00290818,14.410283971435527
2013638,ANNELIDA,OLIGOCHAETA,ENCHYTRAEIDA,ENCHYTRAEIDAE,,ENCHYTRAEIDAE,3697,2.0,1.0,35.9166017752222,-113.3346624,RiversMajor,Region_09,NRS18_AZ_10014,2019.0,5/7/2019,1,BETB,1.4,Poor,USR0000AFRA,26.403880073831804,USR0000AYEL,32.31984028852382,USR0000ATWI,33.80931672246025,USC00026328,42.573277518077084,USR0000ATRU,44.02048185617314
2013639,ANNELIDA,OLIGOCHAETA,HAPLOTAXIDA,NAIDIDAE,,NAIDIDAE,4003,1.0,0.0,36.0876646112729,-111.8706113,RiversMajor,Region_09,NRS18_AZ_10004,2019.0,5/3/2019,1,BETB,2.38,Poor,USC00023584,6.858095492091789,USC00026471,20.244780452871,USC00024335,20.656487259117274,USR0000ACAN,21.570856111670036,USC00023582,21.68995061333356
2013640,ARTHROPODA,ARACHNIDA,,,,ARACHNIDA,3472,1.0,1.0,36.4334622290285,-111.8640926,RiversMajor,Region_09,NRS18_AZ_10005,2019.0,5/2/2019,1,BETB,2.38,Poor,USC00021042,8.526410889898099,USR0000AHOU,17.771663787866487,USR0000ALBE,25.32414601702105,USC00021001,30.101002264547837,USR0000ACAN,31.017408895678457
2013641,ARTHROPODA,INSECTA,EPHEMEROPTERA,LEPTOHYPHIDAE,HOMOLEPTOHYPHES,HOMOLEPTOHYPHES,3820,1.0,1.0,33.0747512548583,-108.4969982,RiversMajor,Region_06,NRS18_NM_11545,2019.0,5/9/2019,1,BERW,51.17,Good,USC00293528,5.717608201005234,US1NMGR0027,7.237876810111323,US1NMGR0048,11.466766166815285,US1NMGR0053,12.54902764751494,USC00292593,12.91125630596706
2013642,ARTHROPODA,INSECTA,DIPTERA,CHIRONOMIDAE,,CHIRONOMIDAE,3581,,,32.6509325314496,-114.6933435,SmallStreams,Region_09,NRS18_AZ_10457,2019.0,5/9/2019,1,BETB,20.18,Poor,MXN00002037,5.877719885546198,USC00029652,7.0123556817076365,USW00003145,7.17639159272195,USC00029657,7.632710845228692,USC00029653,8.36271333715652
2013643,ARTHROPODA,INSECTA,DIPTERA,CHIRONOMIDAE,MICROTENDIPES,MICROTENDIPES,3982,2.0,1.0,34.7653819984473,-112.0304064,RiversMajor,Region_09,NRS18_AZ_10024,2019.0,5/10/2019,1,BERW,16.37,Poor,USC00028904,0.6859841204792481,USC00022193,1.7307068414637807,US1AZYV0072,3.9203502554647374,US1AZYV0018,4.740134311470914,US1AZYV0141,6.578933800801964
2013644,ARTHROPODA,INSECTA,EPHEMEROPTERA,BAETIDAE,CLOEODES,CLOEODES,3601,2.0,1.0,34.226934056027,-111.4564145,LargeStreams,Region_09,NRS18_AZ_10843,2019.0,5/10/2019,1,BERW,5.2,Poor,US1AZGL0020,9.64348298890498,US1AZGL0008,9.939351772260709,USW00093139,10.28907333820841,US1AZGL0001,10.39615292017576,USC00025825,10.56360831559693
2013645,MOLLUSCA,GASTROPODA,BASOMMATOPHORA,LYMNAEIDAE,,LYMNAEIDAE,3945,5.0,1.0,32.7209241569761,-114.5657563,RiversMajor,Region_09,NRS18_AZ_12844,2019.0,5/9/2019,1,BETB,38.6,Poor,USW00093145,4.9601580873952775,USC00029656,5.340033125256214,USW00023195,6.828094276696154,USC00029653,7.895150916025155,USW00003145,9.215532707560921
2013646,ARTHROPODA,INSECTA,ODONATA,GOMPHIDAE,,GOMPHIDAE,3759,,,33.5238413420432,-108.8793589,RiversOther,Region_06,NRS18_NM_11094,2019.0,5/10/2019,1,BERW,32.4,Poor,USC00290275,15.744373187649412,USC00295800,17.989915344517552,USC00293577,22.477092023971426,US1NMCT0004,22.57471830811387,USC00293575,23.11259352481029
2013647,ARTHROPODA,INSECTA,EPHEMEROPTERA,BAETIDAE,ANAFROPTILUM,ANAFROPTILUM,5112,1.0,1.0,33.675880010707,-109.0840924,LargeStreams,Region_09,NRS18_AZ_10003,2019.0,5/12/2019,1,BERW,21.17,Poor,US1AZGN0002,3.73551639435474,USC00020174,7.567844752177783,USC00020675,12.298027193021447,USS0009S06S,12.672818202195076,USC00020855,12.824598388851784
2013648,ARTHROPODA,INSECTA,DIPTERA,CHIRONOMIDAE,PARALAUTERBORNIELLA,PARALAUTERBORNIELLA,4107,1.0,1.0,33.9084067981696,-104.2725551,RiversMajor,Region_06,NRS18_NM_11437,2019.0,5/12/2019,1,BERW,38.47,Good,US1NMCH0037,18.620338367678237,US1NMCH0026,21.23479252507118,USC00293565,23.298878615707313,USC00296390,27.0849027738233,USC00292871,29.97992885305169
2013649,ARTHROPODA,INSECTA,DIPTERA,SIMULIIDAE,SIMULIUM,SIMULIUM,4281,5.0,1.0,32.8502219506966,-111.7177095,SmallStreams,Region_09,NRS18_AZ_10456,2019.0,5/12/2019,1,BERW,24.23,Poor,US1AZPN0051,3.8757534711305137,US1AZPN0083,3.911377141978864,US1AZPN0034,4.071539765052849,USC00021306,4.154648331011953,US1AZPN0063,4.279841027314598
2013650,ARTHROPODA,INSECTA,DIPTERA,CHIRONOMIDAE,DICROTENDIPES,DICROTENDIPES,3658,3.0,1.0,35.0452905576941,-104.7159392,RiversMajor,Region_06,NRS18_NM_11434,2019.0,5/13/2019,1,BERW,34.9,Fair,USC00298107,9.931408895527811,US1NMGD0005,12.425006395344584,USC00295170,15.927605312671087,US1NMGD0008,18.092495755139744,USC00297097,25.248390983346145
2013651,ARTHROPODA,INSECTA,DIPTERA,CHIRONOMIDAE,STICTOCHIRONOMUS,STICTOCHIRONOMUS,4315,6.0,1.0,34.1618251009568,-109.3017426,RiversMajor,Region_09,NRS18_AZ_10015,2019.0,5/13/2019,1,BERW,23.1,Poor,US1AZAP0014,3.5810049113627302,USC00028162,4.210562107355427,USR0000AGRE,17.73409547639173,USC00023683,20.815223708169658,US1AZAP0022,24.445834061908712
2013652,ARTHROPODA,INSECTA,EPHEMEROPTERA,SIPHLONURIDAE,SIPHLONURUS,SIPHLONURUS,4283,1.0,1.0,33.8901935047138,-109.4719997,SmallStreams,Region_09,NRS18_AZ_10008,2019.0,5/13/2019,1,BERW,4.92,Poor,USS0009S02S,3.4944496183242846,USC00020758,5.7346483489286095,USS0009S01S,10.314722574448398,USC00028326,12.491482320960795,USS0009S18S,14.495707846395383
2013653,ARTHROPODA,INSECTA,DIPTERA,CHIRONOMIDAE,HELENIELLA,HELENIELLA,3787,,,36.4192976128732,-109.1022501,SmallStreams,Region_09,NRS18_AZ_10009,2019.0,5/14/2019,1,BERW,6.93,Poor,USS0009N05S,10.62553656270775,USC00025129,11.153419988070302,US1AZAP0003,16.729180122139372,US1AZAP0004,17.50225869218359,USW00053011,17.558609334320888
2013654,ARTHROPODA,INSECTA,DIPTERA,CHIRONOMIDAE,,CHIRONOMIDAE,3581,2.0,0.0,31.877132022213,-103.9497315,LargeStreams,Region_06,NRS18_TX_11093,2019.0,5/14/2019,1,BERW,22.45,Poor,USC00417481,3.571314171086355,USC00415827,38.10118321122285,USC00415828,39.46348762249819,USC00295199,46.88425725777402,US1NMED0013,55.14688698670643
2013655,ARTHROPODA,INSECTA,EPHEMEROPTERA,BAETIDAE,BAETIS,BAETIS,3501,80.0,1.0,,,,Region_06,NRS18_NM_10001,,5/14/2019,2,BERW,60.67,,ACW00011604,,US1OKCV0084,,US1OKCV0083,,US1OKCV0082,,US1OKCV0081,
2013657,ARTHROPODA,INSECTA,DIPTERA,CERATOPOGONIDAE,,CERATOPOGONIDAE,3566,1.0,0.0,,,,Region_06,NRS18_NM_11401,,5/16/2019,2,BERW,42.78,,ACW00011604,,US1OKCV0084,,US1OKCV0083,,US1OKCV0082,,US1OKCV0081,
2013658,MOLLUSCA,GASTROPODA,BASOMMATOPHORA,ANCYLIDAE,FERRISSIA,FERRISSIA,3735,8.0,1.0,,,,Region_06,NRS18_NM_11409,,5/17/2019,2,BERW,37.35,,ACW00011604,,US1OKCV0084,,US1OKCV0083,,US1OKCV0082,,US1OKCV0081,
2013659,ARTHROPODA,INSECTA,DIPTERA,CHIRONOMIDAE,CLADOTANYTARSUS,CLADOTANYTARSUS,3594,7.0,1.0,31.3974169796667,-106.0552077,SmallStreams,Region_06,NRS18_TX_11224,2019.0,5/19/2019,1,BERW,21.4,Poor,USC00419088,0.5237264846976667,US1TXEP0022,3.1459781412761747,US1TXHDS025,11.938741489280927,US1TXEP0018,14.23217683135838,USC00413033,14.524845521871583
2013660,ARTHROPODA,INSECTA,DIPTERA,CHIRONOMIDAE,DICROTENDIPES,DICROTENDIPES,3658,9.0,1.0,31.4966479471267,-106.1567775,LargeStreams,Region_06,NRS18_TX_11086,2019.0,5/19/2019,1,BERW,10.15,Poor,USC00413033,0.7428588729409359,US1TXEP0018,1.6556617769871491,US1TXEP0019,3.508084319189733,US1TXEP0021,7.023981328674416,US1TXEP0020,9.105193785471904
2013661,ARTHROPODA,INSECTA,DIPTERA,CHIRONOMIDAE,,CRICOTOPUS/ORTHOCLADIUS,3623,15.0,1.0,31.6025349202017,-106.2254934,LargeStreams,Region_06,NRS18_TX_11101,2019.0,5/19/2019,1,BERW,2.38,Poor,US1TXEP0015,1.742949027440121,US1TXEP0020,4.429686648892283,US1TXEP0128,5.925919952596806,US1TXEP0021,6.487139431194184,US1TXEP0062,7.188156602663107
2013662,MOLLUSCA,BIVALVIA,VENEROIDA,PISIDIIDAE,,PISIDIIDAE,4158,4.0,1.0,36.7213582872757,-107.9249131,SmallStreams,Region_06,NRS18_NM_10397,2019.0,5/19/2019,1,BERW,24.97,Poor,US1NMSJ0046,3.6918799929400086,US1NMSJ0049,4.786581843896182,USC00291063,6.828145679175278,US1NMSJ0003,11.156954277880475,US1NMSJ0048,12.401847038269267
2013663,ARTHROPODA,INSECTA,DIPTERA,CHIRONOMIDAE,PARAKIEFFERIELLA,PARAKIEFFERIELLA,4106,2.0,1.0,36.7017635493964,-107.9728319,RiversMajor,Region_06,NRS18_NM_11701,2019.0,5/20/2019,1,BETB,52.98,Fair,US1NMSJ0046,2.109739564816559,US1NMSJ0049,3.91177119235122,USC00291063,4.034500630213807,US1NMSJ0003,6.36257446336335,US1NMSJ0040,13.366672793234848
2013664,ARTHROPODA,INSECTA,ODONATA,COENAGRIONIDAE,ENALLAGMA,ENALLAGMA,3696,,,28.5686336555865,-99.79815854,RiversOther,Region_06,NRS18_TX_11369,2019.0,5/19/2019,1,BETB,46.98,Good,US1TXDM0002,3.68499709841391,US1TXDM0003,8.591734152671105,USC00419842,9.82241415399725,USC00411486,11.467789106193772,USC00412160,12.729407822459814
2013665,MOLLUSCA,GASTROPODA,BASOMMATOPHORA,ANCYLIDAE,FERRISSIA,FERRISSIA,3735,1.0,1.0,28.1714087601211,-99.04033334,RiversMajor,Region_06,NRS18_TX_11330,2019.0,5/19/2019,1,BETB,50.58,Good,USC00412051,7.3510369505687,US1TXLS0006,7.5659657127449025,USC00410580,15.351527185977645,US1TXLS0007,20.86449365274928,US1TXLS0012,22.06740520775537
2013666,ARTHROPODA,INSECTA,DIPTERA,CHIRONOMIDAE,MICROTENDIPES,MICROTENDIPES,3982,1.0,1.0,35.2711741671816,-105.3679025,SmallStreams,Region_06,NRS18_NM_10013,2019.0,5/15/2019,1,BETB,62.72,Good,USC00299496,1.0915918108752598,US1NMSM0042,1.1286049058116876,USC00292810,9.28516507902544,USC00297403,12.97338572958433,US1NMSM0041,13.577534120153054
2013667,ARTHROPODA,INSECTA,DIPTERA,CHIRONOMIDAE,POLYPEDILUM,POLYPEDILUM,4178,7.0,1.0,35.5747384249024,-100.9219224,SmallStreams,Region_06,NRS18_TX_11028,2019.0,5/21/2019,1,BERW,1.73,Poor,USC00416777,1.1215898288049009,US1TXGY0003,3.9876584725300637,USC00416776,5.192718385008144,USW00023053,6.135158469317947,USC00415127,17.85833317168038
2013668,ARTHROPODA,INSECTA,EPHEMEROPTERA,LEPTOHYPHIDAE,TRICORYTHODES,TRICORYTHODES,4384,2.0,1.0,36.7505179051814,-108.4181794,RiversMajor,Region_06,NRS18_NM_10042,2019.0,5/21/2019,1,BETB,45.88,Fair,USC00293340,6.377663039472731,US1NMSJ0058,8.031790232420507,USC00293142,11.879563696076668,US1NMSJ0014,12.077870599614883,US1NMSJ0054,13.866171391105704
2013669,ARTHROPODA,INSECTA,TRICHOPTERA,ODONTOCERIDAE,MARILIA,MARILIA,3959,1.0,1.0,29.2601801415562,-100.6195226,LargeStreams,Region_06,NRS18_TX_11270,2019.0,5/21/2019,1,BETB,65.58,Good,US1TXKY0015,6.0502496163493245,US1TXKY0013,13.867725375738905,US1TXKY0009,15.746449351495755,US1TXKY0010,17.124899502112076,US1TXKY0007,18.08882580549018
2013670,ARTHROPODA,MALACOSTRACA,AMPHIPODA,,,AMPHIPODA,3450,1.0,0.0,36.6112081608966,-107.9798543,SmallStreams,Region_06,NRS18_NM_10381,2019.0,5/23/2019,1,BETB,15.43,Poor,USC00291063,6.4337343167577945,US1NMSJ0003,8.913040292798566,US1NMSJ0046,12.157360176478967,US1NMSJ0049,13.98299823119453,US1NMSJ0004,17.31804053475153
2013671,ARTHROPODA,INSECTA,EPHEMEROPTERA,BAETIDAE,BAETIS,BAETIS,3501,5.0,1.0,36.8840033468841,-108.8141525,RiversMajor,Region_06,NRS18_NM_10031,2019.0,5/22/2019,1,BETB,35.3,Poor,USC00298284,14.720536119486622,USC00028468,24.913601406001003,US1NMSJ0058,31.22302131992294,USC00293340,44.53257464306961,USR0000CCHN,45.40655918179678
2013672,ANNELIDA,OLIGOCHAETA,HAPLOTAXIDA,NAIDIDAE,DERO,DERO,3646,2.0,1.0,35.4166983412808,-100.7931772,LargeStreams,Region_06,NRS18_TX_10887,2019.0,5/22/2019,1,BERW,25.97,Fair,USC00415127,3.233386621748591,USW00023053,20.371712065800306,USC00416777,20.690046997544684,USC00416776,22.389887600392893,US1TXGY0003,24.70943284389808
2013673,ARTHROPODA,INSECTA,DIPTERA,CHIRONOMIDAE,DIAMESA,DIAMESA,3654,,,,,,Region_06,NRS18_NM_10007,,5/27/2019,2,BERW,21.05,,ACW00011604,,US1OKCV0084,,US1OKCV0083,,US1OKCV0082,,US1OKCV0081,
2013674,ARTHROPODA,INSECTA,PLECOPTERA,NEMOURIDAE,MALENKA,MALENKA,3956,5.0,1.0,36.7888587412574,-106.2404726,SmallStreams,Region_06,NRS18_NM_10003,2019.0,5/26/2019,1,BERW,25.23,Poor,USS0006N14S,7.851895603194426,USS0006N15S,7.9652787569409025,USC00294118,9.901288244494486,USC00297803,11.822076311146144,USC00290606,16.25955533491636
2013675,ARTHROPODA,INSECTA,DIPTERA,CHIRONOMIDAE,PARAPHAENOCLADIUS,PARAPHAENOCLADIUS,4115,1.0,1.0,35.5649786149105,-107.484687,LargeStreams,Region_06,NRS18_NM_10805,2019.0,5/24/2019,1,BERW,11.78,Poor,USC00291303,28.8313978015639,USC00293234,29.03788279034307,USC00297918,29.79747379103236,USC00294141,30.413917058078038,USC00299029,32.229359505182686
2013676,ARTHROPODA,INSECTA,ODONATA,AESHNIDAE,,AESHNIDAE,3418,,,36.9793947625327,-103.1849313,RiversOther,Region_06,NRS18_NM_11002,2019.0,5/28/2019,1,BERW,29.45,Fair,USC00297689,8.223251556669977,USC00299304,16.20912692323371,USC00295920,16.35509874466219,USC00344771,17.915361503607187,USC00054546,18.14199619559643
2013677,ARTHROPODA,INSECTA,DIPTERA,CHIRONOMIDAE,PARAMETRIOCNEMUS,PARAMETRIOCNEMUS,4112,1.0,1.0,31.6543207383337,-84.93768636,SmallStreams,Region_04,NRS18_GA_10057,2019.0,5/29/2019,1,BERW,44.15,Fair,US1GACY0002,8.920418253251311,USC00093578,11.44433430531183,USC00093516,12.229593400933098,USC00092450,18.563579891339888,US1ALHN0002,20.774173153586382
2013678,ARTHROPODA,INSECTA,DIPTERA,CHIRONOMIDAE,CHIRONOMUS,CHIRONOMUS,3582,7.0,1.0,36.5065861492274,-104.5975793,RiversOther,Region_06,NRS18_NM_10951,2019.0,5/29/2019,1,BERW,23.33,Fair,USC00295490,7.084927477898682,USC00298289,7.8458723257397995,USC00298501,16.02784542082368,US1NMCL0018,16.100306335750346,US1NMCL0005,16.446649143401576
2013679,ARTHROPODA,INSECTA,EPHEMEROPTERA,EPHEMERELLIDAE,EURYLOPHELLA,EURYLOPHELLA,3726,1.0,1.0,33.9256191790424,-85.34711959,SmallStreams,Region_04,NRS18_GA_10036,2019.0,5/30/2019,1,BERW,58.22,Good,US1GAPL0005,6.676653316583517,USC00095192,7.4686060639304666,US1GAPL0001,8.622223759206046,USC00010952,12.586926924147924,US1GAPL0003,13.12513516315778
2013680,ARTHROPODA,INSECTA,EPHEMEROPTERA,BAETIDAE,,BAETIDAE,3500,2.0,0.0,29.7715125014269,-101.7318187,RiversMajor,Region_06,NRS18_TX_10017,2019.0,5/29/2019,1,BETB,26.58,Poor,US1TXVV0014,6.5831180016646655,US1TXTL0007,14.601562858968878,USC00415049,16.246552962173315,USC00415048,17.087585278227817,US1TXTL0001,34.141419851447715
2013681,ARTHROPODA,INSECTA,DIPTERA,CHIRONOMIDAE,PENTANEURA,PENTANEURA,4134,1.0,1.0,36.8459035931165,-104.9293274,LargeStreams,Region_06,NRS18_NM_10019,2019.0,5/30/2019,1,BERW,46.48,Fair,USC00299448,4.546821912918628,USC00292384,23.797226048830158,USC00058220,27.46739962791822,USC00296797,27.662214907560035,USR0000CCUC,27.91841091312536
2013682,ARTHROPODA,INSECTA,DIPTERA,CHIRONOMIDAE,PENTANEURA,PENTANEURA,4134,1.0,1.0,29.3240370856788,-103.5543228,RiversOther,Region_06,NRS18_TX_11185,2019.0,5/31/2019,1,BERW,14.25,Poor,USC00418714,0.5210373789045871,USC00418713,2.1953887932223686,USC00418924,4.796612896863918,US1TXBRS027,5.044164101349172,US1TXBRS037,5.8949640369996406
2013683,MOLLUSCA,BIVALVIA,VENEROIDA,CORBICULIDAE,CORBICULA,CORBICULA,3612,1.0,1.0,31.2275671598883,-105.8161481,RiversMajor,Region_06,NRS18_TX_11144,2019.0,6/2/2019,1,BERW,0.0,Poor,USC00413266,8.582821634670038,US1TXHDS025,18.985259474922625,USC00419088,29.980653053988465,US1TXHDS023,31.20093946933551,US1TXEP0022,32.187472971011736
2013684,ANNELIDA,OLIGOCHAETA,HAPLOTAXIDA,TUBIFICIDAE,AULODRILUS,AULODRILUS,3496,1.0,1.0,33.3469749056711,-79.35510056,LargeStreams,Region_04,NRS18_SC_10332,2019.0,6/2/2019,1,BETB,23.38,Poor,USC00383470,4.493164684117448,US1SCGT0066,6.324694946565496,USC00383469,6.9277331237605635,US1SCGT0027,7.395062239665679,US1SCGT0063,7.4678557418302836
2013685,ANNELIDA,OLIGOCHAETA,HAPLOTAXIDA,NAIDIDAE,NAIS,NAIS,4004,1.0,1.0,37.3366878167343,-87.13760526,RiversMajor,Region_04,NRS18_KY_10012,2019.0,6/3/2019,1,BETB,22.75,Poor,USC00153426,3.4546210746984047,USC00151439,6.2177040768553,USR0000KGRE,9.64127823062354,USC00156495,11.372839517277058,US1KYMU0003,12.681756539166793
2013686,ARTHROPODA,ARACHNIDA,TROMBIDIFORMES,ARRENURIDAE,ARRENURUS,ARRENURUS,3481,1.0,1.0,36.3859619900557,-104.648788,RiversOther,Region_06,NRS18_NM_10947,2019.0,5/31/2019,1,BERW,21.95,Fair,US1NMCL0018,4.420288173960809,US1NMCL0005,5.735942517651895,USC00298501,6.264799908591094,USC00298289,7.121527615057383,USC00295691,11.28940878904806
2013687,ARTHROPODA,INSECTA,DIPTERA,CHIRONOMIDAE,PROCLADIUS,PROCLADIUS,4191,1.0,1.0,33.936303740826,-81.06483719,RiversOther,Region_04,NRS18_SC_10017,2019.0,6/3/2019,1,BERW,56.35,Good,US1SCLX0096,0.9928448613209976,US1SCLX0064,1.0087097489564913,US1SCLX0103,1.965849296974288,US1SCLX0169,4.40164912534447,US1SCLX0173,4.543818974447691
2013688,ARTHROPODA,INSECTA,DIPTERA,CHIRONOMIDAE,LOPESCLADIUS,LOPESCLADIUS,3939,,,34.7501453788601,-106.7424914,RiversMajor,Region_06,NRS18_NM_10002,2019.0,6/3/2019,1,BETB,44.03,Fair,US1NMVL0058,1.8686925689232627,USC00295150,2.5717245322572713,US1NMVL0052,3.7125021435029937,US1NMVL0011,4.489904359244724,US1NMVL0032,4.708388413347845
2013689,MOLLUSCA,BIVALVIA,VENEROIDA,PISIDIIDAE,PISIDIUM,PISIDIUM,4159,1.0,1.0,35.7329894730028,-78.97088818,SmallStreams,Region_04,NRS18_NC_10012,2019.0,6/3/2019,1,BERW,0.0,Poor,US1NCWK0281,0.2180426528521562,USC00311700,2.9263382858914864,US1NCCH0016,4.994277803376022,US1NCWK0034,5.739617652445888,US1NCWK0085,6.158099251935413
2013690,ARTHROPODA,INSECTA,DIPTERA,CHIRONOMIDAE,THIENEMANNIELLA,THIENEMANNIELLA,4361,4.0,1.0,37.0559498251853,-80.29942914,SmallStreams,Region_03,NRS18_VA_10004,2019.0,6/4/2019,1,BERW,6.45,Poor,USC00446723,4.643768596803855,US1VAFL0007,9.520969240271207,US1VAMN0003,9.95747532292595,US1VAMN0036,11.299204318771801,US1VAMN0005,11.646048235298075
2013691,ARTHROPODA,INSECTA,DIPTERA,CHIRONOMIDAE,CHIRONOMUS,CHIRONOMUS,3582,,,40.9297269825596,-78.26004861,SmallStreams,Region_03,NRS18_PA_10003,2019.0,6/4/2019,1,BERW,0.0,Poor,USC00366921,7.328852062121627,USC00364701,11.067633821032931,US1PACF0004,15.059562979352735,USW00014761,16.309131360178327,USC00361524,17.092331224657624
2013692,ANNELIDA,OLIGOCHAETA,ENCHYTRAEIDA,ENCHYTRAEIDAE,,ENCHYTRAEIDAE,3697,1.0,1.0,41.4969302470037,-73.54893502,SmallStreams,Region_02,NRS18_NY_10250,2019.0,6/4/2019,1,BERW,53.32,Fair,USC00061093,7.015260737649287,USC00300878,8.256247496863173,US1CTFR0002,8.598105666058663,USC00301211,9.243372914677536,US1CTLT0022,9.609723708423564
2013693,ARTHROPODA,INSECTA,EPHEMEROPTERA,LEPTOPHLEBIIDAE,,LEPTOPHLEBIIDAE,3904,7.0,0.0,43.0499904258671,-72.72147657,SmallStreams,Region_01,NRS18_VT_10003,2019.0,6/3/2019,1,BERW,56.82,Good,USC00438428,1.7451137703576627,USC00438438,4.822940763595418,USC00438747,5.023562851342498,USC00438750,5.216660840206027,USC00438755,6.645811344642509
2013694,ARTHROPODA,INSECTA,EPHEMEROPTERA,AMELETIDAE,AMELETUS,AMELETUS,3439,,,,,,Region_01,NRS18_VT_RF001,,6/4/2019,1,BERW,64.47,,ACW00011604,,US1OKCV0084,,US1OKCV0083,,US1OKCV0082,,US1OKCV0081,
2013695,MOLLUSCA,BIVALVIA,VENEROIDA,,,VENEROIDA,4412,7.0,0.0,47.6067829980929,-91.46974952,SmallStreams,Region_05,NRS18_MN_10253,2019.0,6/4/2019,1,BERW,26.6,Fair,USR0000MISA,5.296355417448152,USC00214068,7.1910088682750875,USC00214066,10.643497214564198,US1MNLK0049,13.587306702207403,USC00214077,13.702225449135039
2013696,ARTHROPODA,INSECTA,DIPTERA,CHIRONOMIDAE,,THIENEMANNIMYIA GENUS GR.,4362,1.0,1.0,37.7813970463298,-88.03819225,RiversMajor,Region_04,NRS18_KY_10002,2019.0,6/4/2019,1,BETB,10.0,Poor,USC00128967,4.261564455094327,USC00158197,7.921801758665865,USC00117859,12.521625766156246,US1ILGL0003,14.923215416590665,US1ILGL0001,17.306705623738047
2013697,ARTHROPODA,INSECTA,DIPTERA,CHIRONOMIDAE,POLYPEDILUM,POLYPEDILUM,4178,144.0,1.0,34.122757207436,-85.73654963,RiversMajor,Region_04,NRS18_AL_11088,2019.0,6/4/2019,1,BETB,1.88,Poor,USC00011512,0.7369738752036983,USC00018755,5.262722235741303,USC00011490,5.652341344533238,USC00014627,7.281328344504983,US1ALET0001,14.707117259074222
2013698,ARTHROPODA,INSECTA,EPHEMEROPTERA,CAENIDAE,CERCOBRACHYS,CERCOBRACHYS,3568,1.0,1.0,30.7022682605802,-83.0338573,RiversOther,Region_04,NRS18_GA_10002,2019.0,6/4/2019,1,BERW,45.68,Fair,USC00098271,14.54004043698539,USC00084393,18.860012328988763,US1FLHM0003,19.358279633158872,US1GALW0004,19.4469656216611,US1FLHM0006,19.50782914472221
2013699,ARTHROPODA,INSECTA,EPHEMEROPTERA,LEPTOPHLEBIIDAE,,LEPTOPHLEBIIDAE,3904,10.0,0.0,44.3729258846984,-123.8363514,RiversOther,Region_10,NRS18_OR_10013,2019.0,6/4/2019,1,BETB,58.77,Good,USC00354252,0.7335458065400092,USR0000OCAN,4.720153973667986,USC00358481,6.815116101059532,USC00350145,7.469929887847019,US1ORBN0166,9.592442993323752
2013700,ARTHROPODA,INSECTA,DIPTERA,CHIRONOMIDAE,ABLABESMYIA,ABLABESMYIA,3406,42.0,1.0,33.8236248815075,-80.06803079,SmallStreams,Region_04,NRS18_SC_10001,2019.0,6/4/2019,1,BERW,39.2,Poor,USC00385580,8.014323974638945,US1SCWL0004,13.025834825087468,US1SCCD0015,13.33801424114597,US1SCWL0002,15.588212663992971,US1SCFL0044,18.017188962613083
2013701,ARTHROPODA,INSECTA,DIPTERA,CHIRONOMIDAE,,CRICOTOPUS/ORTHOCLADIUS,3623,1.0,1.0,33.1533682205241,-100.4903948,RiversOther,Region_06,NRS18_TX_10987,2019.0,6/4/2019,1,BERW,1.48,Poor,USC00414570,13.598521025369937,US1TXSW0001,18.722994356432366,USC00410394,23.952772729242657,USC00417782,33.22281658630042,US1TXFS0007,33.887210256287325
2013702,ARTHROPODA,INSECTA,DIPTERA,CHIRONOMIDAE,PARACHIRONOMUS,PARACHIRONOMUS,4099,5.0,1.0,48.9636327943998,-96.22927292,SmallStreams,Region_05,NRS18_MN_10038,2019.0,6/4/2019,1,BERW,12.15,Poor,CA005022798,5.908115381705558,CA1MB000243,7.022686126529456,CA1MB000217,15.363886612254449,CA1MB000106,16.82724133192474,USC00211303,17.187377408959794
2013703,ARTHROPODA,INSECTA,EPHEMEROPTERA,LEPTOHYPHIDAE,TRICORYTHODES,TRICORYTHODES,4384,1.0,1.0,34.3542528839881,-106.8531592,RiversMajor,Region_06,NRS18_NM_10008,2019.0,6/4/2019,1,BETB,42.63,Poor,USW00003048,3.0012853387613068,USC00290915,7.757220955129345,USC00291144,10.878656572804886,US1NMSC0018,13.520474601450164,US1NMSC0010,17.059886258812426
2013704,MOLLUSCA,GASTROPODA,,,,GASTROPODA,3745,2.0,0.0,48.1091248742172,-96.11105552,SmallStreams,Region_05,NRS18_MN_10022,2019.0,6/5/2019,1,BERW,11.92,Poor,US1MNPG0004,5.183674107129929,US1MNPG0007,5.582995181617771,USC00218247,5.880871293950753,USC00218243,7.144875660755663,US1MNPG0003,14.863788494698676
2013705,ARTHROPODA,INSECTA,DIPTERA,CHIRONOMIDAE,,THIENEMANNIMYIA GENUS GR.,4362,2.0,1.0,35.4630461063543,-97.45968433,SmallStreams,Region_06,NRS18_OK_11427,2019.0,6/5/2019,1,BERW,3.73,Poor,USC00346663,0.7541725580067794,US1OKOK0117,3.0625947766025914,US1OKOK0103,4.365181162556418,US1OKOK0073,5.370907214388848,US1OKOK0026,6.882509487883879
2013706,ARTHROPODA,INSECTA,DIPTERA,CHIRONOMIDAE,ABLABESMYIA,ABLABESMYIA,3406,,,37.5413609113232,-82.03360839,RiversOther,Region_03,NRS18_WV_10005,2019.0,6/4/2019,1,BETB,43.5,Fair,USC00153046,11.772993980107213,USC00156216,12.12731715149207,USC00444185,13.941727860468992,USC00467372,19.438303228133726,USC00444180,19.677494415601018
2013707,ARTHROPODA,INSECTA,DIPTERA,CHIRONOMIDAE,MICROPSECTRA,MICROPSECTRA,3981,,,41.2463137866459,-74.16997129,LargeStreams,Region_02,NRS18_NY_10700,2019.0,6/5/2019,1,BETB,26.57,Poor,US1NYOR0006,6.130338484576658,US1NYOR0024,9.60235249776515,US1NYRL0008,13.610533083132658,US1NYOR0019,14.5611100803828,USC00303152,14.59019845877087
2013708,ARTHROPODA,ARACHNIDA,TROMBIDIFORMES,UNIONICOLIDAE,UNIONICOLA,UNIONICOLA,4400,,,33.883906443013,-78.78473647,RiversOther,Region_04,NRS18_SC_10002,2019.0,6/5/2019,1,BETB,21.82,Poor,US1SCHR0137,8.034481473930937,US1SCHR0053,8.378981709638431,US1SCHR0065,8.450382533439901,USW00093718,9.587878846933258,US1SCHR0116,9.970108670729104
2013709,ARTHROPODA,ARACHNIDA,TROMBIDIFORMES,SPERCHONIDAE,SPERCHON,SPERCHON,4296,1.0,1.0,37.4728075230488,-88.07670869,LargeStreams,Region_04,NRS18_KY_10027,2019.0,6/5/2019,1,BETB,15.03,Poor,USC00152961,2.164801921965121,US1KYCD0002,10.119887282172071,USC00151090,14.252404967379979,USC00155148,15.53770081213409,USC00155150,17.94848474885198
2013710,MOLLUSCA,GASTROPODA,BASOMMATOPHORA,PLANORBIDAE,,PLANORBIDAE,4162,,,47.7550167533213,-91.53362421,SmallStreams,Region_05,NRS18_MN_10005,2019.0,6/5/2019,1,BETB,30.73,Fair,US1MNLK0049,7.873760112512055,USR0000MISA,16.742240343939503,US1MNLK0023,16.88683205287658,USC00214068,19.293462188832038,USC00214077,20.027867109346438
2013711,ARTHROPODA,INSECTA,TRICHOPTERA,LEPTOCERIDAE,OECETIS,OECETIS,4060,,,30.8643593587999,-83.35412582,RiversOther,Region_04,NRS18_GA_10026,2019.0,6/5/2019,1,BETB,59.52,Good,US1GALW0019,3.0360219083091335,US1GALW0007,3.8000010253595584,US1GALW0015,4.097004591939809,US1GALW0011,4.230651504637449,US1GALW0027,4.806997890777417
2013712,ARTHROPODA,INSECTA,DIPTERA,CHIRONOMIDAE,CHIRONOMUS,CHIRONOMUS,3582,5.0,1.0,33.4336247092363,-114.7177604,SmallStreams,Region_09,NRS18_CA_10247,2019.0,6/5/2019,1,BETB,32.62,Poor,USW00023158,20.604027107147317,US1CARV0076,21.343883858198275,USC00040924,22.910030815228193,USC00022787,25.192893177529168,USC00022790,30.398902012504394
2013713,ARTHROPODA,INSECTA,ODONATA,CORDULIIDAE,,CORDULIIDAE,3614,1.0,1.0,32.9138301412244,-87.5326477,SmallStreams,Region_04,NRS18_AL_10004,2019.0,6/5/2019,1,BERW,34.57,Poor,USC00015658,13.040524876553174,US1ALHL0002,15.787069994274356,USC00015382,18.918766886683958,US1ALTS0003,22.060024855364055,USW00063893,23.45232534932235
2013714,ARTHROPODA,INSECTA,EPHEMEROPTERA,LEPTOHYPHIDAE,TRICORYTHODES,TRICORYTHODES,4384,1.0,1.0,43.6501937837097,-123.6632718,RiversMajor,Region_10,NRS18_OR_10968,2019.0,6/5/2019,1,BETB,26.03,Poor,USR0000OELK,3.515933163948146,USC00352632,6.491327186857965,USC00352633,7.664762849654716,US1ORDG0035,9.225466818149672,USC00352637,11.308665933750168
2013715,ARTHROPODA,INSECTA,DIPTERA,CHIRONOMIDAE,HYDROBAENUS,HYDROBAENUS,3831,1.0,1.0,32.5827818386896,-100.8733019,SmallStreams,Region_06,NRS18_TX_11022,2019.0,6/5/2019,1,BERW,32.82,Fair,US1TXSY0001,10.625040124536971,USC00414474,11.871011281791732,USW00003050,14.262139327227985,USC00418433,14.58197233550438,US1TXSY0002,15.309561431855949
2013716,ANNELIDA,OLIGOCHAETA,LUMBRICULIDA,LUMBRICULIDAE,,LUMBRICULIDAE,3941,5.0,1.0,35.6332271234725,-79.53601686,LargeStreams,Region_04,NRS18_NC_10037,2019.0,6/5/2019,1,BERW,27.32,Poor,US1NCCH0006,7.967370587895322,US1NCCH0055,8.490853193410745,US1NCCH0001,9.393343959455176,USC00317089,10.301238598715088,US1NCCH0070,12.061495601364074
2013717,ARTHROPODA,INSECTA,DIPTERA,CHIRONOMIDAE,BRILLIA,BRILLIA,3535,2.0,1.0,42.9463887307875,-72.87177843,SmallStreams,Region_01,NRS18_VT_10004,2019.0,6/5/2019,1,BERW,55.87,Good,USC00439190,2.293701895508966,USC00437401,6.7544761634358395,US1VTWH0019,8.457125079573732,US1VTWH0016,8.466754761121907,US1VTWH0024,8.597973980115698
2013718,ANNELIDA,OLIGOCHAETA,HAPLOTAXIDA,NAIDIDAE,,NAIDIDAE,4003,2.0,0.0,41.8557383436048,-86.26981234,RiversOther,Region_05,NRS18_MI_10025,2019.0,6/6/2019,1,BETB,25.97,Fair,USC00205892,1.7158018312874637,US1MIBN0004,3.2797466244951248,US1MIBN0016,5.552785298951397,US1MIBN0003,7.307072055225444,US1MICS0005,7.659614791510857
2013719,MOLLUSCA,GASTROPODA,BASOMMATOPHORA,LYMNAEIDAE,,LYMNAEIDAE,3945,1.0,1.0,37.8425366388902,-86.74629606,SmallStreams,Region_04,NRS18_KY_10023,2019.0,6/6/2019,1,BERW,23.47,Poor,US1KYHN0003,6.767851968350102,USC00121256,7.194165402172876,USC00151651,9.975885105313532,USC00156206,11.319999505268948,US1KYDV0040,12.219714360472556
2013720,ARTHROPODA,INSECTA,DIPTERA,CHIRONOMIDAE,TANYTARSUS,TANYTARSUS,4348,1.0,1.0,31.1589878551715,-85.07890755,RiversMajor,Region_04,NRS18_GA_10008,2019.0,6/6/2019,1,BETB,46.43,Fair,USC00010125,3.0835764465951043,US1GAER0002,4.14370218876914,US1GAER0003,7.829971146114602,US1ALHS0023,8.996445215184043,USC00014895,10.623133536868394
2013721,ARTHROPODA,INSECTA,DIPTERA,CHIRONOMIDAE,PHAENOPSECTRA,PHAENOPSECTRA,4143,1.0,1.0,41.2532707452475,-74.37718333,LargeStreams,Region_02,NRS18_NY_10063,2019.0,6/6/2019,1,BERW,23.3,Poor,USC00308967,1.7313890063392832,US1NYOR0004,3.6547674254891627,US1NYOR0023,4.447052394830812,US1NJPS0032,7.327761634178435,US1NYOR0019,8.309214468178839
2013722,ARTHROPODA,INSECTA,DIPTERA,CHIRONOMIDAE,LABRUNDINIA,LABRUNDINIA,3882,2.0,1.0,47.8896703080075,-90.7971327,LargeStreams,Region_05,NRS18_MN_10026,2019.0,6/6/2019,1,BETB,36.17,Fair,USC00217533,8.137854915134891,US1MNCK0032,11.284746978607414,USC00213419,21.814510639607008,US1MNCK0057,23.060275311151265,USC00214918,23.45851325347936
2013723,ARTHROPODA,INSECTA,DIPTERA,CHIRONOMIDAE,MICROPSECTRA,MICROPSECTRA,3981,7.0,1.0,43.9912726188426,-123.6643343,RiversOther,Region_10,NRS18_OR_10009,2019.0,6/6/2019,1,BETB,59.7,Good,US1ORLA0135,1.1302083412506994,US1ORLA0241,6.266694219942412,US1ORLA0132,7.955438854025443,US1ORLA0141,8.136695286286342,USR0000OCLY,13.325445564526381
2013724,ARTHROPODA,INSECTA,EPHEMEROPTERA,BAETIDAE,BAETIS,BAETIS,3501,6.0,1.0,42.7860268221144,-92.78998822,SmallStreams,Region_07,NRS18_IA_10020,2019.0,6/6/2019,1,BERW,27.58,Fair,USC00130157,3.7409473041133743,US1IABU0003,9.693366516591196,USC00134403,12.207814362975748,USC00132388,15.617208489677436,USC00134402,16.92250109539609
2013725,ARTHROPODA,INSECTA,DIPTERA,CHIRONOMIDAE,TANYTARSUS,TANYTARSUS,4348,8.0,1.0,37.8026704895179,-82.79124437,RiversOther,Region_04,NRS18_KY_10029,2019.0,6/5/2019,1,BETB,24.95,Poor,USC00156136,1.6691300980289039,US1KYJH0002,1.6852425513663796,US1KYJH0004,8.94390062946324,USC00152180,9.243469309649333,US1KYJH0001,10.633383573993
2013726,ARTHROPODA,INSECTA,DIPTERA,CHIRONOMIDAE,GLYPTOTENDIPES,GLYPTOTENDIPES,3756,3.0,1.0,38.8266823085646,-83.01768675,RiversMajor,Region_05,NRS18_OH_10010,2019.0,6/6/2019,1,BETB,25.88,Poor,US1OHSC0004,5.573330697740134,US1OHSC0013,5.926118505987673,US1OHSC0006,6.642193499530728,USC00334770,6.696814245303028,US1OHSC0008,7.202016173438532
2013727,ARTHROPODA,INSECTA,COLEOPTERA,ELMIDAE,MICROCYLLOEPUS,MICROCYLLOEPUS,3980,5.0,1.0,37.310280692773,-80.68118682,RiversOther,Region_03,NRS18_VA_10008,2019.0,6/6/2019,1,BERW,78.83,Good,USC00448022,3.588199834295509,US1VAGL0006,5.043195417773262,US1VAGL0008,5.5673885850148785,US1VAGL0004,6.0888539436500935,USC00445784,13.629960871919518
2013728,ARTHROPODA,INSECTA,EPHEMEROPTERA,CAENIDAE,CAENIS,CAENIS,3542,28.0,1.0,42.5416670621369,-84.62802707,RiversOther,Region_05,NRS18_MI_10012,2019.0,6/7/2019,1,BETB,24.25,Fair,USC00202437,3.284924604081699,US1MIET0022,4.281445837491139,US1MIIH0016,6.506892464722075,US1MIET0007,6.955930692090021,US1MIET0015,7.942354774194535
2013729,ARTHROPODA,INSECTA,EPHEMEROPTERA,HEPTAGENIIDAE,,HEPTAGENIIDAE,3802,2.0,1.0,38.158166937382,-104.699869,SmallStreams,Region_08,NRS18_CO_10135,2019.0,6/7/2019,1,BERW,41.28,Good,USC00056767,5.178333917968491,US1COPU0144,6.92809229638595,US1COPU0005,8.467330660322423,US1COPU0078,8.556378575810303,US1COPU0028,9.231464883811869
2013730,ANNELIDA,OLIGOCHAETA,ENCHYTRAEIDA,ENCHYTRAEIDAE,,ENCHYTRAEIDAE,3697,1.0,1.0,35.8515006447865,-106.9701314,RiversOther,Region_06,NRS18_NM_11252,2019.0,6/6/2019,1,BERW,23.87,Poor,USC00294684,4.0476505102947025,USC00294398,15.486900132315439,USC00292241,15.956407498863541,USC00293042,16.943715814283124,USC00296723,17.07991061427054
2013731,ARTHROPODA,INSECTA,EPHEMEROPTERA,BAETIDAE,ISWAEON,ISWAEON,3869,48.0,1.0,47.8930651835317,-96.32798959,RiversOther,Region_05,NRS18_MN_10029,2019.0,6/6/2019,1,BETB,62.67,Good,USC00216787,3.5880166254999173,US1MNPK0024,15.125094203176616,US1MNPK0023,15.96825543757955,USC00218243,22.10786318906846,USC00211891,22.882841693351708
2013732,MOLLUSCA,GASTROPODA,BASOMMATOPHORA,PLANORBIDAE,MENETUS,MENETUS,3967,1.0,1.0,41.444383064417,-74.38130514,SmallStreams,Region_02,NRS18_NY_10399,2019.0,6/7/2019,1,BERW,17.42,Poor,USC00306562,1.7323345872081521,USC00305312,3.197503240065657,USC00305310,5.904929606819879,USW00004789,12.116121990393566,USC00300732,12.687459872640824
2013733,ARTHROPODA,INSECTA,EPHEMEROPTERA,BAETIDAE,LABIOBAETIS,LABIOBAETIS,4774,107.0,1.0,43.4728335049435,-92.2803351,LargeStreams,Region_07,NRS18_IA_10011,2019.0,6/7/2019,1,BETB,31.7,Fair,US1IAHW0002,0.17007828277031553,USC00137410,13.708750953579079,USC00131954,17.683639583980522,USC00214711,18.378358626667822,US1MNFM0006,19.469524781211952
2013734,MOLLUSCA,BIVALVIA,VENEROIDA,,,VENEROIDA,4412,2.0,0.0,47.2931086090366,-91.5662546,SmallStreams,Region_05,NRS18_MN_10021,2019.0,6/7/2019,1,BERW,57.33,Good,USC00217937,7.613532104826814,US1MNLK0041,8.022636460491062,USC00218613,11.016058687423897,US1MNLK0005,14.737325659285627,US1MNLK0044,17.73968984267589
2013735,ARTHROPODA,INSECTA,DIPTERA,CHIRONOMIDAE,MICROTENDIPES,MICROTENDIPES,3982,2.0,1.0,43.1672148428592,-91.67862376,SmallStreams,Region_07,NRS18_IA_10046,2019.0,6/9/2019,1,BERW,11.63,Poor,US1IAWH0005,11.027862202224304,USC00138756,12.901323978776025,USW00004916,12.982208865784346,USC00136766,13.00247088127143,USC00131126,15.031641848409475
2013736,ARTHROPODA,INSECTA,DIPTERA,TIPULIDAE,LIMNOPHILA,LIMNOPHILA,3926,1.0,1.0,41.8269227153601,-74.77446161,SmallStreams,Region_02,NRS18_NY_10054,2019.0,6/9/2019,1,BERW,51.67,Fair,US1NYSV0001,2.7393001952663094,USC00304731,4.002835431668755,US1NYSV0014,6.894387404300728,USC00306426,8.846673318106907,USC00305671,10.336517415309384
2013737,ARTHROPODA,INSECTA,DIPTERA,CHIRONOMIDAE,PARATENDIPES,PARATENDIPES,4121,1.0,1.0,47.054972493452,-95.21715676,LargeStreams,Region_05,NRS18_MN_10061,2019.0,6/9/2019,1,BERW,48.3,Good,US1MNBK0016,5.29194047425607,US1MNHB0009,12.565629009545448,US1MNHB0042,15.432713434970992,USC00216361,16.282086670287,US1MNBK0028,16.388716909449133
2013738,ARTHROPODA,INSECTA,DIPTERA,CHIRONOMIDAE,CHIRONOMUS,CHIRONOMUS,3582,50.0,1.0,41.2150594920665,-105.7961256,SmallStreams,Region_08,NRS18_WY_10039,2019.0,6/9/2019,1,BERW,13.92,Poor,US1WYAB0103,1.7083586199267546,US1WYAB0109,8.266935907970705,USW00024022,15.271784763680515,US1WYAB0007,15.642253523069318,US1WYAB0131,15.982485091190002
2013739,ARTHROPODA,INSECTA,DIPTERA,CHIRONOMIDAE,,THIENEMANNIMYIA GENUS GR.,4362,,,42.5443304521468,-74.95157006,RiversMajor,Region_02,NRS18_NY_10039,2019.0,6/10/2019,1,BETB,8.48,Poor,US1NYOT0031,2.8060095286526217,US1NYOT0015,3.8526697788876416,US1NYOT0036,5.517603397676056,USC00305113,9.635071623119458,US1NYOT0030,10.108224189771201
2013740,ANNELIDA,OLIGOCHAETA,HAPLOTAXIDA,NAIDIDAE,NAIS,NAIS,4004,26.0,1.0,43.0223391608138,-86.02397235,RiversOther,Region_05,NRS18_MI_10009,2019.0,6/10/2019,1,BETB,14.63,Poor,US1MIOW0064,2.068080535455614,US1MIOW0047,7.414590527220599,US1MIOW0030,8.162966005997175,US1MIOW0067,8.81677650461383,US1MIOW0024,8.949544495651446
2013741,ARTHROPODA,INSECTA,DIPTERA,CHIRONOMIDAE,STEMPELLINA,STEMPELLINA,4307,13.0,1.0,46.9870156412847,-92.81150143,RiversOther,Region_05,NRS18_MN_10014,2019.0,6/10/2019,1,BETB,48.68,Good,USC00215298,5.946404160146223,USC00212842,8.519741735563874,USC00212826,10.308006180079824,USC00210096,17.45984183296188,US1MNSL0096,20.05590300093218
2013742,ARTHROPODA,INSECTA,DIPTERA,CHIRONOMIDAE,,CHIRONOMIDAE,3581,1.0,0.0,47.1247311853038,-92.5521249,SmallStreams,Region_05,NRS18_MN_10044,2019.0,6/9/2019,1,BERW,34.05,Fair,USC00211840,8.332409701712319,US1MNSL0143,10.307956219398772,US1MNSL0115,15.002025732520657,USC00210096,17.730318349059413,USC00215298,20.873637001001615
2013743,MOLLUSCA,GASTROPODA,BASOMMATOPHORA,PHYSIDAE,PHYSA,PHYSA,4149,7.0,1.0,41.1010234192568,-102.5202142,RiversOther,Region_07,NRS18_NE_10041,2019.0,6/10/2019,1,BERW,14.77,Poor,US10deue021,3.329383485074912,US10deue001,3.746747243033193,US10deue025,3.749010584348513,USC00251602,4.14172686389463,US10deue002,4.169370527525997
2013744,ARTHROPODA,INSECTA,DIPTERA,CHIRONOMIDAE,,CRICOTOPUS/ORTHOCLADIUS,3623,85.0,1.0,43.7904462269568,-117.8541173,RiversOther,Region_10,NRS18_OR_10817,2019.0,6/10/2019,1,BETB,61.22,Good,USC00354357,6.443575364856044,USR0000OKEL,16.239818669525608,USC00353666,20.847256130912054,USC00359176,24.744760342933684,USC00350723,27.307850693995025
2013745,ARTHROPODA,INSECTA,DIPTERA,CHIRONOMIDAE,PARACRICOTOPUS,PARACRICOTOPUS,4103,1.0,1.0,35.3660333790125,-88.97789349,SmallStreams,Region_04,NRS18_TN_10040,2019.0,6/10/2019,1,BERW,22.33,Poor,US1TNHR0002,9.485751789063897,USC00400876,11.278698159763312,USC00400871,12.942241372240089,US1TNHR0003,16.00741135227624,US1TNHR0004,16.450023768382454
2013746,ARTHROPODA,INSECTA,DIPTERA,CHIRONOMIDAE,THIENEMANNIELLA,THIENEMANNIELLA,4361,2.0,1.0,43.3591496493498,-93.86842916,SmallStreams,Region_07,NRS18_IA_10005,2019.0,6/10/2019,1,BERW,40.57,Good,US1IAHN0008,16.352672927755965,USC00138270,19.654099491530673,USC00210981,20.652121891726914,USC00132977,20.957997430674798,US1MNFT0006,25.204162636317264
2013747,ARTHROPODA,INSECTA,TRICHOPTERA,HYDROPTILIDAE,,HYDROPTILIDAE,3847,2.0,0.0,34.4433728621876,-99.65264394,LargeStreams,Region_06,NRS18_OK_10046,2019.0,6/10/2019,1,BERW,24.03,Fair,USC00342836,2.605162722527336,US1OKJC0004,3.2006771130959053,US1TXHRD002,18.346800360381764,USC00417336,20.955368728557712,USC00419935,21.685491248828487
2013748,ARTHROPODA,INSECTA,PLECOPTERA,PTERONARCYIDAE,PTERONARCYS,PTERONARCYS,4229,2.0,1.0,,,,Region_01,NRS18_VT_RF002,,6/10/2019,1,BERW,63.07,,ACW00011604,,US1OKCV0084,,US1OKCV0083,,US1OKCV0082,,US1OKCV0081,
2013749,ARTHROPODA,INSECTA,DIPTERA,CHIRONOMIDAE,METRIOCNEMUS,METRIOCNEMUS,3976,1.0,1.0,41.4879484115907,-107.1787199,SmallStreams,Region_08,NRS18_WY_10549,2019.0,6/10/2019,1,BERW,34.67,Poor,USS0007H06S,11.896880758287374,US1WYCR0002,20.55233704546157,USS0007H05S,21.03577496023683,USC00487999,30.20264539203514,US1WYCR0037,30.497313299679508
2013750,ARTHROPODA,INSECTA,DIPTERA,CHIRONOMIDAE,MICROTENDIPES,MICROTENDIPES,3982,3.0,1.0,35.8788049460087,-82.07960048,SmallStreams,Region_04,NRS18_NC_10032,2019.0,6/11/2019,1,BERW,75.52,Good,USC00318225,0.6007656338098547,US1NCML0016,2.09023236018122,USC00318226,2.380229467866911,USC00318224,2.627732814162169,USC00313427,2.9875074472059158
2013751,ARTHROPODA,INSECTA,DIPTERA,CHIRONOMIDAE,PARATANYTARSUS,PARATANYTARSUS,4120,11.0,1.0,41.8504603875685,-94.0261349,LargeStreams,Region_07,NRS18_IA_10003,2019.0,6/11/2019,1,BETB,70.03,Good,US1IADL0040,6.918074494411943,USC00136566,7.103935278810379,USC00136570,8.915773278269995,US1IADL0013,10.660597228549127,US1IADL0020,11.899459944006896
2013752,ARTHROPODA,INSECTA,TRICHOPTERA,HYDROPSYCHIDAE,HYDROPSYCHE,HYDROPSYCHE,3844,1.0,1.0,46.9723674804242,-95.055888,LargeStreams,Region_05,NRS18_MN_10025,2019.0,6/11/2019,1,BETB,33.67,Fair,US1MNHB0042,0.2526449163407073,USC00216361,3.910240629877567,US1MNHB0009,4.364861237103577,US1MNHB0040,4.874766242967237,US1MNHB0038,4.904941448245468
2013753,ARTHROPODA,MALACOSTRACA,AMPHIPODA,HYALELLIDAE,HYALELLA,HYALELLA,3821,20.0,1.0,35.3596334721378,-99.40267777,LargeStreams,Region_06,NRS18_OK_10049,2019.0,6/11/2019,1,BERW,8.82,Poor,US1OKBC0009,5.296488346595483,US1OKBC0017,6.322159835331183,US1OKBC0014,6.469635993231508,US1OKBC0013,6.512590591370911,USC00342849,10.089139484954856
2013754,ARTHROPODA,INSECTA,EPHEMEROPTERA,BAETIDAE,,BAETIDAE,3500,1.0,0.0,42.4821651757664,-102.60076,RiversMajor,Region_07,NRS18_NE_10053,2019.0,6/11/2019,1,BERW,16.67,Poor,US10sher021,3.750681886784032,US10sher018,4.668181957687788,US10sher013,7.488546205371331,USC00253715,8.358831480460111,US10sher015,8.55479529951076
2013755,ARTHROPODA,INSECTA,DIPTERA,CHIRONOMIDAE,PARAMETRIOCNEMUS,PARAMETRIOCNEMUS,4112,1.0,1.0,46.921184405195,-93.02606272,LargeStreams,Region_05,NRS18_MN_10062,2019.0,6/11/2019,1,BERW,7.88,Poor,USC00212826,9.587404703771064,USC00212842,12.103546563580272,US1MNSL0168,16.0796163874329,US1MNAT0026,19.4982220961314,US1MNIT0063,22.946670035386422
2013756,ARTHROPODA,INSECTA,DIPTERA,CHIRONOMIDAE,PENTANEURA,PENTANEURA,4134,1.0,1.0,38.1484152340579,-82.210465,SmallStreams,Region_03,NRS18_WV_10009,2019.0,6/11/2019,1,BERW,45.27,Good,USC00461075,9.614839907125239,US1WVLN0003,9.619847164610798,USC00466343,10.155851907202509,USC00462622,15.053649962766606,USC00463846,16.942345168824804
2013757,ARTHROPODA,INSECTA,EPHEMEROPTERA,LEPTOHYPHIDAE,TRICORYTHODES,TRICORYTHODES,4384,2.0,1.0,38.9644677576052,-109.2467861,RiversMajor,Region_08,NRS18_UT_10432,2019.0,6/11/2019,1,BETB,27.18,Poor,USC00421440,6.049619575003734,USC00053307,16.78580964134757,USC00422150,17.47545322503318,USC00423706,24.5289647019165,USR0000CLIT,26.148127997315537
2013758,ARTHROPODA,INSECTA,DIPTERA,CHIRONOMIDAE,,CRICOTOPUS/ORTHOCLADIUS,3623,2.0,1.0,39.2952489057286,-82.43440894,RiversOther,Region_05,NRS18_OH_10031,2019.0,6/11/2019,1,BETB,22.75,Poor,USR0000OZAL,4.796176689984769,USC00335024,5.748205427143243,USC00335029,6.473401164503557,USC00335021,6.559543416383686,US1OHVN0001,9.198001948769054
2013759,ARTHROPODA,INSECTA,COLEOPTERA,DYTISCIDAE,,DYTISCIDAE,3679,,,43.3572278384175,-71.42338173,SmallStreams,Region_01,NRS18_NH_10014,2019.0,6/11/2019,1,BERW,33.68,Poor,USC00272250,6.246752610606157,US1NHBK0030,8.229121026093493,USC00273367,9.619048470546549,US1NHMR0026,9.690045952310943,USC00273359,10.329906934791644
2013760,MOLLUSCA,GASTROPODA,BASOMMATOPHORA,LYMNAEIDAE,,LYMNAEIDAE,3945,4.0,1.0,42.0661065812477,-105.1126825,RiversOther,Region_08,NRS18_WY_11452,2019.0,6/11/2019,1,BERW,50.75,Good,US1WYPT0007,7.750503927000789,US1WYPT0041,10.46875213389009,US1WYPT0002,11.461727550247872,US1WYPT0016,12.396745106325817,US1WYPT0026,12.440157087696894
2013761,ANNELIDA,OLIGOCHAETA,ENCHYTRAEIDA,ENCHYTRAEIDAE,,ENCHYTRAEIDAE,3697,5.0,1.0,44.6312085753891,-103.694434,SmallStreams,Region_08,NRS18_SD_10094,2019.0,6/11/2019,1,BERW,11.93,Poor,USC00397418,7.282953330397685,US1SDLW0004,9.979903515842857,US1SDBT0006,10.30745561762001,USC00396357,11.561872599873741,US1SDBT0001,11.682839117707223
2013762,ARTHROPODA,INSECTA,PLECOPTERA,TAENIOPTERYGIDAE,TAENIOPTERYX,TAENIOPTERYX,4344,,,47.2055163470668,-92.80054005,RiversOther,Region_05,NRS18_MN_10030,2019.0,6/12/2019,1,BETB,65.73,Good,US1MNSL0007,19.357753551373303,USW00094931,19.5839520699927,US1MNSL0189,20.54467172725507,USR0000MHIB,20.884393332094202,US1MNSL0183,24.91631068578301
2013763,ARTHROPODA,INSECTA,COLEOPTERA,ELMIDAE,MICROCYLLOEPUS,MICROCYLLOEPUS,3980,1.0,1.0,36.3949466989398,-99.00499315,LargeStreams,Region_06,NRS18_OK_11579,2019.0,6/12/2019,1,BERW,16.27,Poor,US1OKWW0002,7.551753084514661,USC00341620,9.614456197302893,US1OKWW0001,17.884110542996375,USC00348027,22.97463100431957,USC00349404,23.019173921531323
2013764,ARTHROPODA,INSECTA,DIPTERA,CHIRONOMIDAE,TANYTARSUS,TANYTARSUS,4348,2.0,1.0,31.9799084858934,-104.1233041,RiversOther,Region_06,NRS18_TX_11175,2019.0,6/11/2019,1,BERW,24.47,Poor,USC00417481,21.52580568950644,USC00295199,33.94525062483939,USC00291480,37.35794490012021,US1NMED0013,38.4456434030846,US1NMED0008,39.70417694878994
2013765,ARTHROPODA,INSECTA,DIPTERA,CHIRONOMIDAE,LABRUNDINIA,LABRUNDINIA,3882,,,,,,Region_03,NRS18_VA_RF013,,6/12/2019,1,BETB,66.1,,ACW00011604,,US1OKCV0084,,US1OKCV0083,,US1OKCV0082,,US1OKCV0081,
2013766,MOLLUSCA,BIVALVIA,VENEROIDA,PISIDIIDAE,PISIDIUM,PISIDIUM,4159,2.0,1.0,42.4333222459711,-103.7026537,RiversMajor,Region_07,NRS18_NE_11590,2019.0,6/12/2019,1,BERW,26.35,Fair,USC00250030,2.811082068124565,USR0000NAGA,2.8735433446806704,USW00094077,2.9309556530897627,US10siou005,9.41282180385746,USC00250035,12.15800747527306
2013767,ARTHROPODA,INSECTA,DIPTERA,CHIRONOMIDAE,ODONTOMESA,ODONTOMESA,4058,1.0,1.0,42.4201289461923,-103.5414199,RiversMajor,Region_07,NRS18_NE_11578,2019.0,6/12/2019,1,BERW,24.0,Fair,US10siou006,15.199096377764157,USC00250030,15.872180488943565,USR0000NAGA,15.964479875716753,USW00094077,16.012646034523424,USC00256765,17.746638797871846
2013768,ARTHROPODA,INSECTA,DIPTERA,CHIRONOMIDAE,PARALAUTERBORNIELLA,PARALAUTERBORNIELLA,4107,79.0,1.0,46.706911963289,-94.81103949,LargeStreams,Region_05,NRS18_MN_10057,2019.0,6/12/2019,1,BERW,19.03,Poor,US1MNCS0064,18.056196549816136,USR0000MBDA,18.301055542706898,US1MNWD0002,22.86878797391486,US1MNHB0017,23.311086924626856,USC00217555,23.611539721886995
2013769,ARTHROPODA,INSECTA,DIPTERA,CHIRONOMIDAE,,THIENEMANNIMYIA GENUS GR.,4362,1.0,1.0,38.6127150403755,-109.5583912,RiversMajor,Region_08,NRS18_UT_10017,2019.0,6/12/2019,1,BETB,44.32,Fair,US1UTGR0005,2.95221609181346,USC00425733,4.398726839339026,US1UTGR0003,4.552902366271283,USC00420336,5.299145606539026,US1UTGR0008,5.35153330886461
2013770,ARTHROPODA,INSECTA,DIPTERA,TABANIDAE,CHRYSOPS,CHRYSOPS,3587,1.0,1.0,32.8463743484392,-81.44289005,RiversMajor,Region_04,NRS18_SC_10019,2019.0,6/12/2019,1,BETB,30.65,Poor,USC00095896,11.039063699335388,US1GASV0007,12.779753468417914,US1GASV0002,15.171887228703534,US1SCAL0001,15.43068749494608,USC00098517,20.70044255485534
2013771,ARTHROPODA,INSECTA,DIPTERA,EMPIDIDAE,HEMERODROMIA,HEMERODROMIA,3799,2.0,1.0,35.9720192890122,-88.26058993,LargeStreams,Region_04,NRS18_TN_10340,2019.0,6/12/2019,1,BERW,55.05,Good,US1TNCR0007,7.1168817029586,US1TNCR0011,8.00602511458812,US1TNCR0004,10.302633777374874,US1TNCR0012,12.169521982911489,USR0000TCAM,13.337388256052149
2013772,ARTHROPODA,ARACHNIDA,TROMBIDIFORMES,LEBERTIIDAE,LEBERTIA,LEBERTIA,3892,1.0,1.0,35.1463359552492,-89.23759803,LargeStreams,Region_04,NRS18_TN_10339,2019.0,6/11/2019,1,BERW,29.98,Poor,USC00400137,4.22135831089943,US1TNFY0005,13.212083549928117,US1TNFY0007,15.15488242894254,US1TNFY0012,16.590877539890766,USC00406274,17.910900835945515
2013773,ANNELIDA,OLIGOCHAETA,HAPLOTAXIDA,TUBIFICIDAE,TUBIFEX,TUBIFEX,4390,1.0,1.0,42.1995646691316,-104.5859971,RiversOther,Region_08,NRS18_WY_11453,2019.0,6/12/2019,1,BERW,49.82,Good,US1WYGS0027,2.3094212177994566,USC00486852,2.5524382963744117,US1WYGS0045,5.695725058863376,US1WYGS0025,5.728002749891849,US1WYGS0062,5.81977174954414
2013774,ARTHROPODA,INSECTA,DIPTERA,CHIRONOMIDAE,TANYTARSUS,TANYTARSUS,4348,17.0,1.0,39.30687601,-82.85680644,LargeStreams,Region_05,NRS18_OH_10658,2019.0,6/12/2019,1,BERW,32.47,Fair,USC00331523,9.89940035062679,US1OHRS0001,12.155091847092956,US1OHRS0014,13.272367009217582,USC00330115,13.786113942079972,USR0000OCHL,14.090140680938088
2013775,ARTHROPODA,INSECTA,DIPTERA,CHIRONOMIDAE,DIAMESA,DIAMESA,3654,3.0,1.0,44.2982896042705,-72.94783568,SmallStreams,Region_01,NRS18_VT_10014,2019.0,6/12/2019,1,BERW,61.57,Good,US1VTCH0007,3.2826319048829364,USC00434052,4.628149081287017,US1VTAD0008,4.815489586747861,US1VTCH0015,5.076109185285587,US1VTAD0032,6.246066081239965
2013776,ARTHROPODA,INSECTA,DIPTERA,CHIRONOMIDAE,,CRICOTOPUS/ORTHOCLADIUS,3623,12.0,1.0,44.1377778084313,-100.8015808,LargeStreams,Region_08,NRS18_SD_10694,2019.0,6/12/2019,1,BERW,0.0,Poor,USC00398572,1.364886650191534,USC00393077,11.077928310825403,USC00393076,16.414191614789278,USC00399032,16.472674901028757,US1SDST0003,20.143922926811737
2013777,ARTHROPODA,INSECTA,DIPTERA,CHIRONOMIDAE,SAETHERIA,SAETHERIA,4260,30.0,1.0,35.5888732425683,-77.4127161,SmallStreams,Region_04,NRS18_NC_10111,2019.0,6/13/2019,1,BERW,44.02,Fair,US1NCPT0089,0.39658797782738675,US1NCPT0105,0.5787570835709129,US1NCPT0062,1.0106498857084114,US1NCPT0067,1.7710801532859077,USC00313643,2.9334543025930477
2013778,ANNELIDA,HIRUDINEA,RHYNCHOBDELLIDA,GLOSSIPHONIIDAE,HELOBDELLA,HELOBDELLA,3792,1.0,1.0,32.7238366999709,-80.49558657,SmallStreams,Region_04,NRS18_SC_10009,2019.0,6/13/2019,1,BETB,11.18,Poor,US1SCCL0014,10.64545528832436,US1SCCL0027,18.487710231679912,US1SCCR0162,18.7081302158712,US1SCCR0032,19.056682890723312,US1SCCR0231,19.73237444617081
2013779,ARTHROPODA,INSECTA,TRICHOPTERA,PSYCHOMYIIDAE,PSYCHOMYIA,PSYCHOMYIA,4225,1.0,1.0,39.9650466772444,-80.58732134,RiversOther,Region_03,NRS18_WV_10019,2019.0,6/12/2019,1,BETB,46.27,Good,US1WVMH0002,3.117736722961216,USC00465847,12.603701138700776,US1PAGR0005,13.07812244782176,US1WVMH0004,13.525013218384322,US1PAGR0004,13.703030431458984
2013780,ARTHROPODA,INSECTA,DIPTERA,CHIRONOMIDAE,MICROPSECTRA,MICROPSECTRA,3981,1.0,1.0,,,,Region_03,NRS18_VA_RF011,,6/13/2019,1,BETB,79.82,,ACW00011604,,US1OKCV0084,,US1OKCV0083,,US1OKCV0082,,US1OKCV0081,
2013781,ARTHROPODA,MALACOSTRACA,AMPHIPODA,GAMMARIDAE,GAMMARUS,GAMMARUS,3744,12.0,1.0,42.5200949891697,-89.8124624,RiversOther,Region_05,NRS18_WI_10054,2019.0,6/13/2019,1,BETB,23.32,Poor,USC00471250,1.7885594585017115,USC00475148,4.800362953032205,US1WILF0006,6.877655130833276,US1ILSP0008,9.539295800336633,US1ILSP0003,10.839103191489402
2013782,ARTHROPODA,INSECTA,DIPTERA,CHIRONOMIDAE,,CHIRONOMIDAE,3581,3.0,0.0,46.7328287890006,-95.0939806,SmallStreams,Region_05,NRS18_MN_10039,2019.0,6/13/2019,1,BERW,7.07,Poor,US1MNWD0002,2.7471653966487684,US1MNWD0980,3.8571382202198254,US1MNBK0033,6.939589555063187,US1MNWD0011,7.340123241818237,USC00217555,11.95845549651091
2013783,ARTHROPODA,INSECTA,DIPTERA,DOLICHOPODIDAE,,DOLICHOPODIDAE,3671,1.0,1.0,38.8090732376178,-111.3160004,LargeStreams,Region_08,NRS18_UT_10013,2019.0,6/13/2019,1,BERW,29.65,Poor,USC00429575,10.655560439050618,USC00422488,12.533510158488353,USC00422484,13.26186443135308,USC00427559,14.442965661272197,USC00429675,21.28279762885365
2013784,ARTHROPODA,INSECTA,EPHEMEROPTERA,EPHEMERELLIDAE,EURYLOPHELLA,EURYLOPHELLA,3726,14.0,1.0,44.2985202067468,-71.95877622,SmallStreams,Region_01,NRS18_NH_10016,2019.0,6/13/2019,1,BERW,64.33,Good,USC00275500,3.8530914977265915,US1NHGR0041,3.9323481521059858,US1NHGR0047,4.409995312486218,USC00435044,9.291343701202605,US1VTCL0041,12.634649308019895
2013785,ARTHROPODA,MALACOSTRACA,ISOPODA,SPHAEROMATIDAE,CASSIDINIDEA,CASSIDINIDEA,3557,1.0,1.0,32.9608726922311,-80.15104513,SmallStreams,Region_04,NRS18_SC_10034,2019.0,6/14/2019,1,BETB,13.85,Poor,USC00384771,0.37432430216736773,US1SCDC0073,1.2638138087717286,US1SCDC0065,1.5467160188408076,US1SCDC0021,1.7591648770825332,US1SCDC0052,2.1159024225944956
2013786,ARTHROPODA,INSECTA,DIPTERA,CHIRONOMIDAE,PSECTROCLADIUS,PSECTROCLADIUS,4206,1.0,1.0,47.8098151544876,-92.62816101,LargeStreams,Region_05,NRS18_MN_10058,2019.0,6/13/2019,1,BETB,33.57,Fair,USC00211771,11.784525661753078,US1MNSL0327,13.111082367459904,US1MNSL0247,19.878471969134498,USC00211773,23.98678187767845,USC00218307,25.523814006012856
2013787,ANNELIDA,OLIGOCHAETA,HAPLOTAXIDA,NAIDIDAE,DERO,DERO,3646,1.0,1.0,33.9308211375439,-117.5939787,RiversMajor,Region_09,NRS18_CA_10025,2019.0,6/11/2019,1,BERW,32.13,Poor,US1CARV0028,1.2914126737814335,USW00053175,3.7550363688579416,US1CARV0015,4.943545504325089,US1CASR0095,5.39022642080098,USW00003179,5.742742986184747
2013788,ARTHROPODA,INSECTA,EPHEMEROPTERA,CAENIDAE,CAENIS,CAENIS,3542,9.0,1.0,47.3098973432177,-91.8730277,LargeStreams,Region_05,NRS18_MN_10553,2019.0,6/14/2019,1,BETB,17.1,Poor,USC00210989,7.016717146438157,USC00218613,14.240927456502543,US1MNLK0041,15.58289821443901,USC00217937,15.59615840087314,US1MNSL0104,17.592212794717945
2013789,ARTHROPODA,INSECTA,DIPTERA,CERATOPOGONIDAE,,CERATOPOGONIDAE,3566,15.0,0.0,41.8330686366638,-104.148164,SmallStreams,Region_08,NRS18_WY_10251,2019.0,6/13/2019,1,BERW,19.77,Poor,US1WYGS0011,8.709786373002192,US1WYGS0038,12.135221295046303,US1WYGS0001,12.8002558707491,US1WYGS0020,13.084507135316464,USC00255020,13.169812029000761
2013790,ARTHROPODA,INSECTA,DIPTERA,CHIRONOMIDAE,POLYPEDILUM,POLYPEDILUM,4178,2.0,1.0,32.2464552374338,-101.3921172,RiversOther,Region_06,NRS18_TX_10988,2019.0,6/13/2019,1,BERW,17.05,Poor,US1TXHWR004,3.331439590335282,USW00023041,5.787614815556972,US1TXHWR003,5.830441766923631,USC00410784,9.138024339414619,USW00023005,12.176360958982173
2013791,ARTHROPODA,INSECTA,TRICHOPTERA,HYDROPTILIDAE,NEOTRICHIA,NEOTRICHIA,4032,1.0,1.0,35.135242105101,-88.18207379,RiversOther,Region_04,NRS18_TN_10023,2019.0,6/14/2019,1,BERW,65.4,Good,US1TNHN0009,4.503907962383468,US1TNHN0004,4.9840869785332345,US1TNHN0001,7.467348763107529,USC00407156,9.81190098190151,USC00408113,11.348555757634236
2013792,ARTHROPODA,MALACOSTRACA,AMPHIPODA,HYALELLIDAE,HYALELLA,HYALELLA,3821,3.0,1.0,45.1247949709622,-93.99623622,RiversOther,Region_05,NRS18_MN_10012,2019.0,6/14/2019,1,BETB,15.65,Poor,US1MNWR0140,4.557339619591583,US1MNWR0094,5.629213693225816,US1MNWR0102,5.648015495704519,US1MNWR0103,7.297126628962888,US1MNWR0133,7.9558094053669235
2013797,ARTHROPODA,INSECTA,TRICHOPTERA,HYDROPSYCHIDAE,HYDROPSYCHE,HYDROPSYCHE,3844,1.0,1.0,34.6117005537498,-82.43868786,RiversOther,Region_04,NRS18_SC_10779,2019.0,6/16/2019,1,BETB,11.78,Poor,USC00380613,1.2543562600149245,USC00389122,3.8582570504259928,USC00386783,4.382668655684582,US1SCGV0042,7.767346555479642,US1SCGV0152,8.824460781446428
2013798,ARTHROPODA,INSECTA,DIPTERA,CHIRONOMIDAE,,THIENEMANNIMYIA GENUS GR.,4362,1.0,1.0,45.3009425210563,-94.67625608,LargeStreams,Region_05,NRS18_MN_10060,2019.0,6/16/2019,1,BETB,14.55,Poor,US1MNMK0013,5.409264581358064,US1MNMK0028,7.082205780494418,US1MNSR0024,7.0925850644032495,US1MNSR0045,8.147637595290723,USC00216386,10.185314380022428
2013799,ARTHROPODA,INSECTA,DIPTERA,CHIRONOMIDAE,CLADOTANYTARSUS,CLADOTANYTARSUS,3594,15.0,1.0,43.0860526545606,-117.7117037,RiversMajor,Region_10,NRS18_OR_11118,2019.0,6/12/2019,1,BETB,41.38,Poor,USC00357310,25.61590077133829,USC00352000,28.26595344372506,USC00354114,28.691571558486572,USC00352135,34.14279540938352,USC00351174,36.20529268891198
2013800,ARTHROPODA,INSECTA,TRICHOPTERA,LEPTOCERIDAE,,LEPTOCERIDAE,3897,,,36.5438169104622,-76.89024763,LargeStreams,Region_04,NRS18_NC_10009,2019.0,6/16/2019,1,BETB,16.6,Poor,USC00448220,10.950978452957832,US1VAST0017,15.334966060159152,US1NCGT0001,16.79026376600399,US1VAFRC004,17.28543401357949,US1VAIW0009,18.318835739269772
2013801,ARTHROPODA,ARACHNIDA,TROMBIDIFORMES,HYGROBATIDAE,HYGROBATES,HYGROBATES,3855,,,43.35868535,-104.3094053,RiversMajor,Region_08,NRS18_WY_11906,2019.0,6/14/2019,1,BERW,57.67,Good,USC00481032,3.585341712849891,USC00486603,6.968441501621265,US1WYNB0007,11.787893932543364,USC00487555,13.019650013873882,USC00488475,14.204932392192816
2013802,ANNELIDA,OLIGOCHAETA,HAPLOTAXIDA,NAIDIDAE,NAIS,NAIS,4004,1.0,1.0,44.0532982802892,-105.2684427,RiversOther,Region_08,NRS18_WY_11305,2019.0,6/16/2019,1,BERW,42.23,Poor,USC00482580,13.080742868541249,USC00485465,20.93857837223248,US1WYCM0012,22.630600212398853,US1WYCM0039,23.115567746593484,US1WYCM0036,25.072520803632358
2013803,ANNELIDA,OLIGOCHAETA,HAPLOTAXIDA,NAIDIDAE,NAIS,NAIS,4004,47.0,1.0,44.0896230023242,-105.166272,RiversOther,Region_08,NRS18_WY_11316,2019.0,6/16/2019,1,BERW,23.9,Poor,USC00482580,4.029206535559268,US1WYCM0012,21.334226734060543,USC00487907,21.578655964019813,US1WYCM0039,23.361993730696273,USW00024088,23.622420743502005
2013804,ARTHROPODA,ARACHNIDA,TROMBIDIFORMES,ARRENURIDAE,ARRENURUS,ARRENURUS,3481,3.0,1.0,38.689079181467,-75.76990306,LargeStreams,Region_03,NRS18_MD_10001,2019.0,6/17/2019,1,BETB,32.88,Poor,US1MDCL0014,12.027591470272604,US1DESS0094,12.297490873050052,USC00187310,12.797738036566457,US1DESS0046,13.412599655153077,US1DESS0016,13.466960122739415
2013805,ANNELIDA,OLIGOCHAETA,HAPLOTAXIDA,TUBIFICIDAE,LIMNODRILUS,LIMNODRILUS,3925,1.0,1.0,48.0355261410528,-92.9070676,SmallStreams,Region_05,NRS18_MN_10009,2019.0,6/16/2019,1,BERW,22.53,Poor,USC00216210,0.7577802583159587,USR0000MORR,4.143668391522676,USC00216213,5.279497796345277,USC00216211,10.799994104224567,USC00216212,14.433035059718929
2013806,MOLLUSCA,GASTROPODA,BASOMMATOPHORA,LYMNAEIDAE,STAGNICOLA,STAGNICOLA,4304,5.0,1.0,43.5668935209754,-89.69697196,RiversMajor,Region_05,NRS18_WI_10028,2019.0,6/17/2019,1,BETB,21.13,Poor,US1WISK0017,2.7194359327800615,US1WISK0031,3.6553969545446385,USC00479319,6.973229410041085,US1WICB0008,9.221525895034572,USC00470519,11.811443228750932
2013808,ARTHROPODA,INSECTA,PLECOPTERA,PERLIDAE,ACRONEURIA,ACRONEURIA,3412,2.0,1.0,37.2046323051762,-83.52786634,SmallStreams,Region_04,NRS18_KY_10003,2019.0,6/17/2019,1,BERW,45.02,Good,USC00150687,5.891137695131392,USC00154095,8.57055393291115,USC00156029,12.827217632227297,USC00156028,12.839184792579065,USC00154093,15.517338874521478
2013809,MOLLUSCA,GASTROPODA,BASOMMATOPHORA,PLANORBIDAE,,PLANORBIDAE,4162,1.0,0.0,33.7676329198523,-80.07378602,SmallStreams,Region_04,NRS18_SC_10003,2019.0,6/17/2019,1,BERW,28.98,Poor,US1SCCD0015,7.29263587194085,US1SCWL0004,10.539891057176048,US1SCWL0002,13.371137252032058,USC00385580,13.4586343713686,USC00385493,13.889281929180102
2013810,ARTHROPODA,INSECTA,DIPTERA,CHIRONOMIDAE,DICROTENDIPES,DICROTENDIPES,3658,9.0,1.0,44.517651086546,-94.02857543,SmallStreams,Region_05,NRS18_MN_10007,2019.0,6/17/2019,1,BERW,34.02,Fair,USC00213678,5.054234445181261,US1MNSB0013,9.004421298689556,US1MNSB0015,9.556537356459009,US1MNSB0005,9.801521501140636,USC00214721,11.332758503026753
2013811,ARTHROPODA,INSECTA,PLECOPTERA,PERLODIDAE,ISOPERLA,ISOPERLA,3867,1.0,1.0,44.9237741598132,-106.0024106,RiversOther,Region_08,NRS18_WY_11301,2019.0,6/17/2019,1,BETB,55.1,Fair,USR0000MBRA,15.231495991737443,USC00245869,19.14297089910621,USC00487548,21.013944548859733,USC00485506,24.01467622644318,USC00480380,26.046201269743772
2013812,ARTHROPODA,INSECTA,DIPTERA,EPHYDRIDAE,,EPHYDRIDAE,3711,1.0,1.0,40.9022573786886,-96.60625674,SmallStreams,Region_07,NRS18_NE_10058,2019.0,6/18/2019,1,BERW,3.68,Poor,US1Lanc5524,4.4633091265806195,US1NELA0064,5.2774510523819576,USC00254790,5.8767198310303925,US1NELA0030,5.91980903898344,US1NELA0032,6.1441010000579785
2013814,ARTHROPODA,INSECTA,PLECOPTERA,PERLIDAE,,PERLIDAE,4138,,,,,,Region_04,NRS18_AL_RF002,,6/17/2019,1,BETB,47.43,,ACW00011604,,US1OKCV0084,,US1OKCV0083,,US1OKCV0082,,US1OKCV0081,
2013815,ARTHROPODA,INSECTA,ODONATA,COENAGRIONIDAE,ARGIA,ARGIA,3476,1.0,1.0,34.5312567470858,-94.71441654,LargeStreams,Region_06,NRS18_OK_10024,2019.0,6/17/2019,1,BERW,55.92,Good,USC00348285,9.63636264908096,USC00344820,14.711532514917717,USC00344017,22.790813127496023,USC00340567,23.41159396754462,USC00340562,24.812867152844145
2013816,ARTHROPODA,INSECTA,EPHEMEROPTERA,BAETIDAE,PROCLOEON,PROCLOEON,4192,11.0,1.0,48.3784586645378,-93.22725536,LargeStreams,Region_05,NRS18_MN_10010,2019.0,6/18/2019,1,BERW,33.62,Fair,USC00214191,13.63974308398634,USR0000MKAB,14.85341236293939,US1MNSL0095,15.035317161294062,US1MNSL0171,15.298658701552762,US1MNKC0004,18.17114847264441
2013817,ARTHROPODA,INSECTA,TRICHOPTERA,HYDROPTILIDAE,NEOTRICHIA,NEOTRICHIA,4032,19.0,1.0,,,,Region_04,NRS18_FL_RF002,,6/18/2019,1,BETB,74.02,,ACW00011604,,US1OKCV0084,,US1OKCV0083,,US1OKCV0082,,US1OKCV0081,
2013818,ANNELIDA,OLIGOCHAETA,HAPLOTAXIDA,TUBIFICIDAE,LIMNODRILUS,LIMNODRILUS,3925,,,35.9869628708283,-94.91588598,RiversMajor,Region_06,NRS18_OK_10040,2019.0,6/17/2019,1,BETB,32.22,Fair,US1OKCH0003,5.361341682405374,USC00348677,7.074860125273551,US1OKCH0009,7.598958579517669,US1OKCH0010,13.348347431957293,US1OKCH0002,15.458595817751583
2013819,MOLLUSCA,BIVALVIA,VENEROIDA,PISIDIIDAE,PISIDIUM,PISIDIUM,4159,1.0,1.0,36.9350347427634,-85.77766442,SmallStreams,Region_04,NRS18_KY_10004,2019.0,6/18/2019,1,BERW,42.32,Fair,US1KYBR0010,5.962966222879876,US1KYBR0008,8.308531456008735,USC00157800,8.331597246852976,US1KYBR0005,8.367040098756382,USC00157805,11.420516688557814
2013820,ARTHROPODA,INSECTA,EPHEMEROPTERA,HEPTAGENIIDAE,EPEORUS,EPEORUS,3703,58.0,1.0,44.0764845413552,-71.79800264,SmallStreams,Region_01,NRS18_NH_10012,2019.0,6/18/2019,1,BERW,55.47,Good,USC00270675,7.297094559363464,US1NHGR0056,7.969996876889681,USC00274810,10.236267300353683,USC00276410,10.34784170004857,US1NHGR0036,10.671271487374755
2013821,ARTHROPODA,INSECTA,DIPTERA,TIPULIDAE,TIPULA,TIPULA,4368,1.0,1.0,44.0172171674266,-85.75154523,SmallStreams,Region_05,NRS18_MI_10017,2019.0,6/18/2019,1,BERW,19.4,Poor,USC00204969,5.741989834063356,USC00200446,15.199059939107736,USR0000MBAL,15.897472711914247,USC00205165,18.431416063339633,USC00206884,25.813757210204233
2013822,ARTHROPODA,INSECTA,EPHEMEROPTERA,BAETIDAE,FALLCEON,FALLCEON,3729,1.0,1.0,,,,Region_06,NRS18_TX_10017,,6/18/2019,2,BETB,42.93,,ACW00011604,,US1OKCV0084,,US1OKCV0083,,US1OKCV0082,,US1OKCV0081,
2013823,ARTHROPODA,INSECTA,EPHEMEROPTERA,EPHEMERELLIDAE,TIMPANOGA,TIMPANOGA,4366,,,40.0019052279798,-121.2682255,RiversOther,Region_09,NRS18_CA_10015,2019.0,6/18/2019,1,BETB,33.85,Poor,USC00041159,8.21290683200436,USC00041161,12.736599951105937,USC00041522,13.535243332597732,US1CAPM0002,17.032491948540873,USR0000CBUT,21.813271737572673
2013824,ANNELIDA,OLIGOCHAETA,HAPLOTAXIDA,NAIDIDAE,STYLARIA,STYLARIA,4323,6.0,1.0,39.8038978796282,-120.3762174,RiversOther,Region_09,NRS18_CA_10049,2019.0,6/17/2019,1,BETB,19.92,Poor,US1CAPM0009,5.3903494050263285,USC00047085,8.175030610962901,USC00047088,9.157986447587167,USC00049351,16.267186471192506,USC00045171,17.212810896465957
2013825,ARTHROPODA,INSECTA,PLECOPTERA,LEUCTRIDAE,LEUCTRA,LEUCTRA,3912,15.0,1.0,41.4124082869662,-74.74692932,SmallStreams,Region_03,NRS18_PA_10034,2019.0,6/18/2019,1,BERW,84.28,Good,USC00365470,3.406672093046676,USC00306774,5.360376419995714,US1PAPK0020,6.676740309437112,US1NYOR0015,6.734964706545557,US1NYOR0021,10.598826741023052
2013826,ARTHROPODA,INSECTA,DIPTERA,PELECORHYNCHIDAE,GLUTOPS,GLUTOPS,3754,1.0,1.0,40.7240029353705,-124.1173927,SmallStreams,Region_09,NRS18_CA_10007,2019.0,6/18/2019,1,BERW,55.62,Good,US1CAHM0081,3.0533715997500663,US1CAHM0089,4.678976316283405,US1CAHM0178,4.70953524684613,US1CAHM0155,4.781055486960329,US1CAHM0035,5.14338015063267
2013827,ARTHROPODA,INSECTA,EPHEMEROPTERA,HEPTAGENIIDAE,,HEPTAGENIIDAE,3802,,,,,,Region_04,NRS18_SC_10001,,6/18/2019,2,BERW,28.47,,ACW00011604,,US1OKCV0084,,US1OKCV0083,,US1OKCV0082,,US1OKCV0081,
2013828,ARTHROPODA,INSECTA,EPHEMEROPTERA,BAETIDAE,,BAETIDAE,3500,1.0,1.0,,,,Region_04,NRS18_SC_10002,,6/19/2019,2,BETB,25.38,,ACW00011604,,US1OKCV0084,,US1OKCV0083,,US1OKCV0082,,US1OKCV0081,
2013829,ARTHROPODA,INSECTA,EPHEMEROPTERA,EPHEMERELLIDAE,EPHEMERELLA,EPHEMERELLA,3705,4.0,1.0,43.7188028622575,-115.3064835,SmallStreams,Region_10,NRS18_ID_10053,2019.0,6/18/2019,1,BERW,58.22,Good,USS0015F04S,7.03649407268082,USC00103133,12.228581947710609,USC00101019,12.912270515477266,USS0015F05S,14.587977112329853,USC00108303,15.978391698501438
2013830,ARTHROPODA,INSECTA,PLECOPTERA,LEUCTRIDAE,,LEUCTRIDAE,3913,1.0,0.0,,,,Region_03,NRS18_WV_RF004,,6/18/2019,1,BETB,82.95,,ACW00011604,,US1OKCV0084,,US1OKCV0083,,US1OKCV0082,,US1OKCV0081,
2013831,ARTHROPODA,INSECTA,DIPTERA,CHIRONOMIDAE,MICROTENDIPES,MICROTENDIPES,3982,2.0,1.0,39.6132139410826,-121.7793686,LargeStreams,Region_09,NRS18_CA_10019,2019.0,6/19/2019,1,BETB,59.63,Good,US1CABT0042,8.873968601606089,USC00041715,9.368526096862345,USR0000CCHC,10.973462394446635,US1CABT0003,13.517519198802606,US1CABT0011,14.048153446014638
2013832,ARTHROPODA,INSECTA,DIPTERA,CHIRONOMIDAE,PARATENDIPES,PARATENDIPES,4121,1.0,1.0,44.8512709279977,-93.9828323,RiversOther,Region_05,NRS18_MN_10018,2019.0,6/19/2019,1,BETB,28.78,Fair,US1MNCV0071,1.7462443091587656,US1MNCV0085,3.927667939015602,USC00214692,5.390736634655977,USC00219208,5.737893817057394,US1MNMC0036,6.019236612738898
2013833,ARTHROPODA,INSECTA,COLEOPTERA,DYTISCIDAE,NEOPORUS,NEOPORUS,5146,,,35.983411877694,-77.86095318,RiversOther,Region_04,NRS18_NC_10645,2019.0,6/18/2019,1,BERW,51.97,Fair,US1NCNS0034,1.2234845305885702,US1NCNS0027,4.791922897040893,USC00317395,5.172744387939213,USR0000NRKM,5.7267156312428,USW00013746,5.7912318306289725
2013834,ARTHROPODA,INSECTA,COLEOPTERA,ELMIDAE,MACRONYCHUS,MACRONYCHUS,3952,,,45.8581464883832,-90.42647469,LargeStreams,Region_05,NRS18_WI_10048,2019.0,6/19/2019,1,BETB,45.67,Good,US1WIPR0010,2.4504691971387285,USC00476398,8.59526600067087,US1WIPR0004,10.613477544967926,USC00471249,16.292724470802455,USC00471245,16.76713088942481
2013835,ARTHROPODA,INSECTA,TRICHOPTERA,CALAMOCERATIDAE,HETEROPLECTRON,HETEROPLECTRON,3812,1.0,1.0,40.7720397544849,-123.3027922,SmallStreams,Region_09,NRS18_CA_10094,2019.0,6/19/2019,1,BERW,61.62,Good,USR0000CBBR,7.26778286851214,USC00040738,8.731536787223286,USC00041215,14.14557433345148,USR0000CUND,17.148694915806672,USR0000CBAC,18.769072518301403
2013837,ARTHROPODA,INSECTA,DIPTERA,CHIRONOMIDAE,CLADOTANYTARSUS,CLADOTANYTARSUS,3594,121.0,1.0,,,,Region_04,NRS18_FL_RF003,,6/19/2019,1,BETB,44.02,,ACW00011604,,US1OKCV0084,,US1OKCV0083,,US1OKCV0082,,US1OKCV0081,
2013838,ARTHROPODA,INSECTA,DIPTERA,CHIRONOMIDAE,ABLABESMYIA,ABLABESMYIA,3406,6.0,1.0,37.2565872661277,-87.59639111,LargeStreams,Region_04,NRS18_KY_10016,2019.0,6/19/2019,1,BERW,35.62,Fair,USC00152407,7.141564333369651,USC00155067,11.970982859182804,US1KYHP0013,12.114153331070248,US1KYHP0002,12.496869859783754,USC00152072,13.518472004007966
2013839,ARTHROPODA,ARACHNIDA,TROMBIDIFORMES,LEBERTIIDAE,ESTELLOXUS,ESTELLOXUS,3720,1.0,1.0,30.5869873037536,-84.35733272,RiversOther,Region_04,NRS18_FL_10010,2019.0,6/19/2019,1,BETB,40.05,Poor,US1FLLN0001,6.28666056582098,US1FLLN0093,6.8683882285390165,US1FLLN0034,8.606655530460632,US1FLLN0064,8.610760145409246,US1FLLN0027,9.677574691622976
2013840,ARTHROPODA,INSECTA,DIPTERA,CHIRONOMIDAE,PHAENOPSECTRA,PHAENOPSECTRA,4143,32.0,1.0,43.6890128349559,-108.1791191,RiversMajor,Region_08,NRS18_WY_10034,2019.0,6/19/2019,1,BETB,37.57,Poor,US1WYHS0015,0.7752424109391716,US1WYHS0006,2.4523884987881046,US1WYHS0018,4.151385924159385,US1WYHS0003,4.935279641138386,USC00488875,4.936745399803537
2013841,ARTHROPODA,INSECTA,TRICHOPTERA,HYDROPTILIDAE,ITHYTRICHIA,ITHYTRICHIA,3870,3.0,1.0,43.6823724671956,-106.3391975,RiversOther,Region_08,NRS18_WY_11315,2019.0,6/18/2019,1,BERW,29.15,Poor,USC00488801,2.1439052037288895,US1WYJN0007,4.22201894553615,US1WYJN0015,4.670115713673142,US1WYJN0036,6.011217162456197,US1WYJN0001,14.431965812920389
2013842,ARTHROPODA,INSECTA,PLECOPTERA,PERLODIDAE,REMENUS,REMENUS,4240,,,42.7567415856581,-72.46334804,SmallStreams,Region_01,NRS18_NH_10008,2019.0,6/20/2019,1,BERW,46.68,Fair,USC00438600,4.5327693790415715,US1NHCH0011,6.946333641797854,USC00279726,7.967427529559786,US1NHCH0031,7.990718521923575,US1VTWH0029,11.967684508892395
2013843,ARTHROPODA,INSECTA,DIPTERA,CHIRONOMIDAE,,CHIRONOMIDAE,3581,3.0,0.0,48.2500421131054,-93.88671437,LargeStreams,Region_05,NRS18_MN_10050,2019.0,6/20/2019,1,BETB,44.97,Good,US1MNKC0006,8.430597222669872,USC00210746,8.76112330109606,USC00214809,17.939023616225867,USR0000MLTT,28.439614283986348,USC00214806,29.96299173537062
2013844,ARTHROPODA,ARACHNIDA,TROMBIDIFORMES,UNIONICOLIDAE,UNIONICOLA,UNIONICOLA,4400,3.0,1.0,48.2310693375914,-92.35028682,RiversOther,Region_05,NRS18_MN_10067,2019.0,6/19/2019,1,BETB,36.02,Fair,USC00211857,9.486662006543394,USR0000MMEA,18.83489114405165,USC00216211,36.63775425107365,US1MNSL0247,36.88010690466281,USC00214306,37.06265153834749
2013845,ARTHROPODA,INSECTA,EPHEMEROPTERA,EPHEMERELLIDAE,,EPHEMERELLIDAE,3706,1.0,1.0,39.2489047026725,-77.81410271,RiversMajor,Region_03,NRS18_WV_10008,2019.0,6/19/2019,1,BETB,49.8,Good,US1WVJF0012,2.3066481146259097,USC00461588,5.742514913707509,US1WVJF0006,7.5258148312160165,US1WVJF0005,7.8814911573162005,US1WVJF0003,9.369409647979552
2013846,ARTHROPODA,INSECTA,DIPTERA,CHIRONOMIDAE,ABLABESMYIA,ABLABESMYIA,3406,,,44.3134011670055,-89.89086382,RiversMajor,Region_05,NRS18_WI_10027,2019.0,6/20/2019,1,BETB,26.77,Fair,USC00476750,2.293002317394958,USC00471360,6.125737795504358,US1WIWD0007,6.617752342266109,USW00004826,6.65992598191097,US1WIWD0026,6.994158840158308
2013847,ARTHROPODA,INSECTA,DIPTERA,CHIRONOMIDAE,HYDROBAENUS,HYDROBAENUS,3831,1.0,1.0,44.7526932355475,-93.77072533,LargeStreams,Region_05,NRS18_MN_10052,2019.0,6/20/2019,1,BERW,42.15,Good,US1MNCV0066,9.12287576605323,US1MNCV0060,9.391140954487032,US1MNCV0041,9.522653596864352,US1MNCV0035,9.918020020640402,US1MNCV0095,10.067564005019621
2013848,ARTHROPODA,INSECTA,EPHEMEROPTERA,CAENIDAE,CAENIS,CAENIS,3542,7.0,1.0,29.6120370421701,-104.467439,RiversMajor,Region_06,NRS18_TX_10116,2019.0,6/20/2019,1,BETB,17.67,Poor,MXN00008241,9.304234359353169,MXN00008254,9.492874037803103,MXN00008031,9.492874037803103,USC00417262,10.341822802972912,USW00000471,10.541963207658107
2013849,ARTHROPODA,INSECTA,DIPTERA,CHIRONOMIDAE,STEMPELLINELLA,STEMPELLINELLA,4308,9.0,1.0,42.620080906243,-109.1883507,SmallStreams,Region_08,NRS18_WY_10400,2019.0,6/20/2019,1,BERW,46.55,Fair,USC00482780,5.058510553968477,USS0009G09S,6.7395678631507385,USS0009G06S,9.201407410320611,USS0009G11S,20.698246695450603,USS0008G10S,23.83551687535393
2013850,MOLLUSCA,GASTROPODA,BASOMMATOPHORA,LYMNAEIDAE,,LYMNAEIDAE,3945,,,39.0007527861202,-75.49461224,SmallStreams,Region_03,NRS18_DE_10037,2019.0,6/20/2019,1,BERW,29.33,Poor,US1DEKN0001,4.030896867808106,US1DEKN0026,5.392011956296687,US1DEKN0028,6.211830525029315,US1DEKN0024,6.6938405669227325,US1DEKN0016,8.57286728594917
2013851,ANNELIDA,OLIGOCHAETA,HAPLOTAXIDA,TUBIFICIDAE,AULODRILUS,AULODRILUS,3496,,,44.4072430786482,-93.61883431,SmallStreams,Region_05,NRS18_MN_10008,2019.0,6/21/2019,1,BERW,11.02,Poor,USC00215571,6.810021902413896,US1MNLS0049,7.758460499084105,US1MNLS0024,7.849457245129683,US1MNLS0051,8.090706588316266,USC00214641,8.21879989015578
2013852,ARTHROPODA,INSECTA,DIPTERA,CHIRONOMIDAE,ABLABESMYIA,ABLABESMYIA,3406,2.0,1.0,48.49412822,-94.08020957,SmallStreams,Region_05,NRS18_MN_10046,2019.0,6/21/2019,1,BERW,2.8,Poor,USC00215081,15.855523270147044,CA006020559,17.585559047676345,USC00214008,19.716522901969586,CA006028128,23.75907134841275,CA006022010,24.45634896227756
2013853,ARTHROPODA,INSECTA,EPHEMEROPTERA,LEPTOHYPHIDAE,TRICORYTHODES,TRICORYTHODES,4384,2.0,1.0,41.00445546,-91.66528083,RiversOther,Region_07,NRS18_IA_10007,2019.0,6/21/2019,1,BETB,27.67,Fair,USC00135796,8.357583060503966,USC00136160,8.711880175622877,US1IAHY0002,13.072683427127853,USC00137363,19.139312913506636,US1IAHY0005,19.997624690160194
2013854,ANNELIDA,OLIGOCHAETA,HAPLOTAXIDA,TUBIFICIDAE,LIMNODRILUS,LIMNODRILUS,3925,1.0,1.0,36.1502123180618,-76.7378938,RiversOther,Region_04,NRS18_NC_10002,2019.0,6/19/2019,1,BETB,24.75,Poor,US1NCCW0031,5.2474973477839235,US1NCCW0017,7.91463100574766,US1NCCW0028,9.40405648228575,US1NCCW0030,9.714779644150447,US1NCBT0037,10.499453919033321
2013855,ARTHROPODA,INSECTA,ODONATA,COENAGRIONIDAE,,COENAGRIONIDAE,3606,,,36.4817098443678,-77.65994012,RiversOther,Region_04,NRS18_NC_10006,2019.0,6/18/2019,1,BETB,17.6,Poor,USC00317319,1.0711785155959184,US1NCHL0003,1.3216181111923544,US1NCHL0001,6.250199963411104,USW00093781,6.475840333598415,USC00319191,7.596891136785932
2013856,ARTHROPODA,INSECTA,TRICHOPTERA,POLYCENTROPODIDAE,,POLYCENTROPODIDAE,4174,1.0,1.0,35.4580018942284,-77.67500814,RiversOther,Region_04,NRS18_NC_10008,2019.0,6/20/2019,1,BETB,46.58,Fair,USC00318060,1.07402284948822,US1NCGN0007,4.36379807324871,USC00318066,4.379566210570796,US1NCGN0010,9.542955043627794,US1NCGN0012,14.626508477910566
2013857,ARTHROPODA,INSECTA,DIPTERA,CHIRONOMIDAE,POLYPEDILUM,POLYPEDILUM,4178,1.0,1.0,34.7958362283058,-78.80513137,RiversMajor,Region_04,NRS18_NC_10026,2019.0,6/21/2019,1,BETB,6.1,Poor,USC00311449,4.192037687804714,USC00319427,4.728047190189094,US1NCRB0006,8.206753735574923,US1NCCM0059,9.640846643614754,US1NCCM0006,10.672973266251626
2013861,ARTHROPODA,INSECTA,DIPTERA,CHIRONOMIDAE,CLINOTANYPUS,CLINOTANYPUS,3600,1.0,1.0,35.5085180242731,-78.9607055,RiversMajor,Region_04,NRS18_NC_10027,2019.0,6/23/2019,1,BETB,11.7,Poor,US1NCHR0021,7.843352750414301,USC00317656,8.412417375033469,US1NCHR0050,9.294755560887223,USC00315763,11.593644593394224,US1NCHR0026,13.017264674931134
2013862,ARTHROPODA,MALACOSTRACA,ISOPODA,ASELLIDAE,CAECIDOTEA,CAECIDOTEA,3540,2.0,1.0,42.4783306410836,-89.0560394,RiversMajor,Region_05,NRS18_IL_10014,2019.0,6/23/2019,1,BETB,16.12,Poor,USC00470696,3.5021623667754933,US1WIRK0036,3.803106587900072,US1ILWN0019,3.819413931771566,US1ILWN0054,3.823593955007844,US1ILWN0041,4.05043260306927
2013864,ARTHROPODA,INSECTA,DIPTERA,CHIRONOMIDAE,POLYPEDILUM,POLYPEDILUM,4178,1.0,1.0,42.9343452572408,-110.7209235,LargeStreams,Region_08,NRS18_WY_10025,2019.0,6/23/2019,1,BETB,46.05,Fair,USS0010G02S,9.4683212003609,USS0010G23S,15.994027850515568,USC00480605,16.411741166801928,USC00480603,16.608260495570764,US1WYLN0036,18.85043572280363
2013865,ANNELIDA,OLIGOCHAETA,ENCHYTRAEIDA,ENCHYTRAEIDAE,,ENCHYTRAEIDAE,3697,3.0,1.0,42.8129909465328,-110.6890214,LargeStreams,Region_08,NRS18_WY_10005,2019.0,6/23/2019,1,BETB,49.22,Fair,USS0010G15S,10.000798802960713,USS0010G23S,12.33924863195799,USS0010G02S,17.56879039598912,USC00480605,18.209241406099775,USC00480603,18.979519447539044
2013866,ARTHROPODA,INSECTA,DIPTERA,CHIRONOMIDAE,MICROPSECTRA,MICROPSECTRA,3981,2.0,1.0,43.3155167535876,-110.6957377,RiversOther,Region_08,NRS18_WY_11594,2019.0,6/21/2019,1,BETB,40.77,Fair,US1WYTT0026,2.683014825403929,US1WYTT0028,12.525462350464556,US1WYTT0024,13.88471446991497,US1WYTT0021,15.169773087725897,US1WYTT0002,15.623927476704603
2013867,ARTHROPODA,INSECTA,TRICHOPTERA,HYDROPSYCHIDAE,HYDROPSYCHE,HYDROPSYCHE,3844,1.0,1.0,45.1697748740865,-120.4822805,RiversMajor,Region_10,NRS18_OR_10014,2019.0,6/22/2019,1,BETB,62.82,Good,USR0000ONPR,15.189326321485858,US1ORGL0001,16.836920229916686,USC00354411,17.27806909157341,USC00355295,18.21409461801812,USC00351765,25.045922251008395
2013868,ARTHROPODA,INSECTA,DIPTERA,CHIRONOMIDAE,PROCLADIUS,PROCLADIUS,4191,1.0,1.0,39.2654476854131,-77.53817853,RiversMajor,Region_03,NRS18_MD_11081,2019.0,6/24/2019,1,BETB,41.78,Fair,US1VALD0040,3.8453380824802355,US1VALD0018,4.487888150304641,US1VALD0014,5.060977458558864,US1MDFR0023,7.8277537621298885,US1MDFR0024,8.419077449013463
2013869,ANNELIDA,OLIGOCHAETA,ENCHYTRAEIDA,ENCHYTRAEIDAE,,ENCHYTRAEIDAE,3697,4.0,1.0,42.6069514674844,-98.89009923,SmallStreams,Region_07,NRS18_NE_10079,2019.0,6/24/2019,1,BERW,25.02,Poor,US10holt022,7.546407102615285,US10holt014,10.244062133266578,US10holt004,10.613589846995982,US1Holt4250,11.60883926772112,US10holt016,12.289249161172267
2013870,ARTHROPODA,INSECTA,PLECOPTERA,PERLODIDAE,ISOPERLA,ISOPERLA,3867,,,46.7417817643903,-88.48809369,SmallStreams,Region_05,NRS18_MI_10035,2019.0,6/24/2019,1,BERW,63.32,Good,USC00204623,3.0523467635872397,USC00200485,4.631034640640818,USC00200489,4.631034640640818,USC00200495,10.482639811461114,USC00200089,10.808169849597792
2013871,ARTHROPODA,INSECTA,EPHEMEROPTERA,BAETIDAE,ISWAEON,ISWAEON,3869,,,47.761432223104,-93.85485445,LargeStreams,Region_05,NRS18_MN_10054,2019.0,6/24/2019,1,BETB,16.15,Poor,US1MNIT0048,13.02305035383936,USR0000MEFF,15.728552466283778,US1MNIT0080,19.71044909143141,USC00215175,21.00067300022753,US1MNIT0047,21.43868938091434
2013872,ARTHROPODA,INSECTA,TRICHOPTERA,LEPTOCERIDAE,NECTOPSYCHE,NECTOPSYCHE,4011,20.0,1.0,48.5797289776508,-95.69162612,SmallStreams,Region_05,NRS18_MN_10037,2019.0,6/23/2019,1,BERW,61.87,Good,USC00218656,8.914585685310106,USR0000MAGA,15.844621398028766,USC00212940,19.41254735786635,USC00218235,21.550782643407285,US1MNRS0006,22.490006863606634
2013873,ARTHROPODA,ARACHNIDA,,,,ARACHNIDA,3472,1.0,0.0,35.8224063743345,-81.18403673,RiversMajor,Region_04,NRS18_NC_10010,2019.0,6/24/2019,1,BETB,17.5,Poor,US1NCCT0005,0.453664798722444,USC00311990,0.7060366938148315,US1NCCT0035,1.6777460856819015,US1NCAX0009,2.297502683849549,US1NCAX0011,6.125104850227694
2013876,ARTHROPODA,INSECTA,DIPTERA,CHIRONOMIDAE,HYDROBAENUS,HYDROBAENUS,3831,1.0,1.0,36.7588438531145,-97.45724645,SmallStreams,Region_06,NRS18_OK_11421,2019.0,6/24/2019,1,BERW,27.13,Fair,US1OKKY0003,4.544316496310744,USC00345013,11.9266016398576,USC00340814,14.733313035637181,US1OKKY0006,14.824883814270873,USC00340818,15.148962744160938
2013877,ARTHROPODA,INSECTA,DIPTERA,CHIRONOMIDAE,PARACLADOPELMA,PARACLADOPELMA,4101,4.0,1.0,42.537291783049,-91.50170822,RiversOther,Region_07,NRS18_IA_10031,2019.0,6/24/2019,1,BETB,35.35,Fair,US1IADW0009,5.506185081595415,US1IADW0002,6.282440316335146,USC00135085,6.960701252862267,US1IADW0010,7.0147047852777265,USC00135086,8.21196103610559
2013878,ARTHROPODA,INSECTA,DIPTERA,TIPULIDAE,ERIOPTERA,ERIOPTERA,3715,11.0,1.0,46.7649255001996,-96.77698153,RiversMajor,Region_05,NRS18_MN_10020,2019.0,6/23/2019,1,BETB,18.17,Poor,US1NDCS0068,1.7750382164009129,US1NDCS0077,4.330362532698389,US1NDCS0024,6.351458773559633,US1NDCS0011,6.751970528279734,US1NDCS0065,6.829435446128741
2013879,ARTHROPODA,INSECTA,EPHEMEROPTERA,EPHEMERIDAE,HEXAGENIA,HEXAGENIA,3816,1.0,1.0,34.2270206175452,-95.49316527,RiversMajor,Region_06,NRS18_OK_10035,2019.0,6/24/2019,1,BETB,16.03,Poor,US1OKPH0001,8.356479868381662,USC00340256,11.222951159677947,USC00348407,15.708317761968203,USC00340257,19.072218633104654,US1OKCW0003,22.58476606844714
2013880,ARTHROPODA,ARACHNIDA,TROMBIDIFORMES,SPERCHONIDAE,SPERCHON,SPERCHON,4296,7.0,1.0,38.2233276990406,-108.3525292,SmallStreams,Region_08,NRS18_CO_10398,2019.0,6/24/2019,1,BERW,53.05,Fair,US1COSM0001,8.975930904880887,US1COSM0003,10.348059057948559,US1COSM0007,10.759826132940992,US1COSM0013,10.837970682873804,US1COSM0014,11.532342092614009
2013881,ARTHROPODA,INSECTA,DIPTERA,CHIRONOMIDAE,ZAVRELIELLA,ZAVRELIELLA,4432,1.0,1.0,43.6560576501291,-75.56437327,SmallStreams,Region_02,NRS18_NY_10051,2019.0,6/25/2019,1,BERW,10.87,Poor,USC00303851,5.699657792963608,USC00303856,8.954317706542325,USC00308635,11.899869071076626,USC00308633,12.664282218690108,USC00303250,12.745422911926065
2013882,MOLLUSCA,GASTROPODA,NEOTAENIOGLOSSA,PLEUROCERIDAE,PLEUROCERA,PLEUROCERA,4169,2.0,1.0,35.2187650625603,-84.65150132,RiversOther,Region_04,NRS18_TN_10015,2019.0,6/25/2019,1,BETB,25.98,Poor,US1TNPK0001,6.54154938826199,USC00401636,11.467039269167705,USC00401808,12.735896784355873,USC00402572,12.842434903223099,US1TNPK0002,13.105724973903875
2013883,ARTHROPODA,INSECTA,DIPTERA,SIMULIIDAE,,SIMULIIDAE,4280,4.0,0.0,42.7674430378102,-99.1385237,LargeStreams,Region_07,NRS18_NE_10030,2019.0,6/25/2019,1,BERW,57.1,Good,US10rock006,14.495722497622276,US1Boyd4042,17.444185594255575,US1NEKP0002,19.282627547484804,US10holt022,20.23123062851084,US10holt016,21.461895092051883
2013884,MOLLUSCA,GASTROPODA,BASOMMATOPHORA,PHYSIDAE,PHYSA,PHYSA,4149,2.0,1.0,43.2179334449342,-89.82450856,RiversMajor,Region_05,NRS18_WI_10010,2019.0,6/25/2019,1,BETB,52.7,Good,USC00475189,4.609898387271102,US1WISK0021,7.8316843530453015,USC00477576,8.74483526082312,US1WIIW0013,9.532040279543603,US1WISK0003,9.592701276358405
2013885,MOLLUSCA,GASTROPODA,NEOTAENIOGLOSSA,PLEUROCERIDAE,,PLEUROCERIDAE,4170,40.0,1.0,39.5985639548594,-77.88460965,RiversMajor,Region_03,NRS18_MD_10004,2019.0,6/25/2019,1,BETB,67.2,Good,US1WVBY0002,3.122243080634261,USC00189570,3.481782482155856,USC00183880,4.740724350099586,US1MDWH0008,5.483373246823916,USC00181890,7.690165354781595
2013886,ARTHROPODA,INSECTA,MEGALOPTERA,SIALIDAE,SIALIS,SIALIS,4276,1.0,1.0,37.2961756078598,-83.06281405,SmallStreams,Region_04,NRS18_KY_10005,2019.0,6/25/2019,1,BERW,27.48,Poor,USC00151318,7.463373691018006,USC00153899,8.153993880974983,USC00154672,10.797041692750607,USC00153714,11.845752779797575,USC00153713,12.182302689301629
2013887,MOLLUSCA,BIVALVIA,VENEROIDA,PISIDIIDAE,,PISIDIIDAE,4158,8.0,1.0,46.2920557996612,-88.94178909,SmallStreams,Region_05,NRS18_MI_10006,2019.0,6/25/2019,1,BERW,14.78,Poor,US1MIIR0001,7.846709878248025,USC00200647,12.90265281707532,US1MIGG0004,17.625540901703914,USR0000MWAT,17.726003135091414,USC00208680,17.929533466207207
2013888,ARTHROPODA,INSECTA,DIPTERA,CERATOPOGONIDAE,,CERATOPOGONIDAE,3566,11.0,0.0,33.8750702479969,-84.4490267,RiversMajor,Region_04,NRS18_GA_10019,2019.0,6/25/2019,1,BETB,19.27,Poor,US1GACB0002,4.633114061003023,US1GACB0037,5.901051478552826,US1GACB0068,6.008172608700491,US1GACB0007,6.758614562188117,USC00090444,6.941567077148222
2013889,ARTHROPODA,INSECTA,DIPTERA,CHIRONOMIDAE,CRYPTOTENDIPES,CRYPTOTENDIPES,3628,1.0,1.0,46.5106952993502,-102.8201334,RiversMajor,Region_08,NRS18_ND_10044,2019.0,6/25/2019,1,BERW,32.33,Poor,USC00326315,5.0148544182967525,US1NDSK0028,16.495252707430677,USC00327465,22.2555002313492,USC00327452,26.969202014923823,US1NDHT0001,28.28245803857707
2013890,ARTHROPODA,INSECTA,EPHEMEROPTERA,BAETIDAE,ACERPENNA,ACERPENNA,3408,1.0,1.0,47.7629783161004,-95.40422429,LargeStreams,Region_05,NRS18_MN_10028,2019.0,6/25/2019,1,BERW,43.67,Good,US1MNCL0005,8.122405522765554,USC00213206,9.033751549303721,USC00214688,14.403664070590787,USC00218332,27.725976700330026,US1MNPK0018,29.899292437024016
2013891,ARTHROPODA,INSECTA,COLEOPTERA,ELMIDAE,MICROCYLLOEPUS,MICROCYLLOEPUS,3980,24.0,1.0,38.7614982531126,-109.3237165,RiversMajor,Region_08,NRS18_UT_10010,2019.0,6/25/2019,1,BETB,56.98,Fair,USC00422150,6.072424562488938,USC00421241,13.859901740790137,USC00421243,13.921819538115495,US1UTGR0016,14.632462077797884,US1UTGR0011,15.780304992972889
2013894,ARTHROPODA,INSECTA,DIPTERA,CHIRONOMIDAE,,CRICOTOPUS/ORTHOCLADIUS,3623,34.0,1.0,45.9998377484127,-96.57328838,RiversOther,Region_05,NRS18_MN_10068,2019.0,6/25/2019,1,BETB,11.88,Poor,USC00218260,8.41416973745669,USC00218947,15.317084022701275,USC00211245,16.559811722631302,US1MNWK0002,16.683210636115884,US1SDRB0007,17.933905594431717
2013895,ARTHROPODA,INSECTA,EPHEMEROPTERA,HEPTAGENIIDAE,MACCAFFERTIUM,MACCAFFERTIUM,3948,1.0,1.0,35.3816361132428,-95.12699571,RiversMajor,Region_06,NRS18_OK_10032,2019.0,6/25/2019,1,BETB,20.72,Poor,USC00349445,13.099968329647714,USC00348720,13.184866569017759,USC00348497,15.202902612017953,USC00349611,16.010879355922803,USC00342994,20.79826342778755
2013896,ARTHROPODA,INSECTA,ODONATA,GOMPHIDAE,,GOMPHIDAE,3759,6.0,1.0,42.8280541526996,-91.37593124,RiversOther,Region_07,NRS18_IA_10018,2019.0,6/25/2019,1,BETB,30.75,Fair,USC00132603,8.634945100135424,US1IACT0008,12.161366504982347,USC00138009,20.4114359017162,USC00133517,23.33050542956137,USC00135630,24.690689981249946
2013897,ARTHROPODA,INSECTA,ODONATA,AESHNIDAE,,AESHNIDAE,3418,,,44.4031492320489,-71.11012364,LargeStreams,Region_01,NRS18_NH_10017,2019.0,6/25/2019,1,BERW,46.48,Fair,US1NHCS0021,5.018015768943512,USC00273487,5.878536342034825,USC00273485,6.219053473436953,USC00273488,6.8081005975986315,USC00270690,8.209206031999212
2013898,ARTHROPODA,INSECTA,ODONATA,COENAGRIONIDAE,,COENAGRIONIDAE,3606,1.0,1.0,43.2766256348133,-103.5200658,RiversMajor,Region_08,NRS18_SD_10061,2019.0,6/25/2019,1,BETB,18.43,Poor,USC00394010,3.553269439629952,USC00391485,6.751377534656761,US1SDFR0005,7.903529878891104,USC00390217,10.763208933261419,US1SDFR0035,11.325068624043528
2013899,ARTHROPODA,INSECTA,TRICHOPTERA,HYDROPTILIDAE,,HYDROPTILIDAE,3847,1.0,0.0,35.0436523255658,-80.46558258,LargeStreams,Region_04,NRS18_NC_10001,2019.0,6/25/2019,1,BERW,25.27,Poor,US1NCUN0001,6.757214600485164,USC00315771,8.843036565464512,US1NCUN0010,9.466447446726486,US1NCUN0035,10.743434696902343,US1NCUN0045,14.17587055358802
2013900,ARTHROPODA,INSECTA,EPHEMEROPTERA,BAETIDAE,,BAETIDAE,3500,1.0,0.0,46.4808726971531,-90.55855213,LargeStreams,Region_05,NRS18_WI_10015,2019.0,6/25/2019,1,BERW,32.28,Fair,US1WIIR0008,5.2031436046620145,USC00473332,9.307463888731503,USC00477612,13.583959309459825,USC00475286,13.987067404050096,US1WIAS0006,15.405940939830641
2013901,ARTHROPODA,INSECTA,EPHEMEROPTERA,HEPTAGENIIDAE,EPEORUS,EPEORUS,3703,7.0,1.0,38.7693325473687,-106.4588986,SmallStreams,Region_08,NRS18_CO_10064,2019.0,6/25/2019,1,BERW,30.1,Poor,USS0006L05S,10.903796423833443,USC00057345,11.108057607164596,USS0006L02S,12.682037630260483,USC00058184,14.070261171314803,US1COCF0034,17.346900584836163
2013902,ARTHROPODA,INSECTA,EPHEMEROPTERA,EPHEMERELLIDAE,DRUNELLA,DRUNELLA,3676,3.0,1.0,39.7573871515813,-123.7248447,LargeStreams,Region_09,NRS18_CA_10026,2019.0,6/25/2019,1,BERW,61.1,Good,USC00041046,9.038043603444635,US1CAMD0065,9.138942605652,USC00042218,11.507497384629954,US1CAMD0019,11.837966534112129,USC00044883,13.016284881882836
2013903,ARTHROPODA,INSECTA,EPHEMEROPTERA,BAETIDAE,LABIOBAETIS,LABIOBAETIS,4774,12.0,1.0,42.6501805088432,-90.03286359,RiversOther,Region_05,NRS18_WI_10014,2019.0,6/26/2019,1,BETB,17.62,Poor,USC00472001,6.755404506700742,US1WILF0004,6.920067859374379,USC00473250,7.567818751705682,US1WILF0001,11.48090011841753,USC00470287,14.440755124334473
2013904,ARTHROPODA,INSECTA,COLEOPTERA,ELMIDAE,OPTIOSERVUS,OPTIOSERVUS,4071,41.0,1.0,42.43041813,-111.7890883,SmallStreams,Region_10,NRS18_ID_10018,2019.0,6/25/2019,1,BERW,68.38,Good,US1IDCR0002,12.079470918674234,USR0000IGRA,13.035736920597069,USC00103732,14.952982748109356,USS0011G30S,17.196012158708175,USS0011G06S,20.37691934154364
2013905,ARTHROPODA,INSECTA,COLEOPTERA,ELMIDAE,OPTIOSERVUS,OPTIOSERVUS,4071,34.0,1.0,43.6656792625234,-75.29471159,LargeStreams,Region_02,NRS18_NY_10089,2019.0,6/26/2019,1,BERW,46.48,Fair,USC00304944,7.9510123131284365,USC00302143,9.87576826332569,USC00308635,9.967240241144253,US1NYLW0009,10.038466133181336,USC00301388,10.406757754074002
2013906,MOLLUSCA,BIVALVIA,VENEROIDA,PISIDIIDAE,PISIDIUM,PISIDIUM,4159,6.0,1.0,34.9924676924428,-97.68385799,SmallStreams,Region_06,NRS18_OK_10432,2019.0,6/26/2019,1,BERW,5.75,Poor,USC00340830,14.048658692625974,USC00349346,14.8710859011255,US1OKGY0001,15.148647513716016,US1OKMC0002,16.574475489344557,US1OKMC0005,17.823544087258814
2013907,ARTHROPODA,INSECTA,DIPTERA,CHIRONOMIDAE,EINFELDIA,EINFELDIA,3691,2.0,1.0,29.9382842564585,-82.10600451,SmallStreams,Region_04,NRS18_FL_10047,2019.0,6/25/2019,1,BERW,24.95,Poor,USC00088527,0.8012085265591782,US1FLBF0002,0.940629189169688,USC00088529,1.001893469829441,US1FLBF0003,1.1616439445530085,USC00088530,7.125311710693134
2013908,ARTHROPODA,ARACHNIDA,TROMBIDIFORMES,LEBERTIIDAE,LEBERTIA,LEBERTIA,3892,2.0,1.0,,,,Region_04,NRS18_TN_RF001,,6/26/2019,1,BETB,45.45,,ACW00011604,,US1OKCV0084,,US1OKCV0083,,US1OKCV0082,,US1OKCV0081,
2013909,ARTHROPODA,INSECTA,DIPTERA,CHIRONOMIDAE,,CRICOTOPUS/ORTHOCLADIUS,3623,7.0,1.0,33.2692679340875,-100.0100893,RiversMajor,Region_06,NRS18_TX_10060,2019.0,6/25/2019,1,BETB,38.3,Good,US1TXHSK003,13.772521931679059,USC00413994,19.941261079607035,USC00414852,24.32010650112025,USC00410394,24.47510508392304,US1TXKX0003,25.01550638316131
2013910,ARTHROPODA,INSECTA,DIPTERA,CHIRONOMIDAE,PHAENOPSECTRA,PHAENOPSECTRA,4143,7.0,1.0,45.4110686076848,-119.794268,LargeStreams,Region_10,NRS18_OR_10521,2019.0,6/26/2019,1,BERW,42.88,Fair,USC00353297,7.084843942264365,USC00354161,12.507925684789779,US1ORMW0003,16.297063426671308,USC00353827,18.695934940202278,US1ORMW0006,20.221025394841302
2013911,ARTHROPODA,INSECTA,TRICHOPTERA,LEPTOCERIDAE,OECETIS,OECETIS,4060,2.0,1.0,46.2655588400387,-89.43310093,LargeStreams,Region_05,NRS18_MI_10049,2019.0,6/26/2019,1,BERW,37.67,Good,USC00208682,5.083284210273432,US1WIVL0009,8.59391908784077,US1WIVL0005,13.624878975562913,US1WIVL0010,14.202257153631411,US1WIVL0001,14.28504625470091
2013912,ARTHROPODA,INSECTA,DIPTERA,CHIRONOMIDAE,PARALAUTERBORNIELLA,PARALAUTERBORNIELLA,4107,1.0,1.0,38.1279013127304,-81.21958276,RiversMajor,Region_03,NRS18_WV_10020,2019.0,6/25/2019,1,BETB,36.37,Fair,USC00464727,1.2212844065804518,USC00460202,8.935389949488671,USC00467135,9.838806146097845,US1WVFY0010,9.982466177572272,USC00460661,12.141299763322252
2013913,ARTHROPODA,INSECTA,DIPTERA,CHIRONOMIDAE,TANYTARSUS,TANYTARSUS,4348,24.0,1.0,46.9154609603806,-94.042166,SmallStreams,Region_05,NRS18_MN_10023,2019.0,6/26/2019,1,BERW,5.88,Poor,US1MNCS0031,7.741625313238091,US1MNCS0035,8.905328031053225,US1MNCS0081,12.952889330038408,US1MNCS0042,14.02359252008692,USC00216848,18.44209485536713
2013914,ARTHROPODA,MALACOSTRACA,AMPHIPODA,CRANGONYCTIDAE,CRANGONYX,CRANGONYX,3622,5.0,1.0,40.0995136517637,-74.86764777,LargeStreams,Region_03,NRS18_PA_10022,2019.0,6/26/2019,1,BERW,35.98,Poor,US1PABK0058,3.27881036726479,US1NJBT0003,4.606816744393267,US1PABK0080,4.741241568543723,US1NJBT0011,5.272072447284612,USC00364975,6.631232929763022
2013915,ARTHROPODA,INSECTA,PLECOPTERA,PERLIDAE,ACRONEURIA,ACRONEURIA,3412,21.0,1.0,35.9587223286495,-82.8793366,LargeStreams,Region_04,NRS18_TN_10022,2019.0,6/26/2019,1,BERW,79.05,Good,USC00409847,6.7406930932568745,US1NCMS0010,7.284020513376488,USC00314265,7.734196918149129,US1TNGN0001,8.041395453539078,USC00314260,8.268283698076873
2013916,ARTHROPODA,INSECTA,EPHEMEROPTERA,HEPTAGENIIDAE,,HEPTAGENIIDAE,3802,10.0,1.0,38.2311531520566,-109.8026767,RiversMajor,Region_08,NRS18_UT_10439,2019.0,6/26/2019,1,BETB,50.62,Fair,USC00421168,7.983059809388126,USW00053023,10.150137598455242,USW00053010,19.160334662514302,USC00421163,25.49894109858674,US1UTSJ0010,33.03663927584395
2013917,MOLLUSCA,GASTROPODA,BASOMMATOPHORA,ANCYLIDAE,FERRISSIA,FERRISSIA,3735,3.0,1.0,34.5191952729452,-84.59084079,LargeStreams,Region_04,NRS18_GA_10015,2019.0,6/26/2019,1,BETB,51.73,Good,US1GAGM0014,5.957459017835211,USC00094653,9.231832182933434,US1GAPC0010,9.304175954866212,USC00096625,12.680244198421576,US1GAGD0007,13.57714834388798
2013919,ARTHROPODA,INSECTA,DIPTERA,CHIRONOMIDAE,DICROTENDIPES,DICROTENDIPES,3658,1.0,1.0,42.8984317585456,-91.79367365,SmallStreams,Region_07,NRS18_IA_10206,2019.0,6/26/2019,1,BERW,22.8,Fair,USC00132864,3.4701234480184615,US1IAFY0001,7.118937916639404,USC00138867,8.922767576647294,USC00131610,15.5805079841358,US1IAFY0003,22.610457772553467
2013920,MOLLUSCA,GASTROPODA,,,,GASTROPODA,3745,1.0,0.0,26.0700763879182,-97.73843663,SmallStreams,Region_06,NRS18_TX_10640,2019.0,6/25/2019,1,BETB,19.73,Poor,US1TXCMR087,9.924798524925109,US1TXCMR100,11.208774918406538,USC00418055,11.239103786179252,US1TXCMR032,11.388397025674486,US1TXCMR119,11.627971446043604
2013921,ARTHROPODA,INSECTA,EPHEMEROPTERA,EPHEMERELLIDAE,EURYLOPHELLA,EURYLOPHELLA,3726,1.0,1.0,37.3735460028479,-83.39008857,SmallStreams,Region_04,NRS18_KY_10197,2019.0,6/26/2019,1,BERW,47.27,Good,US1KYBE0001,5.334059801223005,USC00151080,7.948380375448249,US1KYBE0005,14.088871950338515,US1KYPR0003,17.085334124152794,USC00153712,17.533987192929626
2013922,PLATYHELMINTHES,TURBELLARIA,,,,TURBELLARIA,4393,1.0,1.0,37.7513792415491,-107.3354216,LargeStreams,Region_08,NRS18_CO_10018,2019.0,6/26/2019,1,BETB,58.42,Good,USC00057050,6.874913740066205,USS0007M16S,7.494219374803474,USC00058458,13.942270534165608,USS0007M37S,14.464021408481795,USS0007M32S,16.027690689761343
2013923,ARTHROPODA,INSECTA,DIPTERA,CHIRONOMIDAE,CHIRONOMUS,CHIRONOMUS,3582,3.0,1.0,46.6122747739161,-96.03440847,LargeStreams,Region_05,NRS18_MN_10090,2019.0,6/26/2019,1,BETB,31.1,Fair,US1MNOT0059,2.402875891398164,US1MNOT0066,6.287801026894845,USC00216405,6.396846928074311,US1MNOT0064,6.578961167410368,US1MNOT0004,7.761557641812839
2013924,ANNELIDA,OLIGOCHAETA,HAPLOTAXIDA,,,HAPLOTAXIDA,3783,1.0,1.0,43.9893060736262,-103.7802175,SmallStreams,Region_08,NRS18_SD_10071,2019.0,6/26/2019,1,BERW,11.23,Poor,USC00392231,0.7212984154796434,USC00392234,3.056027059306527,USC00395858,4.496672056808638,US1SDPN0066,5.368488701581757,USC00397033,10.484288079284232
2013925,ARTHROPODA,INSECTA,EPHEMEROPTERA,BAETIDAE,BAETIS,BAETIS,3501,,,43.7685378752016,-75.50135516,SmallStreams,Region_02,NRS18_NY_10080,2019.0,6/27/2019,1,BERW,24.47,Poor,USC00304912,3.0817699409058488,USC00303250,8.762781087750351,USC00309510,9.89840666131878,US1NYLW0009,10.59074033724252,US1NYLW0013,11.143927125367435
2013926,ARTHROPODA,INSECTA,DIPTERA,CHIRONOMIDAE,CHIRONOMUS,CHIRONOMUS,3582,3.0,1.0,42.784923834439,-89.47780006,RiversOther,Region_05,NRS18_WI_10692,2019.0,6/27/2019,1,BETB,29.4,Fair,US1WIGN0001,7.496765381071739,USC00470660,9.3295786213765,USC00470062,9.376432484553494,US1WIDA0090,10.054261354914164,US1WIGN0005,10.067530261692065
2013927,ARTHROPODA,INSECTA,EPHEMEROPTERA,BAETIDAE,BAETIS,BAETIS,3501,101.0,1.0,44.8228482617031,-119.849957,RiversMajor,Region_10,NRS18_OR_10063,2019.0,6/25/2019,1,BETB,44.0,Fair,USC00358009,5.839350695750897,USC00359470,17.890084744607456,USC00358343,23.433395335282718,USC00354479,23.983802313304402,USC00350733,25.734479518500944
2013928,ARTHROPODA,INSECTA,COLEOPTERA,PSEPHENIDAE,PSEPHENUS,PSEPHENUS,4209,15.0,1.0,41.6835497367506,-75.10842232,LargeStreams,Region_03,NRS18_PA_10037,2019.0,6/27/2019,1,BERW,66.3,Good,US1PAWN0055,1.7202524063482405,USC00366900,3.795592831570488,USC00365738,3.8727691095377024,US1PAWN0053,4.01411249090127,US1PAWN0003,4.274550523822588
2013929,ARTHROPODA,INSECTA,DIPTERA,CHIRONOMIDAE,THIENEMANNIELLA,THIENEMANNIELLA,4361,,,40.6559450000152,-75.1245358,LargeStreams,Region_02,NRS18_NJ_10783,2019.0,6/27/2019,1,BERW,54.43,Good,US1NJWR0001,0.6637749084816861,US1NJWR0055,1.657803306438973,US1NJHN0012,3.1820794218378547,USC00286974,5.815092408059503,US1NJWR0033,7.226392992373987
2013930,ARTHROPODA,INSECTA,TRICHOPTERA,HYDROPSYCHIDAE,DIPLECTRONA,DIPLECTRONA,3662,3.0,1.0,36.0787130799794,-82.50089682,SmallStreams,Region_04,NRS18_TN_10033,2019.0,6/27/2019,1,BERW,76.27,Good,US1TNUC0004,3.1002382735318417,USR0000TUNI,7.599313625663524,USC00402934,9.745912657911104,USC00313089,10.381037058061114,US1NCMS0038,10.976636956975787
2013931,ARTHROPODA,INSECTA,EPHEMEROPTERA,BAETIDAE,PARACLOEODES,PARACLOEODES,4102,2.0,1.0,,,,Region_04,NRS18_GA_10002,,6/27/2019,2,BETB,41.48,,ACW00011604,,US1OKCV0084,,US1OKCV0083,,US1OKCV0082,,US1OKCV0081,
2013932,ARTHROPODA,ARACHNIDA,TROMBIDIFORMES,SPERCHONIDAE,SPERCHON,SPERCHON,4296,,,38.0690664909948,-122.5344472,SmallStreams,Region_09,NRS18_CA_10059,2019.0,6/26/2019,1,BERW,8.38,Poor,US1CAMR0007,1.1393630216647765,US1CAMR0055,1.21979694396077,USW00023211,1.5757458240254194,US1CAMR0001,2.7441686277953607,US1CAMR0029,3.2094393708718307
2013933,ARTHROPODA,INSECTA,ODONATA,GOMPHIDAE,,GOMPHIDAE,3759,1.0,1.0,46.4640753206337,-90.00448768,LargeStreams,Region_05,NRS18_MI_10037,2019.0,6/27/2019,1,BERW,46.13,Good,USC00200745,2.3333040186969605,USC00208559,5.78571925887448,USC00208159,8.911090094131938,US1MIGG0002,9.743937662010708,USC00204105,10.249754003949702
2013934,ARTHROPODA,INSECTA,EPHEMEROPTERA,LEPTOPHLEBIIDAE,NEOLEPTOPHLEBIA,NEOLEPTOPHLEBIA,5124,2.0,1.0,,,,Region_05,NRS18_WI_RF002,,6/26/2019,1,BERW,49.47,,ACW00011604,,US1OKCV0084,,US1OKCV0083,,US1OKCV0082,,US1OKCV0081,
2013935,ARTHROPODA,INSECTA,DIPTERA,CHIRONOMIDAE,TANYTARSUS,TANYTARSUS,4348,9.0,1.0,45.9679823488215,-94.23937768,SmallStreams,Region_05,NRS18_MN_10045,2019.0,6/27/2019,1,BERW,35.33,Fair,US1MNMR0034,7.607839419514086,USR0000MLTF,8.32485978459367,US1MNMR0035,8.682601136619544,USC00214798,8.71653328361678,USC00214793,9.08550225477253
2013936,ARTHROPODA,INSECTA,DIPTERA,CERATOPOGONIDAE,,CERATOPOGONIDAE,3566,11.0,0.0,37.2237178785345,-109.2086919,RiversMajor,Region_08,NRS18_UT_10002,2019.0,6/27/2019,1,BETB,48.57,Fair,USC00420157,11.248457969184514,USC00424100,21.5555127160264,USC00420788,31.556539018220217,US1UTSJ0011,32.45840647810383,USC00028468,35.02532618276783
2013937,ANNELIDA,OLIGOCHAETA,HAPLOTAXIDA,TUBIFICIDAE,AULODRILUS,AULODRILUS,3496,,,48.3538235382313,-101.5475575,LargeStreams,Region_08,NRS18_ND_10525,2019.0,6/27/2019,1,BERW,29.23,Fair,USC00323217,11.73166986842831,US1NDWR0012,12.177053164460345,USC00320729,14.394957187056349,US1NDWR0024,14.986922717801034,US1NDWR0029,15.393527764978826
2013938,ARTHROPODA,INSECTA,TRICHOPTERA,RHYACOPHILIDAE,RHYACOPHILA,RHYACOPHILA,4253,7.0,1.0,39.9145967538829,-105.5279179,LargeStreams,Region_08,NRS18_CO_10069,2019.0,6/27/2019,1,BERW,55.58,Good,US1COGL0017,1.693563094463036,US1COGL0023,2.286318904535089,US1COGL0015,2.5293477649448284,USR0000CPCG,4.5764092325934564,US1COGL0025,5.1295529605564205
2013939,ARTHROPODA,INSECTA,DIPTERA,CHIRONOMIDAE,PARATANYTARSUS,PARATANYTARSUS,4120,1.0,1.0,36.6812560471194,-84.70197529,SmallStreams,Region_04,NRS18_KY_10013,2019.0,6/27/2019,1,BERW,47.15,Good,USC00407141,16.73224337667622,USC00157680,19.60909452018414,USC00157677,19.88522835828486,USR0000TBIG,23.32801728108613,USC00155524,23.456298956158257
2013940,ARTHROPODA,INSECTA,DIPTERA,CHIRONOMIDAE,,CHIRONOMIDAE,3581,3.0,0.0,43.012617892306,-91.87645281,RiversOther,Region_07,NRS18_IA_10033,2019.0,6/27/2019,1,BETB,58.6,Good,US1IAFY0001,7.848767109536491,USC00138867,8.06290386888114,US1IAFY0003,12.25667212037489,US1IAFY0004,13.830858173334743,USC00132864,14.948148371462212
2013941,ARTHROPODA,INSECTA,COLEOPTERA,ELMIDAE,DUBIRAPHIA,DUBIRAPHIA,3678,1.0,1.0,37.9794290891564,-82.67112507,RiversOther,Region_04,NRS18_KY_10010,2019.0,6/27/2019,1,BETB,24.92,Poor,USC00151517,6.982264143489464,USC00158055,13.41318959382525,USC00157955,13.41318959382525,USC00150752,15.420032446421766,USC00154946,15.559536595996239
2013942,ARTHROPODA,INSECTA,ODONATA,AESHNIDAE,BOYERIA,BOYERIA,3524,1.0,1.0,,,,Region_05,NRS18_WI_RF001,,6/27/2019,2,BERW,44.95,,ACW00011604,,US1OKCV0084,,US1OKCV0083,,US1OKCV0082,,US1OKCV0081,
2013943,ARTHROPODA,INSECTA,TRICHOPTERA,BRACHYCENTRIDAE,MICRASEMA,MICRASEMA,3977,6.0,1.0,,,,Region_04,NRS18_TN_RF002,,6/27/2019,1,BETB,67.52,,ACW00011604,,US1OKCV0084,,US1OKCV0083,,US1OKCV0082,,US1OKCV0081,
2013944,ARTHROPODA,ARACHNIDA,TROMBIDIFORMES,HYGROBATIDAE,HYGROBATES,HYGROBATES,3855,,,44.0346781971746,-116.9170337,RiversOther,Region_10,NRS18_ID_10025,2019.0,6/27/2019,1,BETB,70.77,Good,USC00356294,4.488396180296712,USC00106891,4.773488440316691,USW00024162,7.628870067829755,US1IDPY0001,7.767612503439109,USC00355160,10.579627433742873
2013945,ARTHROPODA,INSECTA,DIPTERA,CHIRONOMIDAE,THIENEMANNIELLA,THIENEMANNIELLA,4361,4.0,1.0,43.5622336694379,-75.98671449,SmallStreams,Region_02,NRS18_NY_10259,2019.0,6/28/2019,1,BERW,51.47,Fair,USC00300608,4.373927459951693,USC00307077,5.123154286123063,US1NYOS0001,5.571085732351155,USC00306867,10.481661954740243,US1NYOS0021,10.733267567008042
2013946,ARTHROPODA,INSECTA,DIPTERA,CHIRONOMIDAE,DICROTENDIPES,DICROTENDIPES,3658,2.0,1.0,32.7862766743254,-98.19313939,RiversMajor,Region_06,NRS18_TX_10027,2019.0,6/27/2019,1,BETB,41.5,Good,USW00003944,6.884607673254513,US1TXPP0006,8.679481268841453,USC00416766,10.991065493796727,USW00093985,12.428722828444668,USW00003943,15.136899635908987
2013947,ARTHROPODA,INSECTA,EPHEMEROPTERA,BAETIDAE,ANAFROPTILUM,ANAFROPTILUM,5112,3.0,1.0,30.0174093537011,-81.97160702,LargeStreams,Region_04,NRS18_FL_10006,2019.0,6/27/2019,1,BERW,52.8,Fair,USC00081218,3.956401755365634,US1FLCY0048,5.3203974761933885,US1FLCY0017,6.764934537904117,US1FLCY0013,7.252000923454598,US1FLCY0040,7.916100204936526
2013948,ARTHROPODA,ARACHNIDA,SARCOPTIFORMES,,,SARCOPTIFORMES,4263,1.0,1.0,41.7717051510853,-72.90107758,RiversOther,Region_01,NRS18_CT_10010,2019.0,6/28/2019,1,BETB,56.55,Good,USC00060973,3.5916049358765614,USC00061536,4.12750953817612,USC00069508,5.891257499111975,US1CTHR0070,6.154293004532058,US1CTHR0071,6.210662504609005
2013949,ARTHROPODA,INSECTA,DIPTERA,CHIRONOMIDAE,SYNORTHOCLADIUS,SYNORTHOCLADIUS,4337,1.0,1.0,42.6264596955609,-77.26525447,SmallStreams,Region_02,NRS18_NY_10260,2019.0,6/30/2019,1,BERW,20.87,Poor,US1NYYT0008,3.051831983296191,US1NYYT0009,3.813058124139244,US1NYST0046,6.526278477376972,USC00306517,8.059231455711478,USC00306831,10.742423741239369
2013950,ARTHROPODA,INSECTA,DIPTERA,CHIRONOMIDAE,CHIRONOMUS,CHIRONOMUS,3582,7.0,1.0,41.9538364200622,-73.36991106,RiversOther,Region_01,NRS18_CT_10019,2019.0,6/30/2019,1,BETB,23.62,Poor,USC00062658,0.5024862717005601,USC00062655,4.958106690565984,US1CTLT0024,7.063790180865409,USC00067109,7.387524905245726,USC00061715,7.430651383554574
2013951,MOLLUSCA,BIVALVIA,VENEROIDA,PISIDIIDAE,SPHAERIUM,SPHAERIUM,4300,2.0,1.0,43.2252698133692,-92.80637975,RiversOther,Region_07,NRS18_IA_10017,2019.0,6/30/2019,1,BETB,43.37,Good,USC00136305,6.3144808971381945,US1IAMT0003,6.750450251104939,US1IAMT0001,9.69054612926807,USC00137326,19.80084664456588,US1IAFL0003,19.809307835920205
2013952,ANNELIDA,OLIGOCHAETA,HAPLOTAXIDA,TUBIFICIDAE,LIMNODRILUS,LIMNODRILUS,3925,2.0,1.0,40.1696155717918,-106.5672612,SmallStreams,Region_08,NRS18_CO_10065,2019.0,6/28/2019,1,BERW,5.73,Poor,US1COGR0031,1.5392890481356585,US1COGR0003,2.12116111093011,US1COGR0046,4.4525219054924605,USS0006J18S,7.267395217669072,US1COGR0029,7.284421171650604
2013953,ARTHROPODA,INSECTA,DIPTERA,CHIRONOMIDAE,MICROPSECTRA,MICROPSECTRA,3981,,,44.5318256036246,-109.0734246,RiversOther,Region_08,NRS18_WY_11790,2019.0,6/30/2019,1,BETB,55.37,Fair,US1WYPK0026,0.33511445996663497,US1WYPK0057,0.6058057585751576,US1WYPK0035,2.3021690102450045,US1WYPK0033,2.4620062575573556,USC00481845,2.505455535713707
2013954,ARTHROPODA,MALACOSTRACA,AMPHIPODA,CRANGONYCTIDAE,CRANGONYX,CRANGONYX,3622,1.0,1.0,43.007107790772,-76.68105289,SmallStreams,Region_02,NRS18_NY_10068,2019.0,7/1/2019,1,BERW,4.98,Poor,US1NYCY0014,4.13653093546486,US1NYCY0035,5.364385585299025,US1NYCY0021,5.375757043623637,USC00305171,7.009362464724543,USC00301265,7.857828076549767
2013955,MOLLUSCA,GASTROPODA,BASOMMATOPHORA,PHYSIDAE,PHYSA,PHYSA,4149,8.0,1.0,44.1839175428518,-86.17118475,LargeStreams,Region_05,NRS18_MI_10050,2019.0,7/1/2019,1,BERW,20.72,Poor,USC00205065,10.249042907608134,US1MIMN0006,12.127832067248002,USC00203013,15.810308270858318,USC00208774,17.79025405212815,USC00207932,18.432259933187527
2013956,ARTHROPODA,INSECTA,TRICHOPTERA,HYDROPSYCHIDAE,CHEUMATOPSYCHE,CHEUMATOPSYCHE,3578,11.0,1.0,42.2751074146449,-73.28968466,LargeStreams,Region_01,NRS18_MA_10018,2019.0,7/1/2019,1,BETB,19.75,Poor,US1MABE0039,1.5214667024553417,US1MABE0003,2.9470837074327845,USC00198181,4.531397338578364,USC00194112,5.40130327406338,US1MABE0005,5.401924658761948
2013957,ARTHROPODA,INSECTA,TRICHOPTERA,LEPTOCERIDAE,NECTOPSYCHE,NECTOPSYCHE,4011,10.0,1.0,35.2724251810532,-99.74130357,RiversOther,Region_06,NRS18_OK_11330,2019.0,7/1/2019,1,BERW,46.48,Good,USC00342948,9.376145511935325,US1OKBC0005,9.731914174881682,USC00347952,10.524036000402536,USC00342944,12.670656395608027,USC00345648,14.371241983421767
2013958,ARTHROPODA,INSECTA,DIPTERA,TIPULIDAE,CRYPTOLABIS,CRYPTOLABIS,3626,3.0,1.0,44.3931925349024,-71.21993301,LargeStreams,Region_01,NRS18_NH_10003,2019.0,7/1/2019,1,BERW,65.88,Good,USC00273486,0.6402306590185094,USC00273488,2.004922070701341,USC00273485,3.111825932107813,USC00273487,3.2385297547114713,US1NHCS0010,3.977444311636821
2013959,ARTHROPODA,INSECTA,DIPTERA,CHIRONOMIDAE,RHEOTANYTARSUS,RHEOTANYTARSUS,4247,35.0,1.0,39.0338585193783,-75.69706883,SmallStreams,Region_03,NRS18_DE_10012,2019.0,7/1/2019,1,BERW,49.18,Fair,US1DEKN0004,7.134345298874878,US1MDCL0012,7.3364403912777405,US1DEKN0036,8.291334093341732,US1MDCL0009,9.228391913902685,US1DEKN0024,11.197806963693088
2013960,ANNELIDA,OLIGOCHAETA,HAPLOTAXIDA,NAIDIDAE,,NAIDIDAE,4003,2.0,0.0,42.3878476358638,-92.08821835,LargeStreams,Region_07,NRS18_IA_10358,2019.0,7/1/2019,1,BERW,62.3,Good,US1IABT0011,11.334931333291552,US1IABH0017,12.221600808179504,US1IABH0029,12.727165659163862,US1IABH0026,16.924468931884853,US1IABC0008,17.465907739720862
2013961,ARTHROPODA,INSECTA,TRICHOPTERA,HELICOPSYCHIDAE,HELICOPSYCHE,HELICOPSYCHE,3789,,,44.2697536949782,-85.95569078,RiversOther,Region_05,NRS18_MI_10053,2019.0,7/2/2019,1,BETB,45.12,Good,USC00208772,1.7947135559573055,USC00208774,4.4887360470472535,US1MIMN0006,7.535385383897921,USC00200603,22.71987398483343,US1MIMN0007,24.9828124775919
2013962,ARTHROPODA,INSECTA,DIPTERA,SIMULIIDAE,SIMULIUM,SIMULIUM,4281,173.0,1.0,44.032912842023,-101.5472192,RiversOther,Region_08,NRS18_SD_10022,2019.0,7/2/2019,1,BERW,21.42,Poor,USW00024024,4.779604949613561,US1SDHK0016,6.755255532636641,US1SDHK0017,8.871306000534878,US1SDJK0003,12.970192316836314,US1SDJK0001,20.046572043175324
2013963,ARTHROPODA,INSECTA,DIPTERA,CERATOPOGONIDAE,,CERATOPOGONINAE,3567,1.0,1.0,43.1160327111536,-75.22303996,LargeStreams,Region_02,NRS18_NY_10704,2019.0,7/2/2019,1,BETB,9.85,Poor,USC00308733,0.8360923558982614,US1NYOD0063,3.5047799332716867,USC00308739,4.092281073990846,US1NYOD0014,5.816126958402618,US1NYOD0070,6.426426674172411
2013964,MOLLUSCA,GASTROPODA,BASOMMATOPHORA,PHYSIDAE,PHYSA,PHYSA,4149,2.0,1.0,42.685092506033,-89.42526368,RiversOther,Region_05,NRS18_WI_10695,2019.0,7/2/2019,1,BETB,42.53,Good,US1WIGN0022,1.6776115960562707,USC00470062,2.5302799408251446,US1WIGN0008,7.435545496981275,USC00471078,8.089353092456797,US1WIGN0005,11.948450694572864
2013965,ARTHROPODA,INSECTA,DIPTERA,CHIRONOMIDAE,ENDOCHIRONOMUS,ENDOCHIRONOMUS,3698,6.0,1.0,46.5148527696958,-102.8278212,RiversMajor,Region_08,NRS18_ND_10040,2019.0,7/2/2019,1,BERW,40.37,Poor,USC00326315,4.268190835724493,US1NDSK0028,16.26702924836495,USC00327465,22.98963561110143,USC00327452,27.188094026723387,US1NDHT0001,28.988787796781054
2013966,ARTHROPODA,INSECTA,DIPTERA,CHIRONOMIDAE,CHIRONOMUS,CHIRONOMUS,3582,4.0,1.0,36.787660235124,-99.1576446,RiversMajor,Region_06,NRS18_OK_10054,2019.0,7/2/2019,1,BERW,36.87,Good,US1OKWD0003,3.9693062109132864,USC00343358,4.740339058616675,USC00343363,7.0366166858258525,USC00343088,17.057827430823433,USC00343660,25.732431261425052
2013967,ANNELIDA,OLIGOCHAETA,HAPLOTAXIDA,NAIDIDAE,PRISTINA,PRISTINA,4188,1.0,1.0,37.0507938251834,-98.71547714,SmallStreams,Region_07,NRS18_KS_10142,2019.0,7/1/2019,1,BERW,39.82,Good,USC00144341,20.35383397720103,USC00140069,22.362447640802213,US1KSBA0023,26.062812087450762,USC00340194,26.6726857221185,USC00343660,27.18188730025759
2013972,ARTHROPODA,INSECTA,DIPTERA,CHIRONOMIDAE,PSECTROCLADIUS,PSECTROCLADIUS,4206,1.0,1.0,41.7276638488651,-71.75491447,SmallStreams,Region_01,NRS18_RI_10202,2019.0,7/5/2019,1,BERW,72.33,Good,US1RIKN0014,4.769900106235673,USC00373260,6.7911394848724935,US1CTWN0025,6.963417097186384,US1RIPR0081,7.4857046118171136,US1CTWN0008,7.6306013660491185
2013973,ARTHROPODA,INSECTA,DIPTERA,CHIRONOMIDAE,,CHIRONOMIDAE,3581,5.0,0.0,42.631707387933,-72.12900217,LargeStreams,Region_01,NRS18_MA_10001,2019.0,7/4/2019,1,BETB,10.88,Poor,USC00190666,0.5149852951169154,US1MAWR0106,6.170657909389548,USC00196996,7.003441653174071,US1MAWR0080,7.616322154799986,USC00198573,7.850618818315261
2013974,ARTHROPODA,INSECTA,EPHEMEROPTERA,BAETIDAE,ISWAEON,ISWAEON,3869,20.0,1.0,43.7611866628662,-108.1578966,RiversMajor,Region_08,NRS18_WY_12345,2019.0,7/5/2019,1,BETB,38.42,Poor,USC00488884,1.4769117797202969,US1WYHS0018,4.408102245018082,US1WYHS0008,5.445446379872943,US1WYHS0006,7.170667895953579,US1WYHS0015,8.738747488172253
2013975,ARTHROPODA,INSECTA,DIPTERA,CHIRONOMIDAE,PHAENOPSECTRA,PHAENOPSECTRA,4143,,,,,,Region_08,NRS18_WY_10034,,7/5/2019,2,BETB,18.75,,ACW00011604,,US1OKCV0084,,US1OKCV0083,,US1OKCV0082,,US1OKCV0081,
2013976,ARTHROPODA,INSECTA,DIPTERA,CHIRONOMIDAE,CORYNONEURA,CORYNONEURA,3620,,,44.9478202294061,-109.3645701,SmallStreams,Region_08,NRS18_WY_10394,2019.0,7/1/2019,1,BERW,40.6,Fair,USC00481770,11.62270214984574,US1WYPK0045,15.31395214270285,USS0009E10S,16.191439798526826,USC00481775,17.940404184004315,USC00481768,17.949001399270013
2013977,MOLLUSCA,BIVALVIA,VENEROIDA,CORBICULIDAE,CORBICULA,CORBICULA,3612,2.0,1.0,31.5504146736361,-97.09174253,RiversMajor,Region_06,NRS18_TX_10085,2019.0,7/7/2019,1,BETB,7.68,Poor,USC00419421,3.0419952397467696,US1TXMCL034,3.7602592754485857,US1TXMCL074,3.887718813790397,US1TXMCL026,4.381790208172486,US1TXMCL035,4.721929777667996
2013978,ARTHROPODA,INSECTA,DIPTERA,CHIRONOMIDAE,TANYPUS,TANYPUS,4347,6.0,1.0,,,,Region_04,NRS18_NC_10009,,7/7/2019,2,BETB,22.0,,ACW00011604,,US1OKCV0084,,US1OKCV0083,,US1OKCV0082,,US1OKCV0081,
2013979,ARTHROPODA,INSECTA,DIPTERA,CHIRONOMIDAE,STEMPELLINELLA,STEMPELLINELLA,4308,2.0,1.0,42.5756574975496,-113.6292099,RiversMajor,Region_10,NRS18_ID_10002,2019.0,7/2/2019,1,BETB,20.23,Poor,USC00107968,8.34145923018813,US1IDCS0002,9.308773668558453,US1IDMN0002,11.330467666587316,USC00106877,11.646758974872423,USW00024133,11.90494356096962
2013980,ANNELIDA,OLIGOCHAETA,HAPLOTAXIDA,NAIDIDAE,,NAIDIDAE,4003,28.0,0.0,42.7294324561709,-106.1733609,SmallStreams,Region_08,NRS18_WY_10406,2019.0,7/7/2019,1,BERW,24.12,Poor,US1WYNT0025,6.451945892902,US1WYNT0101,11.00992777753554,USS0006G01S,11.97759562536887,USC00483951,12.802890569545392,US1WYNT0067,13.937525479933148
2013981,ARTHROPODA,INSECTA,COLEOPTERA,HYDROPHILIDAE,PARACYMUS,PARACYMUS,4104,1.0,1.0,44.9899987138608,-88.38117959,RiversOther,Region_05,NRS18_WI_10844,2019.0,7/8/2019,1,BETB,34.95,Fair,USC00471044,0.41598401469181584,USC00478376,0.6762159069414603,US1WIOC0003,12.774996575987743,US1WIOC0023,13.858735662347287,US1WISW0001,15.883059010262034
2013982,ARTHROPODA,INSECTA,ODONATA,CORDULIIDAE,,CORDULIIDAE,3614,1.0,1.0,34.9801642037415,-86.82705852,SmallStreams,Region_04,NRS18_AL_10189,2019.0,7/8/2019,1,BERW,13.08,Poor,USC00400235,2.9801399409044453,US1CHARM185,3.6450953199924623,US1CHARM180,6.947474429491697,US1CHARM153,7.880075852902877,US1TNGL0004,10.197413170618617
2013983,ARTHROPODA,INSECTA,COLEOPTERA,ELMIDAE,DUBIRAPHIA,DUBIRAPHIA,3678,4.0,1.0,40.1148718890934,-99.44458026,LargeStreams,Region_07,NRS18_NE_10683,2019.0,7/8/2019,1,BERW,18.77,Poor,US10harl007,1.6528264387840672,US10harl014,1.6687644494098328,USC00256365,3.8747803073339644,USC00250145,6.826728599050877,US10harl001,6.856098146491
2013984,ARTHROPODA,MALACOSTRACA,DECAPODA,CAMBARIDAE,,CAMBARIDAE,3548,1.0,1.0,,,,Region_09,NRS18_CA_10019,,7/8/2019,2,BETB,59.22,,ACW00011604,,US1OKCV0084,,US1OKCV0083,,US1OKCV0082,,US1OKCV0081,
2013985,MOLLUSCA,BIVALVIA,VENEROIDA,DREISSENIDAE,DREISSENA,DREISSENA,3674,9.0,1.0,33.783718756417,-96.17145104,RiversMajor,Region_06,NRS18_OK_10028,2019.0,7/8/2019,1,BETB,40.22,Poor,USC00349841,6.790405021405355,US1TXFN0008,13.649180284601874,USC00418898,14.302019604890013,US1TXFN0002,15.19095398417557,USC00410923,15.986339844413683
2013986,ARTHROPODA,INSECTA,DIPTERA,CHIRONOMIDAE,GLYPTOTENDIPES,GLYPTOTENDIPES,3756,,,,,,Region_04,NRS18_NC_10002,,7/8/2019,2,BETB,16.87,,ACW00011604,,US1OKCV0084,,US1OKCV0083,,US1OKCV0082,,US1OKCV0081,
2013987,ANNELIDA,OLIGOCHAETA,HAPLOTAXIDA,TUBIFICIDAE,,TUBIFICIDAE,4391,1.0,0.0,45.8430488698563,-88.14312205,RiversOther,Region_05,NRS18_WI_10023,2019.0,7/9/2019,1,BETB,22.9,Fair,USW00094893,4.04393599362143,US1MIDC0006,4.893200660404768,US1WIFL0002,5.477838459267841,US1WIFL0004,5.633548753315404,US1MIDC0002,6.545699179637112
2013988,ARTHROPODA,INSECTA,EPHEMEROPTERA,HEPTAGENIIDAE,,HEPTAGENIIDAE,3802,,,42.8285242843645,-73.98933489,RiversOther,Region_02,NRS18_NY_10012,2019.0,7/9/2019,1,BETB,0.55,Poor,USC00307568,1.403905272389159,US1NYSC0002,2.154011417996312,US1NYSC0020,4.808064348307402,USW00004782,5.946861170051253,USC00307514,6.720274733252869
2013989,ARTHROPODA,INSECTA,DIPTERA,CHIRONOMIDAE,ZAVRELIMYIA,ZAVRELIMYIA,4433,4.0,1.0,46.6857671807938,-89.41586628,SmallStreams,Region_05,NRS18_MI_10028,2019.0,7/9/2019,1,BERW,3.07,Poor,USC00208955,13.536369029745275,USC00208506,14.088981078857733,USC00200718,14.895071779803343,USC00203410,16.458566502095284,USC00207075,17.03529831337568
2013990,ARTHROPODA,INSECTA,PLECOPTERA,CHLOROPERLIDAE,PLUMIPERLA,PLUMIPERLA,4171,1.0,1.0,43.755126276331,-109.5922634,SmallStreams,Region_08,NRS18_WY_10396,2019.0,7/8/2019,1,BERW,61.0,Good,USC00488820,5.396931482146935,USS0009F04S,8.751651309610212,USC00484695,11.509736969155318,USC00484169,18.53103353042148,USS0009F20S,19.51031895423624
2013991,ARTHROPODA,INSECTA,EPHEMEROPTERA,BAETIDAE,,BAETIDAE,3500,1.0,1.0,40.1351408175058,-101.2484445,RiversMajor,Region_07,NRS18_NE_10056,2019.0,7/9/2019,1,BERW,31.02,Fair,USC00258255,2.5135762355801314,US10hitc011,4.038544475228768,US10hitc012,6.037529473982394,US10hitc013,6.143636208607764,US10hitc007,10.022036696387643
2013992,ANNELIDA,OLIGOCHAETA,HAPLOTAXIDA,TUBIFICIDAE,SPIROSPERMA,SPIROSPERMA,4302,26.0,1.0,44.5336733041143,-121.6289074,LargeStreams,Region_10,NRS18_OR_10368,2019.0,7/9/2019,1,BETB,38.88,Fair,USC00353424,10.217833833274847,USR0000OMET,10.493556248658729,USC00350129,13.348011985874741,USC00355707,14.773186571658673,USC00357189,14.987572956122271
2013993,ARTHROPODA,INSECTA,EPHEMEROPTERA,LEPTOHYPHIDAE,TRICORYTHODES,TRICORYTHODES,4384,1.0,1.0,32.0082543041969,-83.29546049,RiversMajor,Region_04,NRS18_GA_10007,2019.0,7/9/2019,1,BETB,37.02,Poor,USC00090006,2.038062572690509,USC00090010,7.887159015326452,US1GADG0004,20.479320366398717,US1GADG0009,21.60796081862555,USC00092966,22.963814816017457
2013994,ARTHROPODA,ARACHNIDA,TROMBIDIFORMES,EYLAIDAE,EYLAIS,EYLAIS,3728,2.0,1.0,45.9788909328389,-98.16757544,RiversMajor,Region_08,NRS18_ND_10002,2019.0,7/9/2019,1,BETB,11.0,Poor,US1SDBR0004,11.810449888053668,US1NDDC0009,18.162283559835654,USC00391052,19.21081577562985,USC00326620,19.45620695060738,US1NDDC0010,20.349555634343908
2013996,ARTHROPODA,INSECTA,COLEOPTERA,ELMIDAE,STENELMIS,STENELMIS,4310,4.0,1.0,38.5141620694355,-95.96179912,SmallStreams,Region_07,NRS18_KS_10145,2019.0,7/9/2019,1,BERW,35.42,Fair,USC00146719,0.5113226861581921,USC00146725,4.115038153548304,US1KSOS0017,7.803107348420724,USC00145321,9.003147729647297,US1KSOS0004,9.70710918824442
2013997,ARTHROPODA,INSECTA,DIPTERA,SIMULIIDAE,SIMULIUM,SIMULIUM,4281,6.0,1.0,38.9104143075823,-96.45214179,SmallStreams,Region_07,NRS18_KS_10115,2019.0,7/8/2019,1,BERW,57.35,Good,US1KSWB0009,5.6642541751347135,USC00140195,5.851530412789986,US1KSGE0020,8.519598275535571,US1KSGE0007,8.896005039546424,US1KSGE0002,14.095027422337193
2013998,ARTHROPODA,INSECTA,DIPTERA,CHIRONOMIDAE,NATARSIA,NATARSIA,4008,6.0,1.0,34.0248342302782,-94.99782264,LargeStreams,Region_06,NRS18_OK_10585,2019.0,7/9/2019,1,BETB,64.4,Good,USC00347080,12.897002862845964,USC00340584,13.422824386937897,USC00349118,13.734551075892725,USC00344451,18.673381955333664,US1OKMN0003,23.693096307370713
2013999,ARTHROPODA,INSECTA,MEGALOPTERA,CORYDALIDAE,CORYDALUS,CORYDALUS,3619,1.0,1.0,,,,Region_03,NRS18_WV_10008,,7/9/2019,2,BETB,26.42,,ACW00011604,,US1OKCV0084,,US1OKCV0083,,US1OKCV0082,,US1OKCV0081,
2014000,ARTHROPODA,INSECTA,DIPTERA,CHIRONOMIDAE,LABRUNDINIA,LABRUNDINIA,3882,4.0,1.0,38.3571113003402,-82.22414472,RiversOther,Region_03,NRS18_WV_10006,2019.0,7/9/2019,1,BETB,25.05,Poor,USC00466912,9.533415905301561,US1WVCB0006,10.554031562113508,USC00463846,13.09256138163386,USC00336853,13.104552405562952,USC00461075,13.732530692071453
2014001,ARTHROPODA,INSECTA,EPHEMEROPTERA,BAETIDAE,,BAETIDAE,3500,3.0,0.0,36.8193255824519,-88.51525843,LargeStreams,Region_04,NRS18_KY_10024,2019.0,7/9/2019,1,BERW,56.42,Good,USC00153821,2.542251706207029,USC00155233,13.074109864722674,USC00155235,13.613014258133273,USC00155230,15.346605379567722,USC00150611,16.490614835458842
2014002,ARTHROPODA,INSECTA,COLEOPTERA,GYRINIDAE,GYRINUS,GYRINUS,3774,1.0,1.0,44.1324414618666,-91.72951931,RiversMajor,Region_05,NRS18_MN_10002,2019.0,7/9/2019,1,BETB,61.85,Good,US1MNWN0009,5.563744761208217,USW00004956,6.408355094067407,USC00219072,6.879422195910159,USC00215488,7.295744576700912,US1MNWN0004,9.599206133331876
2014003,ARTHROPODA,INSECTA,DIPTERA,CHIRONOMIDAE,DEMICRYPTOCHIRONOMUS,DEMICRYPTOCHIRONOMUS,3644,1.0,1.0,43.8187932001454,-71.19523953,LargeStreams,Region_01,NRS18_NH_10001,2019.0,7/9/2019,1,BERW,44.7,Fair,US1NHCR0051,0.7125176356970089,US1NHCR0043,2.402601007813843,US1NHCR0014,5.491120613490637,US1NHCR0049,6.634948279869947,USC00278610,6.700379088404444
2014004,ARTHROPODA,INSECTA,DIPTERA,CHIRONOMIDAE,PARAKIEFFERIELLA,PARAKIEFFERIELLA,4106,1.0,1.0,,,,Region_08,NRS18_WY_10025,,7/9/2019,2,BETB,49.57,,ACW00011604,,US1OKCV0084,,US1OKCV0083,,US1OKCV0082,,US1OKCV0081,
2014005,MOLLUSCA,GASTROPODA,,,,GASTROPODA,3745,4.0,0.0,,,,Region_02,NRS18_NY_10039,,7/10/2019,2,BETB,3.92,,ACW00011604,,US1OKCV0084,,US1OKCV0083,,US1OKCV0082,,US1OKCV0081,
2014006,ARTHROPODA,INSECTA,COLEOPTERA,HALIPLIDAE,HALIPLUS,HALIPLUS,3780,3.0,1.0,43.0356229630444,-111.971311,LargeStreams,Region_10,NRS18_ID_10036,2019.0,7/9/2019,1,BERW,42.05,Poor,USR0000IPCN,18.966120848867558,USC00100920,21.07526251963612,USC00101667,21.113585623935172,US1IDBK0027,27.706563863036184,USS0011F11S,29.953778407379946
2014007,ARTHROPODA,INSECTA,ODONATA,COENAGRIONIDAE,,COENAGRIONIDAE,3606,,,41.8223843987337,-96.85704492,SmallStreams,Region_07,NRS18_NE_10016,2019.0,7/10/2019,1,BERW,0.98,Poor,US10cumi010,6.025662373859876,US10cumi003,6.83201383723243,USC00252380,11.22279233352423,USC00259200,12.098864732719921,US10cumi007,12.187867356636248
2014008,ARTHROPODA,ARACHNIDA,TROMBIDIFORMES,SPERCHONIDAE,SPERCHON,SPERCHON,4296,1.0,1.0,45.835894704194,-88.20639929,RiversOther,Region_05,NRS18_WI_10057,2019.0,7/10/2019,1,BETB,41.23,Good,USC00471039,4.009251728705533,USW00094893,7.653602346923738,US1WIFL0002,7.884304389121907,US1WIFL0004,8.158894779493838,USC00472822,8.521117306852588
2014009,ARTHROPODA,INSECTA,TRICHOPTERA,HYDROPSYCHIDAE,CHEUMATOPSYCHE,CHEUMATOPSYCHE,3578,1.0,1.0,32.6163308776077,-83.54926467,RiversMajor,Region_04,NRS18_GA_10012,2019.0,7/10/2019,1,BETB,59.43,Good,USW00013860,5.112338302272813,US1GAHS0029,6.036123894272954,USC00099124,6.335146545179106,US1GAHS0019,6.695508050731506,US1GAHS0003,8.129353365018424
2014012,MOLLUSCA,BIVALVIA,VENEROIDA,PISIDIIDAE,PISIDIUM,PISIDIUM,4159,8.0,1.0,43.6857232022406,-91.25394126,RiversMajor,Region_05,NRS18_MN_10072,2019.0,7/10/2019,1,BETB,40.92,Good,US1WIVR0006,3.953287055276146,US1MNHS0010,4.049010542530301,US1WIVR0010,4.916966395998491,US1MNHS0017,6.671322458977694,US1WIVR0007,7.807207350435547
2014013,ARTHROPODA,INSECTA,DIPTERA,CHIRONOMIDAE,CHIRONOMUS,CHIRONOMUS,3582,101.0,1.0,31.6553881954346,-86.71585127,LargeStreams,Region_04,NRS18_AL_10013,2019.0,7/9/2019,1,BERW,17.98,Poor,USC00013271,8.878840417424389,US1ALBT0002,16.81941863370179,USC00013519,18.0817178639337,USC00013524,21.267294801076144,USW00063874,23.343464710339404
2014014,ARTHROPODA,INSECTA,DIPTERA,CHIRONOMIDAE,NILOTHAUMA,NILOTHAUMA,4043,1.0,1.0,31.3438086155257,-85.60881312,RiversMajor,Region_04,NRS18_AL_10008,2019.0,7/10/2019,1,BETB,37.45,Poor,USC00015875,1.3466124895219238,USW00063873,5.540121151314232,US1ALDL0006,11.13380968643009,US1ALHS0006,13.098982032906992,USW00003850,13.36322603965314
2014015,ARTHROPODA,ARACHNIDA,TROMBIDIFORMES,KRENDOWSKIIDAE,KRENDOWSKIA,KRENDOWSKIA,3878,1.0,1.0,,,,Region_04,NRS18_NC_10001,,7/10/2019,2,BERW,20.5,,ACW00011604,,US1OKCV0084,,US1OKCV0083,,US1OKCV0082,,US1OKCV0081,
2014016,ARTHROPODA,INSECTA,DIPTERA,CHIRONOMIDAE,PHAENOPSECTRA,PHAENOPSECTRA,4143,9.0,1.0,38.6619431696769,-75.56498376,RiversOther,Region_03,NRS18_DE_10006,2019.0,7/10/2019,1,BETB,35.42,Poor,US1DESS0035,5.076833554686261,US1DESS0006,5.601893527941838,US1DESS0046,5.631594019723179,US1DESS0016,5.840611406548324,US1DESS0064,6.345985769728597
2014017,ARTHROPODA,ARACHNIDA,TROMBIDIFORMES,HYGROBATIDAE,ATRACTIDES,ATRACTIDES,3490,1.0,1.0,45.9102915746374,-114.1590114,RiversOther,Region_08,NRS18_MT_10068,2019.0,7/10/2019,1,BETB,53.7,Good,USC00241968,3.24051065138299,USC00241970,9.730487670575432,USC00242221,12.980424772057825,USR0000MWEF,13.040234240696366,USR0000MDEE,15.328923803403763
2014018,ARTHROPODA,INSECTA,TRICHOPTERA,LEPIDOSTOMATIDAE,LEPIDOSTOMA,LEPIDOSTOMA,3895,,,42.2897793028379,-114.0244185,LargeStreams,Region_10,NRS18_ID_10020,2019.0,7/1/2019,1,BERW,80.02,Good,USC00106542,12.508384020469498,USC00101090,18.01505884494063,USS0014G01S,19.852928436982726,USR0000ITRA,23.10470187602556,USR0000IGOO,24.111520319886893
2014019,ARTHROPODA,INSECTA,DIPTERA,CHIRONOMIDAE,PHAENOPSECTRA,PHAENOPSECTRA,4143,10.0,1.0,44.1254397833634,-120.7986734,RiversOther,Region_10,NRS18_OR_10668,2019.0,7/10/2019,1,BETB,20.55,Poor,US1ORCK0010,11.287087987627972,US1ORCK0009,11.511437150779454,USR0000OSAL,13.90423471847049,USC00356883,19.761487861318216,USC00356238,20.182924568904998
2014020,ANNELIDA,HIRUDINEA,RHYNCHOBDELLIDA,GLOSSIPHONIIDAE,HELOBDELLA,HELOBDELLA,3792,1.0,1.0,33.9643069998831,-95.66246891,SmallStreams,Region_06,NRS18_OK_10043,2019.0,7/10/2019,1,BERW,33.5,Poor,USC00344384,13.089970445804013,US1OKCW0003,17.57933768417637,USC00410367,17.77600745170668,USC00340980,20.340807878249247,US1TXLM0003,22.659744231512025
2014021,ARTHROPODA,INSECTA,DIPTERA,CHIRONOMIDAE,STEMPELLINELLA,STEMPELLINELLA,4308,4.0,1.0,42.4155414145949,-115.3669287,LargeStreams,Region_10,NRS18_ID_10542,2019.0,7/10/2019,1,BERW,72.42,Good,USR0000IHSB,11.422710234513143,USC00107915,33.314050366609756,USR0000ITWI,33.66136596439042,USC00109120,40.634112836743576,USC00109119,41.032096249987625
2014022,ARTHROPODA,INSECTA,DIPTERA,CHIRONOMIDAE,THIENEMANNIELLA,THIENEMANNIELLA,4361,3.0,1.0,42.8255866770332,-116.7700917,RiversOther,Region_10,NRS18_ID_10847,2019.0,7/9/2019,1,BERW,46.17,Fair,USS0016G01S,12.866539819732635,USC00109197,13.368112190340801,USR0000ITRI,14.804674100554944,USC00108412,20.269259605537552,USC00108410,21.46096216504036
2014023,ARTHROPODA,INSECTA,DIPTERA,CHIRONOMIDAE,PAGASTIA,PAGASTIA,4088,3.0,1.0,41.3183572330034,-123.0505146,LargeStreams,Region_09,NRS18_CA_10008,2019.0,7/10/2019,1,BERW,58.25,Good,USR0000CSAW,7.112072025911261,USC00048025,7.159824674048643,USR0000CBLQ,12.6731580442613,US1CASK0026,18.946044160039783,USC00041316,18.979226660522247
2014025,ARTHROPODA,INSECTA,DIPTERA,CHIRONOMIDAE,TANYTARSUS,TANYTARSUS,4348,3.0,1.0,,,,Region_04,NRS18_FL_10006,,7/10/2019,2,BERW,27.12,,ACW00011604,,US1OKCV0084,,US1OKCV0083,,US1OKCV0082,,US1OKCV0081,
2014026,ARTHROPODA,INSECTA,DIPTERA,CHIRONOMIDAE,TANYTARSUS,TANYTARSUS,4348,12.0,1.0,31.3824572731181,-85.38047134,SmallStreams,Region_04,NRS18_AL_10039,2019.0,7/11/2019,1,BERW,55.97,Good,USC00013761,1.2049852972541506,USW00013839,9.342703706027692,US1ALHS0016,12.570374322919005,US1ALHS0003,16.46557042171583,USW00093843,17.328280315119688
2014027,ARTHROPODA,ARACHNIDA,TROMBIDIFORMES,TORRENTICOLIDAE,TORRENTICOLA,TORRENTICOLA,4371,10.0,1.0,41.3185285168987,-123.5279597,RiversMajor,Region_09,NRS18_CA_10002,2019.0,7/10/2019,1,BETB,26.93,Poor,USC00046508,2.051497907754304,US1CAHM0064,2.2631161178845804,US1CAHM0126,3.1793726071501074,US1CASK0027,7.230249093762063,USC00048346,8.109817254626606
2014028,ANNELIDA,OLIGOCHAETA,HAPLOTAXIDA,NAIDIDAE,PRISTINA,PRISTINA,4188,,,41.270346405821,-123.603967,RiversMajor,Region_09,NRS18_CA_10034,2019.0,7/10/2019,1,BETB,7.98,Poor,US1CAHM0126,5.1529670844726105,US1CAHM0064,6.174169455101437,USC00046508,6.491574043562444,US1CASK0027,14.491860061136894,USR0000CSOM,16.080790920114143
2014029,MOLLUSCA,GASTROPODA,NEOTAENIOGLOSSA,HYDROBIIDAE,,HYDROBIIDAE,3832,8.0,1.0,41.8433106926416,-122.8997348,RiversMajor,Region_09,NRS18_CA_10065,2019.0,7/9/2019,1,BETB,17.08,Poor,USC00046329,1.5512931445688911,USC00046328,4.120597321995579,USR0000COAK,4.153202001428508,USR0000CCOL,8.675248243890366,USS0022G21S,23.347971370686366
2014030,ARTHROPODA,ARACHNIDA,TROMBIDIFORMES,HYDRACHNIDAE,HYDRACHNA,HYDRACHNA,3827,10.0,1.0,46.4101590401907,-100.6711446,RiversMajor,Region_08,NRS18_ND_10018,2019.0,7/11/2019,1,BETB,45.73,Fair,USC00321052,20.95519324507469,USC00324083,27.62790437367399,USC00325211,29.094968844347726,US1NDBH0011,34.86266415080319,US1NDBH0046,35.52515745005145
2014031,ARTHROPODA,INSECTA,DIPTERA,CHIRONOMIDAE,NILOTANYPUS,NILOTANYPUS,4042,1.0,1.0,42.3167412934982,-75.94377155,RiversOther,Region_02,NRS18_NY_10034,2019.0,7/11/2019,1,BETB,49.12,Fair,US1NYBM0014,1.423241651739731,USC00309437,2.6350056675334113,USC00309442,3.310304574277487,US1NYBM0010,5.15968191330059,USC00304782,5.919389104609773
2014032,MOLLUSCA,BIVALVIA,VENEROIDA,PISIDIIDAE,,PISIDIIDAE,4158,7.0,1.0,46.5157869238699,-85.26036191,SmallStreams,Region_05,NRS18_MI_10233,2019.0,7/11/2019,1,BERW,31.83,Fair,USC00206353,9.589949981335923,USC00208043,9.91955133756879,USC00206354,19.50980556431157,US1MICP0005,21.200136378156806,USC00203982,21.984176503839944
2014033,ARTHROPODA,INSECTA,TRICHOPTERA,HYDROPSYCHIDAE,CHEUMATOPSYCHE,CHEUMATOPSYCHE,3578,21.0,1.0,40.0227960684948,-96.23836363,SmallStreams,Region_07,NRS18_NE_10071,2019.0,7/11/2019,1,BERW,32.07,Fair,US1NEPN0004,1.0230249200575012,US10pawn009,3.2588976516240216,US1KSNM0013,6.715558374356677,US10pawn010,7.702869281786314,US1KSMS0015,10.098477745688514
2014034,ARTHROPODA,INSECTA,EPHEMEROPTERA,BAETIDAE,PROCLOEON,PROCLOEON,4192,,,45.5843935961086,-89.46553785,RiversMajor,Region_05,NRS18_WI_10016,2019.0,7/11/2019,1,BETB,29.03,Fair,USC00477113,1.9520390743893679,USW00004803,5.390840681562275,USC00477118,6.028236727913451,US1WION0004,6.554303182577493,US1WION0001,8.053643590124643
2014037,ARTHROPODA,ARACHNIDA,TROMBIDIFORMES,TORRENTICOLIDAE,TORRENTICOLA,TORRENTICOLA,4371,1.0,1.0,43.6149879497577,-122.7664578,SmallStreams,Region_10,NRS18_OR_10003,2019.0,7/11/2019,1,BERW,46.83,Fair,USC00352004,7.581362648074694,USC00355886,7.581362648074694,USC00352345,10.547257647668188,USR0000OSUG,10.943057016458544,USR0000OHAW,12.303043375239442
2014038,ARTHROPODA,INSECTA,DIPTERA,CHIRONOMIDAE,LIMNOPHYES,LIMNOPHYES,3928,2.0,1.0,43.9190473824166,-71.53722396,SmallStreams,Region_01,NRS18_NH_10031,2019.0,7/11/2019,1,BERW,41.15,Fair,USC00278961,3.6366798956875357,USC00278960,4.553072119870054,US1NHGR0014,7.028719600804148,USC00278678,7.217398542287923,USC00271100,8.149715706217524
2014039,ARTHROPODA,INSECTA,DIPTERA,CHIRONOMIDAE,,CRICOTOPUS/ORTHOCLADIUS,3623,3.0,1.0,30.5430814618469,-100.0189159,SmallStreams,Region_06,NRS18_TX_10449,2019.0,7/9/2019,1,BERW,54.77,Good,USC00417735,6.78870915015113,USC00416158,16.764848693006734,USC00417528,17.89287095540752,US1TXSU0012,21.416850326544115,US1TXKM0005,21.685001719358738
2014040,ARTHROPODA,INSECTA,TRICHOPTERA,HYDROPSYCHIDAE,,HYDROPSYCHIDAE,3845,2.0,0.0,30.9200699218262,-98.5446311,SmallStreams,Region_06,NRS18_TX_10453,2019.0,7/10/2019,1,BERW,56.8,Good,USC00419099,8.12815982199278,US1TXLL0034,8.889229851401547,US1TXLL0057,11.553495631357137,US1TXBRT142,13.346613925204057,US1TXBRT014,14.331293689543777
2014041,ARTHROPODA,INSECTA,DIPTERA,CHIRONOMIDAE,TANYTARSUS,TANYTARSUS,4348,1.0,1.0,,,,Region_04,NRS18_NC_10010,,7/11/2019,2,BETB,10.75,,ACW00011604,,US1OKCV0084,,US1OKCV0083,,US1OKCV0082,,US1OKCV0081,
2014042,ARTHROPODA,ARACHNIDA,TROMBIDIFORMES,LEBERTIIDAE,LEBERTIA,LEBERTIA,3892,1.0,1.0,36.6829626278688,-88.70134294,SmallStreams,Region_04,NRS18_KY_10048,2019.0,7/11/2019,1,BERW,31.0,Poor,USC00155232,6.35583655233369,USC00155230,7.230314567526973,US1KYGV0001,7.403267265945362,USC00155233,9.95567973945264,USC00155235,12.17732750037773
2014043,ARTHROPODA,INSECTA,DIPTERA,CHIRONOMIDAE,DICROTENDIPES,DICROTENDIPES,3658,3.0,1.0,36.5110671620325,-88.67582415,SmallStreams,Region_04,NRS18_KY_10039,2019.0,7/10/2019,1,BERW,54.63,Fair,USC00155059,10.3245367579332,US1KYGV0001,12.291542266024656,US1KYHC0001,14.290391385965313,US1KYGV0002,14.746645967004135,US1KYGV0007,14.780617506591065
2014044,ANNELIDA,OLIGOCHAETA,HAPLOTAXIDA,NAIDIDAE,PARANAIS,PARANAIS,4113,,,42.1985330504707,-77.41110065,LargeStreams,Region_02,NRS18_NY_10090,2019.0,7/12/2019,1,BETB,63.95,Good,USC00309125,2.0720481997741333,USC00308498,6.700503574493657,US1NYST0035,7.659795953553962,USC00307918,11.567980164700318,US1NYST0011,12.504423461716481
2014045,ARTHROPODA,INSECTA,DIPTERA,CHIRONOMIDAE,TANYTARSUS,TANYTARSUS,4348,57.0,1.0,31.4114228449129,-86.0645204,RiversOther,Region_04,NRS18_AL_10015,2019.0,7/12/2019,1,BETB,42.48,Fair,USC00012577,1.4027282173600768,USC00015842,12.518043731788726,US1ALCF0003,17.603709658598568,US1ALCF0004,20.19994443783089,USC00012675,20.89956212389841
2014046,ARTHROPODA,INSECTA,DIPTERA,CHIRONOMIDAE,CRYPTOTENDIPES,CRYPTOTENDIPES,3628,1.0,1.0,47.341810979179,-101.3604595,RiversMajor,Region_08,NRS18_ND_10042,2019.0,7/12/2019,1,BETB,14.77,Poor,USC00328298,3.28019481901964,USC00328877,10.599677059348497,USC00327585,17.41294501762197,US1NDML0005,17.74794678484378,US1NDMR0001,18.804890333036397
2014047,ARTHROPODA,INSECTA,DIPTERA,MUSCIDAE,,MUSCIDAE,3996,1.0,1.0,47.0464617527066,-101.1047045,LargeStreams,Region_08,NRS18_ND_10003,2019.0,7/11/2019,1,BERW,53.5,Fair,US1NDOL0004,3.3476134610886303,USC00321456,8.362085310326735,US1NDBH0016,23.030772061268298,US1NDBH0017,23.530707225686946,US1NDMT0003,23.67237707217451
2014048,ARTHROPODA,INSECTA,DIPTERA,PSYCHODIDAE,,PSYCHODIDAE,4223,,,,,,Region_07,NRS18_NE_10058,,7/12/2019,2,BERW,17.98,,ACW00011604,,US1OKCV0084,,US1OKCV0083,,US1OKCV0082,,US1OKCV0081,
2014049,ARTHROPODA,INSECTA,DIPTERA,CHIRONOMIDAE,STICTOCLADIUS,ORTHOCLADIINAE,5110,4.0,1.0,46.3633216164114,-113.930266,SmallStreams,Region_08,NRS18_MT_10272,2019.0,7/11/2019,1,BERW,55.08,Good,US1MTRV0007,8.680892803713691,US1MTRV0015,9.701926458744268,USC00248028,11.021889265927149,US1MTRV0009,12.15777478892567,USC00248783,12.477358757424057
2014050,ARTHROPODA,ARACHNIDA,TROMBIDIFORMES,LEBERTIIDAE,LEBERTIA,LEBERTIA,3892,1.0,1.0,45.6084298879665,-113.4619921,RiversOther,Region_08,NRS18_MT_10113,2019.0,7/12/2019,1,BERW,50.08,Fair,USC00249067,1.3282783111123526,USC00241022,15.769423263144196,USR0000MGOR,21.3014012837393,USC00244447,27.042051157409894,USC00242719,31.17067972374552
2014051,ARTHROPODA,INSECTA,COLEOPTERA,ELMIDAE,OPTIOSERVUS,OPTIOSERVUS,4071,1.0,1.0,42.0347466703804,-77.55208966,SmallStreams,Region_02,NRS18_NY_10081,2019.0,7/14/2019,1,BERW,47.62,Fair,USC00360313,4.163804203073191,USC00369490,5.846584281158589,USC00308594,6.699595531679047,USC00309229,12.347211802357549,US1PATG0008,13.815602009913556
2014054,ARTHROPODA,INSECTA,EPHEMEROPTERA,HEPTAGENIIDAE,MACCAFFERTIUM,MACCAFFERTIUM,3948,1.0,1.0,40.7902160624261,-85.82738988,RiversMajor,Region_05,NRS18_IN_10046,2019.0,7/14/2019,1,BETB,32.12,Fair,USC00129138,0.21246533842529458,US1INWB0023,0.9797419000311953,US1INWB0020,1.4335487887735678,US1INWB0018,1.4449849447778398,US1INWB0013,1.532204895263611
2014055,ARTHROPODA,INSECTA,DIPTERA,CHIRONOMIDAE,LIMNOPHYES,LIMNOPHYES,3928,,,43.7648154114755,-94.04070848,LargeStreams,Region_05,NRS18_MN_10001,2019.0,7/14/2019,1,BERW,37.73,Fair,USC00219046,10.069946195920968,US1MNFT0002,10.25419191752788,USC00210852,13.953033007075168,US1MNFT0005,14.735205036023762,USC00210855,16.291382870299433
2014056,ARTHROPODA,INSECTA,DIPTERA,CHIRONOMIDAE,CRYPTOCHIRONOMUS,CRYPTOCHIRONOMUS,3625,7.0,1.0,31.0752436719921,-87.01265329,RiversMajor,Region_04,NRS18_AL_10938,2019.0,7/14/2019,1,BETB,45.25,Fair,USC00011084,4.451690042532368,USC00011080,8.113345215773732,USW00063899,8.601318697532813,US1ALES0004,13.748123853386453,US1ALES0001,14.827600615084721
2014057,ARTHROPODA,INSECTA,DIPTERA,TABANIDAE,,TABANIDAE,4340,1.0,1.0,38.8785713402313,-75.87091471,SmallStreams,Region_03,NRS18_MD_10034,2019.0,7/15/2019,1,BERW,16.0,Poor,US1MDCL0008,2.8030772248737232,US1MDCL0010,5.157270895078717,US1MDCL0005,5.992846837395526,USC00182523,6.160849931546508,US1MDCL0003,7.446218308321309
2014058,ARTHROPODA,INSECTA,DIPTERA,CERATOPOGONIDAE,,CERATOPOGONIDAE,3566,1.0,0.0,45.3548904422314,-87.65432043,RiversOther,Region_05,NRS18_WI_10853,2019.0,7/15/2019,1,BETB,69.2,Good,USC00207867,5.446709854524403,US1MIMM0009,12.70021804735249,USC00201940,12.794131550422305,US1WIMR0001,18.100332948414323,US1MIMM0005,19.740212370722528
2014059,ARTHROPODA,INSECTA,DIPTERA,CHIRONOMIDAE,NANOCLADIUS,NANOCLADIUS,4005,1.0,1.0,41.6946526787229,-85.9174007,RiversMajor,Region_05,NRS18_IN_10006,2019.0,7/15/2019,1,BETB,27.75,Fair,US1INEL0062,1.3255140834430863,USC00122586,1.447785203293709,US1INEL0045,1.6742367381698195,US1INEL0049,3.0214756415267296,USC00122589,4.2838645856670565
2014060,ARTHROPODA,ARACHNIDA,TROMBIDIFORMES,LIMNESIIDAE,LIMNESIA,LIMNESIA,3920,1.0,1.0,48.9126347890902,-101.9138059,RiversOther,Region_08,NRS18_ND_10037,2019.0,7/15/2019,1,BETB,17.8,Poor,USC00328049,8.755703627732242,US1NDRV0004,11.185307911328263,USW00094084,19.702183898861364,USC00328764,20.175162079611113,USC00328047,21.372258972716686
2014061,ANNELIDA,OLIGOCHAETA,HAPLOTAXIDA,NAIDIDAE,NAIS,NAIS,4004,,,43.5631066866019,-91.73164628,LargeStreams,Region_05,NRS18_MN_10019,2019.0,7/15/2019,1,BERW,9.73,Poor,USC00214990,4.9270023979801,US1MNHS0011,5.6150484339381785,USC00215486,5.946783679206537,USC00217915,7.00692915864841,USC00217917,10.385904467738706
2014062,ARTHROPODA,INSECTA,DIPTERA,CHIRONOMIDAE,CHIRONOMUS,CHIRONOMUS,3582,45.0,1.0,47.469720339321,-101.4078266,RiversMajor,Region_08,NRS18_ND_10038,2019.0,7/14/2019,1,BETB,22.13,Poor,USC00327585,4.005395753306802,USC00328877,4.092292371817375,US1NDML0005,4.3749966065322425,US1NDMR0005,9.463309625074114,USC00328298,17.114955801225726
2014063,ARTHROPODA,INSECTA,EPHEMEROPTERA,CAENIDAE,CAENIS,CAENIS,3542,5.0,1.0,39.1126957772621,-99.84059319,SmallStreams,Region_07,NRS18_KS_10122,2019.0,7/15/2019,1,BERW,42.48,Good,US1KSTR0038,5.768351521328179,US1KSTR0013,9.972590181805446,USC00148496,10.310784103123964,US1KSTR0012,10.952998238658873,USC00148495,11.233126695892112
2014064,ARTHROPODA,INSECTA,COLEOPTERA,ELMIDAE,OPTIOSERVUS,OPTIOSERVUS,4071,4.0,1.0,38.4693601329752,-82.27877882,SmallStreams,Region_03,NRS18_WV_10004,2019.0,7/15/2019,1,BERW,29.02,Poor,USC00336853,3.941621145925079,US1WVCB0006,4.072762000789954,USC00466912,5.793328867897393,USC00465055,8.975369349137816,USC00464378,9.639448083566688
2014065,ANNELIDA,OLIGOCHAETA,HAPLOTAXIDA,NAIDIDAE,SLAVINA,SLAVINA,4288,1.0,1.0,42.4372787742883,-93.34562831,LargeStreams,Region_07,NRS18_IA_10015,2019.0,7/15/2019,1,BERW,44.13,Good,USC00130999,3.439162184732341,US1IAHD0002,8.98436286172479,USC00134142,11.803917668353566,USC00133960,15.558294327423477,USC00139062,17.00253187036551
2014066,ARTHROPODA,INSECTA,DIPTERA,CHIRONOMIDAE,DICROTENDIPES,DICROTENDIPES,3658,1.0,1.0,37.5641030869691,-82.45177334,LargeStreams,Region_04,NRS18_KY_10015,2019.0,7/15/2019,1,BETB,15.73,Poor,USC00155370,6.940583752044727,USC00156357,10.654255880069242,USC00156355,10.654255880069242,USC00156353,10.654255880069242,USC00156360,12.090596919973219
2014067,ARTHROPODA,INSECTA,TRICHOPTERA,HYDROPTILIDAE,,HYDROPTILIDAE,3847,1.0,0.0,39.7826465337734,-75.70137914,SmallStreams,Region_03,NRS18_DE_10014,2019.0,7/15/2019,1,BERW,18.55,Poor,US1PACH0022,3.1042531812746814,US1DENC0067,3.3781787058385992,US1DENC0062,4.399945370213241,US1DENC0068,5.307554330275203,US1DENC0001,5.385611634675382
2014068,MOLLUSCA,BIVALVIA,VENEROIDA,,,VENEROIDA,4412,1.0,0.0,30.2142286851268,-85.11153682,RiversMajor,Region_04,NRS18_FL_10007,2019.0,7/15/2019,1,BETB,23.68,Poor,US1FLGF0007,13.498452019891852,USC00089566,13.940454849308162,US1FLCN0001,14.92224605255002,US1FLGF0002,16.35434162608406,USR0000FWIL,17.73952808467273
2014075,ARTHROPODA,INSECTA,EPHEMEROPTERA,LEPTOHYPHIDAE,TRICORYTHODES,TRICORYTHODES,4384,63.0,1.0,44.6555740102679,-88.60491028,RiversOther,Region_05,NRS18_WI_10060,2019.0,7/16/2019,1,BETB,56.05,Good,USC00471676,11.915983863707803,USC00477708,12.003073946608005,USC00471295,12.314206315547612,US1WIWP0016,12.89448251820861,US1WISW0015,15.060143049423566
2014076,ARTHROPODA,MALACOSTRACA,DECAPODA,CAMBARIDAE,ORCONECTES,ORCONECTES,4072,2.0,1.0,40.8572559099829,-77.48308446,LargeStreams,Region_03,NRS18_PA_10816,2019.0,7/16/2019,1,BERW,45.53,Good,US1PACN0042,2.4731133168326007,USC00365790,3.1264388899219924,US1PACN0034,7.139393009158846,USC00369870,14.220913640732933,USC00366816,14.700107611678058
2014077,ANNELIDA,OLIGOCHAETA,HAPLOTAXIDA,TUBIFICIDAE,AULODRILUS,AULODRILUS,3496,1.0,1.0,41.6826134086573,-85.95749296,RiversOther,Region_05,NRS18_IN_10014,2019.0,7/16/2019,1,BETB,24.93,Fair,USC00122589,0.7683950432229021,US1INEL0045,2.6280599665686695,USC00122586,2.788017911057315,US1INEL0049,3.6265128539739733,USC00122594,3.7512066526430394
2014078,ARTHROPODA,INSECTA,DIPTERA,CERATOPOGONIDAE,DASYHELEA,DASYHELEA,3641,1.0,1.0,44.2462926755001,-92.23763048,LargeStreams,Region_05,NRS18_MN_10059,2019.0,7/16/2019,1,BERW,7.85,Poor,USC00218227,5.1798232632276,USC00216571,10.50202219883617,US1MNWB0012,13.176949774582495,USC00219237,14.713003757453,USC00219235,14.841042932644879
2014079,ARTHROPODA,INSECTA,EPHEMEROPTERA,CAENIDAE,SPARBARUS,SPARBARUS,4294,2.0,1.0,36.95482751,-96.93871595,RiversMajor,Region_06,NRS18_OK_10008,2019.0,7/15/2019,1,BETB,40.37,Good,USC00346278,6.124505396745943,USC00346282,6.79474988353537,USC00343909,10.590104480770227,US1KSCL0023,11.208855063308974,US1KSCL0007,11.386126070777417
2014080,ARTHROPODA,INSECTA,DIPTERA,CHIRONOMIDAE,DICROTENDIPES,DICROTENDIPES,3658,5.0,1.0,47.655529786393,-100.0890743,LargeStreams,Region_08,NRS18_ND_10528,2019.0,7/16/2019,1,BERW,20.63,Poor,USC00325610,19.87477897677278,USC00324013,23.30219822442749,USC00325492,25.424078766981175,USC00325710,32.89263993789471,USC00324343,34.40560953801476
2014081,ARTHROPODA,INSECTA,DIPTERA,CHIRONOMIDAE,DICROTENDIPES,DICROTENDIPES,3658,1.0,1.0,34.9638493924493,-96.49501811,RiversOther,Region_06,NRS18_OK_10016,2019.0,7/15/2019,1,BERW,43.2,Good,US1OKPN0017,11.027823814955633,US1OKHG0003,11.917850513213308,USC00340147,13.113927485244117,USC00344235,14.317627015864591,US1OKPN0002,15.746595007276769
2014082,ARTHROPODA,INSECTA,DIPTERA,EMPIDIDAE,HEMERODROMIA,HEMERODROMIA,3799,2.0,1.0,46.6540725502746,-97.9348043,RiversOther,Region_08,NRS18_ND_10036,2019.0,7/16/2019,1,BETB,52.13,Good,USC00325230,22.29099415840222,USC00322695,23.006487844446042,US1NDBR0006,25.92881298779648,USC00322697,28.400445457404402,USC00326743,29.20917359075021
2014083,ANNELIDA,OLIGOCHAETA,HAPLOTAXIDA,NAIDIDAE,NAIS,NAIS,4004,34.0,1.0,42.7929770430125,-100.9973071,RiversMajor,Region_07,NRS18_NE_10050,2019.0,7/16/2019,1,BETB,71.98,Good,USC00254432,18.00536274649831,USC00251280,18.848890110334022,USC00255860,21.077016171448747,US10cher024,23.458829691871454,US10cher027,25.340631305135968
2014084,ARTHROPODA,INSECTA,DIPTERA,CHIRONOMIDAE,ABLABESMYIA,ABLABESMYIA,3406,8.0,1.0,37.1144080396174,-119.1692797,SmallStreams,Region_09,NRS18_CA_10024,2019.0,7/16/2019,1,BERW,32.82,Poor,USR0000CSHA,8.030687574709756,USC00040755,12.084993133037779,USR0000CDNK,12.696867049006293,USC00044176,13.372131610598675,USR0000CFEN,17.02129208325782
2014085,ARTHROPODA,INSECTA,DIPTERA,CHIRONOMIDAE,,CRICOTOPUS/ORTHOCLADIUS,3623,27.0,1.0,44.5757631929225,-104.0129633,RiversOther,Region_08,NRS18_SD_10046,2019.0,7/16/2019,1,BERW,38.6,Fair,US1SDLW0002,1.8791866390950644,USC00397877,2.879991733408306,USC00390554,8.616018591376351,US1SDLW0024,9.288165453793264,US1SDLW0016,11.650102501484403
2014086,ARTHROPODA,INSECTA,TRICHOPTERA,HYDROPSYCHIDAE,HYDROPSYCHE,HYDROPSYCHE,3844,11.0,1.0,44.0415064340095,-92.33873694,SmallStreams,Region_05,NRS18_MN_10003,2019.0,7/16/2019,1,BERW,15.45,Poor,US1MNOL0010,2.5675518010953247,US1MNOL0044,4.005871590678847,US1MNOL0058,4.082531988921949,US1MNOL0074,4.475511752958157,US1MNOL0006,5.27302364455864
2014087,ARTHROPODA,ARACHNIDA,TROMBIDIFORMES,UNIONICOLIDAE,UNIONICOLA,UNIONICOLA,4400,2.0,1.0,34.1782317504388,-95.36344359,SmallStreams,Region_06,NRS18_OK_10922,2019.0,7/16/2019,1,BERW,62.9,Good,USC00348407,3.3741158176273536,USC00348305,12.97565151547988,US1OKPH0001,16.6269944941732,US1OKCW0003,20.52423669534548,USC00340256,23.614309345145085
2014088,NEMERTEA,ENOPLA,HOPLONEMERTEA,TETRASTEMMATIDAE,PROSTOMA,PROSTOMA,4199,1.0,1.0,37.7856327528439,-80.90760137,RiversOther,Region_03,NRS18_WV_10011,2019.0,7/16/2019,1,BETB,50.95,Good,USC00463672,4.984734998525651,USC00464170,13.396311042844623,USC00464175,13.396311042844623,USR0000VVIE,15.007418008971754,USC00468083,15.730301615372236
2014089,ARTHROPODA,ARACHNIDA,TROMBIDIFORMES,UNIONICOLIDAE,KOENIKEA,KOENIKEA,3876,,,,,,Region_02,NRS18_NY_10068,,7/16/2019,2,BERW,17.43,,ACW00011604,,US1OKCV0084,,US1OKCV0083,,US1OKCV0082,,US1OKCV0081,
2014090,ARTHROPODA,INSECTA,DIPTERA,CHIRONOMIDAE,RHEOTANYTARSUS,RHEOTANYTARSUS,4247,2.0,1.0,37.04281754,-84.04662422,LargeStreams,Region_04,NRS18_KY_10011,2019.0,7/16/2019,1,BERW,20.77,Poor,US1KYLL0006,4.9164086123163395,USW00003849,5.5440091456418195,US1KYLL0002,9.16960352795551,US1KYLL0003,10.448294621105228,USC00151806,11.357349335170545
2014091,ARTHROPODA,INSECTA,EPHEMEROPTERA,LEPTOHYPHIDAE,TRICORYTHODES,TRICORYTHODES,4384,2.0,1.0,37.6211649166646,-83.49985783,RiversOther,Region_04,NRS18_KY_10007,2019.0,7/16/2019,1,BETB,18.25,Poor,US1KYWL0001,3.5221363655706552,US1KYBE0004,3.862401824021327,US1KYBE0006,9.031324683767558,US1KYBE0003,12.962072600039434,USC00154196,12.965451626635858
2014092,ARTHROPODA,INSECTA,DIPTERA,CERATOPOGONIDAE,,CERATOPOGONINAE,3567,,,32.3841070998189,-98.11017131,LargeStreams,Region_06,NRS18_TX_10694,2019.0,7/16/2019,1,BERW,64.8,Good,USC00416060,5.646180955257008,US1TXER0011,12.83756153673343,US1TXER0005,13.550916966008288,USC00418624,14.031264723521275,US1TXHDD017,14.750011853310328
2014093,ARTHROPODA,INSECTA,DIPTERA,EMPIDIDAE,,EMPIDIDAE,3695,1.0,1.0,43.8394678633733,-71.89916744,LargeStreams,Region_01,NRS18_NH_10006,2019.0,7/16/2019,1,BERW,67.85,Good,USC00279091,3.348693826760462,US1NHGR0032,4.012441529359703,US1NHGR0007,4.393198905409667,USC00279474,5.900894409448519,USC00278885,7.862432639729348
2014094,ARTHROPODA,INSECTA,DIPTERA,CHIRONOMIDAE,THIENEMANNIELLA,THIENEMANNIELLA,4361,1.0,1.0,43.6926663154408,-72.27664413,LargeStreams,Region_01,NRS18_NH_10009,2019.0,7/17/2019,1,BERW,60.02,Good,USC00273850,1.578554599610325,USC00273855,2.9028707402586877,US1NHGR0033,3.1555198365165413,USC00436020,3.265979644647245,USC00439764,3.547362249904668
2014095,ANNELIDA,OLIGOCHAETA,HAPLOTAXIDA,NAIDIDAE,,NAIDIDAE,4003,8.0,0.0,40.4917969670435,-76.94812928,RiversMajor,Region_03,NRS18_PA_10010,2019.0,7/17/2019,1,BETB,41.68,Fair,USC00368303,2.8097845896266267,USC00365775,5.325123469235201,USC00360212,5.8695407510702,USC00362029,8.44414166675883,US1PADP0032,10.05263266269097
2014096,ARTHROPODA,INSECTA,LEPIDOPTERA,PYRALIDAE,PETROPHILA,PETROPHILA,4142,1.0,1.0,35.764453120504,-86.16621375,LargeStreams,Region_04,NRS18_TN_10490,2019.0,7/16/2019,1,BERW,40.63,Fair,US1TNCN0013,7.996932633624226,US1TNCN0008,9.592732392772275,US1TNRD0128,9.633384851753531,US1TNRD0048,9.839175671098142,US1TNCN0017,10.132538975527227
2014097,ARTHROPODA,INSECTA,DIPTERA,CHIRONOMIDAE,,THIENEMANNIMYIA GENUS GR.,4362,,,33.0134237890874,-87.08607699,RiversMajor,Region_04,NRS18_AL_10018,2019.0,7/15/2019,1,BETB,29.48,Poor,US1ALBB0008,2.8561055449303967,USC00011100,8.276195584835127,USC00011520,8.314932576073067,USR0000AOKM,10.061603306124049,USC00018809,12.283874553463864
2014098,ARTHROPODA,INSECTA,DIPTERA,CHIRONOMIDAE,RHEOTANYTARSUS,RHEOTANYTARSUS,4247,3.0,1.0,42.776753480783,-100.8528734,RiversMajor,Region_07,NRS18_NE_10054,2019.0,7/17/2019,1,BETB,64.98,Good,USC00251280,7.070473586902253,US10cher032,19.825561714662705,USC00254432,20.70681893709598,US10cher017,20.979888644597846,US10cher007,21.754092681219344
2014099,ARTHROPODA,INSECTA,EPHEMEROPTERA,BAETIDAE,CALLIBAETIS,CALLIBAETIS,3544,1.0,1.0,44.191627679959,-88.80697007,RiversOther,Region_05,NRS18_WI_10055,2019.0,7/17/2019,1,BETB,23.98,Poor,US1WIWN0026,15.982461685363917,US1WIWP0001,17.37054709646968,USC00476594,18.069877575678934,US1WIWN0027,18.486317620530436,US1WIWN0007,19.13060110775177
2014100,ARTHROPODA,MALACOSTRACA,AMPHIPODA,GAMMARIDAE,GAMMARUS,GAMMARUS,3744,2.0,1.0,41.7412922726178,-86.2728023,RiversOther,Region_05,NRS18_IN_10033,2019.0,7/17/2019,1,BETB,16.3,Poor,US1INSJ0012,0.5000036125204611,USC00128212,2.3532971461770895,US1INSJ0008,2.926692368480869,US1MIBN0026,3.1041098405243406,US1INSJ0083,4.386168846073088
2014101,ARTHROPODA,INSECTA,DIPTERA,CHIRONOMIDAE,EUKIEFFERIELLA,EUKIEFFERIELLA,3722,7.0,1.0,43.5344297675884,-91.3839322,LargeStreams,Region_05,NRS18_MN_10055,2019.0,7/17/2019,1,BERW,29.75,Fair,US1MNHS0027,3.727686295033395,US1MNHS0029,3.7830653341158085,US1MNHS0004,10.70091998866254,USC00132311,12.45305402263126,USC00473038,13.086759004964824
2014102,ARTHROPODA,INSECTA,DIPTERA,CHIRONOMIDAE,PSEUDOCHIRONOMUS,PSEUDOCHIRONOMUS,4212,,,,,,Region_03,NRS18_MD_10001,,7/17/2019,2,BETB,29.93,,ACW00011604,,US1OKCV0084,,US1OKCV0083,,US1OKCV0082,,US1OKCV0081,
2014103,MOLLUSCA,GASTROPODA,,,,GASTROPODA,3745,1.0,0.0,,,,Region_07,NRS18_IA_10011,,7/17/2019,2,BETB,28.53,,ACW00011604,,US1OKCV0084,,US1OKCV0083,,US1OKCV0082,,US1OKCV0081,
2014104,ARTHROPODA,INSECTA,TRICHOPTERA,LEPTOCERIDAE,OECETIS,OECETIS,4060,26.0,1.0,30.3524343153466,-84.68591558,RiversOther,Region_04,NRS18_FL_10002,2019.0,7/17/2019,1,BETB,35.88,Poor,US1FLLB0001,9.36707349625686,US1FLGD0008,12.06040485172714,US1FLLB0003,12.616670224758058,USR0000FSAN,13.625917522005885,US1FLLN0018,15.584190400595373
2014105,ANNELIDA,OLIGOCHAETA,HAPLOTAXIDA,NAIDIDAE,,NAIDIDAE,4003,27.0,1.0,39.8007173014955,-75.43364349,LargeStreams,Region_03,NRS18_DE_10332,2019.0,7/17/2019,1,BETB,17.83,Poor,USC00365390,2.771311989650771,USC00288685,3.4660428121128857,US1PADL0017,5.136035343376728,US1DENC0065,5.630845686045807,US1DENC0064,6.523432217123889
2014106,ARTHROPODA,INSECTA,DIPTERA,CHIRONOMIDAE,DICROTENDIPES,DICROTENDIPES,3658,1.0,1.0,39.3294967770306,-95.35688326,SmallStreams,Region_07,NRS18_KS_10045,2019.0,7/17/2019,1,BERW,29.32,Fair,USC00148340,5.162099738356424,US1KSJF0012,5.888589615588191,USC00145853,9.864965825617237,US1KSJF0006,9.880370966971716,USC00148341,11.4914488399635
2014107,ANNELIDA,OLIGOCHAETA,HAPLOTAXIDA,TUBIFICIDAE,,TUBIFICIDAE,4391,1.0,1.0,36.5857683249631,-97.03390159,RiversMajor,Region_06,NRS18_OK_10052,2019.0,7/17/2019,1,BETB,28.33,Fair,USC00349609,6.109601868032321,US1OKKY0017,13.031269294458944,US1OKKY0015,14.416157947209197,US1OKKY0023,15.299589155211427,USC00347196,16.078015942406118
2014108,ARTHROPODA,INSECTA,DIPTERA,CHIRONOMIDAE,,CRICOTOPUS/ORTHOCLADIUS,3623,32.0,1.0,43.2759759641531,-111.2418615,LargeStreams,Region_10,NRS18_ID_10015,2019.0,7/16/2019,1,BERW,60.15,Good,USC00106764,8.479106011288831,USC00104588,14.570352241721038,USC00108937,18.179685819264435,USC00480124,18.649914938937307,USC00103828,22.191223032088143
2014109,ARTHROPODA,INSECTA,DIPTERA,CHIRONOMIDAE,RHEOTANYTARSUS,RHEOTANYTARSUS,4247,2.0,1.0,43.7297124586144,-111.8671014,RiversMajor,Region_10,NRS18_ID_11142,2019.0,7/17/2019,1,BETB,66.3,Good,US1IDJF0001,4.61251383048496,US1IDMD0002,4.69072598474553,USC00107689,6.989779519778318,USC00105835,8.917855426079036,USC00107644,10.746664550261553
2014110,ARTHROPODA,INSECTA,COLEOPTERA,ELMIDAE,MACRONYCHUS,MACRONYCHUS,3952,3.0,1.0,41.7091374361737,-86.26789626,RiversMajor,Region_05,NRS18_IN_10017,2019.0,7/18/2019,1,BETB,35.45,Fair,US1INSJ0027,1.2222261630381752,USC00128212,1.2459288468399141,USC00128437,1.8620664783054033,US1INSJ0020,2.728984875150545,US1INSJ0059,2.8080372130229247
2014111,ARTHROPODA,INSECTA,DIPTERA,CHIRONOMIDAE,MICROTENDIPES,MICROTENDIPES,3982,183.0,1.0,36.9637051333491,-119.2314146,LargeStreams,Region_09,NRS18_CA_10001,2019.0,7/17/2019,1,BERW,52.87,Fair,USR0000CFEN,5.018870151340735,USR0000CTRM,8.774295610786787,US1CAFR0005,11.768729537675855,USC00040449,14.089894127222879,US1CAFR0009,14.74899961568394
2014112,ARTHROPODA,MALACOSTRACA,AMPHIPODA,,,AMPHIPODA,3450,1.0,1.0,41.3975630932436,-76.5766731,SmallStreams,Region_03,NRS18_PA_10220,2019.0,7/18/2019,1,BERW,67.15,Good,USC00362343,0.6155962207261713,USC00366098,5.047254566213729,USC00364815,7.518840635041702,USC00362325,15.929249554917346,USC00362323,19.92743753705995
2014113,ARTHROPODA,INSECTA,DIPTERA,SIMULIIDAE,SIMULIUM,SIMULIUM,4281,1.0,1.0,39.3675838827098,-81.2372602,LargeStreams,Region_03,NRS18_WV_10018,2019.0,7/17/2019,1,BERW,41.48,Fair,USC00335939,3.245478666272588,USC00467875,3.6484328111622983,USC00339197,6.829710831869105,US1WVWD0022,14.340481000086815,USC00335878,15.12360836246131
2014114,ARTHROPODA,INSECTA,ODONATA,COENAGRIONIDAE,,COENAGRIONIDAE,3606,26.0,1.0,46.2159267870549,-102.6036725,RiversOther,Region_08,NRS18_ND_10071,2019.0,7/18/2019,1,BERW,37.7,Poor,USC00324186,7.201836188791336,USC00327465,22.92622735794384,USW00094038,23.10755333700104,USC00324180,23.75884525666671,US1NDAD0002,23.96783765134324
2014115,ARTHROPODA,INSECTA,EPHEMEROPTERA,LEPTOPHLEBIIDAE,,LEPTOPHLEBIIDAE,3904,,,42.044895560488,-118.4328368,LargeStreams,Region_10,NRS18_OR_10021,2019.0,7/17/2019,1,BERW,66.48,Good,USC00262229,17.684509709397418,USS0018H01S,21.723899324552086,USR0000NTEX,27.082919018223155,USC00352876,31.55598628055702,USC00350190,33.49484429720459
2014116,ARTHROPODA,INSECTA,DIPTERA,CHIRONOMIDAE,EUKIEFFERIELLA,EUKIEFFERIELLA,3722,16.0,1.0,42.0497249857027,-118.6336642,SmallStreams,Region_10,NRS18_OR_10249,2019.0,7/16/2019,1,BERW,54.47,Fair,USC00262229,6.674475989082156,USC00352876,24.10012309701952,USR0000OBOR,31.04467245721376,US1ORHY0006,31.258734392681248,USR0000NTEX,31.455930092658484
2014117,ANNELIDA,OLIGOCHAETA,HAPLOTAXIDA,NAIDIDAE,NAIS,NAIS,4004,3.0,1.0,42.0033846444096,-117.9535998,RiversOther,Region_10,NRS18_OR_10818,2019.0,7/18/2019,1,BERW,64.4,Good,USC00264935,19.608556242835427,USS0018H01S,19.88827409808464,USC00264939,26.78625470078398,USC00264236,36.63857367244938,USC00350190,39.474466777817014
2014118,ARTHROPODA,INSECTA,DIPTERA,CHIRONOMIDAE,NILOTANYPUS,NILOTANYPUS,4042,1.0,1.0,43.4925387413003,-92.98828732,RiversOther,Region_07,NRS18_IA_10028,2019.0,7/18/2019,1,BETB,62.93,Good,USC00137326,13.395202308211385,US1MNMW0021,17.73734066365757,USC00210355,18.013238936351637,US1MNMW0011,19.33002380116429,US1MNMW0020,19.495159688655864
2014119,ARTHROPODA,INSECTA,EPHEMEROPTERA,CAENIDAE,CAENIS,CAENIS,3542,35.0,1.0,33.0946273040217,-97.53958394,SmallStreams,Region_06,NRS18_TX_10827,2019.0,7/17/2019,1,BERW,31.45,Fair,USC00410996,2.7887888134803105,US1TXWS0007,5.15525600800273,US1TXWS0012,10.659887362880195,US1TXWS0009,12.781883492325063,USC00412338,12.99705792058063
2014120,ARTHROPODA,INSECTA,ODONATA,GOMPHIDAE,GOMPHUS,GOMPHUS,3760,1.0,1.0,31.7078734408355,-96.73234936,LargeStreams,Region_06,NRS18_TX_10054,2019.0,7/18/2019,1,BETB,42.57,Good,US1TXLT0003,14.07751944918029,US1TXLT0014,14.517717922313105,US1TXLT0011,15.380025528406028,USC00414337,17.04848036228343,US1TXLT0010,17.7329347975285
2014121,ARTHROPODA,INSECTA,EPHEMEROPTERA,HEPTAGENIIDAE,MACCAFFERTIUM,MACCAFFERTIUM,3948,11.0,1.0,44.8008823658814,-93.53805042,RiversMajor,Region_05,NRS18_MN_10073,2019.0,7/18/2019,1,BETB,40.58,Good,US1MNSC0058,1.0333181064901487,US1MNSC0018,1.9743644653053598,US1MNSC0083,2.1354733276092785,US1MNSC0033,2.2570017742729718,US1MNCV0025,3.3090578156987016
2014122,ARTHROPODA,INSECTA,EPHEMEROPTERA,BAETIDAE,BAETIS,BAETIS,3501,171.0,1.0,40.4704455497612,-108.5667253,RiversMajor,Region_08,NRS18_CO_10048,2019.0,7/14/2019,1,BETB,58.72,Good,USC00053609,18.325953562724994,US1COMF0037,20.092051431071184,USC00055422,20.939838029576812,USC00055420,24.997398622312108,USC00058100,25.585628721191387
2014123,ARTHROPODA,INSECTA,EPHEMEROPTERA,POLYMITARCYIDAE,EPHORON,EPHORON,3709,1.0,1.0,40.4879879376231,-108.7551399,RiversMajor,Region_08,NRS18_CO_10072,2019.0,7/15/2019,1,BETB,40.18,Poor,USR0000CDIN,13.343310993885149,USC00053609,16.145228800066008,US1COMF0037,22.09803055796613,USC00055422,25.964998259512544,USC00055420,27.893860377076333
2014124,ARTHROPODA,INSECTA,DIPTERA,CHIRONOMIDAE,CARDIOCLADIUS,CARDIOCLADIUS,3556,2.0,1.0,40.4779687391896,-108.908221,RiversMajor,Region_08,NRS18_CO_10060,2019.0,7/16/2019,1,BETB,55.2,Fair,USR0000CDIN,3.4119765907026562,USR0000MINE,18.726940827361652,USC00053609,25.58147507680182,US1COMF0025,26.22360694300364,USW00094082,26.424942738628932
2014126,MOLLUSCA,GASTROPODA,BASOMMATOPHORA,ANCYLIDAE,FERRISSIA,FERRISSIA,3735,1.0,1.0,41.6284242655306,-87.17635418,RiversOther,Region_05,NRS18_IN_10030,2019.0,7/19/2019,1,BETB,26.03,Fair,US1INPT0059,0.666748452408279,USC00126542,1.425803031967837,US1INPT0157,1.9379301898070955,US1INLK0117,4.427249170470647,US1INLK0115,4.915165102465415
2014127,ARTHROPODA,INSECTA,COLEOPTERA,ELMIDAE,,ELMIDAE,3694,,,42.8281268033902,-100.1625959,RiversMajor,Region_07,NRS18_NE_10048,2019.0,7/18/2019,1,BETB,73.73,Good,US10keya004,10.406626141458373,US10brow007,16.369349307040203,US10keya002,17.323921447474245,US10keya001,18.486912069826516,US1Cher4307,18.92708945644658
2014128,ARTHROPODA,INSECTA,DIPTERA,CHIRONOMIDAE,,THIENEMANNIMYIA GENUS GR.,4362,8.0,1.0,44.9438804018079,-93.01252412,SmallStreams,Region_05,NRS18_MN_10024,2019.0,7/19/2019,1,BERW,24.85,Fair,US1MNRM0207,0.7364361577579168,USC00217377,1.3973580565707016,US1MNRM0116,2.3629793428285857,US1MNRM0130,2.5209758609253896,US1MNRM0020,2.6176924455725916
2014129,ARTHROPODA,INSECTA,DIPTERA,CHIRONOMIDAE,RHEOTANYTARSUS,RHEOTANYTARSUS,4247,2.0,1.0,44.7995597191241,-93.53311891,RiversMajor,Region_05,NRS18_MN_10015,2019.0,7/19/2019,1,BETB,65.77,Good,US1MNSC0058,0.6180904872581523,US1MNSC0083,1.7208787342373524,US1MNSC0033,2.016293357403627,US1MNSC0018,2.0777738633420784,US1MNSC0019,3.0562013045441043
2014130,ARTHROPODA,INSECTA,DIPTERA,CHIRONOMIDAE,,THIENEMANNIMYIA GENUS GR.,4362,11.0,1.0,43.5529842318568,-118.4666511,SmallStreams,Region_10,NRS18_OR_10232,2019.0,7/19/2019,1,BERW,58.77,Good,USR0000OBAL,5.0410438844256245,USC00359046,21.540252857078666,USC00357208,22.60243354974866,USC00353674,24.832071439351353,US1ORHY0003,25.592443689141103
2014131,ARTHROPODA,ARACHNIDA,TROMBIDIFORMES,HYGROBATIDAE,HYGROBATES,HYGROBATES,3855,3.0,1.0,45.5885770633545,-94.03795065,LargeStreams,Region_05,NRS18_MN_10056,2019.0,7/21/2019,1,BERW,48.48,Good,US1MNBN0022,4.915233081832912,USW00014926,5.049250564582024,US1MNBN0033,7.1514244227613455,US1MNBN0007,7.151822009091992,USW00054936,8.572552700811215
2014132,MOLLUSCA,BIVALVIA,,,,BIVALVIA,3517,2.0,0.0,,,,Region_05,NRS18_IL_10014,,7/21/2019,2,BETB,27.6,,ACW00011604,,US1OKCV0084,,US1OKCV0083,,US1OKCV0082,,US1OKCV0081,
2014133,ARTHROPODA,INSECTA,DIPTERA,CHIRONOMIDAE,DICROTENDIPES,DICROTENDIPES,3658,9.0,1.0,,,,Region_01,NRS18_MA_10001,,7/21/2019,2,BETB,18.12,,ACW00011604,,US1OKCV0084,,US1OKCV0083,,US1OKCV0082,,US1OKCV0081,
2014134,ARTHROPODA,MALACOSTRACA,AMPHIPODA,HYALELLIDAE,HYALELLA,HYALELLA,3821,36.0,1.0,45.0517092468938,-105.2142902,LargeStreams,Region_08,NRS18_MT_10078,2019.0,7/20/2019,1,BERW,45.62,Fair,USC00240739,9.842909536460667,USC00247028,14.366676398211311,USC00487885,14.730743166193609,US1MTCT0003,19.210679926005646,USC00240743,20.898128174759336
2014135,ARTHROPODA,INSECTA,DIPTERA,CHIRONOMIDAE,CRYPTOCHIRONOMUS,CRYPTOCHIRONOMUS,3625,1.0,1.0,45.3850538470437,-105.3056374,RiversOther,Region_08,NRS18_MT_11020,2019.0,7/20/2019,1,BERW,53.95,Fair,US1MTPR0012,8.332974749862869,USC00241127,10.300457900192672,US1MTPR0007,12.570847999888747,US1MTPR0004,22.330398893383585,US1MTPR0009,24.53111068533801
2014136,ARTHROPODA,INSECTA,DIPTERA,CHIRONOMIDAE,ROBACKIA,ROBACKIA,4257,1.0,1.0,,,,Region_01,NRS18_NH_10001,,7/22/2019,2,BERW,38.9,,ACW00011604,,US1OKCV0084,,US1OKCV0083,,US1OKCV0082,,US1OKCV0081,
2014137,ARTHROPODA,INSECTA,DIPTERA,CHIRONOMIDAE,,THIENEMANNIMYIA GENUS GR.,4362,7.0,1.0,44.582337176114,-94.2292413,LargeStreams,Region_05,NRS18_MN_10402,2019.0,7/22/2019,1,BERW,53.43,Good,US1MNSB0012,2.70719757310554,USC00213076,2.9605853485452625,US1MNSB0010,10.710924103315786,USC00219093,12.17972965484513,US1MNSB0005,13.079025635140743
2014138,ARTHROPODA,INSECTA,DIPTERA,CHIRONOMIDAE,ABLABESMYIA,ABLABESMYIA,3406,6.0,1.0,35.1922898794487,-97.14230347,LargeStreams,Region_06,NRS18_OK_10006,2019.0,7/22/2019,1,BERW,29.33,Fair,US1OKCV0101,8.058150219251988,US1OKCV0181,9.885404229465173,US1OKCV0061,10.112523725779322,USC00348951,10.650356764642906,USC00345688,12.347199735983432
2014139,ANNELIDA,OLIGOCHAETA,ENCHYTRAEIDA,ENCHYTRAEIDAE,,ENCHYTRAEIDAE,3697,2.0,1.0,42.1922345642208,-90.39957322,LargeStreams,Region_07,NRS18_IA_10025,2019.0,7/22/2019,1,BERW,19.35,Poor,US1IAJC0005,7.44637195621534,USC00130608,7.896701955452417,US1ILJD0006,12.086051855184307,US1IAJC0006,16.48762696825546,US1IAJC0001,16.694866634233207
2014140,ARTHROPODA,INSECTA,DIPTERA,CHIRONOMIDAE,CRYPTOTENDIPES,CRYPTOTENDIPES,3628,1.0,1.0,48.5283069829881,-94.58501815,LargeStreams,Region_05,NRS18_MN_10554,2019.0,7/22/2019,1,BETB,35.03,Fair,USC00218763,9.424700612424166,US1MNLW0003,9.588361516555045,USC00210520,12.483386810698855,USR0000MBAU,15.965269036619866,USC00210515,20.13663540048306
2014141,ANNELIDA,HIRUDINEA,RHYNCHOBDELLIDA,GLOSSIPHONIIDAE,HELOBDELLA,HELOBDELLA,3792,,,48.655562027877,-94.98697239,SmallStreams,Region_05,NRS18_MN_10006,2019.0,7/21/2019,1,BERW,29.35,Fair,US1MNLW0005,13.90962484299488,USC00211250,15.180261391557353,US1MNLW0003,24.828057306400755,CA006026853,26.55054282683359,USR0000MBAU,27.206519010696013
2014142,ARTHROPODA,INSECTA,DIPTERA,CERATOPOGONIDAE,,CERATOPOGONIDAE,3566,20.0,0.0,43.4988543927495,-70.46422695,RiversOther,Region_01,NRS18_ME_10004,2019.0,7/22/2019,1,BETB,3.35,Poor,USC00177349,1.1545763284699562,USC00170593,1.7410374383834717,US1MEYK0076,1.944554293194765,US1MEYK0028,2.7331162567148137,US1MEYK0047,3.7981107185054137
2014143,ARTHROPODA,INSECTA,DIPTERA,CHIRONOMIDAE,CLADOPELMA,CLADOPELMA,3593,1.0,1.0,38.6221823196488,-75.6254785,RiversOther,Region_03,NRS18_DE_10019,2019.0,7/22/2019,1,BETB,21.42,Poor,US1DESS0016,2.185928898805761,US1DESS0035,2.203172354234505,US1DESS0006,2.372037595732256,US1DESS0046,2.5377845290269954,US1DESS0064,5.993091946357449
2014144,ANNELIDA,OLIGOCHAETA,HAPLOTAXIDA,NAIDIDAE,,NAIDIDAE,4003,6.0,0.0,,,,Region_10,NRS18_ID_10002,,7/22/2019,2,BETB,23.03,,ACW00011604,,US1OKCV0084,,US1OKCV0083,,US1OKCV0082,,US1OKCV0081,
2014145,ARTHROPODA,INSECTA,DIPTERA,CHIRONOMIDAE,PRODIAMESA,PRODIAMESA,4193,1.0,1.0,41.5031943969698,-96.34987916,LargeStreams,Region_07,NRS18_NE_10005,2019.0,7/23/2019,1,BERW,35.62,Fair,USC00250348,5.637877210717663,USC00255940,10.451228872242691,US10wash011,12.388978871753736,US10wash012,12.674189946354195,USC00253050,12.700928081971563
2014146,ARTHROPODA,INSECTA,DIPTERA,SIMULIIDAE,SIMULIUM,SIMULIUM,4281,9.0,1.0,37.5638806360176,-118.7547913,SmallStreams,Region_09,NRS18_CA_10010,2019.0,7/23/2019,1,BERW,82.37,Good,US1CAMN0005,4.422273747372417,USR0000CROC,7.844789693446115,US1CAMN0004,12.027122600464635,USC00045280,20.47671777205218,USC00040824,22.18172672192313
2014156,ARTHROPODA,ARACHNIDA,SARCOPTIFORMES,,,SARCOPTIFORMES,4263,1.0,1.0,43.5315779406705,-74.55172604,SmallStreams,Region_02,NRS18_NY_10004,2019.0,7/23/2019,1,BERW,54.75,Fair,USC00306623,8.13788997733399,US1NYHM0001,11.039936820907661,US1NYHM0010,11.67256471755441,USC00303831,14.706175655229124,USC00308080,15.72026112759273
2014157,ARTHROPODA,INSECTA,EPHEMEROPTERA,HEPTAGENIIDAE,STENACRON,STENACRON,4309,1.0,1.0,46.3340767205958,-94.01816982,SmallStreams,Region_05,NRS18_MN_10004,2019.0,7/23/2019,1,BERW,67.9,Good,US1MNCW0097,4.209339776383798,US1MNCW0008,7.396857315093071,USR0000MBRN,11.166954458677933,USW00094938,11.263154022825008,US1MNCW0115,12.567969412240164
2014158,ARTHROPODA,INSECTA,DIPTERA,CHIRONOMIDAE,DIAMESA,DIAMESA,3654,1.0,1.0,45.0342059973391,-107.5853158,LargeStreams,Region_08,NRS18_MT_10012,2019.0,7/22/2019,1,BERW,97.15,Good,US1WYSH0012,12.285813125622887,USC00487079,13.22344988917929,USR0000WBOY,14.175815313851484,USC00249175,17.107633031830623,USC00487078,23.742338343109875
2014159,ANNELIDA,OLIGOCHAETA,HAPLOTAXIDA,NAIDIDAE,PARANAIS,PARANAIS,4113,1.0,1.0,45.7363638353263,-107.5750151,RiversMajor,Region_08,NRS18_MT_10047,2019.0,7/23/2019,1,BETB,74.75,Good,USC00243124,0.7297546054290579,US1MTBH0002,2.0946878809970997,USC00243915,2.703398473044776,US1MTBH0005,3.4875505648471323,US1MTBH0001,11.16652060964856
2014160,ARTHROPODA,INSECTA,TRICHOPTERA,HYDROPSYCHIDAE,CHEUMATOPSYCHE,CHEUMATOPSYCHE,3578,27.0,1.0,46.0479432487071,-102.0506694,RiversOther,Region_08,NRS18_ND_10034,2019.0,7/23/2019,1,BERW,52.63,Fair,USC00328396,2.5286005997886454,USC00398277,14.303409797408662,USC00394864,14.593698305071905,US1SDPK0032,14.939338065416162,USC00327311,20.665949361056978
2014161,ARTHROPODA,INSECTA,EPHEMEROPTERA,CAENIDAE,SPARBARUS,SPARBARUS,4294,2.0,1.0,39.9216424308021,-96.71631982,SmallStreams,Region_07,NRS18_KS_10120,2019.0,7/22/2019,1,BERW,45.42,Good,USC00141003,3.4189480899632216,US1KSMS0008,4.4352104395028515,US1KSMS0009,5.974695823070306,US10gage009,9.736643797797683,US1KSMS0025,10.768559414294486
2014162,ARTHROPODA,INSECTA,ODONATA,CORDULIIDAE,,CORDULIIDAE,3614,1.0,1.0,39.9944192904794,-96.57905059,SmallStreams,Region_07,NRS18_KS_10024,2019.0,7/23/2019,1,BERW,40.77,Good,USC00145964,3.561797133399781,US1Gage5446,6.059741290877888,USC00250520,6.069295601709567,US10gage003,6.459809417195353,US10gage018,8.024623190077046
2014163,ARTHROPODA,INSECTA,EPHEMEROPTERA,BAETIDAE,ACERPENNA,ACERPENNA,3408,2.0,1.0,41.3041127496913,-92.3516684,RiversOther,Region_07,NRS18_IA_10658,2019.0,7/23/2019,1,BETB,62.1,Good,US1IAKK0007,9.665050227934996,US1IAKK0003,10.951760289349181,USC00137678,10.979083356438842,US1IAKK0001,12.664235788581076,US1IAMH0006,14.319592467917866
2014164,ARTHROPODA,MALACOSTRACA,AMPHIPODA,GAMMARIDAE,,GAMMARIDAE,3743,10.0,0.0,43.4989373449056,-70.48889328,RiversOther,Region_01,NRS18_ME_10012,2019.0,7/23/2019,1,BETB,3.5,Poor,USC00170593,2.495731546810677,USC00177349,3.139304375164798,US1MEYK0076,3.7456404176912703,US1MEYK0045,4.169848337098459,US1MEYK0028,4.575220541676452
2014165,ARTHROPODA,INSECTA,EPHEMEROPTERA,HEPTAGENIIDAE,,HEPTAGENIIDAE,3802,2.0,1.0,43.7199129943094,-100.3152879,RiversOther,Region_08,NRS18_SD_10048,2019.0,7/23/2019,1,BETB,51.83,Fair,USC00390535,2.5323355551919735,USC00391529,8.807895623091175,US1SDLY0038,12.69418275669667,US1SDLY0016,14.880782473523928,US1SDLY0017,15.499824537868383
2014166,ANNELIDA,OLIGOCHAETA,HAPLOTAXIDA,TUBIFICIDAE,AULODRILUS,AULODRILUS,3496,3.0,1.0,33.7211806899937,-87.27143789,SmallStreams,Region_04,NRS18_AL_10188,2019.0,7/24/2019,1,BERW,12.9,Poor,US1ALWK0009,5.396519073776177,USC00013430,10.158193582036159,USC00016001,10.327771518203663,US1ALWK0003,11.324799745572443,USC00011940,11.677746468564512
2014167,ARTHROPODA,INSECTA,DIPTERA,CHIRONOMIDAE,,CRICOTOPUS/ORTHOCLADIUS,3623,2.0,1.0,33.8727255564127,-85.5809654,SmallStreams,Region_04,NRS18_AL_10191,2019.0,7/23/2019,1,BERW,71.65,Good,US1ALCN0001,16.41784094128595,US1ALCN0007,17.908229785952635,USC00010952,18.608134024357486,USC00014209,19.204475417428323,US1ALCN0004,22.100086591872625
2014168,ARTHROPODA,INSECTA,DIPTERA,TIPULIDAE,DICRANOTA,DICRANOTA,3657,3.0,1.0,38.9255569712686,-76.64383345,SmallStreams,Region_03,NRS18_MD_10039,2019.0,7/24/2019,1,BERW,38.68,Poor,US1MDPG0101,4.114500473333204,US1MDAA0001,5.12819937025962,US1MDAA0074,5.235946586855502,US1MDAA0084,5.446779325391622,US1MDAA0094,5.800582930198416
2014169,ARTHROPODA,INSECTA,DIPTERA,CHIRONOMIDAE,POLYPEDILUM,POLYPEDILUM,4178,12.0,1.0,47.2413172116773,-94.98502757,SmallStreams,Region_05,NRS18_MN_10260,2019.0,7/24/2019,1,BERW,45.07,Good,US1MNHB0006,1.8362364988909554,US1MNHB0033,12.770217082432717,US1MNHB0003,13.188806993781567,USR0000MITA,15.474572077109968,USC00214106,15.71690693906304
2014170,ARTHROPODA,INSECTA,TRICHOPTERA,LEPTOCERIDAE,TRIAENODES,TRIAENODES,4378,1.0,1.0,,,,Region_04,NRS18_GA_10012,,7/24/2019,2,BETB,65.7,,ACW00011604,,US1OKCV0084,,US1OKCV0083,,US1OKCV0082,,US1OKCV0081,
2014171,MOLLUSCA,GASTROPODA,,,,GASTROPODA,3745,1.0,0.0,41.7146240334247,-76.32307464,RiversMajor,Region_03,NRS18_PA_10027,2019.0,7/24/2019,1,BETB,57.27,Good,US1PABF0005,10.390332858784031,USC00368905,10.753892594847773,USC00365889,12.033141846731073,US1PABF0003,14.25806491502294,US1PABF0006,15.829806067659398
2014172,ARTHROPODA,INSECTA,DIPTERA,SIMULIIDAE,SIMULIUM,SIMULIUM,4281,1.0,1.0,37.4714884730012,-87.11364779,RiversOther,Region_04,NRS18_KY_10041,2019.0,7/23/2019,1,BETB,19.98,Poor,USC00154836,2.175397900977639,USC00154838,3.385430766587531,US1KYML0004,8.434058325903777,USC00151227,11.43341893853314,USC00151431,11.737931620963119
2014173,ARTHROPODA,MALACOSTRACA,MYSIDA,MYSIDAE,TAPHROMYSIS,TAPHROMYSIS,4349,2.0,1.0,,,,Region_04,NRS18_KY_10012,,7/24/2019,2,BETB,5.2,,ACW00011604,,US1OKCV0084,,US1OKCV0083,,US1OKCV0082,,US1OKCV0081,
2014174,ARTHROPODA,INSECTA,EPHEMEROPTERA,EPHEMERELLIDAE,DRUNELLA,DRUNELLA,3676,6.0,1.0,43.0969524169814,-122.4115125,SmallStreams,Region_10,NRS18_OR_10001,2019.0,7/23/2019,1,BERW,52.75,Good,USS0022F45S,14.87000937172355,USC00350745,15.80805519663014,USR0000OTOK,15.900242835925807,USR0000OMOU,17.868621321558717,USC00358536,20.079134491275525
2014175,ARTHROPODA,ARACHNIDA,TROMBIDIFORMES,TORRENTICOLIDAE,TESTUDACARUS,TESTUDACARUS,4354,,,43.3321982482268,-122.3924031,SmallStreams,Region_10,NRS18_OR_10030,2019.0,7/24/2019,1,BERW,29.87,Poor,USC00358536,7.8725816464288485,USR0000OTOK,10.303701252666478,USS0022F45S,11.764415719411513,USC00350745,12.534100485682304,USC00354835,14.241784145905191
2014176,ARTHROPODA,INSECTA,DIPTERA,SIMULIIDAE,SIMULIUM,SIMULIUM,4281,1.0,1.0,41.1484685315679,-92.53797631,SmallStreams,Region_07,NRS18_IA_10048,2019.0,7/24/2019,1,BERW,6.75,Poor,USC00132541,7.9832288905379585,USW00014950,9.462040526701015,USW00014948,10.291807526849334,US1IAWP0011,16.460033795308817,US1IAMH0004,16.830896062620113
2014177,ANNELIDA,HIRUDINEA,ARHYNCHOBDELLIDA,ERPOBDELLIDAE,ERPOBDELLA,ERPOBDELLA,3717,,,43.6220079307555,-70.86188808,LargeStreams,Region_01,NRS18_ME_10193,2019.0,7/24/2019,1,BERW,41.72,Fair,US1MEYK0041,4.335383494020783,USC00179051,5.551101901755951,US1MEYK0048,9.040561900930605,US1NHCR0001,10.252381329514517,US1MEYK0015,10.608108339936772
2014178,ARTHROPODA,INSECTA,DIPTERA,CHIRONOMIDAE,PARATENDIPES,PARATENDIPES,4121,4.0,1.0,36.055031255898,-98.12901111,RiversMajor,Region_06,NRS18_OK_10057,2019.0,7/23/2019,1,BERW,2.38,Poor,US1OKKN0003,9.195082616973371,US1OKKN0005,11.79736466125493,US1OKKN0004,15.76153397456534,USC00349700,17.001817329452013,USC00346629,18.28289920557591
2014179,ARTHROPODA,INSECTA,TRICHOPTERA,LEPIDOSTOMATIDAE,LEPIDOSTOMA,LEPIDOSTOMA,3895,3.0,1.0,41.8835449261405,-115.4308766,LargeStreams,Region_09,NRS18_NV_10011,2019.0,7/24/2019,1,BERW,62.38,Good,USC00264037,1.0168891666825148,USR0000NJWF,1.5897799568255628,USC00264038,5.536145245301269,USS0015H01S,6.160975117417147,USR0000NJEF,9.221533738902504
2014180,ARTHROPODA,INSECTA,DIPTERA,CHIRONOMIDAE,MICROPSECTRA,MICROPSECTRA,3981,36.0,1.0,42.9997291179233,-101.3749867,SmallStreams,Region_08,NRS18_SD_10244,2019.0,7/24/2019,1,BERW,11.45,Poor,USC00251750,11.574698651538016,US10cher016,12.72056827375933,US10cher027,14.03414882527484,US10cher019,14.869081649145716,USC00394651,19.097506341903248
2014181,ARTHROPODA,INSECTA,TRICHOPTERA,LIMNEPHILIDAE,CRYPTOCHIA,CRYPTOCHIA,3624,,,38.2711292502285,-119.3316508,SmallStreams,Region_09,NRS18_CA_10006,2019.0,7/24/2019,1,BERW,73.15,Good,USR0000CBR4,3.7068354366480745,USC00041072,9.123706092254814,USC00041076,10.343794271859936,USC00041075,11.238953383626164,USS0019L17S,19.072987502886882
2014182,ARTHROPODA,INSECTA,TRICHOPTERA,HYDROPSYCHIDAE,CHEUMATOPSYCHE,CHEUMATOPSYCHE,3578,54.0,1.0,46.0526647005932,-101.4819041,RiversOther,Region_08,NRS18_ND_10017,2019.0,7/24/2019,1,BERW,55.67,Fair,USC00329219,7.293870301990253,USC00326050,17.152549346525333,USC00325090,20.044486176828066,US1SDCR0006,21.534314153130694,US1SDCR0001,28.367438642808224
2014183,ARTHROPODA,INSECTA,DIPTERA,CHIRONOMIDAE,MICROTENDIPES,MICROTENDIPES,3982,54.0,1.0,39.4912844353505,-74.65824516,SmallStreams,Region_02,NRS18_NJ_10009,2019.0,7/24/2019,1,BERW,47.72,Fair,US1NJAT0039,4.212827480140397,US1NJAT0017,4.5619638686035895,US1NJAT0003,4.864834206591623,US1NJAT0045,5.632733777549199,USW00013753,7.903044442522468
2014184,ANNELIDA,OLIGOCHAETA,HAPLOTAXIDA,NAIDIDAE,,NAIDIDAE,4003,13.0,0.0,,,,Region_03,NRS18_DE_10006,,7/24/2019,2,BETB,31.77,,ACW00011604,,US1OKCV0084,,US1OKCV0083,,US1OKCV0082,,US1OKCV0081,
2014185,ANNELIDA,OLIGOCHAETA,HAPLOTAXIDA,NAIDIDAE,,NAIDIDAE,4003,12.0,0.0,40.4222993891988,-74.09782754,SmallStreams,Region_02,NRS18_NJ_10034,2019.0,7/25/2019,1,BERW,23.42,Poor,USC00286154,0.6492169968939819,US1NJMN0029,0.9430067744608102,US1NJMN0011,2.224672731858059,US1NJMN0007,5.923597083537555,US1NJMN0006,6.795057145728413
2014186,ARTHROPODA,INSECTA,DIPTERA,CHIRONOMIDAE,MICROTENDIPES,MICROTENDIPES,3982,17.0,1.0,41.1869332861537,-111.9922677,RiversMajor,Region_08,NRS18_UT_10025,2019.0,7/24/2019,1,BERW,38.35,Poor,US1UTWB0030,1.0276922772589927,USW00024126,2.213875467190115,US1UTWB0025,2.611761550721341,US1UTWB0015,2.969726991296324,USC00426400,3.8234921970660367
2014187,MOLLUSCA,GASTROPODA,BASOMMATOPHORA,ANCYLIDAE,FERRISSIA,FERRISSIA,3735,,,43.0019097233364,-89.5908838,LargeStreams,Region_05,NRS18_WI_10042,2019.0,7/25/2019,1,BERW,27.9,Fair,US1WIDA0094,3.129937384240181,US1WIDA0124,3.304692477842504,US1WIDA0077,3.5951799146540795,US1WIDA0049,4.483674137974896,US1WIDA0175,5.512792450743372
2014188,ARTHROPODA,INSECTA,EPHEMEROPTERA,CAENIDAE,CAENIS,CAENIS,3542,4.0,1.0,41.587556989147,-94.39743921,LargeStreams,Region_07,NRS18_IA_10006,2019.0,7/25/2019,1,BERW,49.98,Good,USC00133509,12.245798467293604,US1IADL0014,16.578915969991094,USC00132240,16.735169433217603,US1IAGT0002,20.606937004077892,USC00136920,21.517180258050953
2014189,ARTHROPODA,INSECTA,ODONATA,,,ODONATA,4056,3.0,0.0,31.4852753406588,-94.59703,SmallStreams,Region_06,NRS18_TX_10254,2019.0,7/24/2019,1,BERW,41.28,Fair,USC00419854,5.664896904516595,US1TXNC0007,12.167559393899404,USC00416176,13.708897462574694,USW00053948,14.807889078424576,USC00416177,15.21990219830379
2014190,MOLLUSCA,GASTROPODA,,,,GASTROPODA,3745,7.0,0.0,31.5160955609542,-95.11218309,LargeStreams,Region_06,NRS18_TX_10001,2019.0,7/23/2019,1,BERW,55.33,Good,USC00410190,10.582609760603004,USR0000TRAT,13.654983561795811,USC00417436,14.901445287684309,USC00410185,15.138773088861113,USC00415415,22.929148885546198
2014191,ARTHROPODA,INSECTA,EPHEMEROPTERA,BAETIDAE,,BAETIDAE,3500,1.0,0.0,46.4708013229452,-98.41742325,RiversMajor,Region_08,NRS18_ND_10045,2019.0,7/25/2019,1,BETB,64.57,Good,USC00323665,5.1837438392310915,USC00320720,10.961760642007969,USC00324937,15.414759249547776,US1NDLM0001,16.298063114240968,US1NDLM0008,16.534745461616993
2014192,ARTHROPODA,INSECTA,DIPTERA,TIPULIDAE,HEXATOMA,HEXATOMA,3817,2.0,1.0,43.1678019348176,-123.6912637,SmallStreams,Region_10,NRS18_OR_10045,2019.0,7/25/2019,1,BERW,73.6,Good,USC00357112,7.096474469977433,USC00352900,9.975112881006629,USC00352974,11.395659192989724,USC00357866,11.616804874049148,US1ORDG0016,13.337904244237965
2014193,ARTHROPODA,INSECTA,EPHEMEROPTERA,LEPTOPHLEBIIDAE,,LEPTOPHLEBIIDAE,3904,4.0,1.0,47.0151908759574,-108.1650041,RiversOther,Region_08,NRS18_MT_10025,2019.0,7/24/2019,1,BERW,48.22,Fair,US1MTPT0001,8.560823514160939,USC00249052,8.785304992127038,USC00249047,12.842892102913709,USC00249048,13.732890413955289,USC00245872,25.97539290009937
2014194,ARTHROPODA,INSECTA,EPHEMEROPTERA,HEPTAGENIIDAE,,HEPTAGENIIDAE,3802,4.0,0.0,46.7919300306092,-107.8371055,RiversMajor,Region_08,NRS18_MT_11470,2019.0,7/24/2019,1,BERW,73.22,Good,USC00245596,21.405653253807074,US1MTMH0013,21.553155641995826,US1MTRB0009,23.505924658254372,USC00245872,25.595553417465105,US1MTRB0008,28.081752269500324
2014195,ARTHROPODA,INSECTA,DIPTERA,CHIRONOMIDAE,CRYPTOTENDIPES,CRYPTOTENDIPES,3628,2.0,1.0,33.1734555563427,-83.82379567,RiversMajor,Region_04,NRS18_GA_10010,2019.0,7/25/2019,1,BETB,11.33,Poor,US1GAMN0004,2.024262134418636,USC00091453,6.12227118606629,USC00094728,7.409421470436783,USR0000GOCO,10.961690690216919,US1GAMN0003,15.30849444852942
2014196,ARTHROPODA,INSECTA,EPHEMEROPTERA,BAETIDAE,LABIOBAETIS,LABIOBAETIS,4774,3.0,1.0,,,,Region_04,NRS18_KY_10002,,7/25/2019,2,BETB,18.18,,ACW00011604,,US1OKCV0084,,US1OKCV0083,,US1OKCV0082,,US1OKCV0081,
2014197,ARTHROPODA,INSECTA,DIPTERA,CHIRONOMIDAE,DICROTENDIPES,DICROTENDIPES,3658,3.0,1.0,43.3127280693346,-114.1155635,LargeStreams,Region_10,NRS18_ID_10007,2019.0,7/24/2019,1,BERW,37.17,Poor,USC00107040,3.9801249743444718,USC00101461,13.792394605871298,US1IDBN0003,20.130246003697224,USC00105505,20.218716007408926,USC00100774,20.639416443456348
2014198,ARTHROPODA,ARACHNIDA,TROMBIDIFORMES,SPERCHONIDAE,SPERCHON,SPERCHON,4296,1.0,1.0,37.7731997121306,-82.32323926,RiversOther,Region_04,NRS18_KY_10018,2019.0,7/25/2019,1,BETB,47.08,Good,USC00464816,9.49430964831278,USC00154642,10.013105719906603,USC00469610,10.990211528004272,USC00469613,11.182003661028233,USC00158397,11.84639111190875
2014199,ARTHROPODA,ARACHNIDA,TROMBIDIFORMES,HYGROBATIDAE,ATRACTIDES,ATRACTIDES,3490,1.0,1.0,44.8992783955282,-112.2600543,LargeStreams,Region_08,NRS18_MT_10035,2019.0,7/25/2019,1,BERW,46.68,Fair,USS0012E07S,19.910138774363126,USC00241989,20.483140845301293,USC00240110,24.850119291095154,USC00244245,25.622640149831394,USC00240111,25.829089666341094
2014200,ARTHROPODA,INSECTA,DIPTERA,CHIRONOMIDAE,,CRICOTOPUS/ORTHOCLADIUS,3623,4.0,1.0,38.7772713973563,-119.7590081,LargeStreams,Region_09,NRS18_CA_10548,2019.0,7/25/2019,1,BERW,43.27,Fair,USC00049775,3.61595632808679,USC00045356,9.670844539408403,USR0000CMRK,10.470423270988576,US1NVDG0011,11.914172981106338,USS0019L41S,13.022999089702514
2014201,ARTHROPODA,INSECTA,DIPTERA,MUSCIDAE,,MUSCIDAE,3996,2.0,1.0,46.1105894941128,-106.4503916,RiversOther,Region_08,NRS18_MT_10087,2019.0,7/25/2019,1,BERW,66.7,Good,USC00246440,1.7671418280370994,USC00243099,21.568967057915703,US1MTRB0006,23.54989760327827,US1MTRB0014,23.648508038046913,USC00243098,24.96888237037132
2014202,ARTHROPODA,MALACOSTRACA,AMPHIPODA,GAMMARIDAE,,GAMMARIDAE,3743,6.0,0.0,30.0037646816572,-94.2970705,SmallStreams,Region_06,NRS18_TX_10645,2019.0,7/25/2019,1,BERW,40.28,Poor,USC00410613,7.221069425634394,US1TXJJ0023,9.636103734608081,US1TXJJ0009,12.34209903346056,US1TXJJ0026,13.58225420414836,US1TXJJ0011,13.789375171257998
2014203,ARTHROPODA,INSECTA,COLEOPTERA,DRYOPIDAE,HELICHUS,HELICHUS,3788,,,44.1400378482368,-70.28093883,SmallStreams,Region_01,NRS18_ME_10044,2019.0,7/26/2019,1,BERW,78.48,Good,US1MEAN0041,3.300705850295955,US1MEAN0012,5.054705171847892,US1MEAN0052,5.0896755218921435,US1MEAN0015,5.252738038880619,US1MEAN0007,5.297102665692775
2014204,ARTHROPODA,INSECTA,DIPTERA,CHIRONOMIDAE,PRODIAMESA,PRODIAMESA,4193,,,43.7664441821408,-70.76903158,SmallStreams,Region_01,NRS18_ME_10008,2019.0,7/25/2019,1,BERW,23.32,Poor,USC00171670,4.483617759030626,US1MEYK0067,6.1951867623064825,US1MEYK0025,7.76271937821651,US1MEYK0046,7.996736706357036,USC00173800,9.617582533733454
2014205,ANNELIDA,OLIGOCHAETA,HAPLOTAXIDA,NAIDIDAE,DERO,DERO,3646,1.0,1.0,,,,Region_08,NRS18_ND_10002,,7/26/2019,2,BETB,14.57,,ACW00011604,,US1OKCV0084,,US1OKCV0083,,US1OKCV0082,,US1OKCV0081,
2014206,ARTHROPODA,INSECTA,DIPTERA,CHIRONOMIDAE,LOPESCLADIUS,LOPESCLADIUS,3939,16.0,1.0,41.372929576821,-97.4436625,RiversMajor,Region_07,NRS18_NE_10052,2019.0,7/24/2019,1,BETB,31.68,Fair,US10plat001,1.9488463722819167,US10polk016,2.5562894186273915,USC00252465,3.5024887648095238,US1NEBU0001,6.3790630937033415,US10plat004,9.486042459275183
2014207,ARTHROPODA,INSECTA,TRICHOPTERA,HYDROPTILIDAE,HYDROPTILA,HYDROPTILA,3846,1.0,1.0,34.2571478091619,-87.37077566,RiversOther,Region_04,NRS18_AL_10025,2019.0,7/25/2019,1,BETB,44.82,Fair,US1ALWN0001,7.240465924984464,USC00012386,12.640690802896671,USR0000ABAN,13.050096441855647,US1ALLR0009,14.672237827751836,USC00010071,18.423061259897757
2014208,ARTHROPODA,INSECTA,DIPTERA,CHIRONOMIDAE,PROCLADIUS,PROCLADIUS,4191,20.0,1.0,40.8436730954301,-95.17025791,LargeStreams,Region_07,NRS18_IA_10356,2019.0,7/26/2019,1,BETB,23.35,Poor,USC00136119,10.712639871725779,USC00131533,18.391275744519387,USC00136940,18.7741149881717,USC00137613,18.915787009315963,USC00138540,18.940117616961974
2014209,ARTHROPODA,INSECTA,DIPTERA,CHIRONOMIDAE,BRILLIA,BRILLIA,3535,3.0,1.0,45.5316212787205,-112.1075117,LargeStreams,Region_08,NRS18_MT_10006,2019.0,7/26/2019,1,BERW,59.2,Good,US1MTMD0001,6.616626106092051,US1MTMD0002,8.564979332083535,US1MTMD0003,8.82928832153282,USS0011D28S,13.772300087854715,USS0011D11S,14.805303690767172
2014210,ARTHROPODA,INSECTA,DIPTERA,CHIRONOMIDAE,POLYPEDILUM,POLYPEDILUM,4178,14.0,1.0,44.6575047231837,-74.00524373,SmallStreams,Region_02,NRS18_NY_10072,2019.0,7/28/2019,1,BERW,57.72,Good,USC00301387,19.62311959444544,US1NYFK0002,20.15042550318355,US1NYCL0012,21.193017782601753,USC00301966,23.524486875081124,USC00309374,25.921590019032838
2014211,ARTHROPODA,INSECTA,DIPTERA,CHIRONOMIDAE,NATARSIA,NATARSIA,4008,2.0,1.0,44.1359445287538,-74.15509121,SmallStreams,Region_02,NRS18_NY_10055,2019.0,7/25/2019,1,BERW,28.25,Poor,USC00304520,13.009744790327323,US1NYES0012,17.708386487063073,USC00306957,18.28957680685744,USC00305714,19.123635189435152,USC00305711,19.452554229450286
2014212,ARTHROPODA,INSECTA,DIPTERA,CHIRONOMIDAE,CRYPTOCHIRONOMUS,CRYPTOCHIRONOMUS,3625,1.0,1.0,46.5919233647768,-101.791832,RiversOther,Region_08,NRS18_ND_10028,2019.0,7/25/2019,1,BERW,50.85,Fair,USC00324091,1.1974838027684727,US1NDGT0012,3.582867836856694,USC00320136,17.59792721732666,USC00322588,20.708942050410247,US1NDGT0010,20.92865951351022
2014213,ARTHROPODA,INSECTA,DIPTERA,CHIRONOMIDAE,POLYPEDILUM,POLYPEDILUM,4178,26.0,1.0,47.2211637493689,-96.77776864,RiversOther,Region_05,NRS18_MN_10069,2019.0,7/28/2019,1,BETB,64.47,Good,US1NDTR0003,8.198644050663518,USC00213463,15.160652720553552,USC00213104,15.786350666733806,USC00324626,20.925005021491625,US1NDCS0009,21.442408044460493
2014214,ARTHROPODA,INSECTA,TRICHOPTERA,LEPTOCERIDAE,NECTOPSYCHE,NECTOPSYCHE,4011,17.0,1.0,47.1513204023819,-96.84095244,RiversMajor,Region_05,NRS18_MN_10036,2019.0,7/28/2019,1,BETB,55.13,Good,USC00213104,9.413687647987521,US1NDTR0003,13.247817074538627,US1NDCS0039,17.08453296004052,US1NDCS0009,17.831807207587854,US1NDCS0021,19.30051899719779
2014215,ARTHROPODA,INSECTA,DIPTERA,CHIRONOMIDAE,RHEOTANYTARSUS,RHEOTANYTARSUS,4247,10.0,1.0,39.3057342283472,-87.60748238,RiversMajor,Region_05,NRS18_IN_11547,2019.0,7/28/2019,1,BETB,31.23,Fair,USC00127099,10.55825695839694,US1ILCL0003,11.231802253471262,USC00115380,12.178842237735974,US1ILCL0004,12.780388031626655,US1INVG0019,14.190284346687468
2014216,ARTHROPODA,INSECTA,PLECOPTERA,PERLODIDAE,,PERLODIDAE,4141,2.0,0.0,45.9936923691118,-113.0349307,SmallStreams,Region_08,NRS18_MT_10030,2019.0,7/27/2019,1,BERW,59.03,Good,USC00249092,13.807920861654639,USS0013C44S,13.912833279675759,USC00242604,14.932948373542754,USC00242606,15.766597299748744,USC00240199,16.32148609317009
2014217,ARTHROPODA,INSECTA,EPHEMEROPTERA,HEPTAGENIIDAE,CINYGMULA,CINYGMULA,3590,,,45.8066941183393,-110.7093344,SmallStreams,Region_08,NRS18_MT_10120,2019.0,7/28/2019,1,BERW,86.77,Good,USC00245845,6.553179516694915,USC00240443,7.067393160373121,USC00241842,10.888085754030453,USC00241050,13.529018691670965,USS0010D10S,18.487101558299532
2014218,ARTHROPODA,INSECTA,TRICHOPTERA,LEPTOCERIDAE,OECETIS,OECETIS,4060,4.0,1.0,29.9916562009138,-84.74754789,LargeStreams,Region_04,NRS18_FL_10183,2019.0,7/29/2019,1,BETB,37.83,Poor,USC00081356,15.929745787849514,USC00087950,16.4740249022281,US1FLFR0001,17.32399856719603,USR0000FSUM,22.968462352813944,USC00088290,24.43758325480864
2014219,ARTHROPODA,INSECTA,DIPTERA,CHIRONOMIDAE,PARAMETRIOCNEMUS,PARAMETRIOCNEMUS,4112,5.0,1.0,44.4995411922583,-74.88521954,LargeStreams,Region_02,NRS18_NY_10071,2019.0,7/29/2019,1,BERW,68.77,Good,USC00307925,1.914034646875827,USC00301664,11.00724824882511,US1NYSL0006,14.218090175142391,USC00306411,15.431529864274601,USW00014743,19.776630143968745
2014220,ARTHROPODA,INSECTA,TRICHOPTERA,POLYCENTROPODIDAE,,POLYCENTROPODIDAE,4174,1.0,0.0,43.894540778597,-116.6221557,RiversOther,Region_10,NRS18_ID_10843,2019.0,7/29/2019,1,BETB,64.9,Good,US1IDGM0002,12.201198693841578,US1IDGM0005,13.178063681611595,USC00102942,13.258631421920363,US1IDCY0002,16.442644119415032,US1IDCY0034,19.427986667126685
2014221,ANNELIDA,OLIGOCHAETA,ENCHYTRAEIDA,ENCHYTRAEIDAE,,ENCHYTRAEIDAE,3697,3.0,1.0,,,,Region_05,NRS18_MN_10020,,7/29/2019,2,BETB,26.97,,ACW00011604,,US1OKCV0084,,US1OKCV0083,,US1OKCV0082,,US1OKCV0081,
2014222,ARTHROPODA,INSECTA,DIPTERA,CHIRONOMIDAE,STICTOCLADIUS,ORTHOCLADIINAE,5110,1.0,1.0,44.6340028407117,-69.74449431,SmallStreams,Region_01,NRS18_ME_10016,2019.0,7/28/2019,1,BETB,1.95,Poor,USC00175800,6.953086840192425,US1MESM0035,7.631358646434477,US1MEKB0020,9.829480209167832,USW00014615,12.780652211741653,USC00179826,12.83644196370187
2014223,ARTHROPODA,INSECTA,PLECOPTERA,CHLOROPERLIDAE,SWELTSA,SWELTSA,4332,6.0,1.0,,,,Region_08,NRS18_CO_RF007,,7/29/2019,1,BERW,48.58,,ACW00011604,,US1OKCV0084,,US1OKCV0083,,US1OKCV0082,,US1OKCV0081,
2014224,ARTHROPODA,INSECTA,COLEOPTERA,DYTISCIDAE,,DYTISCIDAE,3679,3.0,1.0,44.9387263994588,-69.32349831,SmallStreams,Region_01,NRS18_ME_10019,2019.0,7/29/2019,1,BERW,26.53,Poor,USC00171628,6.778105319605999,US1MESM0003,10.608801047319307,US1MESM0038,13.867685597717344,USC00171120,15.408632879233686,US1MEPN0032,15.631171874053024
2014225,ARTHROPODA,ARACHNIDA,TROMBIDIFORMES,ARRENURIDAE,ARRENURUS,ARRENURUS,3481,1.0,1.0,48.2668629551422,-96.09200371,LargeStreams,Region_05,NRS18_MN_10405,2019.0,7/29/2019,1,BETB,8.65,Poor,USC00215693,8.847251250866902,USC00210050,8.982635425903986,USC00218247,16.32830522425353,USC00213200,16.404687715223023,USW00004994,16.666749273106046
2014226,ARTHROPODA,INSECTA,DIPTERA,CHIRONOMIDAE,CHIRONOMUS,CHIRONOMUS,3582,2.0,1.0,39.9280431971593,-87.42775738,RiversMajor,Region_05,NRS18_IN_10009,2019.0,7/29/2019,1,BETB,45.63,Good,US1INVR0004,5.228724436495589,USC00125827,15.661886588101481,USC00125829,16.435519681265248,USC00126830,17.557234334488815,US1ILVR0035,19.111039583173397
2014227,ARTHROPODA,INSECTA,EPHEMEROPTERA,BAETIDAE,,BAETIDAE,3500,1.0,0.0,42.097370698425,-101.1664842,LargeStreams,Region_07,NRS18_NE_10003,2019.0,7/29/2019,1,BERW,59.13,Good,US1Hook1800,11.65030603214844,US10hook004,11.65266243370573,US10hook001,12.090174592519688,USC00255700,14.256801003203403,US1NEHR0001,14.270507950031144
2014228,ARTHROPODA,INSECTA,TRICHOPTERA,HYDROPSYCHIDAE,POTAMYIA,POTAMYIA,4186,10.0,1.0,34.9709095063333,-96.22299622,RiversMajor,Region_06,NRS18_OK_10031,2019.0,7/29/2019,1,BERW,22.15,Poor,USC00341391,2.5189749378867305,USC00344236,16.440337801031276,USC00344235,17.653310402675682,USC00340147,19.752069617117996,US1OKHG0003,23.921009412120707
2014229,ARTHROPODA,INSECTA,EPHEMEROPTERA,HEPTAGENIIDAE,STENONEMA,STENONEMA,4313,1.0,1.0,37.2097047130063,-95.54539085,LargeStreams,Region_07,NRS18_KS_10012,2019.0,7/29/2019,1,BERW,38.63,Fair,USC00141478,2.405742875721143,US1KSMG0017,4.439878124217097,USC00145536,8.75824173961655,USC00140810,9.762408590773937,US1KSMG0005,10.608797150827979
2014230,ARTHROPODA,INSECTA,DIPTERA,CHIRONOMIDAE,,CRICOTOPUS/ORTHOCLADIUS,3623,5.0,1.0,46.8437301869243,-89.33006437,RiversMajor,Region_05,NRS18_MI_10024,2019.0,7/29/2019,1,BETB,48.3,Good,USC00206215,1.9439861086214756,USC00206210,2.748868887437928,US1MION0001,3.2814089096018906,US1MION0004,3.873053372589874,USC00203410,7.937665195218815
2014231,ARTHROPODA,INSECTA,PLECOPTERA,CHLOROPERLIDAE,,CHLOROPERLIDAE,3583,2.0,0.0,41.4665764281135,-117.7079796,SmallStreams,Region_09,NRS18_NV_10192,2019.0,7/29/2019,1,BERW,57.27,Good,USR0000NMOR,6.33736669437212,USS0017H07S,8.801783050380722,USC00265819,10.60482296880897,USC00266005,13.918547362200389,USC00266000,15.01820745082666
2014232,ARTHROPODA,INSECTA,EPHEMEROPTERA,LEPTOPHLEBIIDAE,TRAVERELLA,TRAVERELLA,4376,98.0,1.0,46.343236591348,-105.8018705,RiversOther,Region_08,NRS18_MT_10114,2019.0,7/26/2019,1,BERW,62.7,Good,US1MTCS0013,6.4132535631727166,USC00245685,6.413527301757656,USC00243148,6.677757686339564,US1MTCS0003,7.22982041629938,US1MTCS0008,7.458325406117795
2014233,ARTHROPODA,INSECTA,DIPTERA,CHIRONOMIDAE,TANYTARSUS,TANYTARSUS,4348,74.0,1.0,48.042507227241,-104.7702413,LargeStreams,Region_08,NRS18_MT_10108,2019.0,7/28/2019,1,BERW,25.68,Poor,USC00241164,21.389262663484146,USC00242122,22.104768052079343,USC00242127,22.302590454385662,USR0000MPOP,24.375556198739936,USC00245947,24.508149080782406
2014234,ARTHROPODA,INSECTA,COLEOPTERA,ELMIDAE,DUBIRAPHIA,DUBIRAPHIA,3678,39.0,1.0,47.0677987204753,-104.1518971,LargeStreams,Region_08,NRS18_MT_10589,2019.0,7/28/2019,1,BERW,55.7,Fair,USC00248957,8.902897657198734,USC00320590,18.631599037320917,US1NDGV0001,20.83220496856779,USC00328812,30.65602236215783,USC00328807,33.63321777429855
2014235,ARTHROPODA,ARACHNIDA,TROMBIDIFORMES,UNIONICOLIDAE,NEUMANIA,NEUMANIA,4038,,,48.8794988216936,-104.922924,LargeStreams,Region_08,NRS18_MT_10593,2019.0,7/29/2019,1,BERW,31.33,Poor,US1MTSH0003,4.138472529125583,USC00246927,6.806513349042722,USC00246292,6.937785697842675,US1MTDN0001,13.959487603369023,CA004030594,16.72257558145738
2014236,ARTHROPODA,INSECTA,EPHEMEROPTERA,BAETIDAE,,BAETIDAE,3500,,,45.9935032640026,-110.7352828,LargeStreams,Region_08,NRS18_MT_10083,2019.0,7/29/2019,1,BERW,68.8,Good,USC00249018,5.346843074660211,US1MTPK0005,5.66132943722411,USC00241840,6.229190205474068,USC00249025,9.351856719365463,USC00243008,13.0720322458786
2014237,MOLLUSCA,BIVALVIA,VENEROIDA,CORBICULIDAE,CORBICULA,CORBICULA,3612,,,40.0245409036337,-74.92162645,RiversOther,Region_02,NRS18_NJ_10016,2019.0,7/30/2019,1,BETB,10.27,Poor,US1NJBT0009,0.8703717857234903,US1NJBT0023,2.127921823523452,US1NJBT0094,4.907245078171505,US1NJBT0059,5.784518828701048,US1NJBT0006,5.984931590894003
2014238,ARTHROPODA,INSECTA,DIPTERA,CHIRONOMIDAE,CRYPTOCHIRONOMUS,CRYPTOCHIRONOMUS,3625,2.0,1.0,48.7030558341877,-94.33570175,RiversOther,Region_05,NRS18_MN_10017,2019.0,7/30/2019,1,BETB,21.05,Poor,USC00211426,1.1029461122004447,CA006027825,6.133792597563126,CA006028128,12.407116685479467,CA006026852,14.57781852645284,USC00218763,17.552764458482716
2014239,ARTHROPODA,INSECTA,DIPTERA,CHIRONOMIDAE,TANYPUS,TANYPUS,4347,1.0,1.0,43.0447320078227,-88.80877493,RiversMajor,Region_05,NRS18_WI_10992,2019.0,7/30/2019,1,BETB,4.4,Poor,US1WIJF0017,0.7759870721787011,US1WIJF0027,4.698664192726921,USC00474105,5.409780287702116,USC00474108,5.631198849101209,US1WIJF0011,7.886938930740425
2014240,ARTHROPODA,INSECTA,DIPTERA,CHIRONOMIDAE,CHAETOCLADIUS,CHAETOCLADIUS,3571,1.0,1.0,,,,Region_08,NRS18_CO_RF006,,7/30/2019,1,BERW,48.6,,ACW00011604,,US1OKCV0084,,US1OKCV0083,,US1OKCV0082,,US1OKCV0081,
2014241,ARTHROPODA,INSECTA,TRICHOPTERA,HYDROPTILIDAE,OXYETHIRA,OXYETHIRA,4085,2.0,1.0,44.670949620524,-68.6770121,LargeStreams,Region_01,NRS18_ME_10010,2019.0,7/30/2019,1,BETB,1.03,Poor,USC00171867,3.391754002566812,US1MEHN0067,10.512745985578109,US1MEHN0028,10.74014202721768,US1MEHN0019,10.81959711911015,US1MEHN0018,11.318368429150116
2014242,ARTHROPODA,INSECTA,TRICHOPTERA,HYDROPSYCHIDAE,SMICRIDEA,SMICRIDEA,4289,2.0,1.0,28.9504206738677,-100.6493661,RiversMajor,Region_06,NRS18_TX_10015,2019.0,7/29/2019,1,BETB,82.28,Good,US1TXMVR002,8.350689996647695,US1TXMVR014,19.09827314615928,USC00412679,27.1605715410725,US1TXMVR013,30.005793618595078,MXN00005086,30.657840582741766
2014243,ARTHROPODA,INSECTA,TRICHOPTERA,,,TRICHOPTERA,4382,,,37.8231174553374,-97.0303315,SmallStreams,Region_07,NRS18_KS_10099,2019.0,7/30/2019,1,BERW,43.03,Good,US1KSBU0017,7.111387231149891,US1KSBU0030,10.619906123849676,US1KSBU0045,12.040001758621843,USC00146524,12.699756089763605,US1KSBU0012,13.081531824991853
2014244,ARTHROPODA,INSECTA,DIPTERA,CHIRONOMIDAE,PARALAUTERBORNIELLA,PARALAUTERBORNIELLA,4107,10.0,1.0,39.2617471000156,-86.79815932,RiversOther,Region_05,NRS18_IN_10015,2019.0,7/30/2019,1,BETB,22.28,Poor,USC00128290,3.4198977145790486,US1INOW0014,3.5745346479358107,USC00128295,3.616223664093509,US1INOW0017,4.330090466423171,US1INOW0015,4.714459184672073
2014245,ARTHROPODA,INSECTA,EPHEMEROPTERA,CAENIDAE,SPARBARUS,SPARBARUS,4294,,,38.2096597706162,-80.04872664,LargeStreams,Region_03,NRS18_WV_10001,2019.0,7/30/2019,1,BERW,54.97,Good,USC00465672,3.828814817129948,USC00461215,7.825862213647939,US1WVPC0003,8.335045538681472,USC00468051,17.483533679287795,US1WVPC0004,18.003690854994375
2014246,ARTHROPODA,INSECTA,TRICHOPTERA,LEPTOCERIDAE,NECTOPSYCHE,NECTOPSYCHE,4011,2.0,1.0,43.3279405582815,-96.21083875,RiversOther,Region_07,NRS18_IA_10027,2019.0,7/30/2019,1,BETB,62.48,Good,US1IALY0011,11.431085635519512,USC00137147,11.726710919302501,US1IALY0002,15.519201915204725,USC00137152,15.725337118437501,US1IALY0006,16.28814922174764
2014247,ARTHROPODA,INSECTA,COLEOPTERA,ELMIDAE,OPTIOSERVUS,OPTIOSERVUS,4071,16.0,1.0,42.0721461173146,-124.0083425,SmallStreams,Region_10,NRS18_OR_10005,2019.0,7/30/2019,1,BERW,50.3,Good,USR0000OWCR,8.964708045235035,USR0000OQUA,16.204826628877445,US1ORCY0001,16.662316320608394,US1CADN0003,19.72614941044454,US1CADN0006,20.38309420864311
2014248,ARTHROPODA,ARACHNIDA,TROMBIDIFORMES,SPERCHONIDAE,SPERCHON,SPERCHON,4296,,,38.5715497187037,-75.67425567,RiversOther,Region_03,NRS18_DE_10009,2019.0,7/30/2019,1,BETB,20.87,Poor,US1DESS0081,3.287458684280004,USC00188210,4.400166804182455,US1DESS0006,8.430086446317897,US1DESS0016,8.820920099372168,US1DESS0046,9.17677043590224
2014249,ARTHROPODA,INSECTA,DIPTERA,CHIRONOMIDAE,DICROTENDIPES,DICROTENDIPES,3658,9.0,1.0,48.9432367599002,-106.8565294,LargeStreams,Region_08,NRS18_MT_10010,2019.0,7/30/2019,1,BERW,45.77,Fair,USC00248202,6.945858387447438,CA004034912,9.294436254298866,USR0000MBLU,10.26150483529639,CA004034910,20.98233356894977,USC00244182,27.148571356542014
2014250,ARTHROPODA,INSECTA,DIPTERA,CHIRONOMIDAE,CRYPTOCHIRONOMUS,CRYPTOCHIRONOMUS,3625,3.0,1.0,48.9226031267268,-106.7993967,LargeStreams,Region_08,NRS18_MT_10040,2019.0,7/30/2019,1,BERW,35.82,Poor,USC00248202,7.5305771124035745,USR0000MBLU,12.083482599078241,CA004034912,13.962734540246577,CA004034910,25.303814082742942,USC00244182,28.286291643173183
2014251,ARTHROPODA,INSECTA,COLEOPTERA,DYTISCIDAE,,DYTISCIDAE,3679,1.0,1.0,46.1667664977716,-110.5490897,LargeStreams,Region_08,NRS18_MT_10003,2019.0,7/30/2019,1,BERW,94.77,Good,USS0010C03S,8.773678345225509,USS0010C08S,12.533514476964449,USC00249023,15.507898121900723,USC00247088,20.094764621740993,USC00249018,20.64325654317766
2014252,ARTHROPODA,INSECTA,EPHEMEROPTERA,EPHEMERELLIDAE,,EPHEMERELLIDAE,3706,2.0,1.0,,,,Region_01,NRS18_NH_10006,,7/31/2019,2,BERW,56.85,,ACW00011604,,US1OKCV0084,,US1OKCV0083,,US1OKCV0082,,US1OKCV0081,
2014253,ARTHROPODA,INSECTA,DIPTERA,CHIRONOMIDAE,NANOCLADIUS,NANOCLADIUS,4005,1.0,1.0,42.5228841223456,-89.03751415,RiversMajor,Region_05,NRS18_WI_10061,2019.0,7/31/2019,1,BETB,13.87,Poor,USC00470696,2.1754196364033063,US1WIRK0015,2.4570863996285155,US1WIRK0036,2.655470586679521,US1ILWN0041,5.723148011887306,US1WIRK0027,6.697141983532322
2014254,ARTHROPODA,INSECTA,DIPTERA,CHIRONOMIDAE,PARATANYTARSUS,PARATANYTARSUS,4120,1.0,1.0,,,,Region_04,NRS18_FL_10002,,7/31/2019,2,BETB,39.42,,ACW00011604,,US1OKCV0084,,US1OKCV0083,,US1OKCV0082,,US1OKCV0081,
2014255,ANNELIDA,OLIGOCHAETA,HAPLOTAXIDA,TUBIFICIDAE,AULODRILUS,AULODRILUS,3496,8.0,1.0,44.6082766474215,-73.96279699,SmallStreams,Region_02,NRS18_NY_10268,2019.0,7/31/2019,1,BERW,12.6,Poor,US1NYFK0002,17.61022873501121,US1NYCL0012,18.093837359307837,US1NYES0008,20.464685993092395,USC00301966,22.782176948304894,US1NYES0011,23.35364500409991
2014256,ARTHROPODA,INSECTA,EPHEMEROPTERA,HEPTAGENIIDAE,,HEPTAGENIIDAE,3802,1.0,0.0,38.6427924306027,-87.61438338,RiversMajor,Region_05,NRS18_IN_10002,2019.0,7/31/2019,1,BETB,42.32,Good,US1ILLW0002,4.151326116918875,US1ILLW0001,10.376577786517608,USC00129117,10.600988579289453,US1INKN0005,10.654668540942982,US1ILLW0003,12.468647129751512
2014257,ARTHROPODA,INSECTA,TRICHOPTERA,LEPTOCERIDAE,NECTOPSYCHE,NECTOPSYCHE,4011,164.0,1.0,43.4510629897869,-94.86715932,RiversMajor,Region_07,NRS18_IA_10009,2019.0,7/31/2019,1,BETB,44.17,Good,USC00132724,11.031657652383295,USW00094971,11.142200702985825,USC00136291,16.108152661910133,US1IAEM0001,20.454111207351055,US1IADK0002,21.028148885214968
2014258,ARTHROPODA,INSECTA,COLEOPTERA,ELMIDAE,MACRONYCHUS,MACRONYCHUS,3952,2.0,1.0,40.9310745368676,-80.37396527,RiversOther,Region_03,NRS18_PA_10011,2019.0,7/31/2019,1,BETB,35.02,Poor,US1PALW0017,0.987891266518323,USC00366233,9.634638185863023,US1PALW0002,10.665206452154054,US1PALW0019,17.45605062727613,US1PALW0010,17.601718262825784
2014260,ARTHROPODA,INSECTA,PLECOPTERA,PTERONARCYIDAE,PTERONARCELLA,PTERONARCELLA,4227,,,,,,Region_08,NRS18_CO_RF015,,7/31/2019,1,BERW,47.47,,ACW00011604,,US1OKCV0084,,US1OKCV0083,,US1OKCV0082,,US1OKCV0081,
2014261,ARTHROPODA,INSECTA,DIPTERA,CHIRONOMIDAE,TANYTARSUS,TANYTARSUS,4348,2.0,1.0,46.0753211148082,-110.0509399,SmallStreams,Region_08,NRS18_MT_10094,2019.0,7/31/2019,1,BERW,77.92,Good,USC00245603,3.2675869851708828,US1MTSG0008,7.926740284130579,USC00245602,8.254009773623428,US1MTSG0004,12.106785502464048,USC00240786,13.617855051849688
2014262,ARTHROPODA,INSECTA,TRICHOPTERA,BRACHYCENTRIDAE,AMIOCENTRUS,AMIOCENTRUS,3445,1.0,1.0,41.5392605713911,-123.5267321,RiversMajor,Region_09,NRS18_CA_10013,2019.0,7/30/2019,1,BETB,56.85,Good,US1CASK0014,16.53556204161753,USR0000CSOM,16.79595694805321,US1CASK0027,17.39548159141253,USC00048346,17.71565178438682,USC00041799,20.735502921442283
2014263,ARTHROPODA,INSECTA,EPHEMEROPTERA,EPHEMERELLIDAE,SERRATELLA,SERRATELLA,4272,1.0,1.0,,,,Region_09,NRS18_CA_10002,,7/29/2019,2,BETB,14.23,,ACW00011604,,US1OKCV0084,,US1OKCV0083,,US1OKCV0082,,US1OKCV0081,
2014264,ARTHROPODA,INSECTA,DIPTERA,CHIRONOMIDAE,PARACLADOPELMA,PARACLADOPELMA,4101,1.0,1.0,42.503163291745,-101.4197201,LargeStreams,Region_07,NRS18_NE_10678,2019.0,7/30/2019,1,BERW,45.92,Good,USC00259266,11.5252150057949,US10cher026,14.670948680237382,USC00255868,16.858926291517882,USC00255860,26.378070610197167,USC00255702,28.905698138609523
2014265,ARTHROPODA,INSECTA,DIPTERA,PSYCHODIDAE,MARUINA,MARUINA,3961,1.0,1.0,42.0174885238676,-123.9496604,SmallStreams,Region_10,NRS18_OR_10069,2019.0,7/31/2019,1,BERW,65.48,Good,USR0000OWCR,14.839743119303957,US1CADN0009,18.808634049244805,US1CADN0006,19.143196507403204,USC00043357,19.1440841919033,US1CADN0003,19.240011780647926
2014266,ANNELIDA,OLIGOCHAETA,HAPLOTAXIDA,NAIDIDAE,,NAIDIDAE,4003,1.0,0.0,47.905250179417,-90.21860332,SmallStreams,Region_05,NRS18_MN_10257,2019.0,7/31/2019,1,BERW,46.93,Good,US1MNCK0021,9.542578874430902,US1MNCK0020,9.717901750203877,US1MNCK0013,12.679949360722908,US1MNCK0029,12.76539485742171,US1MNCK0024,13.190617000848471
2014267,ARTHROPODA,INSECTA,TRICHOPTERA,LEPTOCERIDAE,NECTOPSYCHE,NECTOPSYCHE,4011,3.0,1.0,48.602586608225,-107.6191811,RiversMajor,Region_08,NRS18_MT_10072,2019.0,7/31/2019,1,BETB,80.32,Good,USC00247267,13.675576314096222,USC00241017,14.693792882520897,USC00248939,17.442086045114362,USC00243089,22.963108086165906,USC00245338,24.565559971985877
2014268,ARTHROPODA,INSECTA,EPHEMEROPTERA,LEPTOHYPHIDAE,TRICORYTHODES,TRICORYTHODES,4384,5.0,1.0,45.2064722906055,-87.7321759,RiversOther,Region_05,NRS18_MI_10057,2019.0,7/31/2019,1,BETB,63.13,Good,US1MIMM0008,6.181721224216483,US1MIMM0009,13.165167858773723,USC00205382,14.202018157374937,USC00205381,14.388906730856945,USC00475091,14.736682532177788
2014269,ARTHROPODA,ARACHNIDA,TROMBIDIFORMES,PROTZIIDAE,PROTZIA,PROTZIA,4204,1.0,1.0,40.4110825974424,-116.9237429,SmallStreams,Region_09,NRS18_NV_10188,2019.0,7/31/2019,1,BERW,55.03,Fair,USS0016J01S,7.83654727016175,USR0000NBEA,21.53474058882884,USW00024119,22.47150751761159,US1NVLD0001,24.541236960158315,USC00260688,26.578678927537474
2014270,ARTHROPODA,INSECTA,EPHEMEROPTERA,BAETIDAE,BAETIS,BAETIS,3501,52.0,1.0,40.191371213642,-117.2531401,LargeStreams,Region_09,NRS18_NV_10010,2019.0,7/30/2019,1,BERW,39.88,Poor,USC00266754,6.5592306581978415,USC00266748,15.810023825964066,USC00261313,17.793594096277683,USR0000NREB,23.75989801462751,USC00261311,27.992624347538577
2014271,ARTHROPODA,INSECTA,EPHEMEROPTERA,BAETIDAE,LABIOBAETIS,LABIOBAETIS,4774,,,45.7470753270514,-87.8664876,RiversOther,Region_05,NRS18_MI_10055,2019.0,7/31/2019,1,BETB,28.63,Fair,US1WIMR0007,4.10760003617672,US1MIDC0003,13.637608185080818,USC00208327,15.40152159719385,USC00204090,17.427816401504398,US1MIDC0002,17.42787179093497
2014272,ARTHROPODA,INSECTA,DIPTERA,CHIRONOMIDAE,TRIBELOS,TRIBELOS,4379,26.0,1.0,41.3113780887716,-74.79188278,RiversMajor,Region_02,NRS18_NJ_10008,2019.0,8/1/2019,1,BETB,34.98,Fair,USC00365752,0.8998856533054279,US1NJSS0028,1.259308337627292,USC00284735,8.37639163151992,USC00284736,9.25554788318249,US1PAPK0020,9.968277376224952
2014273,ARTHROPODA,INSECTA,DIPTERA,TIPULIDAE,DICRANOTA,DICRANOTA,3657,2.0,1.0,38.0199184764595,-111.654475,SmallStreams,Region_08,NRS18_UT_10011,2019.0,7/30/2019,1,BERW,21.63,Poor,USR0000BUCF,13.365337484400508,USS0011M06S,16.35196043409163,US1UTGF0003,21.01801200129577,USC00420849,24.203912327655583,USS0011L05S,26.071508086858337
2014274,ARTHROPODA,INSECTA,TRICHOPTERA,MOLANNIDAE,MOLANNA,MOLANNA,3987,2.0,1.0,45.257332845259,-68.94965527,RiversOther,Region_01,NRS18_ME_10005,2019.0,8/1/2019,1,BETB,32.48,Poor,USC00175347,4.724525972606964,USC00170398,15.798836451356646,USC00178010,18.791097339116376,USC00172207,18.888054998660984,USC00171975,19.956560974885456
2014275,ARTHROPODA,INSECTA,MEGALOPTERA,SIALIDAE,SIALIS,SIALIS,4276,1.0,1.0,46.8259141089481,-100.9301159,RiversOther,Region_08,NRS18_ND_10032,2019.0,8/1/2019,1,BERW,71.92,Good,USC00325479,2.1306467634161574,US1NDMT0023,2.7538901427663496,US1NDMT0003,4.433045074338496,US1NDMT0016,4.555257752671246,US1NDBH0016,8.625239200007101
2014276,ARTHROPODA,INSECTA,TRICHOPTERA,POLYCENTROPODIDAE,,POLYCENTROPODIDAE,4174,1.0,0.0,47.0060292033321,-93.23164389,LargeStreams,Region_05,NRS18_MN_10556,2019.0,8/1/2019,1,BETB,42.32,Good,US1MNIT0063,9.179568700365069,US1MNIT0067,16.95440168421468,US1MNIT0037,18.298236398660052,US1MNAT0026,18.800168622463428,US1MNIT0041,24.028437431765482
2014277,ARTHROPODA,INSECTA,DIPTERA,CHIRONOMIDAE,CHIRONOMUS,CHIRONOMUS,3582,2.0,1.0,43.0422188462033,-95.05469764,RiversOther,Region_07,NRS18_IA_10659,2019.0,8/1/2019,1,BETB,50.77,Good,US1IACY0006,7.172287218355279,USC00137847,12.802333875915252,US1IACY0003,14.19944530683122,US1IACY0004,14.562575300353819,USC00137844,15.599324982861793
2014278,ARTHROPODA,INSECTA,DIPTERA,CHIRONOMIDAE,,THIENEMANNIMYIA GENUS GR.,4362,1.0,1.0,45.5493214505921,-109.2430792,LargeStreams,Region_08,NRS18_MT_10592,2019.0,8/1/2019,1,BERW,34.55,Poor,US1MTSW0013,1.9391059447463457,US1MTSW0007,9.507002178300125,USC00241938,10.741628998664456,US1MTCB0001,12.654653640915157,US1MTSW0010,13.191977611510746
2014279,ARTHROPODA,MALACOSTRACA,DECAPODA,CAMBARIDAE,,CAMBARIDAE,3548,1.0,1.0,38.4517839356742,-87.59800228,RiversOther,Region_05,NRS18_IN_10007,2019.0,8/1/2019,1,BETB,30.87,Fair,US1INGB0008,5.608870618589667,US1INGB0006,7.123659506709074,USC00123863,7.7761458143825175,US1INGB0013,9.452719251011223,USC00122106,10.10857022983817
2014280,ARTHROPODA,INSECTA,DIPTERA,CHIRONOMIDAE,STENOCHIRONOMUS,STENOCHIRONOMUS,4311,2.0,1.0,,,,Region_04,NRS18_FL_10007,,8/1/2019,2,BETB,46.52,,ACW00011604,,US1OKCV0084,,US1OKCV0083,,US1OKCV0082,,US1OKCV0081,
2014281,ARTHROPODA,INSECTA,ODONATA,GOMPHIDAE,,GOMPHIDAE,3759,1.0,1.0,48.3459787301315,-107.5838055,RiversOther,Region_08,NRS18_MT_10019,2019.0,8/1/2019,1,BETB,32.48,Poor,USC00245338,11.94964921887852,USC00241017,15.717815444542847,USC00247267,17.82789004852734,USC00243910,17.93788681020096,USC00245337,20.910864555245155
2014282,MOLLUSCA,GASTROPODA,BASOMMATOPHORA,ANCYLIDAE,FERRISSIA,FERRISSIA,3735,3.0,1.0,41.0479924022904,-79.6624337,RiversMajor,Region_03,NRS18_PA_10045,2019.0,8/1/2019,1,BETB,38.73,Fair,USC00366721,4.29812872912901,USC00366724,5.440858543995671,USC00366719,6.04171534526732,USC00366720,6.04171534526732,USC00360361,6.1638711599136595
2014283,ARTHROPODA,INSECTA,DIPTERA,CHIRONOMIDAE,CLADOPELMA,CLADOPELMA,3593,2.0,1.0,30.8392409997901,-96.72311752,RiversOther,Region_06,NRS18_TX_10018,2019.0,8/1/2019,1,BETB,46.53,Fair,US1TXMLM018,3.368655610939153,US1TXMLM014,6.37644006053653,US1TXMLM017,6.675199630559154,USC00419280,8.600817618131588,US1TXMLM021,9.774537734659551
2014284,ARTHROPODA,INSECTA,DIPTERA,CHIRONOMIDAE,GLYPTOTENDIPES,GLYPTOTENDIPES,3756,3.0,1.0,,,,Region_06,NRS18_TX_10085,,7/31/2019,2,BETB,10.77,,ACW00011604,,US1OKCV0084,,US1OKCV0083,,US1OKCV0082,,US1OKCV0081,
2014285,ARTHROPODA,INSECTA,EPHEMEROPTERA,CAENIDAE,SPARBARUS,SPARBARUS,4294,2.0,1.0,46.019425418632,-86.22127085,RiversOther,Region_05,NRS18_MI_10021,2019.0,8/1/2019,1,BETB,40.83,Good,US1MISH0001,5.7382122438922405,US1MISH0002,6.297061684002879,USW00004856,7.747177371335382,USC00205073,7.94607263940957,US1MISH0003,14.16083215846532
2014286,ARTHROPODA,INSECTA,DIPTERA,CHIRONOMIDAE,STICTOCLADIUS,ORTHOCLADIINAE,5110,,,43.9220182402817,-114.1142041,LargeStreams,Region_10,NRS18_ID_10022,2019.0,7/31/2019,1,BERW,53.05,Good,USC00106985,7.832003693065121,USS0014F02S,10.319144230606708,USS0014F03S,16.28718030883371,USC00101671,23.643917481248284,USS0014F16S,23.859977276283253
2014287,ARTHROPODA,INSECTA,DIPTERA,CHIRONOMIDAE,KRENOSMITTIA,KRENOSMITTIA,3881,1.0,1.0,44.0541872786303,-113.4389387,SmallStreams,Region_10,NRS18_ID_10117,2019.0,8/1/2019,1,BERW,55.7,Good,USS0013E27S,4.540489956405193,USR0000IMUL,12.557820730770205,USC00105462,20.714350194161163,USC00105466,21.588964985791982,USC00104510,24.45100630172819
2014288,ARTHROPODA,INSECTA,DIPTERA,CHIRONOMIDAE,GLYPTOTENDIPES,GLYPTOTENDIPES,3756,1.0,1.0,38.5740766439743,-86.85303476,RiversOther,Region_05,NRS18_IN_10027,2019.0,8/2/2019,1,BETB,30.07,Poor,USC00128036,5.620238406514395,US1INMT0004,11.590521427327122,US1INMT0001,12.124412208806556,US1INMT0003,15.145798671788723,US1INDV0005,17.02878640238577
2014289,PLATYHELMINTHES,TURBELLARIA,NEOOPHORA,PLANARIIDAE,POLYCELIS,POLYCELIS,4173,5.0,1.0,39.2700219304044,-114.3144801,LargeStreams,Region_09,NRS18_NV_10495,2019.0,8/1/2019,1,BERW,30.77,Poor,USS0014K07S,7.806146257241161,USC00265824,20.291613208533942,USS0014K02S,26.871887336688687,USR0000NMAT,27.73056184911516,USS0014K08S,28.246267390467892
2014290,ARTHROPODA,INSECTA,DIPTERA,CERATOPOGONIDAE,,CERATOPOGONINAE,3567,1.0,1.0,45.0082492191043,-108.9111304,LargeStreams,Region_08,NRS18_MT_10063,2019.0,8/2/2019,1,BERW,8.07,Poor,USC00240617,12.71877271874045,USC00481775,19.495834935393944,US1WYPK0045,21.366816889559352,US1WYPK0006,21.543120208920186,USR0000MSBR,23.223713877452596
2014291,ARTHROPODA,INSECTA,DIPTERA,CHIRONOMIDAE,RHEOCRICOTOPUS,RHEOCRICOTOPUS,4245,1.0,1.0,46.5760352992755,-68.08781271,LargeStreams,Region_01,NRS18_ME_10006,2019.0,8/2/2019,1,BERW,53.85,Fair,US1MEAR0028,9.107387033646466,USC00176937,10.549513883033498,USW00014604,12.271794558029583,US1MEAR0015,12.865208999181675,USC00172390,15.045513316177132
2014292,ARTHROPODA,INSECTA,MEGALOPTERA,CORYDALIDAE,CHAULIODES,CHAULIODES,3574,1.0,1.0,44.8883826573153,-93.17842386,RiversOther,Region_05,NRS18_MN_10032,2019.0,8/2/2019,1,BETB,16.9,Poor,US1MNRM0065,1.5692271466214924,US1MNRM0054,1.8894881849875822,US1MNHN0285,3.0163825299301807,USW00014947,3.0680207401210438,US1MNRM0223,3.562753883714987
2014293,ARTHROPODA,INSECTA,DIPTERA,CHIRONOMIDAE,RHEOTANYTARSUS,RHEOTANYTARSUS,4247,1.0,1.0,44.2364332796553,-92.32519778,RiversOther,Region_05,NRS18_MN_10031,2019.0,8/4/2019,1,BETB,33.92,Fair,USC00219235,8.958585565067345,USC00219237,9.749444087926781,USC00219231,10.03238247062603,US1MNWB0004,10.352402931240782,USC00218227,11.53989262906021
2014294,ARTHROPODA,INSECTA,DIPTERA,CHIRONOMIDAE,RHEOTANYTARSUS,RHEOTANYTARSUS,4247,,,,,,Region_09,NRS18_CA_10001,,7/30/2019,2,BERW,82.63,,ACW00011604,,US1OKCV0084,,US1OKCV0083,,US1OKCV0082,,US1OKCV0081,
2014295,MOLLUSCA,BIVALVIA,VENEROIDA,PISIDIIDAE,PISIDIUM,PISIDIUM,4159,1.0,1.0,48.3658359571233,-108.1536959,RiversMajor,Region_08,NRS18_MT_10028,2019.0,8/2/2019,1,BERW,67.5,Good,USC00242438,8.850346371585642,USC00245334,20.870214966616327,USC00245337,21.27803287431217,USC00245338,31.54988397292453,USC00246475,33.27635221292993
2014296,ARTHROPODA,INSECTA,EPHEMEROPTERA,HEPTAGENIIDAE,,HEPTAGENIIDAE,3802,8.0,0.0,46.4577505615911,-110.3713055,RiversOther,Region_08,NRS18_MT_10021,2019.0,8/4/2019,1,BERW,89.4,Good,USC00245387,5.352809762716167,USC00245193,10.16603476801737,USC00241565,14.434091789597277,USC00242886,17.74934113681166,USC00245388,18.241868967069877
2014297,MOLLUSCA,GASTROPODA,,,,GASTROPODA,3745,3.0,0.0,45.0721146518942,-109.0366393,SmallStreams,Region_08,NRS18_MT_10421,2019.0,8/4/2019,1,BERW,42.8,Fair,USC00240617,1.2710915309283812,USC00481775,17.036402719090376,US1WYPK0045,17.1547064939155,US1WYPK0006,20.44437083541185,US1MTCB0007,20.446541221452485
2014298,ARTHROPODA,INSECTA,DIPTERA,CHIRONOMIDAE,,CHIRONOMIDAE,3581,6.0,0.0,46.7043920048944,-68.67903911,SmallStreams,Region_01,NRS18_ME_10018,2019.0,8/5/2019,1,BERW,51.95,Fair,USC00170238,14.285722153173547,USC00176875,18.233960511226144,USC00178398,31.492209842311,US1MEAR0008,31.621030128859616,USC00175030,32.95332365371766
2014299,ARTHROPODA,INSECTA,DIPTERA,CHIRONOMIDAE,RHEOTANYTARSUS,RHEOTANYTARSUS,4247,6.0,1.0,46.5824509601922,-68.69484212,LargeStreams,Region_01,NRS18_ME_10025,2019.0,8/4/2019,1,BERW,64.0,Good,USC00170238,17.582782736767207,USC00175030,26.719567531659354,USC00178398,27.87378617001301,USC00176875,28.65513826714774,USC00175314,33.15058867856611
2014300,ARTHROPODA,ARACHNIDA,TROMBIDIFORMES,LIMNESIIDAE,LIMNESIA,LIMNESIA,3920,1.0,1.0,44.5676596250173,-92.48587244,RiversMajor,Region_05,NRS18_MN_10034,2019.0,8/4/2019,1,BETB,28.1,Fair,USW00004967,2.3969798419238035,USC00216817,3.38654395441772,US1MNGH0001,5.288013848440818,US1MNGH0016,5.874543779082826,US1WIPC0029,7.8245242224344045
2014301,ARTHROPODA,INSECTA,DIPTERA,CHIRONOMIDAE,PAGASTIA,PAGASTIA,4088,6.0,1.0,,,,Region_05,NRS18_MN_10019,,8/5/2019,2,BERW,25.62,,ACW00011604,,US1OKCV0084,,US1OKCV0083,,US1OKCV0082,,US1OKCV0081,
2014302,ARTHROPODA,INSECTA,COLEOPTERA,HYDRAENIDAE,HYDRAENA,HYDRAENA,3829,,,46.8453780388681,-111.1382684,SmallStreams,Region_08,NRS18_MT_10029,2019.0,8/5/2019,1,BERW,39.83,Poor,USC00245712,3.8466636438105053,USC00248936,4.883751777046113,USS0010C23S,20.40591304560951,USC00243157,21.470210891753585,USR0000MTEN,23.007083296336663
2014303,ANNELIDA,OLIGOCHAETA,HAPLOTAXIDA,,,HAPLOTAXIDA,3783,1.0,1.0,43.7193996293289,-95.0462199,RiversMajor,Region_05,NRS18_MN_10011,2019.0,8/2/2019,1,BETB,58.77,Good,USC00214453,8.706767557930958,US1MNJC0003,10.042568409117992,USC00214543,11.72799272614328,US1MNJC0004,13.097462970044411,US1MNMT0003,18.28441787041439
2014304,ARTHROPODA,ARACHNIDA,TROMBIDIFORMES,LIMNESIIDAE,LIMNESIA,LIMNESIA,3920,1.0,1.0,42.5070744384926,-90.64462962,RiversMajor,Region_07,NRS18_IA_10012,2019.0,8/5/2019,1,BETB,56.67,Good,US1ILJD0009,1.0429848175617964,US1IADB0002,2.1561784082490876,US1IADB0023,2.756820763549027,US1ILJD0014,2.8292010711096034,USC00132364,3.663137827291281
2014305,ARTHROPODA,INSECTA,EPHEMEROPTERA,HEPTAGENIIDAE,MACCAFFERTIUM,MACCAFFERTIUM,3948,2.0,1.0,38.9293993085572,-77.87369583,LargeStreams,Region_03,NRS18_VA_10009,2019.0,8/5/2019,1,BERW,42.78,Fair,USC00442326,5.173882068053103,USC00445289,7.021211406557999,USC00448396,10.994987490006677,USC00444807,14.289634128608098,USC00445851,15.042191688631645
2014306,ARTHROPODA,INSECTA,DIPTERA,CHIRONOMIDAE,TANYTARSUS,TANYTARSUS,4348,6.0,1.0,33.8790699503724,-95.91292172,RiversMajor,Region_06,NRS18_OK_10030,2019.0,7/30/2019,1,BETB,60.15,Good,USC00416050,9.460773246345825,USC00418898,14.327963379105359,USR0000TCDD,15.363967519675226,USC00340980,16.233544991467912,USC00414973,18.0958205978563
2014307,ARTHROPODA,INSECTA,DIPTERA,CHIRONOMIDAE,,CRICOTOPUS/ORTHOCLADIUS,3623,8.0,1.0,40.8935385701985,-96.60388611,RiversOther,Region_07,NRS18_NE_10073,2019.0,8/5/2019,1,BERW,17.93,Poor,US1Lanc5524,4.273603892678108,USC00254790,4.959710782029941,US1NELA0032,5.315930514045159,US1NELA0090,5.931865990394704,USW00094995,5.999570823574725
2014308,ARTHROPODA,INSECTA,COLEOPTERA,GYRINIDAE,GYRINUS,GYRINUS,3774,1.0,1.0,47.4483654737809,-111.3010562,RiversMajor,Region_08,NRS18_MT_10073,2019.0,8/4/2019,1,BETB,24.2,Poor,US1MTCC0016,3.745380902664329,US1MTCC0004,4.528106099168817,US1MTCC0018,4.574064180880883,USC00243749,4.734683691352463,USC00243753,6.475740086615755
2014309,ARTHROPODA,INSECTA,EPHEMEROPTERA,EPHEMERIDAE,HEXAGENIA,HEXAGENIA,3816,3.0,1.0,47.4516106964137,-111.301288,RiversMajor,Region_08,NRS18_MT_10024,2019.0,8/4/2019,1,BETB,45.7,Fair,US1MTCC0016,4.106448261241368,US1MTCC0004,4.209503679748956,USC00243749,4.404552939144643,US1MTCC0018,4.93459850406611,USC00243753,6.387273930177968
2014310,ARTHROPODA,INSECTA,DIPTERA,CHIRONOMIDAE,RHEOTANYTARSUS,RHEOTANYTARSUS,4247,8.0,1.0,47.4143467177219,-111.4986289,RiversMajor,Region_08,NRS18_MT_10017,2019.0,8/5/2019,1,BETB,42.95,Fair,USC00248455,7.840134885501488,USC00243753,10.020546980477146,USW00024143,10.901698835014958,US1MTCC0004,14.776790283800146,US1MTCC0016,15.17903989212628
2014311,ARTHROPODA,INSECTA,DIPTERA,CHIRONOMIDAE,STICTOCHIRONOMUS,STICTOCHIRONOMUS,4315,1.0,1.0,31.3404654654475,-81.48488794,RiversOther,Region_04,NRS18_GA_10017,2019.0,8/6/2019,1,BETB,6.12,Poor,USC00092552,5.798713080092097,US1GAMI0011,5.905290619678584,US1GAGN0003,7.045170448986631,US1GAMI0008,8.77401048437952,US1GAGN0018,10.022346799109899
2014312,ARTHROPODA,INSECTA,DIPTERA,CHIRONOMIDAE,CRYPTOCHIRONOMUS,CRYPTOCHIRONOMUS,3625,3.0,1.0,47.1318268714626,-67.89809741,RiversOther,Region_01,NRS18_ME_10002,2019.0,8/6/2019,1,BETB,11.08,Poor,USC00178963,3.3425351460982458,USC00178965,4.967601296696851,CA008104928,5.301178731823755,CA00810I001,5.301178731823755,CA1NB000175,6.791561628362368
2014313,ARTHROPODA,INSECTA,ODONATA,GOMPHIDAE,,GOMPHIDAE,3759,6.0,0.0,42.1761836118271,-90.32202566,RiversOther,Region_07,NRS18_IA_10032,2019.0,8/6/2019,1,BETB,31.87,Fair,US1ILJD0006,9.53516465016912,US1IAJC0001,11.404928571038097,US1IAJC0005,12.54970810025116,USC00130608,12.581677481316277,US1ILCR0017,14.693120207843592
2014314,ARTHROPODA,INSECTA,DIPTERA,CHIRONOMIDAE,PARAMETRIOCNEMUS,PARAMETRIOCNEMUS,4112,1.0,1.0,44.0438614886741,-101.4511155,RiversOther,Region_08,NRS18_SD_10011,2019.0,8/6/2019,1,BETB,41.78,Poor,USW00024024,12.038109191609156,US1SDHK0016,14.447484420889243,US1SDJK0003,15.594020413317264,US1SDHK0017,16.471934644089156,USC00396397,20.365459413179426
2014315,ARTHROPODA,INSECTA,DIPTERA,CHIRONOMIDAE,LARSIA,LARSIA,3890,1.0,1.0,44.0245990304188,-88.79457222,RiversOther,Region_05,NRS18_WI_10024,2019.0,8/6/2019,1,BETB,18.3,Poor,US1WIWN0007,1.26569968956272,US1WIWN0026,4.167271297485834,US1WIWN0027,4.5333009839442235,USC00470742,12.334220779514942,USC00470740,13.252450371649099
2014316,ARTHROPODA,INSECTA,EPHEMEROPTERA,EPHEMERIDAE,HEXAGENIA,HEXAGENIA,3816,1.0,1.0,46.050645323164,-102.0129711,RiversOther,Region_08,NRS18_ND_10027,2019.0,8/6/2019,1,BERW,40.5,Poor,USC00328396,5.42791040973732,USC00398277,13.52898682498604,USC00394864,16.63856922016365,US1SDPK0032,17.111132407126963,USC00327311,18.436216568985017
2014317,ARTHROPODA,INSECTA,DIPTERA,TIPULIDAE,GONOMYIA,GONOMYIA,3763,1.0,1.0,37.8311995630961,-77.122197,RiversMajor,Region_03,NRS18_VA_10010,2019.0,8/6/2019,1,BETB,53.93,Fair,US1VAKW0005,9.876286683694545,USC00448829,12.15339578754376,US1VAKW0002,16.423380907773307,US1VACL0006,21.291021551905995,US1VACL0004,22.188272271919647
2014318,ARTHROPODA,INSECTA,ODONATA,,,ODONATA,4056,,,,,,Region_05,NRS18_MN_10002,,8/6/2019,2,BETB,22.4,,ACW00011604,,US1OKCV0084,,US1OKCV0083,,US1OKCV0082,,US1OKCV0081,
2014319,ARTHROPODA,INSECTA,DIPTERA,DIXIDAE,DIXA,DIXA,3667,2.0,1.0,40.1307956110408,-121.4652129,SmallStreams,Region_09,NRS18_CA_10108,2019.0,8/6/2019,1,BERW,69.83,Good,USR0000CBUT,6.642676291520116,USC00041420,6.7266969137880475,USR0000CCRR,12.138706195283174,USC00044274,15.655482105645241,USC00049540,22.71274014569012
2014320,ARTHROPODA,INSECTA,DIPTERA,CHIRONOMIDAE,ABLABESMYIA,ABLABESMYIA,3406,1.0,1.0,48.1432112673171,-112.1246194,SmallStreams,Region_08,NRS18_MT_10011,2019.0,8/6/2019,1,BERW,28.92,Poor,USC00241974,13.364409593010905,USC00246426,15.765558838192465,USC00248501,20.904525503335854,USC00241336,22.80180459042309,USC00242574,22.914128950221723
2014321,ARTHROPODA,INSECTA,EPHEMEROPTERA,BAETIDAE,CENTROPTILUM,CENTROPTILUM,3564,6.0,1.0,41.4563960605852,-123.9355648,RiversMajor,Region_09,NRS18_CA_10014,2019.0,8/6/2019,1,BETB,15.07,Poor,US1CADN0012,7.636808595469588,USC00046498,12.611760181416148,USC00044577,17.855990899925448,USR0000CYUR,19.64703475810629,US1CADN0016,26.920304214640304
2014322,ARTHROPODA,INSECTA,ODONATA,GOMPHIDAE,,GOMPHIDAE,3759,4.0,0.0,,,,Region_04,NRS18_KY_10011,,8/6/2019,2,BERW,11.63,,ACW00011604,,US1OKCV0084,,US1OKCV0083,,US1OKCV0082,,US1OKCV0081,
2014323,PLATYHELMINTHES,TURBELLARIA,,,,TURBELLARIA,4393,15.0,1.0,46.5855886703596,-111.2657085,SmallStreams,Region_08,NRS18_MT_10009,2019.0,8/6/2019,1,BERW,56.75,Good,USS0011C02S,0.7026711124740546,USS0011C01S,3.3975987453706744,USC00243157,15.206168456156762,USC00243603,24.369363111844518,USC00248329,25.46715309357768
2014324,ARTHROPODA,ARACHNIDA,TROMBIDIFORMES,SPERCHONIDAE,SPERCHON,SPERCHON,4296,3.0,1.0,,,,Region_03,NRS18_PA_RF001,,8/6/2019,1,BETB,48.78,,ACW00011604,,US1OKCV0084,,US1OKCV0083,,US1OKCV0082,,US1OKCV0081,
2014325,ARTHROPODA,INSECTA,DIPTERA,CHIRONOMIDAE,STEMPELLINA,STEMPELLINA,4307,1.0,1.0,44.6744891997581,-84.32746796,RiversMajor,Region_05,NRS18_MI_10014,2019.0,8/7/2019,1,BETB,46.03,Good,US1MIOD0003,7.954769321236657,USC00205531,15.54979495745933,USR0000MMIO,15.749426982562195,USC00205533,17.023825211999274,US1MICF0009,18.002060708620217
2014326,ARTHROPODA,INSECTA,DIPTERA,CHIRONOMIDAE,PARACLADOPELMA,PARACLADOPELMA,4101,3.0,1.0,41.152045691357,-96.54845474,RiversOther,Region_07,NRS18_NE_10010,2019.0,8/7/2019,1,BERW,38.92,Fair,USC00255362,5.751516792134046,US10saun014,7.1755730808080385,US1NESN0001,7.182228222268584,US1NESN0010,8.63422794954905,US1Saun4133,9.251479690765704
2014327,ARTHROPODA,ARACHNIDA,TROMBIDIFORMES,MIDEOPSIDAE,MIDEOPSIS,MIDEOPSIS,3986,4.0,1.0,47.2086580886605,-68.82281706,RiversOther,Region_01,NRS18_ME_10013,2019.0,8/7/2019,1,BETB,57.55,Good,USC00177407,7.468993347612836,USC00172878,16.272021580983097,USC00172883,17.44132918444381,CA1NB000112,19.59061187115782,USC00170200,20.29767707746991
2014328,ARTHROPODA,INSECTA,ODONATA,,,ODONATA,4056,1.0,0.0,40.0733624594426,-75.2235382,LargeStreams,Region_03,NRS18_PA_10046,2019.0,8/7/2019,1,BERW,23.38,Poor,US1PAPH0006,3.10025671375812,US1PAMT0046,3.1293707566118187,US1PAMT0008,3.9424838820029793,US1PAMT0060,4.051745852058115,US1PAMT0118,4.404468735945212
2014329,ARTHROPODA,INSECTA,DIPTERA,CHIRONOMIDAE,DICROTENDIPES,DICROTENDIPES,3658,5.0,1.0,30.9619999594229,-84.55846955,RiversMajor,Region_04,NRS18_GA_10035,2019.0,8/7/2019,1,BETB,35.92,Poor,USC00090581,5.566041363185026,USC00092593,7.6478288314711484,US1GADC0003,8.046000265503238,USC00090586,16.4713635037865,US1GAMT0003,27.076553504863586
2014330,ARTHROPODA,INSECTA,DIPTERA,CHIRONOMIDAE,STENOCHIRONOMUS,STENOCHIRONOMUS,4311,19.0,1.0,32.7574417874084,-94.84784005,SmallStreams,Region_06,NRS18_TX_10099,2019.0,8/7/2019,1,BERW,45.3,Fair,US1TXUP0011,6.336520320818733,USC00412446,7.9765308092144895,USC00413547,9.924373182465107,US1TXUP0007,10.343568020334121,USR0000TGIL,10.97759687223726
2014331,MOLLUSCA,BIVALVIA,VENEROIDA,PISIDIIDAE,,PISIDIIDAE,4158,2.0,0.0,32.7609952793088,-94.30026949,LargeStreams,Region_06,NRS18_TX_10093,2019.0,8/6/2019,1,BETB,19.13,Poor,USC00414577,5.585219949118002,US1TXMRN007,7.5209229077067565,US1TXHRS014,13.770740317171164,US1TXCSS006,14.78639125709964,USC00414693,15.533212162497641
2014332,ARTHROPODA,INSECTA,PLECOPTERA,LEUCTRIDAE,,LEUCTRIDAE,3913,2.0,0.0,39.9052137540938,-121.0465597,SmallStreams,Region_09,NRS18_CA_10005,2019.0,8/7/2019,1,BERW,69.58,Good,US1CAPM0002,4.8204293814112695,USC00047195,9.144464654725839,USR0000CQUI,11.701930956660517,USC00047197,11.96459816105535,US1CAPM0006,12.623295786373228
2014333,ARTHROPODA,INSECTA,COLEOPTERA,GYRINIDAE,DINEUTUS,DINEUTUS,3660,1.0,1.0,36.9289636037001,-96.18837345,LargeStreams,Region_06,NRS18_OK_10004,2019.0,8/5/2019,1,BETB,0.0,Poor,USC00344064,7.000165407578972,US1OKOS0008,7.1073611292546,USC00344393,7.973367604812148,USC00141460,10.222329768784894,USC00142409,11.451768839470963
2014334,MOLLUSCA,BIVALVIA,VENEROIDA,PISIDIIDAE,MUSCULIUM,MUSCULIUM,3997,1.0,1.0,44.4000429280327,-88.77581716,RiversOther,Region_05,NRS18_WI_10056,2019.0,8/7/2019,1,BETB,26.9,Fair,USC00475932,6.457341814408996,US1WIOG0018,6.972447301734037,US1WIOG0039,7.160291680664723,USC00477390,7.2202527812980595,US1WIWP0005,13.946403257121561
2014335,ARTHROPODA,INSECTA,DIPTERA,CHIRONOMIDAE,DICROTENDIPES,DICROTENDIPES,3658,6.0,1.0,46.3547679076847,-102.1690376,RiversMajor,Region_08,NRS18_ND_10975,2019.0,8/7/2019,1,BERW,53.62,Fair,USC00326155,11.87664419865853,USC00326158,12.240337642941727,US1NDHT0001,24.542046592077355,US1NDGT0010,25.533661099201062,USC00322588,25.805768107828737
2014336,ARTHROPODA,INSECTA,EPHEMEROPTERA,LEPTOHYPHIDAE,TRICORYTHODES,TRICORYTHODES,4384,3.0,1.0,,,,Region_05,NRS18_MN_RF002,,8/6/2019,1,BETB,39.75,,ACW00011604,,US1OKCV0084,,US1OKCV0083,,US1OKCV0082,,US1OKCV0081,
2014337,ARTHROPODA,INSECTA,DIPTERA,CHIRONOMIDAE,PARATANYTARSUS,PARATANYTARSUS,4120,1.0,1.0,,,,Region_07,NRS18_IA_10007,,8/7/2019,2,BETB,52.13,,ACW00011604,,US1OKCV0084,,US1OKCV0083,,US1OKCV0082,,US1OKCV0081,
2014338,ARTHROPODA,INSECTA,DIPTERA,CERATOPOGONIDAE,DASYHELEA,DASYHELEA,3641,,,,,,Region_10,NRS18_OR_10001,,8/7/2019,2,BERW,40.68,,ACW00011604,,US1OKCV0084,,US1OKCV0083,,US1OKCV0082,,US1OKCV0081,
2014339,ARTHROPODA,ARACHNIDA,TROMBIDIFORMES,SPERCHONIDAE,SPERCHON,SPERCHON,4296,1.0,1.0,43.781769491966,-100.8664395,RiversMajor,Region_08,NRS18_SD_11899,2019.0,8/7/2019,1,BETB,49.47,Fair,US1SDML0015,8.158342114324022,US1SDJN0007,13.08283990465644,US1SDJN0003,14.93576209993037,US1SDML0007,15.238645505512796,US1SDJN0004,16.222648598875598
2014340,ARTHROPODA,MALACOSTRACA,DECAPODA,PALAEMONIDAE,PALAEMONETES,PALAEMONETES,4091,1.0,1.0,43.9993579559018,-88.88959504,RiversOther,Region_05,NRS18_WI_10691,2019.0,8/8/2019,1,BETB,21.73,Poor,USC00470742,4.249462121013837,USC00470740,5.15164930947521,US1WIGL0001,5.334378034194762,USC00470735,6.0452330653122965,US1WIWN0026,7.109532681531887
2014341,ARTHROPODA,INSECTA,PLECOPTERA,PERLIDAE,ACRONEURIA,ACRONEURIA,3412,6.0,1.0,41.4522264065225,-76.4526647,LargeStreams,Region_03,NRS18_PA_10038,2019.0,8/8/2019,1,BERW,65.2,Good,USC00362325,4.0240284855537585,USC00364815,4.671176638222729,USC00362323,8.71632670141147,USC00362320,11.512364205928057,USC00362343,12.343192630603435
2014342,ARTHROPODA,INSECTA,DIPTERA,CHIRONOMIDAE,LABRUNDINIA,LABRUNDINIA,3882,1.0,1.0,43.0563109224963,-85.59420601,RiversOther,Region_05,NRS18_MI_10002,2019.0,8/8/2019,1,BETB,19.3,Poor,USC00207072,3.0137748993248956,US1MIKN0056,3.190589101768025,US1MIKN0065,3.7329160978344618,US1MIKN0111,4.238413744526584,US1MIKN0004,4.3352386707335295
2014343,ARTHROPODA,INSECTA,DIPTERA,CHIRONOMIDAE,PAGASTIELLA,PAGASTIELLA,4089,9.0,1.0,,,,Region_03,NRS18_WV_RF001,,8/8/2019,1,BETB,39.15,,ACW00011604,,US1OKCV0084,,US1OKCV0083,,US1OKCV0082,,US1OKCV0081,
2014344,ARTHROPODA,INSECTA,DIPTERA,CERATOPOGONIDAE,,CERATOPOGONINAE,3567,3.0,1.0,42.8564100597107,-123.1434089,SmallStreams,Region_10,NRS18_OR_10017,2019.0,8/8/2019,1,BERW,51.32,Good,USC00352295,9.386404658875842,US1ORDG0067,9.672360954827045,US1ORDG0003,13.221279961460965,US1ORDG0052,13.284017097895344,USC00351354,14.613867678105034
2014345,ARTHROPODA,INSECTA,DIPTERA,CHIRONOMIDAE,HETEROTRISSOCLADIUS,HETEROTRISSOCLADIUS,3814,2.0,1.0,46.9755637983931,-69.37838052,SmallStreams,Region_01,NRS18_ME_10001,2019.0,8/8/2019,1,BERW,49.6,Fair,US1MEAR0004,25.01684928219609,USC00173715,28.829261251400784,USC00177225,28.829261251400784,USC00170200,29.585087500662702,CA007057600,30.739328667665337
2014346,ARTHROPODA,INSECTA,DIPTERA,CERATOPOGONIDAE,,CERATOPOGONINAE,3567,1.0,1.0,,,,Region_05,NRS18_MN_RF003,,8/7/2019,1,BERW,67.15,,ACW00011604,,US1OKCV0084,,US1OKCV0083,,US1OKCV0082,,US1OKCV0081,
2014347,ARTHROPODA,INSECTA,COLEOPTERA,ELMIDAE,MACRONYCHUS,MACRONYCHUS,3952,2.0,1.0,43.4017844480971,-100.9843349,LargeStreams,Region_08,NRS18_SD_10013,2019.0,8/8/2019,1,BERW,78.47,Good,USC00396477,8.582335265928567,US1SDTD0010,10.184731742009117,USR0000SMAG,15.938726208437682,US1SDML0010,17.317898790484726,US1SDML0003,19.53033384467492
2014348,ARTHROPODA,ARACHNIDA,TROMBIDIFORMES,SPERCHONIDAE,SPERCHONOPSIS,SPERCHONOPSIS,4298,1.0,1.0,,,,Region_05,NRS18_MN_RF001,,8/8/2019,1,BERW,57.2,,ACW00011604,,US1OKCV0084,,US1OKCV0083,,US1OKCV0082,,US1OKCV0081,
2014349,ARTHROPODA,INSECTA,DIPTERA,SIMULIIDAE,SIMULIUM,SIMULIUM,4281,22.0,1.0,40.855735160143,-110.4569517,LargeStreams,Region_08,NRS18_UT_10285,2019.0,8/8/2019,1,BERW,37.82,Fair,USS0010J20S,7.036061324303945,USS0010J21S,7.486464200212451,USS0010J04S,10.659255821863033,USC00423886,10.713128084275043,USR0000HEWI,10.974575789144954
2014350,ANNELIDA,OLIGOCHAETA,HAPLOTAXIDA,NAIDIDAE,DERO,DERO,3646,1.0,1.0,48.5494709599842,-109.3916757,LargeStreams,Region_08,NRS18_MT_10080,2019.0,8/8/2019,1,BERW,29.82,Poor,USC00241722,12.88386340894394,USC00241726,16.95305261982259,USW00024035,20.331008492801004,USC00243991,27.247667096878462,USW00094012,27.448319692597238
2014351,ARTHROPODA,INSECTA,DIPTERA,CHIRONOMIDAE,LABRUNDINIA,LABRUNDINIA,3882,1.0,1.0,48.8008972891878,-110.1348123,RiversMajor,Region_08,NRS18_MT_10070,2019.0,8/7/2019,1,BETB,64.03,Good,USC00243992,10.067586030460864,USC00247620,22.713010061112417,USC00244174,24.974708436921077,US1MTHL0006,25.651262676283988,CA004039000,28.808227614162302
2014352,ARTHROPODA,INSECTA,EPHEMEROPTERA,BAETIDAE,ANAFROPTILUM,ANAFROPTILUM,5112,13.0,1.0,42.9765979546973,-85.51225004,RiversOther,Region_05,NRS18_MI_10023,2019.0,8/9/2019,1,BETB,45.4,Good,USC00200015,3.12101947754501,US1MIKN0053,3.253969243809495,USC00200017,3.7573419488148505,US1MIKN0006,4.156561334185606,US1MIKN0102,7.282326082033581
2014357,ARTHROPODA,INSECTA,DIPTERA,TABANIDAE,CHRYSOPS,CHRYSOPS,3587,6.0,1.0,46.3735725751698,-85.98251537,LargeStreams,Region_05,NRS18_MI_10532,2019.0,8/11/2019,1,BETB,28.05,Fair,USC00207515,10.343673304851343,USC00203123,10.343673304851343,USR0000MSEN,15.129975661904794,USC00205274,22.9891663077944,USC00205276,23.89699038378084
2014359,ARTHROPODA,INSECTA,TRICHOPTERA,HYDROPSYCHIDAE,,HYDROPSYCHIDAE,3845,1.0,0.0,43.7870498224113,-101.2892818,RiversMajor,Region_08,NRS18_SD_10055,2019.0,8/11/2019,1,BETB,31.1,Poor,USC00390574,5.452673391033181,US1SDJK0009,6.861252340834615,US1SDJK0006,18.382549162740833,USC00394413,18.86672186257142,US1SDML0011,20.958427563175373
2014360,ARTHROPODA,INSECTA,DIPTERA,PSYCHODIDAE,,PSYCHODIDAE,4223,1.0,1.0,,,,Region_10,NRS18_ID_10015,,8/5/2019,2,BERW,34.9,,ACW00011604,,US1OKCV0084,,US1OKCV0083,,US1OKCV0082,,US1OKCV0081,
2014361,ARTHROPODA,INSECTA,TRICHOPTERA,LIMNEPHILIDAE,ONOCOSMOECUS,ONOCOSMOECUS,4067,1.0,1.0,44.4073620652948,-111.5839679,RiversOther,Region_10,NRS18_ID_10024,2019.0,8/7/2019,1,BERW,61.03,Good,USC00104910,12.20533786093746,USS0011E10S,15.470273049069961,USR0000IISP,15.972711552853717,USC00104598,16.9685394116616,USS0011E36S,19.404418623170265
2014362,ARTHROPODA,INSECTA,EPHEMEROPTERA,EPHEMERELLIDAE,EPHEMERELLA,EPHEMERELLA,3705,22.0,1.0,44.358651883712,-111.4414907,RiversOther,Region_10,NRS18_ID_10037,2019.0,8/8/2019,1,BETB,22.25,Poor,USR0000IISP,7.940008645798859,USS0011E10S,7.9545130793097725,USC00104598,8.847307086920868,US1IDFM0008,11.4091614431415,USS0011E36S,19.216344357165045
2014363,ARTHROPODA,INSECTA,DIPTERA,CHIRONOMIDAE,TVETENIA,TVETENIA,4394,1.0,1.0,44.5947738173522,-111.4556269,SmallStreams,Region_10,NRS18_ID_10056,2019.0,8/6/2019,1,BERW,60.93,Good,USS0011E36S,8.058720486040382,USC00105080,13.65263974098124,USC00100864,18.308605211341124,USS0011E10S,20.11870955337116,USC00104598,20.525904989035954
2014364,ANNELIDA,HIRUDINEA,RHYNCHOBDELLIDA,GLOSSIPHONIIDAE,,GLOSSIPHONIIDAE,3751,,,39.893503296898,-86.12889282,RiversOther,Region_05,NRS18_IN_11097,2019.0,8/12/2019,1,BETB,24.45,Poor,US1INMR0153,0.5110609917052924,US1INMR0052,0.6576309337743464,US1INMR0159,0.8769846521558853,US1INMR0132,0.8837389317531495,US1INMR0193,1.0121956445771305
2014365,ARTHROPODA,INSECTA,ODONATA,GOMPHIDAE,STYLURUS,STYLURUS,4326,1.0,1.0,43.6049887046781,-89.75164612,RiversMajor,Region_05,NRS18_WI_11142,2019.0,8/12/2019,1,BETB,28.77,Fair,USC00479319,0.9700065224377837,US1WICB0008,3.2951445314238974,US1WIJN0005,5.850142014224394,US1WISK0031,6.555666117252889,US1WISK0017,8.707453473929103
2014366,ARTHROPODA,INSECTA,DIPTERA,CERATOPOGONIDAE,,CERATOPOGONINAE,3567,2.0,1.0,,,,Region_08,NRS18_CO_RF016,,8/12/2019,1,BERW,58.28,,ACW00011604,,US1OKCV0084,,US1OKCV0083,,US1OKCV0082,,US1OKCV0081,
2014367,ARTHROPODA,INSECTA,EPHEMEROPTERA,EPHEMERELLIDAE,EURYLOPHELLA,EURYLOPHELLA,3726,2.0,1.0,46.7152654979363,-89.39489377,SmallStreams,Region_05,NRS18_MI_10072,2019.0,8/12/2019,1,BERW,50.75,Good,USC00203410,13.4467788051,USC00208506,13.456265663100949,USC00208955,13.651686380369831,USC00206228,15.167794363000064,USC00206215,16.884071086552662
2014368,ARTHROPODA,INSECTA,EPHEMEROPTERA,HEPTAGENIIDAE,HEPTAGENIA,HEPTAGENIA,3801,1.0,1.0,43.6838866013498,-100.2086812,RiversMajor,Region_08,NRS18_SD_10025,2019.0,8/12/2019,1,BETB,35.72,Poor,US1SDLY0038,7.208274561986085,USC00390535,7.557589480353294,US1SDLY0034,14.618129128443721,US1SDLY0017,15.223940401513449,USC00391529,18.26291864897241
2014369,ARTHROPODA,INSECTA,DIPTERA,CHIRONOMIDAE,ABLABESMYIA,ABLABESMYIA,3406,2.0,1.0,32.8449786567782,-89.99038419,RiversMajor,Region_04,NRS18_MS_10010,2019.0,8/12/2019,1,BETB,15.87,Poor,USR0000MDRD,3.991876991481788,USC00226926,4.760446338501284,US1MSMD0005,13.971360584123678,US1MSHL0001,15.728947962966366,US1MSMD0025,17.91501195072843
2014370,ARTHROPODA,INSECTA,DIPTERA,CHIRONOMIDAE,CHIRONOMUS,CHIRONOMUS,3582,19.0,1.0,,,,Region_04,NRS18_AL_10004,,8/11/2019,2,BERW,26.6,,ACW00011604,,US1OKCV0084,,US1OKCV0083,,US1OKCV0082,,US1OKCV0081,
2014371,ARTHROPODA,ARACHNIDA,TROMBIDIFORMES,SPERCHONIDAE,SPERCHON,SPERCHON,4296,2.0,1.0,46.4412608081558,-116.2131745,RiversMajor,Region_10,NRS18_ID_10041,2019.0,8/12/2019,1,BETB,47.35,Fair,US1IDCW0001,4.3300537455295816,US1IDCW0007,5.440276494751621,USC00106681,6.217671693823905,US1IDCW0008,6.2996602625192715,US1IDCW0003,7.755487722238208
2014374,ARTHROPODA,INSECTA,EPHEMEROPTERA,ISONYCHIIDAE,ISONYCHIA,ISONYCHIA,3866,6.0,1.0,45.0041010767127,-91.74488109,RiversOther,Region_05,NRS18_WI_10843,2019.0,8/13/2019,1,BETB,66.58,Good,US1WIDN0016,1.9399486894811524,USC00471308,13.63252580900044,US1WIDN0021,13.80343370847619,US1WIDN0005,14.468698418093139,US1WIDN0013,15.08129111332066
2014375,ARTHROPODA,MALACOSTRACA,CUMACEA,NANNASTACIDAE,ALMYRACUMA,ALMYRACUMA,3436,1.0,1.0,39.8769761357262,-75.30212927,LargeStreams,Region_03,NRS18_PA_10036,2019.0,8/13/2019,1,BETB,9.2,Poor,USC00367166,4.915604735053925,USC00368717,5.177883552120232,US1PADL0003,5.529609880245545,USC00366880,6.0761662287769855,USC00361423,6.274569814001639
2014376,ARTHROPODA,INSECTA,ODONATA,CALOPTERYGIDAE,,CALOPTERYGIDAE,3546,2.0,0.0,46.3367764275344,-89.67835099,LargeStreams,Region_05,NRS18_MI_10019,2019.0,8/13/2019,1,BETB,48.8,Good,US1MIGG0001,8.899496816272658,US1WIVL0003,9.740440070470399,US1WIVL0025,16.28089630343709,US1WIVL0009,23.5125473749774,US1WIVL0014,23.535014897992635
2014377,ARTHROPODA,INSECTA,DIPTERA,CHIRONOMIDAE,NANOCLADIUS,NANOCLADIUS,4005,8.0,1.0,,,,Region_05,NRS18_IN_10009,,8/13/2019,2,BETB,22.57,,ACW00011604,,US1OKCV0084,,US1OKCV0083,,US1OKCV0082,,US1OKCV0081,
2014378,ARTHROPODA,INSECTA,TRICHOPTERA,PHILOPOTAMIDAE,CHIMARRA,CHIMARRA,3579,1.0,1.0,36.9247980312833,-79.23007866,LargeStreams,Region_03,NRS18_VA_10017,2019.0,8/13/2019,1,BERW,49.52,Good,US1VAPT0013,8.351616136230923,US1VAPT0016,11.187124787824557,US1VAPT0014,13.072833314744841,US1VAPT0004,16.277059622715573,USC00441619,17.24961044322104
2014379,ARTHROPODA,ARACHNIDA,TROMBIDIFORMES,HYGROBATIDAE,HYGROBATES,HYGROBATES,3855,2.0,1.0,40.8472283190517,-73.22628625,SmallStreams,Region_02,NRS18_NY_10043,2019.0,8/13/2019,1,BERW,49.4,Fair,US1NYSF0079,1.8804680819922697,US1NYSF0069,5.2932810723033015,US1NYSF0077,5.594704336770992,US1NYSF0109,5.73344072685063,US1NYSF0149,6.466455641570758
2014380,ARTHROPODA,ARACHNIDA,TROMBIDIFORMES,SPERCHONIDAE,SPERCHON,SPERCHON,4296,,,41.1210209643072,-81.51975745,LargeStreams,Region_05,NRS18_OH_10016,2019.0,8/13/2019,1,BERW,29.17,Poor,US1OHSM0027,1.4248937217877777,USC00330061,4.534290530385527,US1OHSM0005,4.782920768527964,USC00330847,5.083158188936465,USC00338062,6.021453924044502
2014381,ARTHROPODA,INSECTA,TRICHOPTERA,HYDROPTILIDAE,HYDROPTILA,HYDROPTILA,3846,3.0,1.0,47.616661867284,-112.6810545,RiversOther,Region_08,NRS18_MT_10090,2019.0,8/12/2019,1,BETB,48.0,Fair,USC00243489,5.785753117742706,USC00240370,8.84546854128345,USS0012B17S,20.90802344172446,USR0000MBEN,20.933282029811725,USC00249011,21.889967377110324
2014382,ARTHROPODA,INSECTA,COLEOPTERA,ELMIDAE,MICROCYLLOEPUS,MICROCYLLOEPUS,3980,1.0,1.0,43.6155244595101,-100.6914902,RiversOther,Region_08,NRS18_SD_10042,2019.0,8/13/2019,1,BETB,57.5,Good,US1SDML0002,1.4890806819212725,USC00399238,7.164624142612788,US1SDML0001,9.106749290247924,US1SDJN0004,11.646462644220376,US1SDML0014,15.880964956980314
2014383,ARTHROPODA,MALACOSTRACA,AMPHIPODA,HYALELLIDAE,HYALELLA,HYALELLA,3821,110.0,1.0,45.9845139314804,-119.004127,RiversMajor,Region_10,NRS18_OR_10041,2019.0,8/13/2019,1,BETB,11.6,Poor,USC00455656,12.632383606910532,USC00450317,13.503942211824924,USC00352855,17.493473821533453,US1ORUM0018,18.16068415916757,US1ORUM0012,18.976267108016952
2014384,ARTHROPODA,INSECTA,TRICHOPTERA,HYDROPSYCHIDAE,CHEUMATOPSYCHE,CHEUMATOPSYCHE,3578,25.0,1.0,46.1348843772944,-115.9599482,RiversMajor,Region_10,NRS18_ID_10009,2019.0,8/13/2019,1,BETB,61.3,Good,USC00105011,2.4620704506396156,USC00105015,6.908887434903582,USC00105013,7.345615335486415,US1IDID0012,10.756834949475936,USC00104793,12.01141036506516
2014385,ARTHROPODA,INSECTA,DIPTERA,CHIRONOMIDAE,ZAVRELIMYIA,ZAVRELIMYIA,4433,9.0,1.0,47.5766858619381,-113.8351452,LargeStreams,Region_08,NRS18_MT_10106,2019.0,8/13/2019,1,BERW,57.68,Good,USR0000MCON,9.934936247898001,US1MTMS0027,14.513599217793855,USS0013B24S,14.816096634655864,US1MTLK0010,15.641450926886815,USS0013B22S,16.828513059561043
2014386,ARTHROPODA,INSECTA,DIPTERA,CHIRONOMIDAE,SAETHERIA,SAETHERIA,4260,1.0,1.0,44.3835963880579,-102.4205923,RiversOther,Region_08,NRS18_SD_10040,2019.0,8/13/2019,1,BETB,59.7,Good,USC00392647,8.162281079801177,US1SDPN0008,9.91658356161012,US1SDMD0043,11.911299052477364,USC00396636,22.02856060032902,USC00398494,28.210683664080644
2014387,MOLLUSCA,GASTROPODA,BASOMMATOPHORA,PHYSIDAE,PHYSA,PHYSA,4149,1.0,1.0,39.7720000677008,-75.57881988,RiversOther,Region_03,NRS18_DE_10020,2019.0,8/13/2019,1,BETB,13.38,Poor,US1DENC0032,2.69095077506942,USC00079605,3.2049790863748324,US1DENC0055,3.257150685062113,USC00079600,3.471739944396862,US1DENC0073,3.6034937034130032
2014388,ARTHROPODA,ARACHNIDA,TROMBIDIFORMES,KRENDOWSKIIDAE,GEAYIA,GEAYIA,3746,2.0,1.0,29.2367999174118,-95.79754603,RiversOther,Region_06,NRS18_TX_10599,2019.0,8/13/2019,1,BETB,17.82,Poor,USC00416286,10.022088008195048,US1TXBRZ012,11.334760294257162,US1TXFB0014,18.236675416823275,USC00419605,20.019381407568392,USC00412695,20.033184227217856
2014389,ARTHROPODA,INSECTA,TRICHOPTERA,HYDROPSYCHIDAE,CHEUMATOPSYCHE,CHEUMATOPSYCHE,3578,1.0,1.0,35.0025250367915,-97.85449891,RiversMajor,Region_06,NRS18_OK_10055,2019.0,8/12/2019,1,BETB,50.33,Good,USC00341756,6.392640709870497,USC00341750,7.599251451315414,US1OKGY0003,8.144794808460741,USC00346328,9.255271304299427,USC00341747,9.345890347847025
2014390,ARTHROPODA,INSECTA,DIPTERA,CHIRONOMIDAE,TANYTARSUS,TANYTARSUS,4348,3.0,1.0,41.6562624405725,-72.62596911,RiversMajor,Region_01,NRS18_CT_10011,2019.0,8/14/2019,1,BETB,8.52,Poor,US1CTHR0094,0.6898347224296721,US1CTHR0068,1.3229107673889453,US1CTHR0051,4.535494849885203,US1CTHR0045,5.134687703221446,US1CTHR0006,6.738619573052847
2014391,ANNELIDA,OLIGOCHAETA,ENCHYTRAEIDA,ENCHYTRAEIDAE,,ENCHYTRAEIDAE,3697,1.0,1.0,30.9698187460873,-86.99358916,SmallStreams,Region_04,NRS18_FL_10021,2019.0,8/13/2019,1,BERW,74.62,Good,US1FLSR0007,10.284631005267277,USC00011084,11.447687281356226,US1ALES0001,19.12048548918044,USC00011080,19.785505586963655,USW00063899,20.25048152919587
2014392,ANNELIDA,OLIGOCHAETA,ENCHYTRAEIDA,ENCHYTRAEIDAE,,ENCHYTRAEIDAE,3697,,,39.922032553189,-75.21125802,RiversOther,Region_03,NRS18_PA_10041,2019.0,8/14/2019,1,BETB,13.5,Poor,USC00366899,1.1284372777013612,USC00366910,3.918306438432822,USC00362236,3.918306438432822,USC00366879,3.918306438432822,USC00366886,5.223344475038858
2014393,ARTHROPODA,INSECTA,ODONATA,LIBELLULIDAE,,LIBELLULIDAE,3915,3.0,1.0,31.0598880173026,-88.88820285,SmallStreams,Region_04,NRS18_MS_10004,2019.0,8/14/2019,1,BERW,20.33,Poor,USC00220581,13.988332099562246,USC00225789,18.428483270743804,USC00220585,19.72247236606854,USC00224966,24.12506247461286,US1MSST0002,25.13705783490726
2014394,ARTHROPODA,ARACHNIDA,TROMBIDIFORMES,HYGROBATIDAE,ATRACTIDES,ATRACTIDES,3490,1.0,1.0,36.8764529455586,-79.06775804,RiversOther,Region_03,NRS18_VA_10007,2019.0,8/14/2019,1,BETB,50.78,Good,US1VAPT0013,14.87647796156672,USC00443690,16.97193696788717,USC00443695,20.8387283974007,US1VAPT0016,22.864711406798914,USC00441082,23.64325497651392
2014395,ARTHROPODA,INSECTA,DIPTERA,CHIRONOMIDAE,EUKIEFFERIELLA,EUKIEFFERIELLA,3722,9.0,1.0,46.5727608476734,-88.99455083,LargeStreams,Region_05,NRS18_MI_10045,2019.0,8/14/2019,1,BERW,46.6,Good,USC00204328,12.414589420570048,USC00202674,15.085294870542944,USC00207075,19.55952337156101,USC00208506,21.01394579110183,USC00205216,22.60327289491119
2014396,ARTHROPODA,INSECTA,ODONATA,GOMPHIDAE,,GOMPHIDAE,3759,1.0,0.0,31.4703775464881,-89.72312974,SmallStreams,Region_04,NRS18_MS_10019,2019.0,8/13/2019,1,BERW,37.78,Poor,US1MSJD0001,10.846095174621556,US1MSMR0003,17.58692557025985,USC00228556,18.30653985429944,USC00227172,19.843169821277684,USC00221852,24.717307767801806
2014397,ARTHROPODA,INSECTA,DIPTERA,CHIRONOMIDAE,CRYPTOCHIRONOMUS,CRYPTOCHIRONOMUS,3625,1.0,1.0,44.7490588804503,-91.05699217,RiversOther,Region_05,NRS18_WI_10850,2019.0,8/14/2019,1,BETB,27.43,Fair,USR0000WAUG,8.325589222829572,US1WIEC0016,8.736666418820557,USC00470382,9.662020359947435,US1WICK0012,16.877345489959374,USC00472678,18.04690192885022
2014398,ARTHROPODA,INSECTA,ODONATA,GOMPHIDAE,GOMPHUS,GOMPHUS,3760,1.0,1.0,35.0605664510376,-84.02452301,SmallStreams,Region_04,NRS18_NC_10003,2019.0,8/14/2019,1,BERW,43.62,Fair,US1NCCK0018,3.76385823787531,USR0000NTUS,3.9571728762891643,US1NCCK0012,4.2764115890215235,US1NCCK0010,4.490540625482047,USC00316001,5.256856270022186
2014399,ARTHROPODA,INSECTA,EPHEMEROPTERA,CAENIDAE,SPARBARUS,SPARBARUS,4294,1.0,1.0,,,,Region_05,NRS18_IN_10002,,8/14/2019,2,BETB,12.67,,ACW00011604,,US1OKCV0084,,US1OKCV0083,,US1OKCV0082,,US1OKCV0081,
2014400,ARTHROPODA,INSECTA,TRICHOPTERA,HYDROPTILIDAE,HYDROPTILA,HYDROPTILA,3846,2.0,1.0,47.9094845502358,-113.8706947,RiversOther,Region_08,NRS18_MT_10023,2019.0,8/14/2019,1,BETB,39.85,Fair,USC00248087,2.4811972381168115,USC00240755,12.67477286851354,US1MTLK0014,18.015761190015013,US1MTLK0015,18.57267529133107,US1MTLK0008,19.431659141305726
2014401,ARTHROPODA,INSECTA,EPHEMEROPTERA,BAETIDAE,FALLCEON,FALLCEON,3729,1.0,1.0,43.6864996315323,-99.92719432,RiversMajor,Region_08,NRS18_SD_11894,2019.0,8/14/2019,1,BETB,30.17,Poor,US1SDLY0003,10.66100427107576,US1SDLY0027,11.556155346011685,US1SDLY0034,11.852510233277227,US1SDTP0025,14.506916497407222,US1SDLY0004,16.47071556311228
2014403,ARTHROPODA,INSECTA,DIPTERA,CHIRONOMIDAE,,THIENEMANNIMYIA GENUS GR.,4362,3.0,1.0,41.6130192121596,-74.10549041,SmallStreams,Region_02,NRS18_NY_10402,2019.0,8/15/2019,1,BERW,8.68,Poor,US1NYUL0034,1.141248906290647,US1NYOR0020,1.835182313362799,US1NYUL0044,2.635596532157283,USC00308902,7.241548817810463,USC00305759,8.14931776920592
2014404,ARTHROPODA,INSECTA,DIPTERA,CHIRONOMIDAE,TVETENIA,TVETENIA,4394,2.0,1.0,,,,Region_08,NRS18_CO_RF017,,8/14/2019,1,BERW,63.57,,ACW00011604,,US1OKCV0084,,US1OKCV0083,,US1OKCV0082,,US1OKCV0081,
2014405,ANNELIDA,POLYCHAETA,SCOLECIDA,AEOLOSOMATIDAE,AEOLOSOMA,AEOLOSOMA,4939,1.0,1.0,,,,Region_08,NRS18_CO_RF011,,8/13/2019,1,BERW,11.18,,ACW00011604,,US1OKCV0084,,US1OKCV0083,,US1OKCV0082,,US1OKCV0081,
2014406,ARTHROPODA,INSECTA,EPHEMEROPTERA,BAETIDAE,PLAUDITUS,PLAUDITUS,4166,1.0,1.0,39.804944220183,-79.32561228,RiversOther,Region_03,NRS18_PA_10025,2019.0,8/14/2019,1,BETB,29.93,Poor,USC00361705,3.5384710858722475,USC00361710,4.717565305183137,USC00366022,11.744570548921976,US1PASM0006,14.975738686045453,US1MDGR0003,15.70559127399908
2014407,ARTHROPODA,INSECTA,DIPTERA,CHIRONOMIDAE,CORYNONEURA,CORYNONEURA,3620,,,46.2441789873482,-116.0405007,RiversMajor,Region_10,NRS18_ID_10027,2019.0,8/14/2019,1,BETB,26.35,Poor,USC00104793,1.6563486632431395,US1IDID0004,5.160500791230755,US1IDID0005,7.604649655316422,USC00105011,11.360018567949439,USC00106421,14.877169127574197
2014408,ARTHROPODA,INSECTA,TRICHOPTERA,BRACHYCENTRIDAE,MICRASEMA,MICRASEMA,3977,4.0,1.0,39.1112656209023,-119.8309349,LargeStreams,Region_09,NRS18_NV_10405,2019.0,8/15/2019,1,BERW,38.45,Fair,US1NVDG0006,4.425917095215363,USC00261485,5.665802779277508,US1NVCC0017,7.009534233102553,USC00267710,7.505561254648916,US1NVCC0015,7.795192233049045
2014409,ARTHROPODA,INSECTA,ODONATA,GOMPHIDAE,,GOMPHIDAE,3759,2.0,1.0,38.8634106668857,-119.1150261,RiversMajor,Region_09,NRS18_NV_10936,2019.0,8/14/2019,1,BERW,62.85,Good,US1NVLY0003,11.082351089630263,US1NVLY0013,11.439632349636147,US1NVLY0017,13.638770372889976,US1NVLY0024,14.500227827361117,USC00269229,15.539630189375973
2014410,ARTHROPODA,INSECTA,TRICHOPTERA,HYDROPSYCHIDAE,,HYDROPSYCHIDAE,3845,2.0,0.0,39.4473240315018,-78.97642063,RiversMajor,Region_03,NRS18_MD_10006,2019.0,8/15/2019,1,BETB,42.43,Fair,USC00464836,1.6675524620464979,USC00464840,3.786000948899713,US1WVML0003,4.324255486255841,US1WVML0002,5.2270466504260815,USC00467004,6.312192825912825
2014411,ARTHROPODA,INSECTA,DIPTERA,CHIRONOMIDAE,STEMPELLINELLA,STEMPELLINELLA,4308,4.0,1.0,45.5424153917582,-93.40050135,RiversOther,Region_05,NRS18_MN_10065,2019.0,8/15/2019,1,BETB,45.52,Good,US1MNIS0022,3.924669003034051,US1MNIS0035,8.165884569982275,US1MNIS0029,8.439942208463522,US1MNIS0031,9.17463379183186,US1MNSH0029,9.32042517013819
2014412,MOLLUSCA,BIVALVIA,VENEROIDA,PISIDIIDAE,PISIDIUM,PISIDIUM,4159,10.0,1.0,41.5405880955692,-72.55125787,RiversMajor,Region_01,NRS18_CT_10005,2019.0,8/15/2019,1,BETB,4.53,Poor,USC00064757,1.0517784338756828,US1CTMD0008,1.8797752924856779,US1CTMD0023,4.408588932333735,US1CTMD0026,4.417116438242903,US1CTMD0001,6.793775903376819
2014413,ARTHROPODA,INSECTA,EPHEMEROPTERA,EPHEMERELLIDAE,DRUNELLA,DRUNELLA,3676,35.0,1.0,45.966182299565,-118.0295615,SmallStreams,Region_10,NRS18_OR_10029,2019.0,8/15/2019,1,BERW,62.92,Good,USC00358985,3.127956083922984,USS0017D20S,6.337582449305403,USC00455377,8.767655699965102,US1WAWW0015,13.874800719730747,USC00452197,14.964750475431739
2014414,ARTHROPODA,INSECTA,DIPTERA,CHIRONOMIDAE,BRILLIA,BRILLIA,3535,2.0,1.0,45.8720321849066,-117.9261908,SmallStreams,Region_10,NRS18_OR_10055,2019.0,8/14/2019,1,BERW,23.27,Poor,USS0017D20S,12.145890323218897,USC00351854,14.69273917308141,USC00358549,15.669619736672844,USC00358000,16.11409494395413,USC00358985,16.290745491365108
2014415,ARTHROPODA,INSECTA,TRICHOPTERA,HYDROPSYCHIDAE,HYDROPSYCHE,HYDROPSYCHE,3844,1.0,1.0,42.716381707052,-97.91290413,RiversOther,Region_07,NRS18_NE_10045,2019.0,8/15/2019,1,BETB,27.52,Fair,US10knox016,9.924077649243497,USC00255960,11.45273443604204,US10knox012,12.543058989475005,US1NEKX0002,13.885374091276798,USC00257555,13.977811545132967
2014416,ANNELIDA,OLIGOCHAETA,HAPLOTAXIDA,NAIDIDAE,,NAIDIDAE,4003,1.0,1.0,30.7780070617123,-87.30595997,RiversMajor,Region_04,NRS18_FL_10020,2019.0,8/15/2019,1,BETB,58.45,Good,USC00085850,10.437290157214704,US1FLES0008,11.151088061802817,US1FLES0067,13.174261543850529,USC00085793,15.72169206915056,US1FLSR0036,18.49405261306463
2014417,ARTHROPODA,ARACHNIDA,TROMBIDIFORMES,PIONIDAE,,PIONIDAE,4156,1.0,1.0,48.0774647407646,-114.0187178,RiversOther,Region_08,NRS18_MT_10015,2019.0,8/15/2019,1,BETB,19.53,Poor,US1MTFH0016,0.6043416997047719,US1MTLK0015,3.155736119810964,US1MTFH0010,4.409160072434559,US1MTFH0027,4.721907724985343,US1MTFH0026,4.7711688593163935
2014418,ARTHROPODA,INSECTA,PLECOPTERA,PERLODIDAE,MEGARCYS,MEGARCYS,3964,1.0,1.0,45.1060860436978,-113.6464047,SmallStreams,Region_10,NRS18_ID_10120,2019.0,8/15/2019,1,BERW,66.83,Good,USS0013D19S,8.811214573375759,USS0013D10S,13.504811699578946,US1IDLM0003,19.709129673187267,USC00108076,20.185838290432713,USC00108080,20.18689859306708
2014419,ARTHROPODA,INSECTA,EPHEMEROPTERA,HEPTAGENIIDAE,CINYGMA,CINYGMA,3589,5.0,1.0,44.8440373191446,-113.8166768,SmallStreams,Region_10,NRS18_ID_10006,2019.0,8/14/2019,1,BERW,34.43,Poor,USS0013E16S,1.954602505775189,USR0000IEZR,16.536408960550883,USC00105205,21.171274341911403,USC00102273,24.408019899008476,US1IDLM0003,28.711581824884387
2014424,ARTHROPODA,INSECTA,DIPTERA,CHIRONOMIDAE,ABLABESMYIA,ABLABESMYIA,3406,4.0,1.0,44.9626262984428,-90.86513133,LargeStreams,Region_05,NRS18_WI_10548,2019.0,8/15/2019,1,BERW,42.65,Good,USC00478110,4.981552866025901,US1WICK0013,5.466100148887628,US1WICH0002,5.846897390274967,USC00478111,6.603972828155932,US1WICK0010,16.80387988143914
2014426,ARTHROPODA,INSECTA,DIPTERA,CHIRONOMIDAE,,THIENEMANNIMYIA GENUS GR.,4362,,,29.9558498307817,-95.7117401,LargeStreams,Region_06,NRS18_TX_10504,2019.0,8/15/2019,1,BERW,24.83,Poor,US1TXHRR251,5.459030601439879,US1TXHRR074,6.304807574273604,US1TXHRR070,6.892740976454042,USC00412206,7.270446572913732,US1TXHRR320,7.457145106668985
2014427,ARTHROPODA,ARACHNIDA,TROMBIDIFORMES,UNIONICOLIDAE,UNIONICOLA,UNIONICOLA,4400,3.0,1.0,41.4848469109108,-72.50888016,RiversMajor,Region_01,NRS18_CT_10007,2019.0,8/16/2019,1,BETB,16.37,Poor,USC00061488,2.758620762679388,US1CTMD0026,3.7884385112085153,US1CTMD0023,4.320698836227364,US1CTMD0041,4.528260814173636,USC00065018,6.5166551982914935
2014428,MOLLUSCA,BIVALVIA,VENEROIDA,CORBICULIDAE,CORBICULA,CORBICULA,3612,47.0,1.0,31.0002660997158,-91.0394967,LargeStreams,Region_04,NRS18_MS_10005,2019.0,8/16/2019,1,BERW,57.55,Good,USC00167822,5.679214535841356,USC00166808,6.828586712902276,USC00221578,10.806684347758429,USC00169838,11.564891524800826,US1LAEF0010,13.079754285234014
2014429,ARTHROPODA,INSECTA,DIPTERA,CERATOPOGONIDAE,,CERATOPOGONINAE,3567,1.0,1.0,42.6053688195971,-98.03394099,RiversOther,Region_07,NRS18_NE_10983,2019.0,8/16/2019,1,BETB,44.28,Fair,US10knox009,0.8270339131154197,US10knox011,4.918185940369078,US10knox001,9.832698922727907,USC00258928,14.925793197402728,USC00255960,15.805362335525446
2014430,ARTHROPODA,INSECTA,DIPTERA,EPHYDRIDAE,,EPHYDRIDAE,3711,1.0,1.0,45.5650914618247,-92.79529856,RiversMajor,Region_05,NRS18_MN_10016,2019.0,8/16/2019,1,BETB,57.48,Good,USC00218061,3.584435714458734,USC00218986,5.9040770672204195,US1MNCG0043,10.53855821623948,US1MNCG0032,12.383582156471158,US1WIPK0051,12.572445310823126
2014431,ARTHROPODA,INSECTA,DIPTERA,CHIRONOMIDAE,TANYTARSUS,TANYTARSUS,4348,3.0,1.0,46.7234095150462,-102.8171841,LargeStreams,Region_08,NRS18_ND_10377,2019.0,8/15/2019,1,BERW,36.28,Poor,USW00024012,8.618610673107314,US1NDSK0028,9.5957068648708,US1NDSK0014,15.746887914777723,USC00322188,18.739935671745144,US1NDSK0029,18.934194967043616
2014432,ARTHROPODA,INSECTA,DIPTERA,CHIRONOMIDAE,,CHIRONOMIDAE,3581,3.0,0.0,42.3517638442393,-72.62633488,RiversMajor,Region_01,NRS18_MA_10010,2019.0,8/18/2019,1,BETB,20.25,Poor,US1MAHS0058,1.3075935783042498,US1MAHS0010,2.305963404562024,US1MAHS0043,4.013954354273922,US1MAHS0021,4.323219380650486,US1MAHS0057,4.543767988648435
2014433,ARTHROPODA,INSECTA,ODONATA,COENAGRIONIDAE,ISCHNURA,ISCHNURA,3863,1.0,1.0,46.7085421402213,-104.2339646,LargeStreams,Region_08,NRS18_MT_10037,2019.0,8/18/2019,1,BERW,36.72,Poor,USC00241518,6.984519618674622,US1MTFL0002,17.605408860909716,USC00323556,21.820953336723427,USR0000MPIN,27.419339077892953,USR0000MCAN,28.010807337800937
2014434,ARTHROPODA,INSECTA,EPHEMEROPTERA,BAETIDAE,FALLCEON,FALLCEON,3729,13.0,1.0,44.7318081306409,-101.1529445,RiversMajor,Region_08,NRS18_SD_11908,2019.0,8/18/2019,1,BETB,54.62,Fair,US1SDST0004,4.579895156564366,US1SDST0001,7.979033802431278,USC00394596,18.499827942292182,US1SDHK0022,18.53311587785737,USC00395641,21.621358488177595
2014435,ARTHROPODA,INSECTA,EPHEMEROPTERA,HEPTAGENIIDAE,CINYGMA,CINYGMA,3589,49.0,1.0,48.6030042743118,-113.8529123,SmallStreams,Region_08,NRS18_MT_10096,2019.0,8/18/2019,1,BERW,46.93,Fair,USC00248486,5.682934812032412,USR0000MWEG,14.618481162884233,USC00240662,14.942890178460022,USC00248809,14.983821921660427,USS0013A24S,20.278457286778764
2014436,ARTHROPODA,INSECTA,DIPTERA,CHIRONOMIDAE,RHEOCRICOTOPUS,RHEOCRICOTOPUS,4245,1.0,1.0,48.1741841868961,-113.8790734,SmallStreams,Region_08,NRS18_MT_10274,2019.0,8/16/2019,1,BERW,50.13,Good,USS0013A25S,5.491472543384347,US1MTFH0016,14.847758043163797,US1MTFH0034,15.289013086982765,US1MTFH0026,15.605976465293898,US1MTFH0003,16.229877110112042
2014437,ARTHROPODA,INSECTA,EPHEMEROPTERA,BAETIDAE,PROCLOEON,PROCLOEON,4192,1.0,1.0,42.3500168482764,-72.6362297,RiversMajor,Region_01,NRS18_MA_10631,2019.0,8/19/2019,1,BETB,13.38,Poor,US1MAHS0058,0.8166830366901658,US1MAHS0010,1.529479119778682,US1MAHS0021,3.63481835597302,US1MAHS0043,3.941902746699588,US1MAHS0057,4.073974900358303
2014438,ARTHROPODA,INSECTA,TRICHOPTERA,LEPTOCERIDAE,NECTOPSYCHE,NECTOPSYCHE,4011,1.0,1.0,40.5010138742056,-100.3195904,RiversOther,Region_07,NRS18_NE_11133,2019.0,8/19/2019,1,BERW,37.02,Good,USC00258220,4.601377221137097,US10fron018,5.397336749500868,USC00258215,6.56970428230224,US1Fron2971,7.641571236116532,USC00258226,9.259539513836376
2014439,MOLLUSCA,GASTROPODA,BASOMMATOPHORA,PHYSIDAE,PHYSA,PHYSA,4149,,,,,,Region_03,NRS18_VA_10009,,8/19/2019,2,BERW,29.83,,ACW00011604,,US1OKCV0084,,US1OKCV0083,,US1OKCV0082,,US1OKCV0081,
2014440,ARTHROPODA,INSECTA,EPHEMEROPTERA,BAETIDAE,LABIOBAETIS,LABIOBAETIS,4774,1.0,1.0,42.5313653395955,-90.64118173,RiversMajor,Region_05,NRS18_WI_10009,2019.0,8/19/2019,1,BETB,17.77,Poor,USC00132364,1.041268880515997,US1ILJD0009,3.751580312005154,US1IADB0002,3.8440482052802434,US1ILJD0014,3.8532831988276404,US1IADB0011,4.166332236231381
2014441,ARTHROPODA,INSECTA,DIPTERA,CHIRONOMIDAE,LOPESCLADIUS,LOPESCLADIUS,3939,1.0,1.0,43.7432607981192,-99.55803265,RiversMajor,Region_08,NRS18_SD_11910,2019.0,8/19/2019,1,BETB,21.12,Poor,US1SDLY0018,3.3414924264738697,US1SDLY0015,6.333393330495027,US1SDTP0036,11.721950406378944,US1SDBL0010,15.130474060602262,US1SDLY0014,15.410392498343843
2014442,ARTHROPODA,INSECTA,EPHEMEROPTERA,OLIGONEURIIDAE,HOMOEONEURIA,HOMOEONEURIA,3819,1.0,1.0,35.0867146402641,-98.16888211,RiversMajor,Region_06,NRS18_OK_10011,2019.0,8/19/2019,1,BERW,23.6,Fair,US1OKCD0011,1.8016558010231192,USC00340224,3.882753027850357,US1OKCD0018,5.92552283542654,US1OKGY0002,13.96211567717135,US1OKCD0014,18.393482947989604
2014443,ARTHROPODA,INSECTA,TRICHOPTERA,LEPTOCERIDAE,OECETIS,OECETIS,4060,1.0,1.0,30.8674355793259,-88.92198107,RiversMajor,Region_04,NRS18_MS_10018,2019.0,8/19/2019,1,BETB,62.7,Good,USR0000MBLC,10.908243526332344,US1MSST0003,11.421442705502338,US1MSST0002,12.253806916036622,US1MSGG0003,12.290832931460624,US1MSST0005,19.410425554312305
2014444,ARTHROPODA,INSECTA,DIPTERA,SIMULIIDAE,SIMULIUM,SIMULIUM,4281,9.0,1.0,46.8854358538516,-104.9552163,RiversMajor,Region_08,NRS18_MT_10051,2019.0,8/19/2019,1,BETB,69.2,Good,USC00244302,5.818897143003666,US1MTDW0002,13.034664391144872,USC00245668,14.203010767321892,USC00242871,14.729270331318816,USC00245666,22.479990251088257
2014445,ARTHROPODA,INSECTA,TRICHOPTERA,GLOSSOSOMATIDAE,PROTOPTILA,PROTOPTILA,4203,1.0,1.0,46.8678361727215,-104.9952027,RiversOther,Region_08,NRS18_MT_10022,2019.0,8/19/2019,1,BETB,81.17,Good,USC00244302,9.415004154049312,USC00242871,11.181944343996793,USC00245668,11.308507407425985,US1MTDW0002,14.053966769433258,USC00245666,20.80621919367567
2014446,ARTHROPODA,INSECTA,EPHEMEROPTERA,BAETIDAE,FALLCEON,FALLCEON,3729,32.0,1.0,37.0718535695442,-97.50849573,SmallStreams,Region_07,NRS18_KS_10018,2019.0,8/19/2019,1,BERW,57.85,Good,US1KSSU0012,3.268174471615258,US1KSSU0021,4.999865815792084,US1KSSU0024,6.686171027094289,US1KSSU0005,8.196983462335439,USC00141233,10.449798211837233
2014447,ARTHROPODA,INSECTA,EPHEMEROPTERA,LEPTOPHLEBIIDAE,,LEPTOPHLEBIIDAE,3904,4.0,0.0,48.0050464251911,-116.0016728,LargeStreams,Region_08,NRS18_MT_10001,2019.0,8/19/2019,1,BERW,74.3,Good,USC00244084,8.334481927541967,USC00101363,9.943367425972548,US1IDBR0034,10.012024467739776,US1MTSN0002,11.701279200919583,US1IDBR0002,14.863214975836485
2014448,ARTHROPODA,MALACOSTRACA,AMPHIPODA,GAMMARIDAE,,GAMMARIDAE,3743,4.0,0.0,42.202000377566,-90.33230625,RiversMajor,Region_07,NRS18_IA_10008,2019.0,8/19/2019,1,BETB,29.62,Fair,US1ILJD0006,7.37329157154794,USC00130608,9.946981803178307,US1IAJC0005,10.044812714805436,US1IAJC0001,14.34880100853902,USC00112745,15.36931673306699
2014449,ARTHROPODA,INSECTA,EPHEMEROPTERA,BAETIDAE,PROCLOEON,PROCLOEON,4192,1.0,1.0,43.8274479789765,-91.27192892,RiversMajor,Region_05,NRS18_WI_10011,2019.0,8/20/2019,1,BETB,40.2,Good,USC00474379,2.0395246717072952,USC00474375,2.126822776039843,US1MNHS0009,2.8894887007218992,US1MNHS0008,3.1189674813864183,USC00474367,3.3215185695535965
2014450,ARTHROPODA,MALACOSTRACA,AMPHIPODA,GAMMARIDAE,GAMMARUS,GAMMARUS,3744,5.0,1.0,42.8031254011966,-77.06017097,SmallStreams,Region_02,NRS18_NY_10272,2019.0,8/20/2019,1,BERW,2.02,Poor,US1NYON0011,6.0674445739506195,US1NYON0022,7.328470141622021,US1NYYT0005,7.955912175649002,US1NYYT0012,7.963551263134968,USC00303184,8.524409397337818
2014451,ARTHROPODA,INSECTA,DIPTERA,CHIRONOMIDAE,LABRUNDINIA,LABRUNDINIA,3882,1.0,1.0,,,,Region_07,NRS18_NE_RF001,,8/20/2019,1,BERW,48.43,,ACW00011604,,US1OKCV0084,,US1OKCV0083,,US1OKCV0082,,US1OKCV0081,
2014452,ARTHROPODA,INSECTA,DIPTERA,CHIRONOMIDAE,SAETHERIA,SAETHERIA,4260,7.0,1.0,40.8080810053766,-97.43349866,LargeStreams,Region_07,NRS18_NE_10033,2019.0,8/20/2019,1,BERW,14.8,Poor,US10york027,5.210713893745316,US10york014,7.993034833028499,US10york019,9.338806346820226,US1NESW0001,11.774559197249715,US10sewa023,11.826955557454445
2014453,MOLLUSCA,BIVALVIA,VENEROIDA,,,VENEROIDA,4412,1.0,0.0,,,,Region_03,NRS18_VA_10010,,8/20/2019,2,BETB,28.2,,ACW00011604,,US1OKCV0084,,US1OKCV0083,,US1OKCV0082,,US1OKCV0081,
2014454,ARTHROPODA,INSECTA,DIPTERA,CHIRONOMIDAE,,THIENEMANNIMYIA GENUS GR.,4362,5.0,1.0,,,,Region_09,NRS18_NV_10010,,8/19/2019,2,BERW,27.0,,ACW00011604,,US1OKCV0084,,US1OKCV0083,,US1OKCV0082,,US1OKCV0081,
2014455,ARTHROPODA,INSECTA,DIPTERA,CHIRONOMIDAE,CRYPTOCHIRONOMUS,CRYPTOCHIRONOMUS,3625,4.0,1.0,42.5783633148091,-72.56957473,RiversMajor,Region_01,NRS18_MA_10004,2019.0,8/20/2019,1,BETB,51.9,Fair,USC00194903,1.2506682307524546,US1MAFR0036,1.7169656896952723,USC00193229,2.396886310859015,USC00193224,2.550846870178552,US1MAFR0047,3.1698426252946916
2014456,ARTHROPODA,INSECTA,EPHEMEROPTERA,BAETIDAE,,BAETIDAE,3500,,,32.2972292968966,-94.49081819,LargeStreams,Region_06,NRS18_TX_10033,2019.0,8/20/2019,1,BERW,38.47,Poor,USC00418859,2.4520698757170027,US1TXPN0001,14.737798663439062,US1TXRS0012,15.255704399687723,USW00003951,16.067220833112824,USC00413877,19.42039952644911
2014457,ARTHROPODA,INSECTA,EPHEMEROPTERA,HEPTAGENIIDAE,,HEPTAGENIIDAE,3802,6.0,0.0,46.0643515524253,-105.0682452,RiversOther,Region_08,NRS18_MT_10044,2019.0,8/20/2019,1,BETB,63.88,Good,USC00244078,22.016643225096963,USC00246691,23.696579295463316,US1MTCS0007,25.30398347425057,USC00244730,26.724472312772544,USC00245303,27.089716835300027
2014458,ARTHROPODA,INSECTA,DIPTERA,CHIRONOMIDAE,NANOCLADIUS,NANOCLADIUS,4005,1.0,1.0,42.8542012284532,-97.28015814,RiversMajor,Region_08,NRS18_SD_10002,2019.0,8/20/2019,1,BETB,29.93,Fair,US1SDYN0009,5.474114618770291,US10ceda021,5.64185330513554,USW00094911,7.321664933600276,US1SDYN0008,7.322320684372969,US1SDYN0003,8.189907339780921
2014459,ARTHROPODA,INSECTA,DIPTERA,CHIRONOMIDAE,STEMPELLINELLA,STEMPELLINELLA,4308,3.0,1.0,43.5173192236279,-72.3696471,LargeStreams,Region_01,NRS18_NH_10018,2019.0,8/20/2019,1,BERW,57.62,Good,US1NHSL0001,1.6512393338055298,USC00433800,2.493848548446582,US1VTWR0011,4.746393825265775,US1NHSL0015,5.550782894131403,US1VTWR0016,6.021800016918337
2014460,ANNELIDA,OLIGOCHAETA,ENCHYTRAEIDA,ENCHYTRAEIDAE,,ENCHYTRAEIDAE,3697,3.0,1.0,39.2632442523014,-79.26234742,LargeStreams,Region_03,NRS18_WV_10180,2019.0,8/20/2019,1,BERW,68.2,Good,USC00466293,3.350423353094867,USC00460527,9.182757416164172,USC00468538,10.88593394335978,USC00463935,12.69272491249251,USC00188191,14.386577904787572
2014461,ANNELIDA,OLIGOCHAETA,HAPLOTAXIDA,NAIDIDAE,,NAIDIDAE,4003,2.0,1.0,39.8061351031971,-75.46540517,SmallStreams,Region_03,NRS18_DE_10021,2019.0,8/20/2019,1,BERW,13.72,Poor,US1DENC0065,3.171863212811499,USC00365390,3.819003248841565,US1PADL0017,3.906391134557525,US1DENC0040,4.66824593020445,US1DENC0064,4.953504041577696
2014462,MOLLUSCA,GASTROPODA,BASOMMATOPHORA,LYMNAEIDAE,,LYMNAEIDAE,3945,6.0,0.0,43.9496182956116,-98.03315535,RiversMajor,Region_08,NRS18_SD_12194,2019.0,8/20/2019,1,BETB,34.32,Fair,US1SDSB0004,9.934565312061084,US1SDSB0002,10.074780643061025,USC00393029,13.792686253953923,US1SDHN0007,18.098594374350938,USW00094950,19.509984917805788
2014463,ARTHROPODA,INSECTA,TRICHOPTERA,POLYCENTROPODIDAE,,POLYCENTROPODIDAE,4174,1.0,1.0,47.5397991907451,-115.0797274,RiversMajor,Region_08,NRS18_MT_10049,2019.0,8/20/2019,1,BETB,44.0,Fair,US1MTSN0005,14.301233436127676,USR0000MTHO,16.057093230740943,USC00246562,17.134917411288633,USC00245925,18.471406234385594,USR0000MPLN,18.86405794688619
2014464,ARTHROPODA,INSECTA,ODONATA,COENAGRIONIDAE,ISCHNURA,ISCHNURA,3863,1.0,1.0,47.3463396339846,-114.7239445,RiversMajor,Region_08,NRS18_MT_10117,2019.0,8/20/2019,1,BETB,16.28,Poor,USC00246364,7.049979598085529,USR0000MPLN,15.757945949427931,USR0000MPAR,16.808358397979415,USC00246562,17.72574737389497,USR0000MCAM,20.78334925450457
2014465,ARTHROPODA,INSECTA,DIPTERA,CHIRONOMIDAE,PSILOMETRIOCNEMUS,PSILOMETRIOCNEMUS,4219,1.0,1.0,,,,Region_07,NRS18_NE_RF002,,8/21/2019,1,BERW,51.0,,ACW00011604,,US1OKCV0084,,US1OKCV0083,,US1OKCV0082,,US1OKCV0081,
2014466,ARTHROPODA,INSECTA,EPHEMEROPTERA,ISONYCHIIDAE,ISONYCHIA,ISONYCHIA,3866,1.0,1.0,,,,Region_07,NRS18_IA_10012,,8/21/2019,2,BETB,33.22,,ACW00011604,,US1OKCV0084,,US1OKCV0083,,US1OKCV0082,,US1OKCV0081,
2014467,ARTHROPODA,INSECTA,ODONATA,CORDULIIDAE,,CORDULIIDAE,3614,2.0,1.0,44.0884062565752,-91.1701339,RiversOther,Region_05,NRS18_WI_10846,2019.0,8/21/2019,1,BETB,64.63,Good,US1WITR0010,7.370380856066781,US1WILC0003,8.369749604134984,US1WIJK0004,9.326472836843692,USC00472992,9.776121875770427,US1WILC0004,11.308773096534269
2014468,ARTHROPODA,INSECTA,DIPTERA,CHIRONOMIDAE,SAETHERIA,SAETHERIA,4260,1.0,1.0,38.898761606608,-119.7126984,RiversOther,Region_09,NRS18_NV_10022,2019.0,8/20/2019,1,BERW,75.05,Good,US1NVDG0021,2.6793824647102924,US1NVDG0011,2.7641183329352916,US1NVDG0001,3.939764692641696,US1NVDG0014,4.580269039451946,US1NVDG0015,5.341420146541965
2014469,ARTHROPODA,INSECTA,EPHEMEROPTERA,BAETIDAE,ANAFROPTILUM,ANAFROPTILUM,5112,1.0,1.0,,,,Region_05,NRS18_WI_RF003,,8/20/2019,1,BETB,30.88,,ACW00011604,,US1OKCV0084,,US1OKCV0083,,US1OKCV0082,,US1OKCV0081,
2014470,ARTHROPODA,INSECTA,EPHEMEROPTERA,LEPTOHYPHIDAE,TRICORYTHODES,TRICORYTHODES,4384,1.0,1.0,,,,Region_03,NRS18_VA_RF014,,8/21/2019,1,BETB,33.23,,ACW00011604,,US1OKCV0084,,US1OKCV0083,,US1OKCV0082,,US1OKCV0081,
2014471,ARTHROPODA,INSECTA,MEGALOPTERA,CORYDALIDAE,CORYDALUS,CORYDALUS,3619,1.0,1.0,34.1218863828448,-84.81018192,RiversOther,Region_04,NRS18_GA_10018,2019.0,8/21/2019,1,BETB,25.45,Poor,USW00053873,3.7998757378015124,USC00091670,6.868626950210557,USC00090180,8.653920775577511,USC00090181,8.799597147451289,USC00091665,9.296315638052597
2014472,ARTHROPODA,INSECTA,EPHEMEROPTERA,CAENIDAE,CERCOBRACHYS,CERCOBRACHYS,3568,7.0,1.0,46.1296028703628,-105.1490378,RiversOther,Region_08,NRS18_MT_10064,2019.0,8/21/2019,1,BETB,56.23,Fair,US1MTCS0007,15.76417284002249,USC00244078,18.839262428750104,US1MTCS0006,19.439673270396018,USC00245754,20.555201071158958,USC00244730,22.147190296805004
2014473,ARTHROPODA,INSECTA,DIPTERA,CHIRONOMIDAE,CHIRONOMUS,CHIRONOMUS,3582,2.0,1.0,37.04883137,-89.17516353,RiversMajor,Region_04,NRS18_KY_10031,2019.0,8/20/2019,1,BETB,1.97,Poor,USW00093809,1.1839154457887182,US1ILAL0002,4.413497390406831,USC00115880,4.668726186485674,USC00111169,4.949952502484799,USC00113580,17.924119971506865
2014474,ARTHROPODA,INSECTA,DIPTERA,CHIRONOMIDAE,GOELDICHIRONOMUS,GOELDICHIRONOMUS,3757,26.0,1.0,,,,Region_06,NRS18_TX_10093,,8/21/2019,2,BETB,29.0,,ACW00011604,,US1OKCV0084,,US1OKCV0083,,US1OKCV0082,,US1OKCV0081,
2014475,ARTHROPODA,INSECTA,DIPTERA,CHIRONOMIDAE,CRYPTOCHIRONOMUS,CRYPTOCHIRONOMUS,3625,4.0,1.0,41.9617882492659,-70.91978517,RiversOther,Region_01,NRS18_MA_10002,2019.0,8/21/2019,1,BETB,16.88,Poor,US1MAPL0031,2.2708637373537406,USC00198101,2.8214681106024857,USC00190840,3.2157191376787986,US1MAPL0021,5.03161575152195,USC00193304,6.809910805305148
2014476,ARTHROPODA,INSECTA,DIPTERA,CHIRONOMIDAE,ODONTOMESA,ODONTOMESA,4058,3.0,1.0,,,,Region_05,NRS18_WI_10015,,8/21/2019,2,BERW,30.62,,ACW00011604,,US1OKCV0084,,US1OKCV0083,,US1OKCV0082,,US1OKCV0081,
2014477,ARTHROPODA,INSECTA,DIPTERA,CHIRONOMIDAE,THIENEMANNIELLA,THIENEMANNIELLA,4361,1.0,1.0,43.9054926959897,-96.48497479,LargeStreams,Region_08,NRS18_SD_10001,2019.0,8/21/2019,1,BERW,52.85,Good,US1MNPS0004,9.587593639266354,US1SDMY0013,10.47765918924202,USC00216565,17.56843476618077,USC00392984,18.378751523442826,US1SDMH0129,20.30490823461778
2014478,ARTHROPODA,INSECTA,DIPTERA,CHIRONOMIDAE,EUKIEFFERIELLA,EUKIEFFERIELLA,3722,,,47.2310144797518,-116.2730928,SmallStreams,Region_10,NRS18_ID_10110,2019.0,8/20/2019,1,BERW,73.68,Good,USS0016B14S,9.011430104923035,USR0000ILIN,14.068224555054751,USC00103175,14.547771355859508,US1IDBW0003,23.453010402591413,USC00101831,24.4883539257491
2014479,ARTHROPODA,INSECTA,MEGALOPTERA,CORYDALIDAE,,CORYDALIDAE,3618,1.0,1.0,,,,Region_06,NRS18_OK_10028,,8/20/2019,2,BETB,45.9,,ACW00011604,,US1OKCV0084,,US1OKCV0083,,US1OKCV0082,,US1OKCV0081,
2014480,ARTHROPODA,INSECTA,EPHEMEROPTERA,BAETIDAE,FALLCEON,FALLCEON,3729,3.0,1.0,39.2095868395644,-110.0732182,RiversMajor,Region_08,NRS18_UT_10018,2019.0,8/21/2019,1,BETB,51.15,Fair,US1UTEM0004,23.524907743458694,USC00423413,24.228419848109013,USC00429629,24.668761310094226,USC00423418,25.337885504796,USR0000SEGO,33.05858265281056
2014481,ARTHROPODA,INSECTA,DIPTERA,CHIRONOMIDAE,MICROPSECTRA,MICROPSECTRA,3981,4.0,1.0,46.0458257109124,-115.8645184,LargeStreams,Region_10,NRS18_ID_10547,2019.0,8/19/2019,1,BERW,82.42,Good,US1IDID0012,1.8280013044226004,USC00105013,6.04150187817135,USC00105015,6.098256531806951,US1IDID0011,8.733422167527163,USC00105011,14.766968027185337
2014482,ARTHROPODA,INSECTA,DIPTERA,CHIRONOMIDAE,TANYTARSUS,TANYTARSUS,4348,1.0,1.0,,,,Region_05,NRS18_MI_10014,,8/22/2019,2,BETB,46.98,,ACW00011604,,US1OKCV0084,,US1OKCV0083,,US1OKCV0082,,US1OKCV0081,
2014483,ARTHROPODA,INSECTA,DIPTERA,TIPULIDAE,TIPULA,TIPULA,4368,1.0,1.0,,,,Region_02,NRS18_NY_10012,,8/22/2019,2,BETB,2.45,,ACW00011604,,US1OKCV0084,,US1OKCV0083,,US1OKCV0082,,US1OKCV0081,
2014484,ARTHROPODA,INSECTA,DIPTERA,CHIRONOMIDAE,CRYPTOCHIRONOMUS,CRYPTOCHIRONOMUS,3625,3.0,1.0,37.4703956130027,-88.09642214,RiversMajor,Region_04,NRS18_KY_10009,2019.0,8/21/2019,1,BETB,25.75,Poor,USC00152961,0.5182383289260571,US1KYCD0002,8.876294202968213,USC00155148,15.468765580369968,USC00151090,15.670542359313218,USC00155150,17.62681294458646
2014485,ARTHROPODA,INSECTA,DIPTERA,CHIRONOMIDAE,TANYTARSUS,TANYTARSUS,4348,56.0,1.0,38.1904064706901,-77.65247662,SmallStreams,Region_03,NRS18_VA_10020,2019.0,8/22/2019,1,BERW,34.12,Fair,US1VASP0012,6.75498281422223,US1VASP0019,7.011868553797339,US1VASP0008,7.92865549119308,US1VASP0003,11.033039173084635,US1VASP0002,12.930741001758214
2014486,ARTHROPODA,INSECTA,TRICHOPTERA,HYDROPSYCHIDAE,HYDROPSYCHE,HYDROPSYCHE,3844,2.0,1.0,,,,Region_03,NRS18_WV_10001,,8/21/2019,2,BERW,68.32,,ACW00011604,,US1OKCV0084,,US1OKCV0083,,US1OKCV0082,,US1OKCV0081,
2014487,ARTHROPODA,INSECTA,COLEOPTERA,ELMIDAE,MICROCYLLOEPUS,MICROCYLLOEPUS,3980,1.0,1.0,31.3080508171673,-84.33709933,RiversMajor,Region_04,NRS18_GA_10950,2019.0,8/22/2019,1,BETB,50.58,Fair,USC00096356,7.750971989393503,USW00063828,12.693682409242644,USR0000GCML,14.160467692732926,US1GAMT0007,15.566200335912622,US1GAMT0013,15.586585912484598
2014488,ARTHROPODA,INSECTA,PLECOPTERA,PERLODIDAE,,PERLODIDAE,4141,1.0,1.0,47.0663646426019,-114.7698541,RiversMajor,Region_08,NRS18_MT_10002,2019.0,8/21/2019,1,BETB,61.55,Good,USR0000MCAM,11.387593478681968,USW00024159,16.753493707901672,USS0015C10S,21.93360734886172,USC00247314,21.934827139839406,USC00240075,23.185907655115695
2014489,ARTHROPODA,INSECTA,DIPTERA,CHIRONOMIDAE,ABLABESMYIA,ABLABESMYIA,3406,1.0,1.0,42.2608759497681,-90.27300743,RiversOther,Region_05,NRS18_IL_11715,2019.0,8/22/2019,1,BETB,31.1,Fair,US1ILJD0006,0.831419844539761,USC00112745,7.217484759555598,USC00130608,12.34353624422941,US1IAJC0005,13.027118182195231,US1ILCR0017,15.66035160374248
2014490,ARTHROPODA,INSECTA,DIPTERA,TIPULIDAE,TIPULA,TIPULA,4368,2.0,1.0,44.2660984757279,-69.05398813,SmallStreams,Region_01,NRS18_ME_10020,2019.0,8/22/2019,1,BERW,5.37,Poor,US1MEWL0025,3.0583535229144116,US1MEKX0025,5.455973812123537,US1MEKX0023,5.9744474809636445,US1MEKX0007,6.577910839523179,US1MEKX0001,9.348083985804804
2014491,ARTHROPODA,INSECTA,TRICHOPTERA,LEPTOCERIDAE,NECTOPSYCHE,NECTOPSYCHE,4011,53.0,1.0,43.1793233699093,-90.63418689,RiversMajor,Region_05,NRS18_WI_11141,2019.0,8/22/2019,1,BETB,42.08,Good,USW00094994,4.359764315464447,USC00470950,11.936054200824357,US1WICR0001,13.685044684533205,US1WIGT0006,15.49745819737823,USC00475718,16.7854961075067
2014492,ARTHROPODA,INSECTA,DIPTERA,CHIRONOMIDAE,LARSIA,LARSIA,3890,1.0,1.0,34.2193691126281,-90.78067537,SmallStreams,Region_04,NRS18_MS_10031,2019.0,8/21/2019,1,BETB,23.92,Poor,US1MSCH0003,15.719202142332255,USC00227527,16.420042856347166,USC00222510,19.31594432827013,US1MSBV0002,19.63547255442908,USC00221707,20.876096839810984
2014493,ARTHROPODA,INSECTA,EPHEMEROPTERA,LEPTOPHLEBIIDAE,,LEPTOPHLEBIIDAE,3904,1.0,1.0,46.8950558256308,-113.8147573,RiversOther,Region_08,NRS18_MT_10043,2019.0,8/22/2019,1,BETB,67.97,Good,US1MTMS0020,4.461703929896835,US1MTMS0023,6.521391675147972,US1MTMS0019,6.960560577037212,US1MTMS0004,9.40027610913127,US1MTMS0036,10.552426272736165
2014494,ARTHROPODA,INSECTA,EPHEMEROPTERA,BAETIDAE,DIPHETOR,DIPHETOR,3661,4.0,1.0,46.87209897,-114.08173,RiversMajor,Region_08,NRS18_MT_11621,2019.0,8/22/2019,1,BETB,53.32,Good,US1MTMS0030,1.2220529196102152,US1MTMS0014,2.0296558735700914,USR0000MMIS,3.443600789368234,US1MTMS0032,3.639670195629823,USW00024153,5.493688892678991
2014495,MOLLUSCA,GASTROPODA,,,,GASTROPODA,3745,2.0,1.0,42.6916501885593,-73.70884307,RiversMajor,Region_02,NRS18_NY_10040,2019.0,8/23/2019,1,BETB,7.38,Poor,US1NYRN0023,3.5561990411496684,USC00308597,4.687265850895735,US1NYAB0028,5.353810531827667,USC00300047,5.957225699241609,US1NYRN0014,6.082255425182418
2014496,ARTHROPODA,INSECTA,DIPTERA,CHIRONOMIDAE,LARSIA,LARSIA,3890,1.0,1.0,46.4164193484927,-90.7411621,RiversOther,Region_05,NRS18_WI_10013,2019.0,8/22/2019,1,BERW,18.15,Poor,US1WIAS0029,4.105277342504243,US1WIAS0012,8.373544028934479,USC00475286,9.279334191408166,US1WIAS0017,10.205466657371616,USW00094929,19.844765939799643
2014497,ARTHROPODA,INSECTA,DIPTERA,CERATOPOGONIDAE,,CERATOPOGONINAE,3567,2.0,1.0,43.4622360999222,-91.4190783,LargeStreams,Region_07,NRS18_IA_10507,2019.0,8/23/2019,1,BERW,26.75,Fair,US1MNHS0027,4.960204265256842,USC00132311,7.460393451366858,US1MNHS0029,12.246337978659,US1IAAL0005,12.741749815204082,US1MNHS0004,12.977068044745039
2014498,ARTHROPODA,INSECTA,EPHEMEROPTERA,BAETIDAE,FALLCEON,FALLCEON,3729,10.0,1.0,46.3596312451452,-105.8140483,RiversOther,Region_08,NRS18_MT_10018,2019.0,8/22/2019,1,BERW,63.07,Good,US1MTCS0013,4.4218485594102495,USC00245685,4.49340728562253,USC00243148,4.821270041397402,US1MTCS0003,5.184900393679808,US1MTCS0008,5.454216771645268
2014499,ARTHROPODA,INSECTA,EPHEMEROPTERA,CAENIDAE,CAENIS,CAENIS,3542,25.0,1.0,47.2347989729562,-103.7640739,RiversOther,Region_08,NRS18_ND_10029,2019.0,8/22/2019,1,BERW,38.95,Poor,USC00328807,10.607827262579104,USC00328812,11.675917251507355,USC00325818,12.389014683401534,US1NDMK0002,27.142153366190637,USC00327944,37.00463060265997
2014500,ARTHROPODA,INSECTA,DIPTERA,CHIRONOMIDAE,STENOCHIRONOMUS,STENOCHIRONOMUS,4311,1.0,1.0,44.640174503651,-69.59274287,RiversMajor,Region_01,NRS18_ME_10015,2019.0,8/23/2019,1,BETB,11.67,Poor,USC00172740,6.368176524596971,US1MEKB0052,7.633034667011172,US1MEKB0020,7.930560756176764,USC00179826,10.52864175608457,US1MEKB0006,11.633754227432874
2014501,MOLLUSCA,BIVALVIA,VENEROIDA,PISIDIIDAE,,PISIDIIDAE,4158,1.0,1.0,34.6668410632502,-90.21998438,RiversOther,Region_04,NRS18_MS_10015,2019.0,8/22/2019,1,BETB,42.3,Fair,USC00227807,14.65375066325134,USC00228996,15.046242463927772,USC00228998,15.173990754365787,USC00220237,15.833469341085683,US1MSTN0001,17.756878541861987
2014502,ARTHROPODA,INSECTA,ODONATA,COENAGRIONIDAE,ARGIA,ARGIA,3476,1.0,1.0,43.472350448731,-73.84034429,RiversMajor,Region_02,NRS18_NY_10042,2019.0,8/25/2019,1,BETB,55.15,Good,US1NYWR0010,5.590932450909366,USC00308959,9.226873512628455,USC00304529,10.884338229259912,USC00304530,10.884338229259912,US1NYWR0017,10.9095637231789
2014503,ARTHROPODA,INSECTA,DIPTERA,CHIRONOMIDAE,ABLABESMYIA,ABLABESMYIA,3406,4.0,1.0,44.7387192248854,-69.76380198,RiversMajor,Region_01,NRS18_ME_10493,2019.0,8/25/2019,1,BETB,15.13,Poor,US1MESM0024,3.1078921624450926,US1MESM0035,4.217750218965208,USC00177827,4.487092866267425,USC00175800,7.139686799791008,US1MESM0001,9.397856110810451
2014504,ARTHROPODA,INSECTA,DIPTERA,CHIRONOMIDAE,,THIENEMANNIMYIA GENUS GR.,4362,3.0,1.0,,,,Region_05,NRS18_MN_10001,,8/25/2019,2,BERW,37.93,,ACW00011604,,US1OKCV0084,,US1OKCV0083,,US1OKCV0082,,US1OKCV0081,
2014505,ANNELIDA,OLIGOCHAETA,HAPLOTAXIDA,TUBIFICIDAE,QUISTADRILUS,QUISTADRILUS,4235,,,38.8147827647477,-85.52807281,LargeStreams,Region_05,NRS18_IN_10649,2019.0,8/25/2019,1,BERW,22.22,Poor,US1INJF0003,8.530834451196874,US1INJF0005,8.637569705494682,USC00121615,12.458359324029518,USC00122184,12.626439089111845,US1INJF0006,13.2100734649277
2014506,ARTHROPODA,INSECTA,TRICHOPTERA,LEPTOCERIDAE,NECTOPSYCHE,NECTOPSYCHE,4011,1.0,1.0,44.6935688816356,-103.7398439,RiversOther,Region_08,NRS18_SD_11294,2019.0,8/25/2019,1,BETB,74.35,Good,USC00397418,1.0300539740345966,US1SDBT0006,2.6120027372123933,USC00396357,7.27484597135476,US1SDBT0001,9.015397577976575,USC00390559,9.134926244539253
2014507,ARTHROPODA,INSECTA,PLECOPTERA,PERLODIDAE,,PERLODIDAE,4141,1.0,0.0,46.4058638582606,-112.3703983,SmallStreams,Region_08,NRS18_MT_10032,2019.0,8/25/2019,1,BERW,48.38,Fair,USC00240845,3.6097026526011566,USS0012C11S,9.885300705985339,USC00247049,13.95132942337896,USC00247051,13.95132942337896,USS0012C13S,14.339041337343867
2014508,ARTHROPODA,INSECTA,DIPTERA,CHIRONOMIDAE,PARATENDIPES,PARATENDIPES,4121,1.0,1.0,42.4741293875952,-73.78701551,RiversMajor,Region_02,NRS18_NY_10016,2019.0,8/26/2019,1,BETB,2.97,Poor,USC00301598,1.3478371332724643,USC00308317,3.378623966916093,US1NYGR0005,3.472716757280761,US1NYAB0046,3.7267996427383294,US1NYRN0007,6.845272035179912
2014509,MOLLUSCA,GASTROPODA,BASOMMATOPHORA,LYMNAEIDAE,,LYMNAEIDAE,3945,9.0,0.0,44.8213325516943,-68.70376994,RiversMajor,Region_01,NRS18_ME_10014,2019.0,8/26/2019,1,BETB,1.7,Poor,US1MEPN0061,4.182998179525682,US1MEPN0055,5.460698817261155,US1MEPN0060,7.20457032502978,US1MEPN0037,7.764409955374249,USC00170350,7.953188960733681
2014510,ARTHROPODA,INSECTA,DIPTERA,CHIRONOMIDAE,LIMNOPHYES,LIMNOPHYES,3928,1.0,1.0,37.0223788472087,-94.6211974,SmallStreams,Region_07,NRS18_KS_10141,2019.0,8/26/2019,1,BERW,0.83,Poor,US1MONW0018,5.495358323970012,US1MONW0017,5.5207452062948725,US1MONW0001,6.52818390378146,US1MOJS0031,7.850555912963063,US1MONW0014,8.045161713326019
2014511,ARTHROPODA,INSECTA,DIPTERA,CHIRONOMIDAE,RHEOTANYTARSUS,RHEOTANYTARSUS,4247,2.0,1.0,38.0890458001848,-87.93263453,SmallStreams,Region_05,NRS18_IN_10040,2019.0,8/26/2019,1,BERW,17.85,Poor,US1INPS0005,4.671796021861509,USC00126179,5.200037973538945,USC00127086,9.825111245633623,US1ILWH0004,10.917013314846663,USC00128448,13.61323833443869
2014512,ARTHROPODA,INSECTA,DIPTERA,CHIRONOMIDAE,STENOCHIRONOMUS,STENOCHIRONOMUS,4311,6.0,1.0,,,,Region_08,NRS18_SD_10013,,8/26/2019,2,BERW,72.3,,ACW00011604,,US1OKCV0084,,US1OKCV0083,,US1OKCV0082,,US1OKCV0081,
2014513,ARTHROPODA,INSECTA,DIPTERA,CHIRONOMIDAE,RHEOTANYTARSUS,RHEOTANYTARSUS,4247,,,46.6089841726965,-111.0761684,RiversOther,Region_08,NRS18_MT_10112,2019.0,8/26/2019,1,BERW,77.1,Good,USC00243157,5.2605799023829185,USC00248927,15.080668722760377,USS0011C02S,15.156972320742526,USC00248930,15.302673509892674,USR0000MWSS,16.78244771358195
2014514,ANNELIDA,OLIGOCHAETA,HAPLOTAXIDA,,,HAPLOTAXIDA,3783,,,46.594224678861,-111.0444186,LargeStreams,Region_08,NRS18_MT_10027,2019.0,8/26/2019,1,BERW,54.53,Fair,USC00243157,7.713504628561016,USC00248927,12.16461553067231,USC00248930,12.392319474230602,USR0000MWSS,13.864821001236166,USC00248933,16.798708930643237
2014515,ARTHROPODA,INSECTA,TRICHOPTERA,HYDROPTILIDAE,,HYDROPTILIDAE,3847,1.0,0.0,39.6922473333698,-75.7342312,LargeStreams,Region_03,NRS18_DE_10018,2019.0,8/26/2019,1,BERW,36.35,Fair,US1DENC0017,0.486825564608031,USC00076410,2.8349934023518,USC00076405,3.1449721947415608,US1DENC0019,3.8582700911445023,US1DENC0034,3.9214898532288425
2014516,ARTHROPODA,INSECTA,EPHEMEROPTERA,BAETIDAE,,BAETIDAE,3500,,,43.9031519047802,-71.98528329,LargeStreams,Region_01,NRS18_NH_10035,2019.0,8/27/2019,1,BERW,4.38,Poor,USC00279091,6.835518900790297,USC00278885,7.843544922339945,US1NHGR0007,10.556233296734755,US1NHGR0060,11.050641965497515,USC00273409,11.227083001182585
2014517,ARTHROPODA,INSECTA,DIPTERA,CHIRONOMIDAE,TANYTARSUS,TANYTARSUS,4348,20.0,1.0,37.7985155645015,-79.77552806,LargeStreams,Region_03,NRS18_VA_10019,2019.0,8/27/2019,1,BETB,63.72,Good,US1VAAL0005,4.433705674914334,USC00441801,7.649927838197595,USC00445729,12.281176332920168,US1VAAL0003,12.482267464814706,US1VARK0003,14.699813224081497
2014518,ARTHROPODA,INSECTA,ODONATA,COENAGRIONIDAE,ARGIA,ARGIA,3476,1.0,1.0,34.2220826811934,-96.7068832,RiversMajor,Region_06,NRS18_OK_10013,2019.0,8/26/2019,1,BETB,23.1,Fair,USC00348884,6.156134468591076,USC00348900,12.544178897572483,USC00345468,15.624773357131447,USC00342309,20.113201198643033,US1OKJH0001,20.30562137274632
2014519,ARTHROPODA,INSECTA,EPHEMEROPTERA,HEPTAGENIIDAE,MACCAFFERTIUM,MACCAFFERTIUM,3948,1.0,1.0,35.8075846653367,-95.3981027,RiversMajor,Region_06,NRS18_OK_10010,2019.0,8/27/2019,1,BETB,11.72,Poor,USC00346130,6.654417385072972,USC00340445,7.4050405203914735,US1OKMK0005,7.874312022605395,USC00346625,13.340050242345539,USC00343283,13.382779119429467
2014520,ARTHROPODA,INSECTA,DIPTERA,CHIRONOMIDAE,PHAENOPSECTRA,PHAENOPSECTRA,4143,7.0,1.0,,,,Region_03,NRS18_PA_10046,,8/27/2019,2,BERW,9.85,,ACW00011604,,US1OKCV0084,,US1OKCV0083,,US1OKCV0082,,US1OKCV0081,
2014521,ARTHROPODA,INSECTA,DIPTERA,CHIRONOMIDAE,,THIENEMANNIMYIA GENUS GR.,4362,,,37.9279733064218,-87.21043043,SmallStreams,Region_05,NRS18_IN_10019,2019.0,8/27/2019,1,BERW,16.32,Poor,US1INSP0004,8.364336171715115,USC00120852,12.65378684081252,USC00127511,13.34803722072416,USC00126151,14.389933615712856,US1INWK0002,14.6459743938605
2014522,ARTHROPODA,INSECTA,DIPTERA,CHIRONOMIDAE,,CHIRONOMIDAE,3581,1.0,0.0,,,,Region_08,NRS18_MT_10028,,8/27/2019,2,BERW,61.43,,ACW00011604,,US1OKCV0084,,US1OKCV0083,,US1OKCV0082,,US1OKCV0081,
2014523,MOLLUSCA,BIVALVIA,VENEROIDA,PISIDIIDAE,PISIDIUM,PISIDIUM,4159,,,41.9825730614626,-74.00777223,LargeStreams,Region_02,NRS18_NY_10707,2019.0,8/27/2019,1,BETB,22.58,Poor,US1NYUL0022,2.5949798286362515,US1NYUL0004,3.9965528613628893,USC00304424,5.516478386851619,US1NYUL0001,6.079379735293759,US1NYUL0025,7.482128990075302
2014524,ARTHROPODA,INSECTA,DIPTERA,CHIRONOMIDAE,PSEUDOCHIRONOMUS,PSEUDOCHIRONOMUS,4212,1.0,1.0,,,,Region_04,NRS18_SC_RF002,,8/27/2019,1,BETB,24.12,,ACW00011604,,US1OKCV0084,,US1OKCV0083,,US1OKCV0082,,US1OKCV0081,
2014525,ARTHROPODA,INSECTA,TRICHOPTERA,HYDROPSYCHIDAE,POTAMYIA,POTAMYIA,4186,2.0,1.0,,,,Region_08,NRS18_UT_10010,,8/27/2019,2,BETB,55.2,,ACW00011604,,US1OKCV0084,,US1OKCV0083,,US1OKCV0082,,US1OKCV0081,
2014526,ARTHROPODA,INSECTA,EPHEMEROPTERA,CAENIDAE,CAENIS,CAENIS,3542,12.0,1.0,41.9393285599029,-96.14472252,RiversMajor,Region_07,NRS18_NE_10059,2019.0,8/27/2019,1,BETB,48.05,Good,US1Burt1930,4.202762022123372,US1IAMN0002,4.553947462200798,US1IAHR0014,10.408509503408744,USC00138360,12.957856957119334,USC00138359,14.512466084648684
2014527,ARTHROPODA,INSECTA,DIPTERA,CERATOPOGONIDAE,,CERATOPOGONIDAE,3566,5.0,0.0,,,,Region_07,NRS18_MO_RF003,,8/27/2019,1,BETB,52.32,,ACW00011604,,US1OKCV0084,,US1OKCV0083,,US1OKCV0082,,US1OKCV0081,
2014528,ARTHROPODA,INSECTA,DIPTERA,CERATOPOGONIDAE,,CERATOPOGONIDAE,3566,1.0,0.0,43.0879982310555,-101.1786875,RiversOther,Region_08,NRS18_SD_11446,2019.0,8/27/2019,1,BETB,34.1,Fair,USC00393574,10.621887170497182,USC00251750,16.40339373987147,US10cher016,17.552062481446757,US10cher027,22.505488745651373,USC00254432,24.400166573748386
2014529,ARTHROPODA,INSECTA,COLEOPTERA,ELMIDAE,STENELMIS,STENELMIS,4310,1.0,1.0,43.3615608078612,-101.6937126,LargeStreams,Region_08,NRS18_SD_10959,2019.0,8/26/2019,1,BERW,49.32,Good,US1SDBN0009,1.2809275560233324,US1SDBN0006,7.5377639071264,US1SDJK0013,13.601031230756744,US1SDBN0012,14.728860962558114,US1SDBN0014,16.3362842322289
2014530,ARTHROPODA,INSECTA,EPHEMEROPTERA,CAENIDAE,CAENIS,CAENIS,3542,34.0,1.0,44.5935851854402,-68.72522043,RiversOther,Region_01,NRS18_ME_10026,2019.0,8/27/2019,1,BETB,20.0,Poor,US1MEHN0042,9.966327444654459,USC00171867,11.843964414892445,US1MEWL0014,13.172867250164305,US1MEWL0008,14.774343801299924,US1MEWL0027,15.742845349030326
2014531,ARTHROPODA,INSECTA,EPHEMEROPTERA,BAETIDAE,,BAETIDAE,3500,2.0,0.0,44.6690397634862,-103.356063,LargeStreams,Region_08,NRS18_SD_10020,2019.0,8/27/2019,1,BERW,49.8,Fair,US1SDBT0022,5.801038098327242,US1SDBT0014,6.757827091973128,USC00398552,6.778982052621509,US1SDBT0024,6.908511139151958,US1SDBT0004,7.19469926427218
2014532,ARTHROPODA,INSECTA,COLEOPTERA,ELMIDAE,CLEPTELMIS,CLEPTELMIS,3597,1.0,1.0,42.4132403282189,-123.157974,RiversOther,Region_10,NRS18_OR_10012,2019.0,8/27/2019,1,BETB,34.77,Poor,US1ORJC0093,4.111801797787899,US1ORJC0029,8.898149263468978,US1ORJC0085,9.135809981913768,USC00357519,11.472434067264283,US1ORJC0062,11.852283276643517
2014533,ARTHROPODA,INSECTA,DIPTERA,SIMULIIDAE,SIMULIUM,SIMULIUM,4281,,,,,,Region_07,NRS18_MO_RF005,,8/28/2019,1,BETB,39.78,,ACW00011604,,US1OKCV0084,,US1OKCV0083,,US1OKCV0082,,US1OKCV0081,
2014534,ARTHROPODA,INSECTA,EPHEMEROPTERA,BAETIDAE,LABIOBAETIS,LABIOBAETIS,4774,1.0,1.0,46.2214896282933,-101.5025463,RiversMajor,Region_08,NRS18_ND_10009,2019.0,8/27/2019,1,BERW,61.15,Good,US1NDGT0009,13.186619695448238,USC00325090,13.859832998170525,USC00326050,16.983065879664224,USC00321365,22.258494045784442,USC00329219,22.580488261639175
2014535,ANNELIDA,OLIGOCHAETA,HAPLOTAXIDA,NAIDIDAE,DERO,DERO,3646,,,43.0252334176056,-88.85448487,RiversOther,Region_05,NRS18_WI_10694,2019.0,8/28/2019,1,BETB,34.72,Fair,US1WIJF0017,5.024511880181879,USC00474105,5.046180603974535,USC00474108,5.350222378705015,US1WIJF0043,5.402924023397648,US1WIJF0027,5.645575257730892
2014536,ARTHROPODA,INSECTA,DIPTERA,CHIRONOMIDAE,,CRICOTOPUS/ORTHOCLADIUS,3623,3.0,1.0,,,,Region_04,NRS18_SC_RF003,,8/28/2019,1,BETB,31.93,,ACW00011604,,US1OKCV0084,,US1OKCV0083,,US1OKCV0082,,US1OKCV0081,
2014537,ARTHROPODA,INSECTA,DIPTERA,CHIRONOMIDAE,CRYPTOTENDIPES,CRYPTOTENDIPES,3628,1.0,1.0,42.9763039969268,-98.48784517,RiversMajor,Region_07,NRS18_NE_11433,2019.0,8/28/2019,1,BETB,34.42,Poor,USC00253478,6.489818025848362,USC00396575,7.3567402985347305,USC00393079,8.98944883230438,US1SDGY0028,10.650416081888554,USC00396574,10.91739979293834
2014538,ARTHROPODA,ARACHNIDA,TROMBIDIFORMES,HYGROBATIDAE,ATRACTIDES,ATRACTIDES,3490,2.0,1.0,,,,Region_03,NRS18_VA_RF015,,8/28/2019,1,BETB,55.78,,ACW00011604,,US1OKCV0084,,US1OKCV0083,,US1OKCV0082,,US1OKCV0081,
2014539,ARTHROPODA,INSECTA,COLEOPTERA,PSEPHENIDAE,PSEPHENUS,PSEPHENUS,4209,11.0,1.0,,,,Region_07,NRS18_MO_RF004,,8/28/2019,1,BETB,57.38,,ACW00011604,,US1OKCV0084,,US1OKCV0083,,US1OKCV0082,,US1OKCV0081,
2014540,ARTHROPODA,INSECTA,DIPTERA,CHIRONOMIDAE,POLYPEDILUM,POLYPEDILUM,4178,14.0,1.0,46.3927388291247,-100.8437704,RiversMajor,Region_08,NRS18_ND_10043,2019.0,8/27/2019,1,BETB,71.13,Good,USC00321052,7.582230119765559,USC00323009,27.3301909846913,USC00328065,28.207858397765587,USC00323004,28.254449091167928,USC00323206,36.48387677916372
2014541,ARTHROPODA,INSECTA,DIPTERA,TIPULIDAE,,TIPULIDAE,4369,1.0,1.0,39.705219643038,-87.07881596,LargeStreams,Region_05,NRS18_IN_10012,2019.0,8/28/2019,1,BERW,50.2,Good,US1INMY0009,4.780986509303799,US1INPM0009,11.006639963255529,US1INPR0003,12.139559407268576,USC00127522,14.02322516156436,US1INPR0005,14.685555532023809
2014542,ARTHROPODA,INSECTA,DIPTERA,CHIRONOMIDAE,LOPESCLADIUS,LOPESCLADIUS,3939,1.0,1.0,30.708921163987,-86.83567095,RiversOther,Region_04,NRS18_FL_10334,2019.0,8/28/2019,1,BETB,42.22,Fair,US1FLSR0042,12.834608294539082,US1FLOK0010,15.629749867854608,USW00093841,17.327708671441627,USW00053847,17.74776986205918,US1FLOK0052,17.88080492660658
2014543,ARTHROPODA,INSECTA,ODONATA,GOMPHIDAE,,GOMPHIDAE,3759,12.0,1.0,,,,Region_08,NRS18_UT_10002,,8/28/2019,2,BETB,66.6,,ACW00011604,,US1OKCV0084,,US1OKCV0083,,US1OKCV0082,,US1OKCV0081,
2014544,ARTHROPODA,INSECTA,DIPTERA,EMPIDIDAE,HEMERODROMIA,HEMERODROMIA,3799,3.0,1.0,35.3545280771805,-79.05784611,SmallStreams,Region_04,NRS18_NC_10155,2019.0,8/28/2019,1,BERW,35.35,Poor,USC00318430,5.39004887007095,US1NCHR0017,6.029852106061583,US1NCLE0004,6.299104047519012,US1NCHR0042,7.153661351783165,US1NCHR0054,8.60613856608972
2014545,ARTHROPODA,INSECTA,DIPTERA,CHIRONOMIDAE,PHAENOPSECTRA,PHAENOPSECTRA,4143,10.0,1.0,39.8109138133392,-75.56714584,SmallStreams,Region_03,NRS18_DE_10007,2019.0,8/28/2019,1,BERW,29.12,Poor,US1DENC0031,0.704102036099087,US1DENC0009,2.7721353878875803,US1DENC0060,3.0905219768678602,US1DENC0054,3.1865303262583677,US1DENC0033,3.493937325907773
2014546,ARTHROPODA,INSECTA,DIPTERA,CHIRONOMIDAE,THIENEMANNIELLA,THIENEMANNIELLA,4361,1.0,1.0,42.8231592059863,-84.93878071,RiversOther,Region_05,NRS18_MI_10011,2019.0,8/29/2019,1,BETB,67.48,Good,USC00206690,4.284729684615054,US1MIET0013,6.682414320114234,USC00206712,11.896961421068978,US1MIET0021,12.928853213029464,USC00208746,14.133641491195345
2014547,ANNELIDA,OLIGOCHAETA,HAPLOTAXIDA,NAIDIDAE,STYLARIA,STYLARIA,4323,3.0,1.0,42.896867061946,-88.89542253,RiversMajor,Region_05,NRS18_WI_10071,2019.0,8/29/2019,1,BETB,4.35,Poor,USC00472869,3.109318403920526,US1WIJF0040,4.062192712979832,US1WIJF0038,4.729980381862487,US1WIJF0013,5.3742278488999595,US1WIJF0016,5.556877681863984
2014548,ARTHROPODA,INSECTA,DIPTERA,CHIRONOMIDAE,POLYPEDILUM,POLYPEDILUM,4178,28.0,1.0,40.0172447263414,-95.33154776,RiversMajor,Region_07,NRS18_NE_10014,2019.0,8/29/2019,1,BETB,50.27,Good,USC00257399,10.260132463405691,USC00257401,11.995199689869551,US1MOFSA087,15.544274799150491,US1MOHT0006,15.889152409528535,USC00236357,16.283484069262173
2014549,MOLLUSCA,BIVALVIA,VENEROIDA,CORBICULIDAE,CORBICULA,CORBICULA,3612,3.0,1.0,,,,Region_03,NRS18_VA_RF003,,8/29/2019,1,BETB,58.4,,ACW00011604,,US1OKCV0084,,US1OKCV0083,,US1OKCV0082,,US1OKCV0081,
2014550,MOLLUSCA,GASTROPODA,NEOTAENIOGLOSSA,PLEUROCERIDAE,,PLEUROCERIDAE,4170,,,40.2755000119277,-86.880289,LargeStreams,Region_05,NRS18_IN_10650,2019.0,8/29/2019,1,BERW,58.48,Good,USC00124715,3.007790819234212,US1INTP0011,9.07831414544878,US1INTP0022,11.656385618372058,US1INTP0027,12.735547891455244,US1INTP0018,13.155332909261759
2014551,ARTHROPODA,INSECTA,DIPTERA,CHIRONOMIDAE,CORYNONEURA,CORYNONEURA,3620,1.0,1.0,45.8986659429455,-68.61411606,RiversMajor,Region_01,NRS18_ME_10007,2019.0,8/29/2019,1,BETB,48.57,Fair,USC00176595,9.812881184249031,US1MEPN0006,14.240260820558717,USC00176593,15.79894989004286,USC00176594,16.76588057387293,USC00176599,16.969316394265405
2014552,ARTHROPODA,INSECTA,DIPTERA,CHIRONOMIDAE,POLYPEDILUM,POLYPEDILUM,4178,39.0,1.0,36.9282747626083,-89.06258213,RiversOther,Region_04,NRS18_KY_10952,2019.0,8/28/2019,1,BETB,19.0,Poor,USC00150402,7.757252372619308,USC00150757,9.085660050733908,USC00111169,13.337728526330785,US1ILAL0002,13.635649578776663,USC00154593,15.795167703047209
2014553,ARTHROPODA,INSECTA,TRICHOPTERA,LEPTOCERIDAE,NECTOPSYCHE,NECTOPSYCHE,4011,5.0,1.0,,,,Region_04,NRS18_FL_10021,,8/29/2019,2,BERW,63.92,,ACW00011604,,US1OKCV0084,,US1OKCV0083,,US1OKCV0082,,US1OKCV0081,
2014554,ARTHROPODA,INSECTA,DIPTERA,CHIRONOMIDAE,CRYPTOCHIRONOMUS,CRYPTOCHIRONOMUS,3625,2.0,1.0,47.7995509855909,-109.0182369,RiversMajor,Region_08,NRS18_MT_10071,2019.0,8/29/2019,1,BETB,79.15,Good,USR0000MLIT,1.5996607457433785,USR0000MARM,26.15846873544296,USR0000MPHI,30.213289794430036,USC00247234,31.31117747042784,USC00244020,32.55183925561507
2014555,ANNELIDA,OLIGOCHAETA,HAPLOTAXIDA,NAIDIDAE,,NAIDIDAE,4003,3.0,0.0,36.981502981387,-88.53262658,RiversOther,Region_04,NRS18_KY_10030,2019.0,8/29/2019,1,BETB,19.9,Poor,US1KYMK0010,2.6146260542871786,US1KYMK0009,3.2975707814303257,USC00156117,7.7711477907747755,USC00156122,10.487326753308846,US1KYMK0018,12.08027472156183
2014556,ARTHROPODA,INSECTA,COLEOPTERA,ELMIDAE,STENELMIS,STENELMIS,4310,3.0,1.0,46.1264451141478,-101.3410806,RiversMajor,Region_08,NRS18_ND_10039,2019.0,8/29/2019,1,BERW,61.17,Good,USC00328065,20.168253994176613,US1NDGT0009,20.240284097342894,USC00329219,20.823779778939876,USC00326050,25.841649632603257,USC00325090,25.990892636662323
2014557,ARTHROPODA,INSECTA,TRICHOPTERA,POLYCENTROPODIDAE,NYCTIOPHYLAX,NYCTIOPHYLAX,4049,2.0,1.0,35.6553492459568,-84.15339585,LargeStreams,Region_04,NRS18_TN_10489,2019.0,8/29/2019,1,BERW,25.22,Poor,US1TNLN0010,1.6556956746546472,US1TNBT0036,6.401795910460117,USC00405836,7.155298133085596,USC00405841,7.155298133085596,US1TNMR0010,10.231280147633768
2014558,ARTHROPODA,INSECTA,TRICHOPTERA,HYDROPSYCHIDAE,HYDROPSYCHE,HYDROPSYCHE,3844,15.0,1.0,41.0492099292388,-85.72037088,LargeStreams,Region_05,NRS18_IN_10036,2019.0,8/30/2019,1,BERW,44.97,Good,US1INWB0021,7.3045544423798034,USC00126420,7.696745412796799,US1INWY0008,8.519250695911557,US1INWY0033,11.178996574300157,US1INWY0007,14.514464560805289
2014559,ARTHROPODA,INSECTA,ODONATA,GOMPHIDAE,STYLOGOMPHUS,STYLOGOMPHUS,4325,,,44.8521555504694,-68.07279956,LargeStreams,Region_01,NRS18_ME_10194,2019.0,8/30/2019,1,BERW,59.43,Good,USC00174505,3.8194990663804664,USC00178998,28.081153266236587,US1MEHN0004,29.00690632626605,USC00179295,30.45774833332646,US1MEWS0009,31.937310724279154
2014560,ARTHROPODA,INSECTA,ODONATA,COENAGRIONIDAE,ARGIA,ARGIA,3476,1.0,1.0,44.7373755989431,-67.54984117,RiversOther,Region_01,NRS18_ME_10003,2019.0,9/2/2019,1,BETB,15.55,Poor,USC00174878,7.821558265936453,US1MEWS0018,8.293729609997214,USC00174183,12.913598651414198,USC00172320,13.370454420227832,USC00179711,19.32293188392336
2014561,ARTHROPODA,INSECTA,TRICHOPTERA,BRACHYCENTRIDAE,BRACHYCENTRUS,BRACHYCENTRUS,3526,4.0,1.0,45.5973204042879,-109.3115993,RiversOther,Region_08,NRS18_MT_10089,2019.0,9/1/2019,1,BETB,82.3,Good,US1MTSW0007,2.5441422014127855,USC00241938,6.258398260647124,US1MTSW0013,8.731461824628708,US1MTSW0009,12.27229142654056,US1MTSW0006,12.922051120010277
2014562,ARTHROPODA,INSECTA,EPHEMEROPTERA,BAETIDAE,ACENTRELLA,ACENTRELLA,3407,30.0,1.0,45.3477126728596,-109.1693866,LargeStreams,Region_08,NRS18_MT_10013,2019.0,8/30/2019,1,BERW,86.48,Good,USC00247128,3.067668539466352,US1MTCB0004,8.615767498098464,US1MTCB0010,9.251217471607962,US1MTCB0001,10.674648699492868,US1MTCB0008,10.977604205937117
2014563,ARTHROPODA,INSECTA,DIPTERA,CHIRONOMIDAE,STICTOCHIRONOMUS,STICTOCHIRONOMUS,4315,1.0,1.0,45.8064791064357,-109.9562699,RiversOther,Region_08,NRS18_MT_10065,2019.0,9/2/2019,1,BETB,44.05,Fair,USC00240780,2.920996971910228,US1MTSG0001,3.0755925771460153,US1MTSG0007,3.2913715110921364,US1MTSG0006,6.421776269975344,US1MTSG0002,8.914711640218828
2014564,ARTHROPODA,INSECTA,TRICHOPTERA,BRACHYCENTRIDAE,BRACHYCENTRUS,BRACHYCENTRUS,3526,,,,,,Region_05,NRS18_MI_10002,,9/3/2019,2,BETB,32.6,,ACW00011604,,US1OKCV0084,,US1OKCV0083,,US1OKCV0082,,US1OKCV0081,
2014565,ARTHROPODA,INSECTA,DIPTERA,CHIRONOMIDAE,MICROTENDIPES,MICROTENDIPES,3982,20.0,1.0,,,,Region_01,NRS18_NH_RF001,,9/3/2019,1,BERW,34.47,,ACW00011604,,US1OKCV0084,,US1OKCV0083,,US1OKCV0082,,US1OKCV0081,
2014566,ARTHROPODA,INSECTA,EPHEMEROPTERA,LEPTOHYPHIDAE,TRICORYTHODES,TRICORYTHODES,4384,10.0,1.0,45.7913928689961,-110.5031308,RiversOther,Region_08,NRS18_MT_10067,2019.0,9/3/2019,1,BERW,78.15,Good,USC00241842,9.0035600202905,USC00245088,11.180074719460855,USW00024150,11.39631311226115,USC00245076,14.717023919969083,US1MTPK0004,15.597014916781465
2014567,ANNELIDA,OLIGOCHAETA,HAPLOTAXIDA,NAIDIDAE,,NAIDIDAE,4003,2.0,1.0,39.7544727640295,-95.69903262,SmallStreams,Region_07,NRS18_KS_10029,2019.0,9/3/2019,1,BERW,18.17,Poor,USC00146531,5.955466475530221,USC00143812,7.056044630491555,USC00148757,8.34040479555004,USC00143813,8.788394130109495,USC00142660,9.181575482039225
2014568,ARTHROPODA,INSECTA,DIPTERA,CHIRONOMIDAE,DICROTENDIPES,DICROTENDIPES,3658,8.0,1.0,44.0964581018938,-87.66364728,RiversOther,Region_05,NRS18_WI_10693,2019.0,9/3/2019,1,BETB,25.7,Poor,USC00475017,1.4019139485045085,US1WIMC0010,1.4636828702918532,US1WIMC0020,3.1341933719993214,US1WIMC0008,3.8070663788000587,USW00094897,4.103874618277268
2014569,ARTHROPODA,INSECTA,DIPTERA,CHIRONOMIDAE,DICROTENDIPES,DICROTENDIPES,3658,,,46.9289149975804,-101.6470576,LargeStreams,Region_08,NRS18_ND_10378,2019.0,9/3/2019,1,BERW,34.6,Poor,USC00326365,12.620314896614996,USC00323501,13.014150744423393,US1NDMT0006,18.68151781444601,USC00323496,19.07662676615488,US1NDMR0010,21.095421444033487
2014570,ARTHROPODA,INSECTA,COLEOPTERA,PSEPHENIDAE,ECTOPRIA,ECTOPRIA,3688,,,38.882695902511,-78.68466031,LargeStreams,Region_03,NRS18_VA_10016,2019.0,9/3/2019,1,BERW,44.82,Fair,USC00445822,6.259020476197367,USC00465453,12.03281272130552,USC00442663,12.392338691446723,USC00466940,13.135784625239532,USC00465739,15.369666294217515
2014571,ARTHROPODA,INSECTA,DIPTERA,EMPIDIDAE,HEMERODROMIA,HEMERODROMIA,3799,1.0,1.0,,,,Region_03,NRS18_DE_10021,,9/3/2019,2,BERW,11.2,,ACW00011604,,US1OKCV0084,,US1OKCV0083,,US1OKCV0082,,US1OKCV0081,
2014572,ARTHROPODA,INSECTA,DIPTERA,CERATOPOGONIDAE,,CERATOPOGONINAE,3567,2.0,1.0,36.969695029902,-96.19866056,RiversOther,Region_06,NRS18_OK_10014,2019.0,9/3/2019,1,BETB,10.2,Poor,USC00141460,5.997290345641389,USC00142409,7.749436990456283,USC00344393,10.564227426712248,US1OKOS0008,10.623986686490971,USC00344064,11.453143813047795
2014573,ARTHROPODA,INSECTA,DIPTERA,CHIRONOMIDAE,ABLABESMYIA,ABLABESMYIA,3406,1.0,1.0,42.3268071728226,-86.13681824,LargeStreams,Region_05,NRS18_MI_10075,2019.0,9/4/2019,1,BERW,30.63,Fair,USC00200476,1.999712089003149,US1MIVB0005,6.580655285849024,USC00203303,9.971277658465237,USC00207689,10.700144857796445,US1MIVB0010,11.18734980088239
2014574,ARTHROPODA,INSECTA,DIPTERA,CHIRONOMIDAE,XENOCHIRONOMUS,XENOCHIRONOMUS,4421,1.0,1.0,,,,Region_05,NRS18_WI_10016,,9/4/2019,2,BETB,35.07,,ACW00011604,,US1OKCV0084,,US1OKCV0083,,US1OKCV0082,,US1OKCV0081,
2014575,ARTHROPODA,INSECTA,DIPTERA,EMPIDIDAE,HEMERODROMIA,HEMERODROMIA,3799,2.0,1.0,,,,Region_07,NRS18_MO_RF007,,9/4/2019,1,BETB,47.55,,ACW00011604,,US1OKCV0084,,US1OKCV0083,,US1OKCV0082,,US1OKCV0081,
2014576,ARTHROPODA,INSECTA,DIPTERA,CHIRONOMIDAE,PARACHIRONOMUS,PARACHIRONOMUS,4099,3.0,1.0,34.1819227237898,-85.40972253,RiversMajor,Region_04,NRS18_GA_10029,2019.0,9/4/2019,1,BETB,3.83,Poor,US1GAFL0013,12.643160618733152,USC00095627,13.307474676168441,USC00097605,14.056799499019043,USC00091715,15.665610660935021,US1GACG0005,17.91220768149878
2014577,ARTHROPODA,INSECTA,DIPTERA,CERATOPOGONIDAE,,CERATOPOGONINAE,3567,1.0,1.0,,,,Region_04,NRS18_GA_RF002,,9/4/2019,1,BETB,48.03,,ACW00011604,,US1OKCV0084,,US1OKCV0083,,US1OKCV0082,,US1OKCV0081,
2014578,ARTHROPODA,ARACHNIDA,TROMBIDIFORMES,LEBERTIIDAE,LEBERTIA,LEBERTIA,3892,,,37.8441753193324,-111.8499488,SmallStreams,Region_08,NRS18_UT_10020,2019.0,9/4/2019,1,BERW,50.65,Good,USS0011M03S,2.67936101340834,USC00429514,11.331773857471296,USS0011M06S,14.100108690621388,USR0000BUCF,15.39115513166652,USR0000TOMB,23.625784108266963
2014579,ARTHROPODA,INSECTA,DIPTERA,CHIRONOMIDAE,STEMPELLINELLA,STEMPELLINELLA,4308,,,44.9735660219074,-109.7782293,LargeStreams,Region_08,NRS18_WY_10996,2019.0,9/4/2019,1,BERW,58.97,Good,USC00482160,2.772989296657944,USS0009D08S,13.399027317695868,USC00241993,14.333204938789748,USC00247603,15.659820748847032,USC00482135,15.857523843540772
2014580,ARTHROPODA,INSECTA,EPHEMEROPTERA,BAETIDAE,PSEUDOCENTROPTILOIDES,PSEUDOCENTROPTILOIDES,4211,5.0,1.0,41.9069431851758,-85.62352696,LargeStreams,Region_05,NRS18_MI_10046,2019.0,9/5/2019,1,BETB,55.98,Good,USC00208184,2.85104028439863,US1MISJ0007,7.389987454267321,US1MISJ0004,7.485862801332578,US1MICS0010,11.450640983505677,USC00208950,12.091989570967307
2014581,ARTHROPODA,INSECTA,EPHEMEROPTERA,HEPTAGENIIDAE,STENACRON,STENACRON,4309,1.0,1.0,,,,Region_07,NRS18_MO_RF006,,9/5/2019,1,BERW,68.83,,ACW00011604,,US1OKCV0084,,US1OKCV0083,,US1OKCV0082,,US1OKCV0081,
2014582,ARTHROPODA,ARACHNIDA,TROMBIDIFORMES,,,TROMBIDIFORMES,4388,1.0,1.0,35.8531655895221,-78.72632168,LargeStreams,Region_04,NRS18_NC_10555,2019.0,9/4/2019,1,BERW,28.8,Poor,US1NCWK0113,0.8038481379273257,US1NCWK0328,2.4155999628347344,US1NCWK0394,2.516190836536966,USC00312118,2.611166917884895,US1NCWK0216,3.554270278973751
2014583,ARTHROPODA,INSECTA,DIPTERA,CHIRONOMIDAE,CHIRONOMUS,CHIRONOMUS,3582,39.0,1.0,45.1578203471389,-96.50603829,RiversOther,Region_08,NRS18_SD_11594,2019.0,9/4/2019,1,BERW,40.27,Fair,US1SDGT0005,0.6725778359863994,US1SDGT0001,11.568894433581649,USC00395531,11.962329615232544,US1SDGT0004,13.576786815303107,US1SDGT0010,14.764024052527976
2014584,ARTHROPODA,INSECTA,DIPTERA,CHIRONOMIDAE,LOPESCLADIUS,LOPESCLADIUS,3939,72.0,1.0,31.0868632685372,-87.08175172,RiversOther,Region_04,NRS18_AL_10006,2019.0,9/4/2019,1,BERW,47.87,Fair,USC00011084,4.071733306349153,USC00011080,6.836292105423193,USW00063899,7.069241795873243,US1ALES0001,8.771272679151062,US1ALES0004,12.521288981814067
2014585,ARTHROPODA,ARACHNIDA,TROMBIDIFORMES,LEBERTIIDAE,LEBERTIA,LEBERTIA,3892,4.0,1.0,,,,Region_03,NRS18_MD_10006,,9/5/2019,2,BETB,54.33,,ACW00011604,,US1OKCV0084,,US1OKCV0083,,US1OKCV0082,,US1OKCV0081,
2014586,ARTHROPODA,INSECTA,EPHEMEROPTERA,BAETIDAE,BAETIS,BAETIS,3501,1.0,1.0,38.8983137379491,-110.3699263,RiversOther,Region_08,NRS18_UT_10396,2019.0,9/5/2019,1,BERW,60.78,Good,USC00423418,21.2773366217858,USC00423413,22.125810779258863,US1UTEM0004,23.48849744336696,USC00429629,40.998774473597514,USC00423254,46.14056515844329
2014587,ARTHROPODA,INSECTA,DIPTERA,CHIRONOMIDAE,POTTHASTIA,POTTHASTIA,4187,,,45.0854859292369,-109.0271572,RiversOther,Region_08,NRS18_MT_11320,2019.0,9/5/2019,1,BETB,66.4,Good,USC00240617,0.5400652180165839,USC00481775,18.69893898861035,US1WYPK0045,18.789024174919113,US1MTCB0007,20.273502572241874,USC00246918,20.71187653885846
2014588,ARTHROPODA,INSECTA,COLEOPTERA,ELMIDAE,OPTIOSERVUS,OPTIOSERVUS,4071,1.0,1.0,45.3953543831089,-122.149373,RiversOther,Region_10,NRS18_OR_10010,2019.0,9/5/2019,1,BETB,28.47,Poor,US1ORCC0117,4.502220690402337,USC00353770,5.935221459757323,US1ORCC0093,7.79164535606984,US1ORCC0010,8.16559651856511,US1ORCC0134,9.247046580125332
2014589,ARTHROPODA,INSECTA,TRICHOPTERA,HYDROPSYCHIDAE,CHEUMATOPSYCHE,CHEUMATOPSYCHE,3578,2.0,1.0,36.687630187914,-86.79188602,LargeStreams,Region_04,NRS18_KY_10025,2019.0,9/5/2019,1,BETB,54.78,Good,USC00150020,6.707165718997665,USC00406861,12.73390111446105,US1TNRB0058,14.393434923878822,USC00401553,15.753727069479542,US1TNRB0002,15.784390218981661
2014590,ARTHROPODA,INSECTA,MEGALOPTERA,CORYDALIDAE,NIGRONIA,NIGRONIA,4041,5.0,1.0,45.9475056574038,-88.21920144,RiversOther,Region_05,NRS18_WI_10861,2019.0,9/5/2019,1,BETB,67.9,Good,USC00471139,0.33812680199892864,USC00472826,3.39577323052953,US1WIFL0003,3.660933138671326,USC00472822,6.434407440572523,US1WIFL0002,8.419884095624907
2014591,ARTHROPODA,INSECTA,LEPIDOPTERA,,,LEPIDOPTERA,3894,1.0,1.0,44.3916864348807,-74.67485054,SmallStreams,Region_02,NRS18_NY_10284,2019.0,9/8/2019,1,BERW,0.75,Poor,USC00307925,21.6095633256439,USC00308631,25.96705571991036,USC00306411,29.658786909816293,USC00307348,30.58398606529211,USC00301664,30.982173043525272
2014592,ARTHROPODA,INSECTA,TRICHOPTERA,HYDROPSYCHIDAE,DIPLECTRONA,DIPLECTRONA,3662,6.0,1.0,44.7415842449655,-85.64073472,SmallStreams,Region_05,NRS18_MI_10236,2019.0,9/9/2019,1,BERW,29.2,Fair,USC00208249,2.1541458514404774,US1MIGT0006,3.1332690206957126,USC00208252,4.465395622168581,US1MIGT0016,4.537747418251124,US1MIGT0027,4.817248761855351
2014593,ARTHROPODA,MALACOSTRACA,ISOPODA,ASELLIDAE,CAECIDOTEA,CAECIDOTEA,3540,3.0,1.0,43.4098707092616,-89.54122976,RiversMajor,Region_05,NRS18_WI_10991,2019.0,9/9/2019,1,BETB,45.88,Good,USC00476796,0.8813960521702165,US1WICB0011,0.895722065999773,US1WICB0005,8.153092263320442,USC00474790,9.838272436351719,US1WICB0020,11.231828861769982
2014594,ARTHROPODA,INSECTA,COLEOPTERA,ELMIDAE,HETERLIMNIUS,HETERLIMNIUS,3809,29.0,1.0,,,,Region_08,NRS18_CO_RF018,,9/9/2019,1,BERW,55.0,,ACW00011604,,US1OKCV0084,,US1OKCV0083,,US1OKCV0082,,US1OKCV0081,
2014595,ARTHROPODA,INSECTA,DIPTERA,CHIRONOMIDAE,RHEOCRICOTOPUS,RHEOCRICOTOPUS,4245,1.0,1.0,39.2525217901897,-96.32659742,RiversOther,Region_07,NRS18_KS_10049,2019.0,9/9/2019,1,BETB,44.93,Good,US1KSPT0032,3.2902996723412965,US1KSPT0002,4.145208707455475,US1KSPT0050,4.4043470236736555,US1KSPT0043,4.707672089152884,US1KSPT0019,5.1343643508722945
2014596,MOLLUSCA,BIVALVIA,VENEROIDA,PISIDIIDAE,,PISIDIIDAE,4158,6.0,0.0,44.3223769336068,-75.4136353,SmallStreams,Region_02,NRS18_NY_10255,2019.0,9/9/2019,1,BETB,53.58,Fair,USC00303346,8.586824084923153,US1NYSL0009,12.18676515109969,US1NYSL0012,12.92347324098102,USC00307944,18.095010213294245,USC00300774,21.162880826937176
2014597,ARTHROPODA,MALACOSTRACA,AMPHIPODA,HYALELLIDAE,HYALELLA,HYALELLA,3821,1.0,1.0,39.8720396062406,-95.02724099,RiversMajor,Region_07,NRS18_KS_10002,2019.0,9/9/2019,1,BETB,50.38,Good,USC00148250,7.094625892796667,US1KSDP0017,9.683316377295167,US1KSDP0005,10.31214445838762,US1KSDP0019,10.87312428067885,USC00142721,12.660124798566708
2014598,ARTHROPODA,MALACOSTRACA,AMPHIPODA,GAMMARIDAE,GAMMARUS,GAMMARUS,3744,169.0,1.0,40.671572828477,-75.17844197,RiversMajor,Region_02,NRS18_NJ_10032,2019.0,9/9/2019,1,BETB,21.97,Poor,USC00286974,1.3668408556388403,USC00286979,3.231469003035991,USC00362425,3.4798337507190076,US1NJWR0033,4.582320763398371,US1NJWR0001,5.509500644934746
2014599,ARTHROPODA,INSECTA,DIPTERA,CHIRONOMIDAE,PARATENDIPES,PARATENDIPES,4121,2.0,1.0,40.0134958138211,-99.37044728,RiversOther,Region_07,NRS18_NE_11149,2019.0,9/9/2019,1,BETB,29.9,Fair,USC00149028,9.192994370741513,US10harl008,9.45341789293591,US1Harl1849,9.480362752694584,USC00250145,9.62411249976027,US10harl001,9.748491833838631
2014600,MOLLUSCA,GASTROPODA,,,,GASTROPODA,3745,1.0,0.0,45.3852755449355,-115.5332862,RiversMajor,Region_10,NRS18_ID_10014,2019.0,8/26/2019,1,BETB,50.87,Good,USR0000ISFK,13.791067027441306,USC00109560,17.495315247126836,USC00101422,19.034436881706362,USC00102575,19.427886672077967,USC00102577,21.44575089109152
2014601,ARTHROPODA,INSECTA,ODONATA,COENAGRIONIDAE,,COENAGRIONIDAE,3606,,,44.6490701065857,-110.9576214,LargeStreams,Region_08,NRS18_WY_10995,2019.0,9/9/2019,1,BETB,16.2,Poor,USC00248858,10.529322345463058,USS0011E07S,10.541353152503378,USC00248857,11.263496628837178,USR0000MHEB,11.498927468678911,US1MTGN0024,11.80178964520369
2014602,ARTHROPODA,INSECTA,ODONATA,GOMPHIDAE,OPHIOGOMPHUS,OPHIOGOMPHUS,4069,1.0,1.0,44.6939596562443,-111.0906601,LargeStreams,Region_08,NRS18_MT_10079,2019.0,9/9/2019,1,BETB,32.2,Poor,US1MTGN0024,2.9407174863914207,USR0000MHEB,3.0131131315097197,USS0011E07S,3.7765021713603306,USC00248858,4.143182583985611,USC00248857,4.943571423006305
2014603,ARTHROPODA,INSECTA,EPHEMEROPTERA,HEPTAGENIIDAE,,HEPTAGENIIDAE,3802,1.0,0.0,45.1265481702741,-110.8041464,RiversMajor,Region_08,NRS18_MT_10052,2019.0,9/7/2019,1,BETB,61.7,Good,USC00242054,1.2383455223312292,USC00244263,9.826806565090767,USC00243373,11.206466394495902,US1MTPK0018,12.031303309186594,USC00243378,13.174134620720086
2014604,ARTHROPODA,INSECTA,EPHEMEROPTERA,EPHEMERELLIDAE,DRUNELLA,DRUNELLA,3676,7.0,1.0,45.3078731257083,-109.5258197,LargeStreams,Region_08,NRS18_MT_10084,2019.0,9/6/2019,1,BERW,95.4,Good,USC00247182,2.13039273213395,USC00247178,5.100654086153434,USS0009D21S,9.137059731350089,USC00242999,12.807894467747984,USC00242996,16.215958836018334
2014605,ARTHROPODA,ARACHNIDA,TROMBIDIFORMES,SPERCHONIDAE,SPERCHON,SPERCHON,4296,4.0,1.0,44.8391516346324,-114.7851599,RiversOther,Region_10,NRS18_ID_10013,2019.0,9/4/2019,1,BETB,52.65,Good,USC00107878,20.93608228765566,USC00105897,22.536490656597053,USC00109000,29.647195860793218,USC00105376,30.533210636469473,USR0000ILCR,38.789969286021005
2014606,ARTHROPODA,INSECTA,DIPTERA,CHIRONOMIDAE,PHAENOPSECTRA,PHAENOPSECTRA,4143,2.0,1.0,,,,Region_07,NRS18_IA_RF003,,9/10/2019,1,BERW,30.03,,ACW00011604,,US1OKCV0084,,US1OKCV0083,,US1OKCV0082,,US1OKCV0081,
2014607,ANNELIDA,OLIGOCHAETA,HAPLOTAXIDA,TUBIFICIDAE,LIMNODRILUS,LIMNODRILUS,3925,,,40.7412907482044,-99.51560166,RiversOther,Region_07,NRS18_NE_10043,2019.0,9/10/2019,1,BETB,43.17,Good,USC00256435,2.8629000050274733,US10daws014,3.1272743517760744,US10daws013,4.9121433546424305,US10daws003,5.748201213984265,USC00256439,6.286028394397622
2014608,ARTHROPODA,INSECTA,ODONATA,COENAGRIONIDAE,,COENAGRIONIDAE,3606,1.0,1.0,44.6867367015802,-92.69128721,RiversMajor,Region_05,NRS18_WI_10002,2019.0,9/10/2019,1,BETB,20.82,Poor,US1WIPC0045,7.401715339849055,US1MNDK0093,7.728330585196458,US1WIPC0012,10.480181688705624,USC00216822,10.725415329356183,US1WIPC0033,11.49415649076013
2014609,ARTHROPODA,INSECTA,DIPTERA,CHIRONOMIDAE,PSEUDOCHIRONOMUS,PSEUDOCHIRONOMUS,4212,1.0,1.0,43.7823072478896,-75.14646536,LargeStreams,Region_02,NRS18_NY_10702,2019.0,9/10/2019,1,BERW,61.05,Good,USC00306098,9.838306903161438,USC00308099,12.44890182283267,USC00301388,12.56944481963771,USC00306179,14.906631337392593,USC00308248,15.016948810693638
2014610,ARTHROPODA,INSECTA,DIPTERA,CHIRONOMIDAE,TANYPUS,TANYPUS,4347,5.0,1.0,39.8775448617361,-75.13151153,LargeStreams,Region_02,NRS18_NJ_10003,2019.0,9/10/2019,1,BETB,13.8,Poor,USC00281106,1.416636671699277,US1NJCN0030,2.372150386076758,USW00013771,3.0700431459708426,USC00366894,3.0700431459708426,US1NJCN0024,3.595199194443329
2014611,ARTHROPODA,INSECTA,DIPTERA,CHIRONOMIDAE,CLADOTANYTARSUS,CLADOTANYTARSUS,3594,15.0,1.0,39.8310475286437,-75.3484155,LargeStreams,Region_02,NRS18_NJ_10006,2019.0,9/10/2019,1,BETB,10.65,Poor,USC00361423,2.6226470309228347,US1NJGL0002,6.612746696681849,USC00365390,6.851546152789757,USC00288685,6.899603494573324,US1PADL0003,7.335472740563346
2014612,ANNELIDA,OLIGOCHAETA,ENCHYTRAEIDA,ENCHYTRAEIDAE,,ENCHYTRAEIDAE,3697,13.0,1.0,,,,Region_08,NRS18_CO_RF019,,9/10/2019,1,BERW,54.43,,ACW00011604,,US1OKCV0084,,US1OKCV0083,,US1OKCV0082,,US1OKCV0081,
2014613,ARTHROPODA,INSECTA,DIPTERA,CHIRONOMIDAE,STENOCHIRONOMUS,STENOCHIRONOMUS,4311,1.0,1.0,34.507343749302,-88.05036704,LargeStreams,Region_04,NRS18_AL_10031,2019.0,9/10/2019,1,BERW,54.7,Fair,USC00016805,11.206519825428105,USC00220656,14.143826516583689,USC00010854,16.985406306605313,US1ALFR0001,17.30049386127794,USC00010631,17.4297281952416
2014614,ARTHROPODA,ARACHNIDA,TROMBIDIFORMES,HYGROBATIDAE,HYGROBATES,HYGROBATES,3855,1.0,1.0,43.9306406,-86.02687062,LargeStreams,Region_05,NRS18_MI_10004,2019.0,9/10/2019,1,BETB,49.18,Good,USC00200446,14.50913200689395,USR0000MBAL,14.71805524134087,USC00205165,16.549654578334543,US1MIMS0010,17.470544156389916,USC00207407,17.470544156389916
2014615,ARTHROPODA,INSECTA,PLECOPTERA,CHLOROPERLIDAE,SWELTSA,SWELTSA,4332,11.0,1.0,,,,Region_01,NRS18_NH_RF002,,9/10/2019,1,BERW,50.02,,ACW00011604,,US1OKCV0084,,US1OKCV0083,,US1OKCV0082,,US1OKCV0081,
2014616,ARTHROPODA,ARACHNIDA,TROMBIDIFORMES,PIONIDAE,,PIONIDAE,4156,1.0,1.0,,,,Region_08,NRS18_SD_10001,,9/10/2019,2,BERW,63.2,,ACW00011604,,US1OKCV0084,,US1OKCV0083,,US1OKCV0082,,US1OKCV0081,
2014617,ANNELIDA,OLIGOCHAETA,HAPLOTAXIDA,TUBIFICIDAE,AULODRILUS,AULODRILUS,3496,2.0,1.0,,,,Region_03,NRS18_VA_RF001,,9/10/2019,1,BETB,59.57,,ACW00011604,,US1OKCV0084,,US1OKCV0083,,US1OKCV0082,,US1OKCV0081,
2014618,ARTHROPODA,INSECTA,DIPTERA,CHIRONOMIDAE,TANYTARSUS,TANYTARSUS,4348,1.0,1.0,40.9780962100841,-75.73480962,RiversOther,Region_03,NRS18_PA_10043,2019.0,9/10/2019,1,BETB,75.63,Good,USC00364932,6.707395304094464,US1PACB0036,9.298194053538124,US1PACB0024,9.745961161155476,US1PACB0022,9.987249549848961,US1PACB0016,10.263761056373339
2014619,ARTHROPODA,INSECTA,PLECOPTERA,NEMOURIDAE,ZAPADA,ZAPADA,4430,9.0,1.0,45.2646451965694,-111.3106917,LargeStreams,Region_08,NRS18_MT_10062,2019.0,9/10/2019,1,BERW,36.8,Fair,USC00240775,1.8302886522319275,US1MTGN0021,2.4239475982542196,USC00243372,5.746468126101991,USC00243368,5.892550943798128,USS0011D19S,9.355912059818676
2014620,ARTHROPODA,INSECTA,DIPTERA,SIMULIIDAE,SIMULIUM,SIMULIUM,4281,,,39.2683030829941,-76.79422599,RiversOther,Region_03,NRS18_MD_10009,2019.0,9/10/2019,1,BETB,56.87,Good,US1MDBL0030,2.4837490121261085,US1MDBL0039,3.243544251624813,US1MDBL0037,3.7818424543379114,US1MDBL0047,4.105915618053884,US1MDHW0030,4.893244124846338
2014621,ARTHROPODA,INSECTA,DIPTERA,CHIRONOMIDAE,POLYPEDILUM,POLYPEDILUM,4178,13.0,1.0,35.2124482343912,-94.54958161,RiversMajor,Region_06,NRS18_OK_10033,2019.0,9/10/2019,1,BETB,20.35,Poor,USC00348416,7.747749477769826,US1OKLF0007,10.84127959858725,US1OKLF0003,14.143574120542254,USC00347254,18.963319375598704,US1ARSB0011,19.45580944895248
2014622,ARTHROPODA,INSECTA,TRICHOPTERA,POLYCENTROPODIDAE,POLYCENTROPUS,POLYCENTROPUS,4175,1.0,1.0,40.2190040739064,-121.9974197,LargeStreams,Region_09,NRS18_CA_10004,2019.0,9/10/2019,1,BERW,64.75,Good,US1CATH0028,14.065488888363719,USC00046761,15.159983215630294,US1CATH0039,17.083164395581157,US1CATH0043,17.60276628435606,US1CATH0033,17.82407409431404
2014623,ARTHROPODA,INSECTA,EPHEMEROPTERA,BAETISCIDAE,BAETISCA,BAETISCA,3502,15.0,1.0,43.7387300985053,-74.95859878,LargeStreams,Region_02,NRS18_NY_10028,2019.0,9/11/2019,1,BETB,45.17,Fair,US1NYHR0020,3.021747571641452,USC00306184,3.0430565512832857,US1NYHR0009,3.728516254322853,US1NYHR0001,5.401902009782654,USC00306179,5.442136470262852
2014624,ARTHROPODA,INSECTA,DIPTERA,CHIRONOMIDAE,POLYPEDILUM,POLYPEDILUM,4178,13.0,1.0,41.3996194278032,-74.73714352,RiversOther,Region_03,NRS18_PA_10044,2019.0,9/11/2019,1,BETB,75.88,Good,USC00365470,1.8981048288591071,USC00306774,4.051645296673843,US1PAPK0020,5.063470002791138,US1NYOR0015,5.234823451707317,US1NYOR0021,9.164482405853253
2014625,ARTHROPODA,ARACHNIDA,TROMBIDIFORMES,LEBERTIIDAE,LEBERTIA,LEBERTIA,3892,1.0,1.0,37.8951604419384,-88.09551216,RiversMajor,Region_05,NRS18_IN_10032,2019.0,9/11/2019,1,BETB,30.25,Fair,US1ILGL0001,12.387669238793938,USC00128967,14.294126761376734,USC00114356,15.503449830114928,US1ILGL0002,17.831415558769898,USC00126001,17.9277237713463
2014626,ARTHROPODA,INSECTA,DIPTERA,CHIRONOMIDAE,TANYTARSUS,TANYTARSUS,4348,22.0,1.0,,,,Region_07,NRS18_IA_RF002,,9/11/2019,1,BERW,32.12,,ACW00011604,,US1OKCV0084,,US1OKCV0083,,US1OKCV0082,,US1OKCV0081,
2014627,ARTHROPODA,INSECTA,PLECOPTERA,PERLODIDAE,SKWALA,SKWALA,4287,1.0,1.0,44.5154912196668,-119.6248102,RiversMajor,Region_10,NRS18_OR_10040,2019.0,9/11/2019,1,BERW,69.85,Good,US1ORGR0006,4.745472857582604,USW00004125,4.81222065485134,USC00352173,4.814283598376031,USC00352168,9.062226544176971,USC00350769,10.07579564746912
2014628,ARTHROPODA,INSECTA,DIPTERA,CHIRONOMIDAE,,CRICOTOPUS/ORTHOCLADIUS,3623,3.0,1.0,40.0154233377652,-75.03391151,RiversMajor,Region_02,NRS18_NJ_11233,2019.0,9/11/2019,1,BETB,4.15,Poor,US1NJBT0071,1.6785068224962338,US1NJBT0092,1.924380527778324,US1NJBT0059,4.918746672327908,USC00286864,5.579148673938055,US1NJBT0098,5.89931569263836
2014629,ARTHROPODA,INSECTA,EPHEMEROPTERA,EPHEMERIDAE,,EPHEMERIDAE,3707,1.0,0.0,,,,Region_04,NRS18_MS_10010,,9/11/2019,2,BETB,46.1,,ACW00011604,,US1OKCV0084,,US1OKCV0083,,US1OKCV0082,,US1OKCV0081,
2014630,ARTHROPODA,INSECTA,TRICHOPTERA,LEPTOCERIDAE,OECETIS,OECETIS,4060,8.0,1.0,,,,Region_03,NRS18_VA_RF002,,9/11/2019,1,BETB,66.78,,ACW00011604,,US1OKCV0084,,US1OKCV0083,,US1OKCV0082,,US1OKCV0081,
2014631,ARTHROPODA,INSECTA,PLECOPTERA,CAPNIIDAE,,CAPNIIDAE,3555,1.0,0.0,,,,Region_08,NRS18_CO_RF020,,9/11/2019,1,BERW,51.48,,ACW00011604,,US1OKCV0084,,US1OKCV0083,,US1OKCV0082,,US1OKCV0081,
2014632,ARTHROPODA,INSECTA,TRICHOPTERA,HYDROPSYCHIDAE,HYDROPSYCHE,HYDROPSYCHE,3844,14.0,1.0,39.7262441358263,-94.91122091,RiversMajor,Region_07,NRS18_KS_10009,2019.0,9/17/2019,1,BETB,57.3,Good,US1KSDP0007,3.975805758471864,USW00013993,4.678989290512702,USC00237434,4.900150814595711,USC00237433,5.342490323883636,USC00237445,5.469443941285899
2014633,ARTHROPODA,ARACHNIDA,TROMBIDIFORMES,HYGROBATIDAE,HYGROBATES,HYGROBATES,3855,1.0,1.0,38.6199529057786,-95.27727329,SmallStreams,Region_07,NRS18_KS_10113,2019.0,9/11/2019,1,BETB,7.13,Poor,USC00146128,0.8007135182032361,US1KSFR0011,1.0904490037024355,US1KSFR0009,1.3162871841199122,US1KSFR0032,2.610487017886071,US1KSFR0013,3.1778801984124834
2014634,ARTHROPODA,INSECTA,DIPTERA,CHIRONOMIDAE,,CHIRONOMIDAE,3581,1.0,0.0,45.9395376912345,-110.5224726,LargeStreams,Region_08,NRS18_MT_10107,2019.0,9/11/2019,1,BERW,95.42,Good,USC00249023,10.209240181826065,USC00241842,11.012907993394993,USC00241840,11.589952082762803,US1MTPK0005,12.564742458491832,USC00249018,13.017142727897726
2014635,ARTHROPODA,INSECTA,TRICHOPTERA,HYDROPSYCHIDAE,HYDROPSYCHE,HYDROPSYCHE,3844,1.0,1.0,,,,Region_08,NRS18_SD_10002,,9/11/2019,2,BETB,32.17,,ACW00011604,,US1OKCV0084,,US1OKCV0083,,US1OKCV0082,,US1OKCV0081,
2014636,ARTHROPODA,INSECTA,PLECOPTERA,CHLOROPERLIDAE,SWELTSA,SWELTSA,4332,1.0,1.0,43.4776138804642,-74.23156023,SmallStreams,Region_02,NRS18_NY_10279,2019.0,9/12/2019,1,BERW,45.63,Fair,USC00308080,10.789810647006828,US1NYHM0010,18.040452761028604,USC00303970,18.495385402525372,US1NYHM0001,19.560302037763435,USC00300368,22.237523050896737
2014637,ANNELIDA,OLIGOCHAETA,HAPLOTAXIDA,,,HAPLOTAXIDA,3783,,,,,,Region_08,NRS18_MT_10027,,9/12/2019,2,BERW,47.27,,ACW00011604,,US1OKCV0084,,US1OKCV0083,,US1OKCV0082,,US1OKCV0081,
2014638,ARTHROPODA,INSECTA,EPHEMEROPTERA,BAETIDAE,,BAETIDAE,3500,1.0,0.0,41.4599829734634,-77.50980034,RiversOther,Region_03,NRS18_PA_10024,2019.0,9/12/2019,1,BERW,79.52,Good,USC00367214,5.068914981387546,USC00361301,8.588580507817126,USC00365081,14.53124072910176,USC00369340,17.74443489734993,USC00362644,19.11022402636401
2014639,ARTHROPODA,INSECTA,COLEOPTERA,ELMIDAE,STENELMIS,STENELMIS,4310,32.0,1.0,39.4635644455982,-77.3875051,RiversOther,Region_03,NRS18_MD_10018,2019.0,9/12/2019,1,BETB,60.52,Good,US1MDFR0040,2.6509072120792374,USC00183353,3.264820315604133,US1MDFR0014,5.093430894896233,USC00183345,5.7828189297598165,US1MDFR0038,6.173518565377839
2014640,MOLLUSCA,BIVALVIA,VENEROIDA,PISIDIIDAE,,PISIDIIDAE,4158,3.0,1.0,,,,Region_01,NRS18_ME_10006,,9/12/2019,2,BERW,81.22,,ACW00011604,,US1OKCV0084,,US1OKCV0083,,US1OKCV0082,,US1OKCV0081,
2014641,ARTHROPODA,INSECTA,TRICHOPTERA,GLOSSOSOMATIDAE,PROTOPTILA,PROTOPTILA,4203,5.0,1.0,40.8128161048239,-75.09568382,RiversMajor,Region_02,NRS18_NJ_10020,2019.0,9/12/2019,1,BETB,34.67,Fair,USC00280734,2.098780192822441,USC00280729,2.504750497347906,US1NJWR0051,2.9872027157544885,US1NJWR0023,4.663320896394307,US1NJWR0016,7.572464737577481
2014642,ANNELIDA,OLIGOCHAETA,HAPLOTAXIDA,TUBIFICIDAE,BRANCHIURA,BRANCHIURA,3532,1.0,1.0,33.513007469051,-84.82876669,RiversMajor,Region_04,NRS18_GA_10020,2019.0,9/12/2019,1,BETB,26.63,Poor,US1GACW0020,7.976484227229369,USC00099368,8.280206288862857,US1GACW0015,8.416121575848523,US1GACW0019,9.358983505780671,US1GACW0016,9.602319556972496
2014643,ARTHROPODA,INSECTA,EPHEMEROPTERA,BAETIDAE,BAETIS,BAETIS,3501,1.0,1.0,39.2075069332896,-94.81716042,SmallStreams,Region_07,NRS18_KS_10041,2019.0,9/18/2019,1,BETB,37.53,Fair,US1MOPT0008,4.206799403389763,US1MOPT0012,4.9365252979242635,US1KSWY0012,6.188888591386727,USC00144199,6.757450852146568,US1KSWY0011,6.757450852146568
2014644,ARTHROPODA,INSECTA,EPHEMEROPTERA,BAETIDAE,LABIOBAETIS,LABIOBAETIS,4774,5.0,1.0,39.0602725319598,-94.84194972,RiversMajor,Region_07,NRS18_KS_10051,2019.0,9/19/2019,1,BETB,51.13,Good,US1KSJO0038,1.70605544627268,US1KSJO0050,3.2142759327665558,US1KSJO0088,4.2520502165763165,USC00142380,4.480142652546473,US1KSJO0029,4.610797385737499
2014645,ARTHROPODA,MALACOSTRACA,DECAPODA,PALAEMONIDAE,PALAEMONETES,PALAEMONETES,4091,2.0,1.0,36.0726263380103,-77.86767156,LargeStreams,Region_04,NRS18_NC_10346,2019.0,9/12/2019,1,BERW,30.1,Poor,US1NCNS0020,4.057972630353685,US1NCNS0015,8.55215992291073,US1NCNS0034,11.142514755343722,US1NCNS0005,12.527995070440278,USR0000NRKM,12.690971130333415
2014646,ARTHROPODA,INSECTA,PLECOPTERA,CHLOROPERLIDAE,SWELTSA,SWELTSA,4332,4.0,1.0,42.8111887080482,-74.69352931,SmallStreams,Region_02,NRS18_NY_10283,2019.0,9/13/2019,1,BERW,19.25,Poor,USC00307664,3.7958568550867455,USC00301436,3.938502490674858,US1NYMG0003,6.327844674172084,US1NYSH0017,6.621920741113989,USC00307659,7.730854517063162
2014647,ARTHROPODA,INSECTA,DIPTERA,CHIRONOMIDAE,SUBLETTEA,SUBLETTEA,4327,4.0,1.0,42.6910615356481,-75.45007772,SmallStreams,Region_02,NRS18_NY_10286,2019.0,9/13/2019,1,BERW,30.08,Poor,US1NYCN0008,4.005248875768263,USR0000NSHR,4.199201189263402,USC00307705,4.878189574422021,US1NYMD0025,6.620755100461538,USC00305692,8.381691362929502
2014648,ARTHROPODA,INSECTA,DIPTERA,CHIRONOMIDAE,CRYPTOCHIRONOMUS,CRYPTOCHIRONOMUS,3625,3.0,1.0,,,,Region_01,NRS18_ME_10002,,9/13/2019,2,BETB,8.25,,ACW00011604,,US1OKCV0084,,US1OKCV0083,,US1OKCV0082,,US1OKCV0081,
2014649,ARTHROPODA,MALACOSTRACA,AMPHIPODA,GAMMARIDAE,GAMMARUS,GAMMARUS,3744,53.0,1.0,42.1009928772779,-75.91593829,RiversOther,Region_02,NRS18_NY_10091,2019.0,9/15/2019,1,BETB,6.98,Poor,USW00014798,0.12703590369451306,USC00300681,1.319588094477309,US1NYBM0024,2.6722297199357157,US1NYBM0059,3.0459531791612537,US1NYBM0011,3.25831774158325
2014650,ARTHROPODA,INSECTA,DIPTERA,TIPULIDAE,HEXATOMA,HEXATOMA,3817,,,31.2261890336665,-88.7917482,SmallStreams,Region_04,NRS18_MS_10013,2019.0,9/13/2019,1,BERW,54.75,Fair,USC00220347,9.116325909981411,USC00220585,12.132123765253345,USC00220581,12.805053788805083,USC00224966,15.505743056796703,USC00227444,20.454766299193853
2014651,ARTHROPODA,INSECTA,DIPTERA,MUSCIDAE,,MUSCIDAE,3996,2.0,1.0,,,,Region_01,NRS18_ME_10001,,9/15/2019,2,BERW,59.5,,ACW00011604,,US1OKCV0084,,US1OKCV0083,,US1OKCV0082,,US1OKCV0081,
2014652,ARTHROPODA,INSECTA,EPHEMEROPTERA,BAETIDAE,BAETIS,BAETIS,3501,2.0,1.0,45.9913900470035,-111.4634049,RiversMajor,Region_08,NRS18_MT_10048,2019.0,9/13/2019,1,BETB,58.68,Good,USC00248363,5.060800491460497,US1MTBW0003,11.217053558501334,USC00248222,11.509712083081409,USC00245123,13.507364658252909,USC00245351,17.131529535318382
2014653,ARTHROPODA,INSECTA,EPHEMEROPTERA,BAETIDAE,BAETIS,BAETIS,3501,1.0,1.0,,,,Region_08,NRS18_MT_10002,,9/15/2019,2,BETB,46.35,,ACW00011604,,US1OKCV0084,,US1OKCV0083,,US1OKCV0082,,US1OKCV0081,
2014654,ANNELIDA,OLIGOCHAETA,HAPLOTAXIDA,NAIDIDAE,NAIS,NAIS,4004,,,39.2284347575187,-76.66950694,RiversOther,Region_03,NRS18_MD_10632,2019.0,9/16/2019,1,BETB,40.3,Poor,US1MDBL0051,1.6729206682957303,US1MDAA0035,2.43831249194733,USC00180467,5.156902641099951,USW00093721,6.26007312602638,US1MDBL0021,6.799756830942106
2014655,ARTHROPODA,INSECTA,DIPTERA,CHIRONOMIDAE,STEMPELLINA,STEMPELLINA,4307,1.0,1.0,37.6228267211309,-78.34483344,SmallStreams,Region_03,NRS18_VA_10018,2019.0,9/16/2019,1,BERW,37.35,Fair,USC00442163,9.439949547964675,USC00446004,9.445272540909407,US1VABK0002,9.557709009956206,USC00440993,10.804693679958701,USC00446491,14.238893454799834
2014656,ARTHROPODA,ARACHNIDA,TROMBIDIFORMES,LIMNESIIDAE,LIMNESIA,LIMNESIA,3920,2.0,1.0,32.2888194766081,-87.29103471,RiversOther,Region_04,NRS18_AL_10638,2019.0,9/15/2019,1,BERW,65.25,Good,USC00016161,5.5673360016803874,USC00010140,12.860861065183478,USW00063858,19.22258087366124,USC00015116,20.21436477203803,USC00015121,21.107401761128852
2014657,ANNELIDA,OLIGOCHAETA,HAPLOTAXIDA,NAIDIDAE,,NAIDIDAE,4003,2.0,1.0,31.741664998989,-88.09560019,RiversMajor,Region_04,NRS18_AL_10017,2019.0,9/16/2019,1,BETB,31.3,Poor,USC00011810,3.534208938256427,USC00011315,22.166832875904287,USC00014830,22.582987829271943,USC00014192,22.582987829271943,US1ALCK0007,23.041979095076446
2014658,ARTHROPODA,INSECTA,DIPTERA,SIMULIIDAE,SIMULIUM,SIMULIUM,4281,1.0,1.0,42.1614409231335,-75.85677932,RiversOther,Region_02,NRS18_NY_10013,2019.0,9/16/2019,1,BETB,61.75,Good,US1NYBM0032,3.460030733751914,US1NYBM0052,3.5210477867887033,US1NYBM0001,3.583004786692392,US1NYBM0023,4.372690818548045,US1NYBM0037,5.083892525713507
2014659,ARTHROPODA,ARACHNIDA,TROMBIDIFORMES,HYGROBATIDAE,HYGROBATES,HYGROBATES,3855,3.0,1.0,,,,Region_07,NRS18_KS_10012,,9/16/2019,2,BERW,36.22,,ACW00011604,,US1OKCV0084,,US1OKCV0083,,US1OKCV0082,,US1OKCV0081,
2014660,ARTHROPODA,INSECTA,DIPTERA,EPHYDRIDAE,,EPHYDRIDAE,3711,1.0,1.0,,,,Region_07,NRS18_NE_10059,,9/16/2019,2,BETB,61.65,,ACW00011604,,US1OKCV0084,,US1OKCV0083,,US1OKCV0082,,US1OKCV0081,
2014661,ARTHROPODA,INSECTA,EPHEMEROPTERA,EPHEMERELLIDAE,EPHEMERELLA,EPHEMERELLA,3705,3.0,1.0,,,,Region_01,NRS18_ME_10007,,9/16/2019,2,BETB,62.38,,ACW00011604,,US1OKCV0084,,US1OKCV0083,,US1OKCV0082,,US1OKCV0081,
2014662,ARTHROPODA,INSECTA,DIPTERA,CHIRONOMIDAE,PARAMETRIOCNEMUS,PARAMETRIOCNEMUS,4112,1.0,1.0,40.9829547714052,-111.4506502,RiversMajor,Region_08,NRS18_UT_10007,2019.0,9/16/2019,1,BERW,16.82,Poor,USC00422385,2.402689103063926,USC00423842,5.588493965989224,US1UTSM0009,8.659231118757235,USW00024120,8.848196081559273,USC00422294,18.514799327276513
2014663,ANNELIDA,OLIGOCHAETA,ENCHYTRAEIDA,ENCHYTRAEIDAE,,ENCHYTRAEIDAE,3697,1.0,1.0,41.4515225355132,-74.76150688,SmallStreams,Region_02,NRS18_NY_10290,2019.0,9/15/2019,1,BERW,41.03,Fair,USC00365470,7.638176903984717,USC00306774,9.109363493382107,USC00306119,10.74043043146165,US1NYOR0015,10.749207145533319,US1PAPK0020,10.972823238520766
2014664,ARTHROPODA,INSECTA,TRICHOPTERA,HYDROPSYCHIDAE,HYDROPSYCHE,HYDROPSYCHE,3844,1.0,1.0,43.4527886516084,-74.86123359,SmallStreams,Region_02,NRS18_NY_10251,2019.0,9/16/2019,1,BERW,48.27,Fair,USC00305987,11.463844939047208,USC00305489,12.90236744042542,USC00303916,12.90236744042542,US1NYHM0009,16.566127179724273,US1NYOD0001,25.0475309673155
2014665,PLATYHELMINTHES,TURBELLARIA,,,,TURBELLARIA,4393,1.0,1.0,42.8593155366816,-84.91912977,RiversOther,Region_05,NRS18_MI_10054,2019.0,9/17/2019,1,BETB,60.7,Good,USC00206690,0.6512734053866719,USC00206712,7.569217148529318,USC00208746,10.392399870209552,US1MIET0013,10.785783551177314,US1MICT0004,15.170141365193336
2014666,ARTHROPODA,INSECTA,ODONATA,GOMPHIDAE,GOMPHUS,GOMPHUS,3760,1.0,1.0,,,,Region_07,NRS18_NE_10014,,9/17/2019,2,BETB,31.28,,ACW00011604,,US1OKCV0084,,US1OKCV0083,,US1OKCV0082,,US1OKCV0081,
2014667,ARTHROPODA,ARACHNIDA,TROMBIDIFORMES,LEBERTIIDAE,LEBERTIA,LEBERTIA,3892,6.0,1.0,41.5925486177503,-111.1414781,RiversMajor,Region_08,NRS18_UT_10006,2019.0,9/17/2019,1,BERW,30.65,Poor,USC00427165,8.47638998950863,USC00429595,8.783891013425423,US1UTRC0001,9.319493838872251,USR0000OTTE,21.284409959274818,US1WYUN0025,24.483097655008635
2014668,ARTHROPODA,INSECTA,DIPTERA,CHIRONOMIDAE,POLYPEDILUM,POLYPEDILUM,4178,3.0,1.0,35.3993593915435,-95.79264844,RiversOther,Region_06,NRS18_OK_10012,2019.0,9/16/2019,1,BETB,23.12,Fair,USC00342485,12.146349320613467,US1OKMH0003,19.649905872831702,US1OKOM0004,22.824268001128896,USC00343884,23.56420350895562,USC00341713,24.661458231835695
2014669,ANNELIDA,OLIGOCHAETA,HAPLOTAXIDA,NAIDIDAE,PRISTINA,PRISTINA,4188,1.0,1.0,42.0662138423022,-78.4661779,RiversMajor,Region_02,NRS18_NY_11299,2019.0,9/17/2019,1,BETB,29.15,Poor,USC00306196,1.4500638121267553,US1NYCT0006,5.242441855654899,USC00304450,8.462839991867186,USC00300090,9.1067116711856,US1NYCT0011,10.477863242287116
2014670,ARTHROPODA,INSECTA,DIPTERA,CHIRONOMIDAE,POLYPEDILUM,POLYPEDILUM,4178,71.0,1.0,,,,Region_07,NRS18_KS_10029,,9/17/2019,2,BERW,37.33,,ACW00011604,,US1OKCV0084,,US1OKCV0083,,US1OKCV0082,,US1OKCV0081,
2014671,ARTHROPODA,INSECTA,DIPTERA,CHIRONOMIDAE,ABLABESMYIA,ABLABESMYIA,3406,1.0,1.0,45.5632277216663,-101.5487173,LargeStreams,Region_08,NRS18_SD_10006,2019.0,9/17/2019,1,BERW,24.88,Poor,USC00394273,13.01027165435236,US1SDCR0008,14.153670742139663,USC00394271,16.174333266628032,US1SDDW0003,20.793131335852905,USC00394268,20.868657513170152
2014672,ARTHROPODA,INSECTA,DIPTERA,CHIRONOMIDAE,AXARUS,AXARUS,3498,3.0,1.0,32.086811178796,-90.94759444,RiversMajor,Region_04,NRS18_MS_10008,2019.0,9/17/2019,1,BETB,39.37,Poor,US1MSWR0007,8.385189017910596,USC00227132,11.55039102059993,USW00093999,16.3442974140385,USC00227710,23.162885205663702,USC00229218,24.6911944409747
2014673,ARTHROPODA,INSECTA,EPHEMEROPTERA,HEPTAGENIIDAE,MACCAFFERTIUM,MACCAFFERTIUM,3948,,,39.8342987381287,-75.57709346,RiversOther,Region_03,NRS18_DE_10004,2019.0,9/17/2019,1,BETB,27.02,Poor,US1DENC0031,3.438878111787325,US1PACH0013,3.7592478567835133,USC00361342,3.9081905230201435,US1DENC0009,4.095411230175003,US1DENC0060,4.476927814577212
2014674,ARTHROPODA,INSECTA,PLECOPTERA,LEUCTRIDAE,,LEUCTRIDAE,3913,2.0,1.0,47.6457553231903,-115.6609505,SmallStreams,Region_08,NRS18_MT_10270,2019.0,9/17/2019,1,BERW,64.57,Good,US1MTSN0004,14.798709937162231,USS0015B09S,15.268449628843497,USC00106254,15.477319627759918,USC00108899,15.627772478672485,USS0015B21S,15.664837064743349
2014675,ARTHROPODA,INSECTA,DIPTERA,CHIRONOMIDAE,TVETENIA,TVETENIA,4394,3.0,1.0,,,,Region_08,NRS18_MT_10001,,9/16/2019,2,BERW,68.72,,ACW00011604,,US1OKCV0084,,US1OKCV0083,,US1OKCV0082,,US1OKCV0081,
2014676,ARTHROPODA,INSECTA,EPHEMEROPTERA,LEPTOPHLEBIIDAE,,LEPTOPHLEBIIDAE,3904,4.0,1.0,38.3641717225057,-119.4447781,LargeStreams,Region_09,NRS18_CA_10027,2019.0,9/17/2019,1,BERW,89.15,Good,USS0019L42S,9.20656530658762,USS0019L17S,10.656194566667462,USS0019L08S,11.625436101867297,USS0019L07S,14.817809067806271,USR0000CBR4,17.014493269656345
2014677,ARTHROPODA,INSECTA,TRICHOPTERA,APATANIIDAE,APATANIA,APATANIA,3466,1.0,1.0,40.8333481516796,-74.98271063,LargeStreams,Region_02,NRS18_NJ_10633,2019.0,9/18/2019,1,BERW,62.93,Good,US1NJWR0049,1.8854488951126878,US1NJWR0017,2.3699303532784954,US1NJWR0002,2.3986189395762856,US1NJWR0007,3.499405827786046,US1NJWR0020,3.7725922926340028
2014678,ARTHROPODA,INSECTA,DIPTERA,EMPIDIDAE,HEMERODROMIA,HEMERODROMIA,3799,2.0,1.0,42.9034550082701,-90.94248159,SmallStreams,Region_05,NRS18_WI_10248,2019.0,9/18/2019,1,BERW,23.85,Fair,US1WIGT0011,4.561718010933531,US1WIGT0013,4.80348238374362,US1WIGT0018,6.672996943414753,USC00474546,15.081238040941574,USC00133517,18.09418293935507
2014679,ARTHROPODA,INSECTA,TRICHOPTERA,ODONTOCERIDAE,PSILOTRETA,PSILOTRETA,4220,2.0,1.0,46.0243044591162,-68.60342836,LargeStreams,Region_01,NRS18_ME_10011,2019.0,9/17/2019,1,BETB,63.75,Good,US1MEPN0006,7.882746259976528,USC00176594,8.180154337172223,USC00176595,8.389017470754816,USC00176597,10.591131745203834,USC00176585,11.876932646124457
2014680,ARTHROPODA,INSECTA,TRICHOPTERA,LEPIDOSTOMATIDAE,LEPIDOSTOMA,LEPIDOSTOMA,3895,5.0,1.0,46.0328276595103,-68.60542015,SmallStreams,Region_01,NRS18_ME_10009,2019.0,9/17/2019,1,BERW,50.05,Fair,US1MEPN0006,8.363825256902627,USC00176594,8.368168837061594,USC00176595,9.2250140530204,USC00176597,10.859388111498037,USC00176585,12.13292533374222
2014681,ARTHROPODA,INSECTA,DIPTERA,CHIRONOMIDAE,LABRUNDINIA,LABRUNDINIA,3882,2.0,1.0,,,,Region_03,NRS18_VA_RF006,,9/17/2019,1,BETB,24.58,,ACW00011604,,US1OKCV0084,,US1OKCV0083,,US1OKCV0082,,US1OKCV0081,
2014682,ARTHROPODA,INSECTA,ODONATA,COENAGRIONIDAE,ARGIA,ARGIA,3476,7.0,1.0,32.1167161662138,-90.87776704,RiversMajor,Region_04,NRS18_MS_10017,2019.0,9/18/2019,1,BETB,33.47,Poor,US1MSWR0007,5.006500561424054,USW00093999,13.977522051500417,USC00227132,17.123579353375746,USC00229218,20.16705781407376,US1MSWR0002,21.063031872679336
2014683,ARTHROPODA,INSECTA,COLEOPTERA,ELMIDAE,STENELMIS,STENELMIS,4310,1.0,1.0,44.7746721566496,-67.49839354,SmallStreams,Region_01,NRS18_ME_10021,2019.0,9/18/2019,1,BETB,8.8,Poor,USC00174878,7.02168609918766,USC00172320,10.8246276211462,US1MEWS0018,13.133300503272986,USC00179711,15.660214487117626,USC00174183,18.690682252058036
2014684,ARTHROPODA,INSECTA,TRICHOPTERA,BRACHYCENTRIDAE,,BRACHYCENTRIDAE,3525,2.0,0.0,48.7863051909363,-115.9950231,SmallStreams,Region_08,NRS18_MT_10097,2019.0,9/18/2019,1,BERW,77.95,Good,USC00248395,11.269133793481968,US1IDBD0004,17.28815321017732,USC00249186,18.783485608382144,USS0015A03S,20.68958782799547,USC00248488,21.040438237408562
2014685,ARTHROPODA,INSECTA,EPHEMEROPTERA,LEPTOHYPHIDAE,TRICORYTHODES,TRICORYTHODES,4384,6.0,1.0,40.3391040033828,-110.3032913,RiversOther,Region_08,NRS18_UT_10039,2019.0,9/18/2019,1,BERW,78.63,Good,USC00420074,3.116234098214938,USC00425921,3.9783830460548906,USC00420814,4.139774559601213,USC00425897,9.554661278967611,USC00422252,16.89164995228999
2014686,ARTHROPODA,INSECTA,DIPTERA,CHIRONOMIDAE,TANYTARSUS,TANYTARSUS,4348,13.0,1.0,39.6568174283923,-78.40977244,LargeStreams,Region_03,NRS18_MD_10481,2019.0,9/19/2019,1,BERW,60.28,Good,USC00360256,10.555113543368982,USC00360259,11.44889025513246,USC00363897,13.565718580226697,USC00188855,13.720709094047603,US1PABD0003,13.854467897926263
2014687,ARTHROPODA,ARACHNIDA,TROMBIDIFORMES,ARRENURIDAE,ARRENURUS,ARRENURUS,3481,10.0,1.0,41.880512963896,-85.65127107,RiversMajor,Region_05,NRS18_MI_10982,2019.0,9/19/2019,1,BETB,21.93,Poor,US1MISJ0004,4.933690809897094,USC00208184,5.601730753476087,USC00208950,8.953252318893897,USC00208947,9.187664433193877,US1MICS0010,9.490370449687136
2014688,ARTHROPODA,INSECTA,EPHEMEROPTERA,LEPTOPHLEBIIDAE,,LEPTOPHLEBIIDAE,3904,,,33.6018824469054,-88.84010781,RiversOther,Region_04,NRS18_MS_10016,2019.0,9/19/2019,1,BERW,51.22,Fair,USC00226670,5.428255725283776,US1MSOK0033,11.267667620740937,USC00229539,11.431404915164192,US1MSOK0011,13.92644963576914,US1MSOK0005,14.193233749617214
2014689,ARTHROPODA,INSECTA,COLEOPTERA,ELMIDAE,OULIMNIUS,OULIMNIUS,4082,8.0,1.0,35.3551439388197,-83.02465971,SmallStreams,Region_04,NRS18_NC_10035,2019.0,9/19/2019,1,BERW,74.13,Good,USC00310490,8.666588418966704,US1NCJC0010,9.017549393783955,US1NCHW0062,10.136867505002066,US1NCHW0027,10.52574691384908,US1NCHW0072,11.4415806277387
2014690,ARTHROPODA,INSECTA,COLEOPTERA,ELMIDAE,DUBIRAPHIA,DUBIRAPHIA,3678,5.0,1.0,45.7285000745009,-101.9843773,RiversMajor,Region_08,NRS18_SD_10009,2019.0,9/18/2019,1,BERW,81.92,Good,USC00394493,8.670419396227855,US1SDCR0002,8.710441598525756,USC00394490,15.064510406797776,USC00397567,17.26181313972335,US1SDPK0019,20.633691706757038
2014691,ARTHROPODA,INSECTA,DIPTERA,CHIRONOMIDAE,TANYTARSUS,TANYTARSUS,4348,1.0,1.0,,,,Region_01,NRS18_MA_10002,,9/20/2019,2,BETB,11.7,,ACW00011604,,US1OKCV0084,,US1OKCV0083,,US1OKCV0082,,US1OKCV0081,
2014692,ARTHROPODA,ARACHNIDA,TROMBIDIFORMES,UNIONICOLIDAE,UNIONICOLA,UNIONICOLA,4400,1.0,1.0,,,,Region_01,NRS18_CT_10007,,9/22/2019,2,BETB,1.03,,ACW00011604,,US1OKCV0084,,US1OKCV0083,,US1OKCV0082,,US1OKCV0081,
2014693,ARTHROPODA,INSECTA,DIPTERA,CHIRONOMIDAE,NANOCLADIUS,NANOCLADIUS,4005,,,47.290457181217,-110.9028238,LargeStreams,Region_08,NRS18_MT_10603,2019.0,9/20/2019,1,BERW,77.63,Good,USC00246902,11.880981884147191,USC00246900,12.811348722779323,US1MTCC0007,14.896271830966452,USC00247343,18.507266580554997,USC00242835,19.805562268914976
2014694,MOLLUSCA,GASTROPODA,BASOMMATOPHORA,LYMNAEIDAE,STAGNICOLA,STAGNICOLA,4304,66.0,1.0,43.7843391655432,-89.95721463,RiversOther,Region_05,NRS18_WI_10841,2019.0,9/23/2019,1,BETB,59.17,Good,US1WIJN0011,1.8769120343235872,USC00475178,8.250884636411074,USC00472370,9.948264886209962,US1WIJN0012,10.939026733670666,US1WIJN0006,16.10086606612939
2014695,ARTHROPODA,INSECTA,DIPTERA,STRATIOMYIDAE,,STRATIOMYIDAE,4318,1.0,1.0,39.6531731744641,-98.88144118,SmallStreams,Region_07,NRS18_KS_10106,2019.0,9/23/2019,1,BERW,52.53,Good,US1KSSM0014,11.410957608539425,USC00143432,11.46852603838298,USC00147542,16.37149293613426,US1KSSM0002,16.515118748524483,US1KSSM0005,16.6191713513397
2014696,ARTHROPODA,MALACOSTRACA,AMPHIPODA,HYALELLIDAE,HYALELLA,HYALELLA,3821,5.0,1.0,41.4310050899113,-72.44427755,RiversMajor,Region_01,NRS18_CT_10020,2019.0,9/23/2019,1,BETB,1.85,Poor,US1CTMD0030,4.712504426760298,US1CTMD0041,7.1055348883829295,USC00061488,7.137340296055476,USC00065018,7.726220015700308,US1CTMD0019,9.854613167795854
2014697,ARTHROPODA,INSECTA,DIPTERA,CHIRONOMIDAE,ABLABESMYIA,ABLABESMYIA,3406,1.0,1.0,,,,Region_02,NRS18_NJ_10032,,9/23/2019,2,BETB,36.42,,ACW00011604,,US1OKCV0084,,US1OKCV0083,,US1OKCV0082,,US1OKCV0081,
2014698,ARTHROPODA,INSECTA,DIPTERA,CHIRONOMIDAE,THIENEMANNIELLA,THIENEMANNIELLA,4361,4.0,1.0,42.3476418794505,-98.09792178,LargeStreams,Region_07,NRS18_NE_10544,2019.0,9/23/2019,1,BERW,42.97,Fair,USC00257347,2.219291956604135,USC00257351,3.0639222877960908,US10knox013,11.274695819138076,US10ante003,11.773379530851818,US10knox008,12.158550599635038
2014699,ARTHROPODA,INSECTA,TRICHOPTERA,HYDROPSYCHIDAE,CHEUMATOPSYCHE,CHEUMATOPSYCHE,3578,1.0,1.0,46.510680797804,-90.70870421,SmallStreams,Region_05,NRS18_WI_10018,2019.0,9/23/2019,1,BERW,42.83,Good,US1WIAS0017,10.669217424858223,US1WIAS0006,11.391364825014344,US1WIAS0029,13.260946095212848,US1WIAS0011,15.375222382543297,US1WIAS0003,15.577829987504256
2014700,ARTHROPODA,INSECTA,DIPTERA,CHIRONOMIDAE,DICROTENDIPES,DICROTENDIPES,3658,24.0,1.0,44.0206236668912,-82.99065842,LargeStreams,Region_05,NRS18_MI_10077,2019.0,9/24/2019,1,BERW,33.37,Fair,USC00206662,3.3444848613890157,USC00206661,4.79757557282981,USC00204396,8.35492589891626,US1MIHR0009,10.807927786277318,USC00200415,10.810721274812382
2014701,ANNELIDA,OLIGOCHAETA,HAPLOTAXIDA,TUBIFICIDAE,,TUBIFICIDAE,4391,3.0,1.0,44.4221968801946,-92.08192414,RiversMajor,Region_05,NRS18_WI_10026,2019.0,9/24/2019,1,BETB,71.98,Good,USC00216777,2.4705987376173026,USC00218552,4.09239490499709,US1MNWB0007,5.752133787133445,USC00476470,7.17189036027145,USC00218550,7.2805450279101525
2014702,ARTHROPODA,INSECTA,COLEOPTERA,ELMIDAE,OPTIOSERVUS,OPTIOSERVUS,4071,10.0,1.0,41.2887064241072,-77.34122825,RiversOther,Region_03,NRS18_PA_10013,2019.0,9/24/2019,1,BERW,75.93,Good,USC00369328,2.198486733033952,USC00361203,2.535106287273832,US1PALY0010,11.599218211462212,USC00364363,12.46876185785091,US1PALY0007,12.943399523013781
2014703,ARTHROPODA,INSECTA,DIPTERA,CHIRONOMIDAE,TANYTARSUS,TANYTARSUS,4348,9.0,1.0,39.4915962370976,-119.9936908,RiversMajor,Region_09,NRS18_NV_10025,2019.0,9/23/2019,1,BERW,34.15,Poor,USC00262903,1.2830171146066853,USC00268689,2.930310810382208,US1NVWH0019,2.9804874031044473,USC00049298,4.370376336811072,US1NVWH0180,4.83168370225853
2014704,ANNELIDA,OLIGOCHAETA,ENCHYTRAEIDA,ENCHYTRAEIDAE,,ENCHYTRAEIDAE,3697,2.0,1.0,,,,Region_02,NRS18_NJ_10003,,9/24/2019,2,BETB,21.58,,ACW00011604,,US1OKCV0084,,US1OKCV0083,,US1OKCV0082,,US1OKCV0081,
2014705,ARTHROPODA,INSECTA,DIPTERA,CHIRONOMIDAE,RHEOTANYTARSUS,RHEOTANYTARSUS,4247,55.0,1.0,41.2106780096743,-98.11081879,RiversOther,Region_07,NRS18_NE_10075,2019.0,9/24/2019,1,BETB,22.33,Fair,US10merr008,5.36468624831232,USC00253285,8.291046253299369,US1Merr4200,8.630794791209805,US1NEMK0001,11.62354031593362,US10merr007,11.742308481311463
2014706,ARTHROPODA,INSECTA,DIPTERA,CHIRONOMIDAE,PARATANYTARSUS,PARATANYTARSUS,4120,2.0,1.0,47.3073309448478,-93.83195833,RiversMajor,Region_05,NRS18_MN_10035,2019.0,9/24/2019,1,BETB,31.03,Fair,US1MNIT0010,4.522795291690322,US1MNCS0033,6.884164296845954,US1MNIT0043,7.571280931210734,US1MNIT0019,10.835882914598153,US1MNIT0085,11.235489560610134
2014707,ARTHROPODA,INSECTA,DIPTERA,TIPULIDAE,,TIPULIDAE,4369,1.0,1.0,47.1159185131861,-103.5773164,RiversOther,Region_08,NRS18_ND_10676,2019.0,9/24/2019,1,BERW,27.65,Poor,USC00325818,13.164359598139427,USC00325808,22.24867657066217,USC00325813,22.551616545943318,USC00325803,22.6237231930025,USC00322809,27.926962890153046
2014708,ARTHROPODA,INSECTA,DIPTERA,CHIRONOMIDAE,POTTHASTIA,POTTHASTIA,4187,,,41.922584099611,-77.12922788,RiversOther,Region_03,NRS18_PA_10009,2019.0,9/25/2019,1,BERW,39.15,Poor,USC00368868,2.979830661151803,USC00364873,4.917011910317848,USC00361838,7.896824255634739,USC00364304,9.794430100650548,US1NYST0012,12.345992935035754
2014709,ARTHROPODA,INSECTA,EPHEMEROPTERA,BAETIDAE,LABIOBAETIS,LABIOBAETIS,4774,1.0,1.0,,,,Region_05,NRS18_WI_10002,,9/25/2019,2,BETB,30.07,,ACW00011604,,US1OKCV0084,,US1OKCV0083,,US1OKCV0082,,US1OKCV0081,
2014710,ARTHROPODA,INSECTA,EPHEMEROPTERA,EPHEMERIDAE,HEXAGENIA,HEXAGENIA,3816,5.0,1.0,45.676091120853,-100.7860983,RiversMajor,Region_08,NRS18_SD_11901,2019.0,9/25/2019,1,BETB,67.63,Good,USC00394947,3.7513128710756214,US1SDCR0005,4.5633236530962735,USC00395406,12.910746634998153,USC00398843,19.858405948864956,US1SDCR0004,21.22876514282712
2014711,ARTHROPODA,ARACHNIDA,TROMBIDIFORMES,HYGROBATIDAE,HYGROBATES,HYGROBATES,3855,1.0,1.0,47.5805836050668,-103.2104375,RiversOther,Region_08,NRS18_ND_10033,2019.0,9/24/2019,1,BETB,61.13,Good,USC00329246,4.278952815344781,USC00323701,7.3078350751949035,USC00323705,19.959148647318735,USC00323696,20.153323489195405,USR0000NWAT,22.929602148303818
2014712,ARTHROPODA,INSECTA,DIPTERA,CHIRONOMIDAE,DICROTENDIPES,DICROTENDIPES,3658,1.0,1.0,38.0570843827556,-95.63541799,SmallStreams,Region_07,NRS18_KS_10101,2019.0,9/25/2019,1,BETB,59.92,Good,USC00144675,2.5755249208572857,US1KSCF0008,4.44505087176242,US1KSAN0008,10.622624708479952,US1KSCF0004,12.646120662593981,USC00141164,17.626612880004476
2014713,MOLLUSCA,BIVALVIA,UNIONOIDA,,,UNIONOIDA,4403,1.0,1.0,35.9360383603231,-78.57082561,RiversOther,Region_04,NRS18_NC_10016,2019.0,9/25/2019,1,BETB,15.75,Poor,US1NCWK0037,1.0302711374536595,US1NCWK0021,2.12730060065632,USC00316091,2.1821792272538687,US1NCWK0025,3.687514579393674,US1NCWK0197,4.024863790857807
2014714,ARTHROPODA,INSECTA,DIPTERA,CHIRONOMIDAE,CHIRONOMUS,CHIRONOMUS,3582,2.0,1.0,43.0701322137376,-98.80039839,SmallStreams,Region_08,NRS18_SD_10005,2019.0,9/25/2019,1,BERW,27.37,Poor,US1SDGY0011,5.328165540770794,USC00392820,7.883452008274071,USC00392822,8.476146062856659,US1SDGY0021,11.89842241920238,USC00390778,12.246064599117787
2014715,ARTHROPODA,INSECTA,EPHEMEROPTERA,BAETIDAE,BAETIS,BAETIS,3501,,,35.9966447188938,-80.3368354,RiversOther,Region_04,NRS18_NC_10897,2019.0,9/24/2019,1,BERW,28.55,Poor,US1NCFR0002,2.8821529137568778,US1NCFR0051,4.027192378922282,US1NCDS0001,4.471260080561675,US1NCDS0012,4.8303193112916105,US1NCFR0052,4.958629699860427
2014716,ARTHROPODA,INSECTA,EPHEMEROPTERA,BAETIDAE,ACERPENNA,ACERPENNA,3408,2.0,1.0,47.2333499429092,-94.09288761,RiversOther,Region_05,NRS18_MN_10064,2019.0,9/25/2019,1,BETB,47.7,Good,US1MNCS0025,9.595915683141234,USC00214652,9.919235532279343,US1MNCS0065,10.517139703231253,US1MNCS0032,13.652413717826017,US1MNIT0010,19.97847977200016
2014717,ARTHROPODA,INSECTA,COLEOPTERA,ELMIDAE,OPTIOSERVUS,OPTIOSERVUS,4071,12.0,1.0,45.2668619634108,-91.7086505,RiversOther,Region_05,NRS18_WI_10025,2019.0,9/26/2019,1,BETB,71.72,Good,US1WIBR0011,2.142590876178854,US1WIBR0018,2.286367878887321,US1WIBR0002,7.242346819861493,US1WIBR0008,7.306400117522997,US1WIBR0032,7.495068425847302
2014718,ANNELIDA,OLIGOCHAETA,HAPLOTAXIDA,NAIDIDAE,DERO,DERO,3646,,,34.3292922446446,-79.03642484,RiversOther,Region_04,NRS18_NC_10038,2019.0,9/26/2019,1,BETB,53.47,Fair,USC00312933,1.868748281040603,US1NCCL0022,2.3134207869587375,USC00315175,7.475884369580276,US1NCCL0003,18.635782148809934,USC00311647,18.656994068715132
2014719,ARTHROPODA,INSECTA,EPHEMEROPTERA,BAETIDAE,FALLCEON,FALLCEON,3729,1.0,1.0,43.8100867155221,-100.8971395,RiversMajor,Region_08,NRS18_SD_10065,2019.0,9/26/2019,1,BETB,41.1,Poor,US1SDJN0007,9.155007947768391,US1SDJN0003,11.157218785275376,US1SDML0015,11.568296036069441,US1SDML0007,15.374350890132849,USC00395891,17.49093046665631
2014720,ARTHROPODA,INSECTA,DIPTERA,STRATIOMYIDAE,,STRATIOMYIDAE,4318,1.0,1.0,46.7997187970308,-101.1068408,RiversOther,Region_08,NRS18_ND_10049,2019.0,9/27/2019,1,BERW,64.07,Good,US1NDMT0003,14.51562911323964,USC00325479,15.07458639771835,US1NDMT0023,16.514123334519198,US1NDMT0016,17.40673959399577,USC00325484,19.104989681500413
2014721,ARTHROPODA,INSECTA,DIPTERA,CHIRONOMIDAE,DICROTENDIPES,DICROTENDIPES,3658,4.0,1.0,35.3186968496856,-82.01724709,RiversMajor,Region_04,NRS18_NC_10017,2019.0,9/27/2019,1,BETB,15.98,Poor,USC00313152,2.618920055023672,US1NCRT0010,3.946416321279541,US1NCRT0002,6.240012494872844,US1NCPK0007,7.286697526069349,US1NCRT0020,9.046279839091563
2014722,ARTHROPODA,INSECTA,DIPTERA,SIMULIIDAE,SIMULIUM,SIMULIUM,4281,1.0,1.0,36.2149171848822,-80.96029346,RiversOther,Region_04,NRS18_NC_10007,2019.0,9/29/2019,1,BETB,36.78,Fair,US1NCYD0010,7.995319140888492,USC00312740,9.711528408145691,US1NCWL0022,10.259043771992996,US1NCWL0001,13.191144016198233,US1NCWL0018,15.359781671672883
2014723,ARTHROPODA,INSECTA,EPHEMEROPTERA,,,EPHEMEROPTERA,3708,1.0,0.0,39.01991425,-97.62109954,SmallStreams,Region_07,NRS18_KS_10027,2019.0,10/7/2019,1,BETB,48.7,Good,US1KSOT0014,2.665758938790753,US1KSOT0020,2.750281416976434,US1KSOT0013,7.582286157935991,US1KSSA0026,10.733466063499339,US1KSOT0003,10.819162089403179
2014724,MOLLUSCA,BIVALVIA,VENEROIDA,PISIDIIDAE,MUSCULIUM,MUSCULIUM,3997,13.0,1.0,37.7611647454756,-94.9562043,SmallStreams,Region_07,NRS18_KS_10097,2019.0,10/1/2019,1,BETB,12.33,Poor,US1KSBB0011,6.91012082850525,US1KSBB0010,9.707602707841257,USC00148293,9.915750650556019,US1KSBB0007,10.786229066918839,US1KSBB0023,11.807150484762545
2014734,ANNELIDA,OLIGOCHAETA,HAPLOTAXIDA,TUBIFICIDAE,AULODRILUS,AULODRILUS,3496,26.0,1.0,46.9213670679123,-92.05263872,SmallStreams,Region_05,NRS18_MN_10261,2019.0,10/2/2019,1,BERW,67.73,Good,US1MNSL0105,3.0038962684466823,US1MNSL0076,5.386213007409437,US1MNSL0263,5.63804363564897,US1MNSL0084,6.168656038444877,US1MNSL0069,6.632959221342546
2014736,ANNELIDA,OLIGOCHAETA,HAPLOTAXIDA,NAIDIDAE,,NAIDIDAE,4003,1.0,1.0,,,,Region_07,NRS18_KS_10051,,10/3/2019,2,BETB,29.37,,ACW00011604,,US1OKCV0084,,US1OKCV0083,,US1OKCV0082,,US1OKCV0081,
2011534,ARTHROPODA,INSECTA,EPHEMEROPTERA,LEPTOHYPHIDAE,TRICORYTHODES,TRICORYTHODES,4384,2.0,1.0,39.4952256879638,-97.23190219,RiversMajor,Region_07,NRS18_KS_10050,2019.0,10/8/2019,1,BETB,48.82,Good,US1KSCY0015,7.342032171757916,US1KSCY0019,7.453910076229576,US1KSCY0014,8.817146855554219,USC00141593,9.639270048605045,US1KSCY0006,14.369330383810814
