PUBLICATION_DATE,UID,UNIQUE_ID,SITE_ID,DATE_COL,VISIT_NO,PSTL_CODE,SITETYPE,INDEX_VISIT,SITESAMP,AG_ECO9,SAMPLE_TYPE,METRIC_TAXA_ROOT,COMP_PT,DIVS_PT,FEED_PT,HABT_PT,RICH_PT,TOLR_PT,MMI_BENT,BENT_MMI_COND
6/12/2023,2011534,NRS_KS-10050,NRS18_KS_10050,10/8/2019,1,KS,PROB,,Y,SPL,BETB,WSA,10,4.03,0,7.83,6,1.43,48.82,Good
6/12/2023,2012488,NRS_OK-10206,NRS18_OK_10431,6/25/2018,1,OK,PROB,,Y,TPL,BERW,WSA,0.64,8.07,3.75,3.53,1,1.79,31.3,Fair
6/12/2023,2012489,NRS_OK-10180,NRS18_OK_10025,7/2/2018,1,OK,PROB,,Y,CPL,BERW,WSA,5.91,7.57,2.5,4.43,4.38,6.17,51.6,Fair
6/12/2023,2012490,NRS_WI-10211,NRS18_WI_10091,7/2/2018,1,WI,PROB,,Y,TPL,BERW,WSA,1.17,3.52,1.25,1.76,0,5.22,21.53,Poor
6/12/2023,2012491,NRS_WI-10087,NRS18_WI_10006,7/12/2018,1,WI,PROB,,Y,UMW,BERW,WSA,6.03,6.9,2.86,6.87,8.33,5.94,61.55,Good
6/12/2023,2012492,NRS_OK-10053,NRS18_OK_10001,7/16/2018,2,OK,PROB,,Y,SPL,BERW,WSA,2.4,8.48,7.14,3.1,4.67,2.86,47.75,Good
6/12/2023,2012493,NRS_OK-10220,NRS18_OK_11085,7/16/2018,1,OK,PROB,,Y,SPL,BERW,WSA,2.45,4.45,1.43,2.95,3.33,1.43,26.73,Fair
6/12/2023,2012494,NRS_WI-10201,NRS18_WI_10053,7/16/2018,1,WI,PROB,,Y,UMW,BERW,WSA,1.35,1.1,0,5.42,0.56,0.83,15.43,Poor
6/12/2023,2012495,NRS_OK-10196,NRS18_OK_10053,7/17/2018,1,OK,PROB,,Y,SPL,BERW,WSA,0.19,1.56,0,0.89,1.33,1.43,9,Poor
6/12/2023,2012496,NRS_OK-10047,NRS18_OK_10050,7/17/2018,2,OK,PROB,,Y,SPL,BERW,WSA,10,4.55,0,4.19,4,0,37.9,Good
6/12/2023,2012497,NRS_WI-10184,NRS18_WI_10036,7/17/2018,1,WI,PROB,,Y,UMW,BERW,WSA,6.52,0,0,6.48,0,1.67,24.45,Fair
6/12/2023,2012498,NRS_WI-10186,NRS18_WI_10038,7/18/2018,1,WI,PROB,,Y,TPL,BERW,WSA,2.22,5.91,3.75,5.29,1,5.98,40.25,Fair
6/12/2023,2012499,NRS_WI-10158,NRS18_WI_10019,7/19/2018,1,WI,PROB,,Y,UMW,BERW,WSA,5.61,0,0,3.85,1.11,0.34,18.18,Poor
6/12/2023,2012500,NRS_NC-10122,NRS18_NC_10014,7/19/2018,1,NC,PROB,,Y,SAP,BERW,WSA,8.23,7.27,7.78,7.81,8,6.92,76.68,Good
6/12/2023,2012501,NRS_OK-10107,NRS18_OK_10023,7/23/2018,1,OK,PROB,,Y,SAP,BERW,WSA,6.65,7.63,6.67,2.9,6.5,0.21,50.93,Good
6/12/2023,2012502,NRS_OK-10064,NRS18_OK_10029,7/24/2018,1,OK,PROB,,Y,CPL,BETB,WSA,8.37,2.84,1.25,0.59,0,5.63,31.13,Poor
6/12/2023,2012503,NRS_OK-10155,NRS18_OK_10018,8/28/2018,1,OK,PROB,,Y,SPL,BERW,WSA,3.19,6.64,10,5.52,2,1.43,47.97,Good
6/12/2023,2012504,NRS_OK-10102,NRS18_OK_10022,9/4/2018,2,OK,PROB,,Y,CPL,BETB,WSA,9.08,5.33,3.75,4.19,6.88,4.22,55.75,Good
6/12/2023,2012505,NRS_DE-10009,NRS18_DE_10002,9/5/2018,1,DE,PROB,,Y,CPL,,,,,,,,,,Not Assessed
6/12/2023,2012506,NRS_OK-10091,NRS18_OK_10003,9/10/2018,1,OK,PROB,,Y,SPL,BERW,WSA,5.32,6.26,5.71,3.31,2.67,4.29,45.93,Good
6/12/2023,2012507,NRS_OK-10212,NRS18_OK_10830,9/11/2018,1,OK,PROB,,Y,SAP,BERW,WSA,5.43,8.27,5.56,5.1,7.5,3.02,58.13,Good
6/12/2023,2012508,NRS_OK-10056,NRS18_OK_10034,9/12/2018,1,OK,PROB,,Y,SAP,BETB,WSA,3.47,9.57,4.44,1.79,3.5,0,37.95,Fair
6/12/2023,2012509,NRS_DE-10009,NRS18_DE_10002,9/19/2018,2,DE,PROB,,Y,CPL,,,,,,,,,,Not Assessed
6/12/2023,2012510,NRS_OK-10226,NRS18_OK_11422,6/3/2019,1,OK,PROB,,Y,SPL,BERW,WSA,1.53,4.27,0,1.96,2,1.43,18.65,Poor
6/12/2023,2012511,NRS_OK-10205,NRS18_OK_10340,9/17/2019,1,OK,PROB,,Y,TPL,BETB,WSA,4.9,5.11,1.25,4.71,6,7.52,49.15,Good
6/12/2023,2012512,NRS_KS-10247,NRS18_KS_10098,5/7/2018,1,KS,PROB,,Y,SPL,BERW,WSA,0,0,0,3.57,0,0,5.95,Poor
6/12/2023,2012513,NRS_KS-10235,NRS18_KS_10086,5/14/2018,1,KS,PROB,,Y,SPL,BERW,WSA,1.58,4.55,2.86,5.42,3.33,0,29.57,Fair
6/12/2023,2012514,NRS_OH-10083,NRS18_OH_10050,5/29/2018,1,OH,PROB,,Y,TPL,BETB,WSA,2.72,10,10,7.65,3,4.1,62.45,Good
6/12/2023,2012515,NRS_KS-10252,NRS18_KS_10103,5/29/2018,1,KS,PROB,,Y,SPL,BERW,WSA,0,3.27,1.43,0.89,0,2.86,14.08,Poor
6/12/2023,2012516,NRS_OH-10097,NRS18_OH_10023,5/30/2018,1,OH,PROB,,Y,SAP,BERW,WSA,0.36,0,0,8.7,0,3.52,20.97,Poor
6/12/2023,2012517,NRS_KY-10059,NRS18_KY_10006,5/31/2018,1,KY,PROB,,Y,SAP,BERW,WSA,10,0.5,0,2.32,1,3.02,28.07,Poor
6/12/2023,2012518,NRS_TX-10091,NRS18_TX_10016,6/4/2018,1,TX,PROB,,Y,CPL,BERW,WSA,9.96,0,0,0,0,0,16.6,Poor
6/12/2023,2012519,NRS_OH-10087,NRS18_OH_10014,6/4/2018,1,OH,PROB,,Y,TPL,BERW,WSA,0,5.8,5,1.76,0,0,20.93,Poor
6/12/2023,2012520,NRS_KS-10249,NRS18_KS_10100,6/4/2018,1,KS,PROB,,Y,SPL,BERW,WSA,1.12,8.1,2.86,6.1,0.67,0,31.42,Fair
6/12/2023,2012521,NRS_MI-10132,NRS18_MI_10033,6/5/2018,1,MI,PROB,,Y,UMW,BERW,WSA,1.04,0.9,0,0.78,0,0,4.53,Poor
6/12/2023,2012522,NRS_PA-10053,NRS18_PA_10004,6/5/2018,1,PA,PROB,,Y,NAP,BERW,WSA,8.22,5.47,10,7.3,10,5.62,77.68,Good
6/12/2023,2012523,NRS_IL-10139,NRS18_IL_10363,6/5/2018,1,IL,PROB,,Y,TPL,BERW,WSA,0.67,5.85,3.75,3.53,0,3.37,28.62,Fair
6/12/2023,2012524,NRS_GA-10058,NRS18_GA_10003,6/5/2018,1,GA,PROB,,Y,SAP,BERW,WSA,0,3.24,0,2.05,1,2.79,15.13,Poor
6/12/2023,2012525,NRS_OH-10103,NRS18_OH_10029,6/5/2018,1,OH,PROB,,Y,TPL,BERW,WSA,0.75,8.12,7.5,7.06,2,0.81,43.73,Good
6/12/2023,2012526,NRS_KS-10224,NRS18_KS_10043,6/5/2018,1,KS,PROB,,Y,SPL,BERW,WSA,0.2,4.5,0,0,0,1.43,10.22,Poor
6/12/2023,2012527,NRS_WV-10053,NRS18_WV_10010,6/5/2018,1,WV,PROB,,Y,SAP,BERW,WSA,8.45,3.53,4.44,8.7,5,10,66.87,Good
6/12/2023,2012528,NRS_OK-10053,NRS18_OK_10001,6/4/2018,1,OK,PROB,,Y,SPL,BERW,WSA,1.07,3.55,7.14,3.57,2,1.43,31.27,Fair
6/12/2023,2012529,NRS_VT-10148,NRS18_VT_10034,6/4/2018,1,VT,PROB,,Y,NAP,BERW,WSA,5.36,8.09,10,5.41,7.14,4.64,67.73,Good
6/12/2023,2012530,NRS_OK-10065,NRS18_OK_10002,6/5/2018,1,OK,PROB,,Y,SPL,BERW,WSA,2.14,8.86,7.14,1.96,4,1.43,42.55,Good
6/12/2023,2012531,NRS_VT-10138,NRS18_VT_10011,6/5/2018,1,VT,PROB,,Y,NAP,BERW,WSA,8.21,9.94,5.56,5.42,10,7.35,77.47,Good
6/12/2023,2012532,NRS_OK-10109,NRS18_OK_10045,6/5/2018,1,OK,PROB,,Y,SPL,BERW,WSA,6.33,5.59,4.29,4.72,2,0,38.22,Good
6/12/2023,2012533,NRS_CA-11197,NRS18_CA_10048,6/5/2018,1,CA,PROB,,Y,WMT,BERW,WSA,0,2.19,0,1.76,0,1.9,9.75,Poor
6/12/2023,2012534,NRS_WI-10178,NRS18_WI_10030,6/5/2018,1,WI,PROB,,Y,TPL,BERW,WSA,0.13,0,1.25,4.12,0,5.22,17.87,Poor
6/12/2023,2012535,NRS_SD-10452,NRS18_SD_10038,6/5/2018,1,SD,PROB,,Y,NPL,BERW,WSA,0.71,8.32,6,3.57,2.86,1.25,37.85,Poor
6/12/2023,2012536,NRS_TX-10305,NRS18_TX_10055,6/5/2018,1,TX,PROB,,Y,SPL,BETB,WSA,1.43,5.64,2.86,2.84,6,1.43,33.67,Fair
6/12/2023,2012537,NRS_MI-10155,NRS18_MI_10056,6/6/2018,1,MI,PROB,,Y,UMW,BETB,WSA,4.99,2.77,0,1.8,0.56,1.99,20.18,Poor
6/12/2023,2012538,NRS_PA-10080,NRS18_PA_10021,6/6/2018,1,PA,PROB,,Y,NAP,BERW,WSA,7.51,2.83,6.67,5.69,8.57,5.86,61.88,Good
6/12/2023,2012539,NRS_CA-10784,NRS18_CA_10011,6/6/2018,1,CA,PROB,,Y,XER,BERW,WSA,10,4.75,2.86,4.53,4.12,6.4,54.43,Fair
6/12/2023,2012540,NRS_GA-10050,NRS18_GA_10001,6/6/2018,1,GA,PROB,,Y,SAP,BERW,WSA,2.46,6.19,0,0,1.5,0,16.92,Poor
6/12/2023,2012541,NRS_WV-10078,NRS18_WV_10031,6/6/2018,1,WV,PROB,,Y,SAP,BERW,WSA,0,1.8,0,2.62,0,5.84,17.1,Poor
6/12/2023,2012542,NRS_TN-10059,NRS18_TN_10006,6/6/2018,1,TN,PROB,,Y,SAP,BETB,WSA,0,3.81,0,0,0,1.03,8.07,Poor
6/12/2023,2012543,NRS_OH-10107,NRS18_OH_10033,6/6/2018,1,OH,PROB,,Y,TPL,BETB,WSA,0,2.78,2.5,1.76,0,0,11.73,Poor
6/12/2023,2012544,NRS_IL-10081,NRS18_IL_10054,6/6/2018,1,IL,PROB,,Y,TPL,BERW,WSA,1.38,6.76,3.75,2.35,2,0.78,28.37,Fair
6/12/2023,2012545,NRS_LA-10079,NRS18_LA_10002,6/6/2018,1,LA,PROB,,Y,CPL,BETB,WSA,1.07,5.92,3.75,1.55,1.25,1.32,24.77,Poor
6/12/2023,2012546,NRS_TN-10145,NRS18_TN_10026,6/6/2018,1,TN,PROB,,Y,SAP,BETB,WSA,0,1.58,0,0,0,0,2.63,Poor
6/12/2023,2012547,NRS_NY-10081,NRS18_NY_10010,6/6/2018,1,NY,PROB,,Y,NAP,BERW,WSA,5.15,3.02,4.44,6.21,4.29,7.75,51.43,Fair
6/12/2023,2012548,NRS_WV-10071,NRS18_WV_10015,6/7/2018,1,WV,PROB,,Y,SAP,BERW,WSA,1.26,5.47,1.11,6.45,4.5,5.45,40.4,Fair
6/12/2023,2012549,NRS_OH-10075,NRS18_OH_10012,6/7/2018,1,OH,PROB,,Y,TPL,BETB,WSA,0.84,5.06,7.5,5.29,3,2.29,39.97,Fair
6/12/2023,2012550,NRS_IL-10046,NRS18_IL_10003,6/7/2018,1,IL,PROB,,Y,TPL,BERW,WSA,0,2.67,1.25,0,0,0,6.53,Poor
6/12/2023,2012551,NRS_LA-10192,NRS18_LA_10010,6/6/2018,1,LA,PROB,,Y,CPL,BETB,WSA,4.85,0,1.25,0.59,0,7.5,23.65,Poor
6/12/2023,2012552,NRS_TN-10054,NRS18_TN_10001,6/7/2018,1,TN,PROB,,Y,SAP,BERW,WSA,5.28,8.78,8.89,4.32,8,0.84,60.18,Good
6/12/2023,2012553,NRS_IL-10036,NRS18_IL_10001,6/8/2018,1,IL,PROB,,Y,TPL,BERW,WSA,0.42,7.84,2.5,2.94,1,0,24.5,Poor
6/12/2023,2012554,NRS_LA-10207,NRS18_LA_10021,6/8/2018,1,LA,PROB,,Y,CPL,BETB,WSA,8.82,0,5,4.7,1.25,2.25,36.7,Poor
6/12/2023,2012555,NRS_LA-10191,NRS18_LA_10013,6/10/2018,1,LA,PROB,,Y,CPL,BERW,WSA,7.51,2.13,2.5,0.37,0.62,1.78,24.85,Poor
6/12/2023,2012556,NRS_MI-10165,NRS18_MI_10381,6/11/2018,1,MI,PROB,,Y,TPL,BERW,WSA,0,2.61,5,1.18,0,0,14.65,Poor
6/12/2023,2012557,NRS_CA-10934,NRS18_CA_10035,6/11/2018,1,CA,PROB,,Y,XER,BETB,WSA,0,2.14,1.43,6.07,1.18,6.4,28.7,Poor
6/12/2023,2012558,NRS_TN-10105,NRS18_TN_10009,6/11/2018,1,TN,PROB,,Y,SAP,BERW,WSA,0.54,5.11,4.44,5.42,1.5,1.26,30.45,Poor
6/12/2023,2012559,NRS_LA-10091,NRS18_LA_10001,6/10/2018,1,LA,PROB,,Y,CPL,BETB,WSA,0,1.72,3.75,0,0.62,0.42,10.85,Poor
6/12/2023,2012560,NRS_KS-10275,NRS18_KS_10126,6/11/2018,1,KS,PROB,,Y,SPL,BERW,WSA,3.11,5.12,4.29,6.85,2,0,35.62,Good
6/12/2023,2012561,NRS_IL-10077,NRS18_IL_10013,6/11/2018,1,IL,PROB,,Y,TPL,BERW,WSA,2.68,6.99,0,1.18,3,0,23.08,Poor
6/12/2023,2012562,NRS_OK-10047,NRS18_OK_10050,6/11/2018,1,OK,PROB,,Y,SPL,BERW,WSA,3.93,4.27,0,1.96,2,2.86,25.03,Fair
6/12/2023,2012563,NRS_IL-10124,NRS18_IL_10030,6/10/2018,1,IL,PROB,,Y,CPL,BETB,WSA,6.49,3.43,3.75,0,0.62,1.02,25.52,Poor
6/12/2023,2012564,NRS_LA-10200,NRS18_LA_10012,6/11/2018,1,LA,PROB,,Y,CPL,BERW,WSA,9.59,1.3,1.25,1.76,0.62,6.43,34.92,Poor
6/12/2023,2012565,NRS_NV-10398,NRS18_NV_10012,6/11/2018,1,NV,PROB,,Y,XER,BERW,WSA,4.08,4.27,5.71,4.04,2.94,0,35.07,Poor
6/12/2023,2012566,NRS_NY-10125,NRS18_NY_10025,6/12/2018,1,NY,PROB,,Y,NAP,BERW,WSA,0,0,5.56,2.75,0,0.12,14.05,Poor
6/12/2023,2012567,NRS_TX-10109,NRS18_TX_10009,6/12/2018,1,TX,PROB,,Y,SPL,BETB,WSA,3.14,8.39,7.14,4.95,5.33,2.86,53.02,Good
6/12/2023,2012568,NRS_ND-10345,NRS18_ND_10015,6/12/2018,1,ND,PROB,,Y,NPL,BERW,WSA,0,5.84,4,5.57,0,1.25,27.77,Poor
6/12/2023,2012569,NRS_MI-10054,NRS18_MI_10010,6/12/2018,1,MI,PROB,,Y,TPL,BETB,WSA,0.79,7.84,2.5,2.94,0,1.97,26.73,Fair
6/12/2023,2012570,NRS_CA-10953,NRS18_CA_10032,6/12/2018,1,CA,PROB,,Y,XER,BETB,WSA,0,3.34,2.86,2.22,0.59,0,15.02,Poor
6/12/2023,2012571,NRS_WV-10068,NRS18_WV_10012,6/12/2018,1,WV,PROB,,Y,SAP,BERW,WSA,7.73,2.45,0,6.96,4.5,5.67,45.52,Good
6/12/2023,2012572,NRS_OH-10104,NRS18_OH_10030,6/12/2018,1,OH,PROB,,Y,NAP,BETB,WSA,0,2.08,2.22,0,0,0,7.17,Poor
6/12/2023,2012573,NRS_LA-10195,NRS18_LA_10014,6/12/2018,1,LA,PROB,,Y,CPL,BETB,WSA,4.24,6.8,5,2.8,4.38,4.33,45.92,Fair
6/12/2023,2012574,NRS_MN-10232,NRS18_MN_RF001,6/12/2018,1,MN,HAND,,Y,UMW,BERW,WSA,6.35,6.97,0,7.39,5.56,2.38,47.75,Good
6/12/2023,2012575,NRS_OK-10066,NRS18_OK_10051,6/12/2018,1,OK,PROB,,Y,SPL,BERW,WSA,10,5.45,2.86,8.04,4,4.29,57.73,Good
6/12/2023,2012576,NRS_UT-10260,NRS18_UT_10003,6/12/2018,1,UT,PROB,,Y,XER,BERW,WSA,8.05,5.68,1.43,0.84,0.59,3.47,33.43,Poor
6/12/2023,2012577,NRS_LA-10208,NRS18_LA_10022,6/12/2018,1,LA,PROB,,Y,CPL,BETB,WSA,0,0.77,2.5,2.17,0.62,4.33,17.32,Poor
6/12/2023,2012578,NRS_OH-10048,NRS18_OH_10005,6/12/2018,1,OH,PROB,,Y,SAP,BERW,WSA,0,7.7,5.56,1.73,0.5,0,25.82,Poor
6/12/2023,2012579,NRS_CA-10949,NRS18_CA_10031,6/12/2018,1,CA,PROB,,Y,XER,BERW,WSA,4.49,6.97,5.71,4.58,5.29,4.21,52.08,Fair
6/12/2023,2012580,NRS_TX-10331,NRS18_TX_10081,6/13/2018,1,TX,PROB,,Y,SPL,BERW,WSA,0.21,1.09,0,7.59,0,0,14.82,Poor
6/12/2023,2012581,NRS_VT-10119,NRS18_VT_10006,6/13/2018,1,VT,PROB,,Y,NAP,BERW,WSA,6.44,4.86,4.44,4.59,6.67,7.52,57.53,Good
6/12/2023,2012582,NRS_CA-10931,NRS18_CA_10033,6/13/2018,1,CA,PROB,,Y,XER,BETB,WSA,0,1.06,7.14,0,0.59,0,14.65,Poor
6/12/2023,2012584,NRS_NE-10164,NRS18_NE_10035,6/13/2018,1,NE,PROB,,Y,TPL,BERW,WSA,2.93,6.76,2.5,3.53,3,4.1,38.03,Fair
6/12/2023,2012585,NRS_MI-10158,NRS18_MI_10081,6/13/2018,1,MI,PROB,,Y,TPL,BERW,WSA,0,8.86,6.25,2.94,0,0,30.08,Fair
6/12/2023,2012586,NRS_UT-10268,NRS18_UT_10005,6/13/2018,1,UT,PROB,,Y,XER,BERW,WSA,0,1.02,2.86,0.65,0.59,0,8.53,Poor
6/12/2023,2012587,NRS_NV-10465,NRS18_NV_10016,6/13/2018,1,NV,PROB,,Y,WMT,BERW,WSA,4.45,2.43,4.29,1.95,4.12,1.94,31.97,Poor
6/12/2023,2012588,NRS_TN-10066,NRS18_TN_10004,6/13/2018,1,TN,PROB,,Y,SAP,BERW,WSA,3.83,1.44,3.33,3.31,1,0,21.52,Poor
6/12/2023,2012589,NRS_TN-10143,NRS18_TN_10024,6/12/2018,1,TN,PROB,,Y,SAP,BETB,WSA,0,0,0,10,0,0,16.67,Poor
6/12/2023,2012590,NRS_WV-10072,NRS18_WV_10016,6/13/2018,1,WV,PROB,,Y,SAP,BERW,WSA,6.05,5.97,6.67,7.74,6,7.66,66.82,Good
6/12/2023,2012591,NRS_WI-10056,NRS18_WI_10001,6/13/2018,1,WI,PROB,,Y,UMW,BERW,WSA,3.53,0,0,0,0,0,5.88,Poor
6/12/2023,2012592,NRS_LA-10193,NRS18_LA_10016,6/13/2018,1,LA,PROB,,Y,CPL,BETB,WSA,1.59,0,3.75,0.59,0,3.75,16.13,Poor
6/12/2023,2012593,NRS_OH-10034,NRS18_OH_10001,6/13/2018,1,OH,PROB,,Y,SAP,BERW,WSA,0,5.04,5.56,0.35,0,1.34,20.48,Poor
6/12/2023,2012594,NRS_IL-10142,NRS18_IL_10366,6/13/2018,1,IL,PROB,,Y,TPL,BERW,WSA,0.88,8.52,5,4.12,0,0,30.87,Fair
6/12/2023,2012595,NRS_VT-10151,NRS18_VT_10335,6/12/2018,1,VT,PROB,,Y,NAP,BETB,WSA,9.19,9.22,10,8.75,10,6.98,90.23,Good
6/12/2023,2012596,NRS_NY-10079,NRS18_NY_10009,6/13/2018,1,NY,PROB,,Y,NAP,BERW,WSA,0.33,0,1.11,0,0,0,2.4,Poor
6/12/2023,2012597,NRS_CA-11206,NRS18_CA_10088,6/13/2018,1,CA,PROB,,Y,WMT,BERW,WSA,0,2.56,0,0,0,5.92,14.13,Poor
6/12/2023,2012598,NRS_NE-10173,NRS18_NE_10044,6/14/2018,1,NE,PROB,,Y,TPL,BERW,WSA,1.42,3.75,1.25,3.53,1,0.45,19,Poor
6/12/2023,2012599,NRS_ND-10341,NRS18_ND_10010,6/14/2018,1,ND,PROB,,Y,NPL,BERW,WSA,3.5,10,6,3.32,4.29,5.83,54.9,Fair
6/12/2023,2012600,NRS_CA-11203,NRS18_CA_10054,6/14/2018,1,CA,PROB,,Y,XER,BETB,WSA,0,0.65,5.71,0,0,0,10.6,Poor
6/12/2023,2012601,NRS_MI-10114,NRS18_MI_10015,6/14/2018,1,MI,PROB,,Y,TPL,BERW,WSA,0,5.11,2.5,2.35,0,0,16.6,Poor
6/12/2023,2012602,NRS_TN-10111,NRS18_TN_10010,6/14/2018,1,TN,PROB,,Y,SAP,BETB,WSA,1.59,2.09,1.11,3.16,0,0,13.25,Poor
6/12/2023,2012603,NRS_WV-10036,NRS18_WV_10003,6/14/2018,1,WV,PROB,,Y,SAP,BERW,WSA,2.35,8.06,4.44,3.53,3,2.33,39.52,Fair
6/12/2023,2012604,NRS_NV-10306,NRS18_NV_10002,6/14/2018,1,NV,PROB,,Y,XER,BERW,WSA,7.04,8.12,4.29,4.49,3.53,1.23,47.83,Fair
6/12/2023,2012605,NRS_UT-10355,NRS18_UT_10012,6/14/2018,1,UT,PROB,,Y,WMT,BERW,WSA,0.78,7.39,1.43,0.53,1.76,0,19.82,Poor
6/12/2023,2012606,NRS_WI-10121,NRS18_WI_10020,6/14/2018,1,WI,PROB,,Y,UMW,BERW,WSA,0,5.48,1.43,1.01,2.22,4.49,24.38,Fair
6/12/2023,2012607,NRS_OH-10068,NRS18_OH_10011,6/11/2018,1,OH,PROB,,Y,SAP,BERW,WSA,0.61,9.35,3.33,1.05,0,0,23.9,Poor
6/12/2023,2012608,NRS_OH-10049,NRS18_OH_10006,6/14/2018,1,OH,PROB,,Y,NAP,BERW,WSA,0,2.71,1.11,0,0,0.29,6.85,Poor
6/12/2023,2012609,NRS_PA-10089,NRS18_PA_10028,6/14/2018,1,PA,PROB,,Y,NAP,BETB,WSA,6.11,8.92,10,4.72,8.57,1.88,67,Good
6/12/2023,2012610,NRS_LA-10206,NRS18_LA_10020,6/14/2018,1,LA,PROB,,Y,CPL,BERW,WSA,0,0.47,2.5,0,0,0,4.95,Poor
6/12/2023,2012611,NRS_LA-10204,NRS18_LA_10018,6/14/2018,1,LA,PROB,,Y,CPL,BERW,WSA,5.67,0.95,2.5,0.76,0,0.49,17.28,Poor
6/12/2023,2012612,NRS_LA-10133,NRS18_LA_10005,6/17/2018,1,LA,PROB,,Y,CPL,BETB,WSA,7.03,4.56,5,0,0.62,0,28.68,Poor
6/12/2023,2012613,NRS_LA-10196,NRS18_LA_10015,6/17/2018,1,LA,PROB,,Y,CPL,BETB,WSA,4.93,6.86,3.75,3.88,2.5,2.25,40.28,Poor
6/12/2023,2012624,NRS_IL-10135,NRS18_IL_10041,6/27/2018,1,IL,PROB,,Y,TPL,BETB,WSA,7.13,7.22,8.75,5.88,5,2.62,61,Good
6/12/2023,2012625,NRS_LA-10124,NRS18_LA_10003,6/18/2018,1,LA,PROB,,Y,CPL,BETB,WSA,0,0,0,3.05,0,0.75,6.33,Poor
6/12/2023,2012626,NRS_WI-10187,NRS18_WI_10039,6/18/2018,1,WI,PROB,,Y,TPL,BERW,WSA,0,5.8,1.25,1.18,0,1.14,15.62,Poor
6/12/2023,2012627,NRS_CA-10935,NRS18_CA_10036,6/18/2018,1,CA,PROB,,Y,XER,BETB,WSA,0,0.41,1.43,2.29,0.59,0.01,7.88,Poor
6/12/2023,2012628,NRS_NV-10390,NRS18_NV_10008,6/19/2018,1,NV,PROB,,Y,XER,BERW,WSA,9.49,0.48,0,0.17,0.59,6.01,27.9,Poor
6/12/2023,2012631,NRS_WA-10356,NRS18_WA_10043,6/18/2018,1,WA,PROB,,Y,WMT,BERW,WSA,8.54,5.36,7.14,8.11,9.41,6.48,75.07,Good
6/12/2023,2012633,NRS_OK-10054,NRS18_OK_10056,6/18/2018,1,OK,PROB,,Y,SPL,BERW,WSA,1.5,6.21,5.71,4.91,4,1.43,39.6,Good
6/12/2023,2012634,NRS_KS-10324,NRS18_KS_RF001,6/19/2018,1,KS,HAND,,Y,TPL,BERW,WSA,4.69,7.9,7.5,8.24,5,4.59,63.2,Good
6/12/2023,2012635,NRS_CA-11201,NRS18_CA_10052,6/19/2018,1,CA,PROB,,Y,XER,BETB,WSA,0,2.96,5.71,1.01,1.18,0,18.1,Poor
6/12/2023,2012636,NRS_LA-10210,NRS18_LA_10481,6/18/2018,1,LA,PROB,,Y,CPL,BETB,WSA,4.17,1.01,1.25,0.59,0,0,11.7,Poor
6/12/2023,2012637,NRS_OK-10217,NRS18_OK_11082,6/18/2018,1,OK,PROB,,Y,SPL,BERW,WSA,0,0,0,0.89,0,0,1.48,Poor
6/12/2023,2012638,NRS_WA-10451,NRS18_WA_10211,6/17/2018,1,WA,PROB,,Y,XER,BERW,WSA,0,4.7,7.14,3.94,2.35,0,30.22,Poor
6/12/2023,2012639,NRS_CA-10858,NRS18_CA_10009,6/18/2018,1,CA,PROB,,Y,WMT,BERW,WSA,5.18,10,4.29,3.85,9.41,6.02,64.58,Good
6/12/2023,2012640,NRS_KS-10272,NRS18_KS_10123,6/18/2018,1,KS,PROB,,Y,SPL,BERW,WSA,0.51,1.14,7.14,3.95,1.33,0,23.45,Fair
6/12/2023,2012641,NRS_LA-10085,NRS18_LA_10007,6/19/2018,1,LA,PROB,,Y,CPL,BETB,WSA,0,3.96,3.75,2.64,1.25,2.81,24.02,Poor
6/12/2023,2012642,NRS_OR-10629,NRS18_OR_10042,6/19/2018,1,OR,PROB,,Y,XER,BETB,WSA,7.45,6,5.71,6.22,7.06,2.52,58.27,Good
6/12/2023,2012643,NRS_UT-10262,NRS18_UT_10004,6/18/2018,1,UT,PROB,,Y,WMT,BERW,WSA,0,0,2.86,0.7,0,0,5.93,Poor
6/12/2023,2012645,NRS_GA-10113,NRS18_GA_10011,6/19/2018,1,GA,PROB,,Y,CPL,BERW,WSA,9.48,10,3.75,7.81,9.38,10,84.03,Good
6/12/2023,2012646,NRS_OK-10199,NRS18_OK_10058,6/19/2018,1,OK,PROB,,Y,SPL,BERW,WSA,0.61,4.5,2.86,0,0.67,0,14.4,Poor
6/12/2023,2012647,NRS_KY-10037,NRS18_KY_10001,6/19/2018,1,KY,PROB,,Y,SAP,BERW,WSA,5.75,2.88,0,0,1,0,16.05,Poor
6/12/2023,2012648,NRS_MI-10169,NRS18_MI_10682,6/19/2018,1,MI,PROB,,Y,TPL,BETB,WSA,0,4.89,3.75,0,0,0,14.4,Poor
6/12/2023,2012649,NRS_OK-10221,NRS18_OK_11329,6/19/2018,1,OK,PROB,,Y,SPL,BERW,WSA,1.19,6.35,2.86,0.13,0.67,1.43,21.05,Poor
6/12/2023,2012650,NRS_SD-10453,NRS18_SD_10039,6/19/2018,1,SD,PROB,,Y,NPL,BERW,WSA,4.87,9.75,10,5.85,10,7.08,79.25,Good
6/12/2023,2012651,NRS_DE-10016,NRS18_DE_10003,6/19/2018,1,DE,PROB,,Y,CPL,BERW,WSA,5.35,6.69,1.25,7.58,0,4.5,42.28,Fair
6/12/2023,2012652,NRS_WA-10397,NRS18_WA_10021,6/19/2018,1,WA,PROB,,Y,XER,BERW,WSA,1.22,9.36,8.57,4.62,5.29,3.47,54.22,Fair
6/12/2023,2012653,NRS_NJ-10072,NRS18_NJ_10183,6/20/2018,1,NJ,PROB,,Y,NAP,BERW,WSA,4.09,1.52,4.44,7.18,1.9,3.04,36.95,Poor
6/12/2023,2012654,NRS_MI-10147,NRS18_MI_10048,6/20/2018,1,MI,PROB,,Y,UMW,BERW,WSA,0,0,0,0,0,0,0,Poor
6/12/2023,2012655,NRS_CA-11076,NRS18_CA_10066,6/19/2018,1,CA,PROB,,Y,WMT,BERW,WSA,7.09,5.76,5.71,4.89,10,4.3,62.92,Good
6/12/2023,2012656,NRS_VT-10098,NRS18_VT_10002,6/19/2018,1,VT,PROB,,Y,NAP,BETB,WSA,2,3.89,3.33,0,2.86,0,20.13,Poor
6/12/2023,2012657,NRS_CA-11311,NRS18_CA_10322,6/20/2018,1,CA,PROB,,Y,XER,BETB,WSA,0,0.62,5.71,1.84,0,0,13.62,Poor
6/12/2023,2012658,NRS_UT-10326,NRS18_UT_10009,6/20/2018,1,UT,PROB,,Y,XER,BERW,WSA,7.75,2.97,1.43,0.84,1.18,1.34,25.85,Poor
6/12/2023,2012659,NRS_KY-10031,NRS18_KY_10008,6/20/2018,1,KY,PROB,,Y,SAP,BETB,WSA,1.59,0,0,0,0,0,2.65,Poor
6/12/2023,2012660,NRS_SC-10055,NRS18_SC_10011,6/20/2018,1,SC,PROB,,Y,SAP,BETB,WSA,0,4.96,0,0,0,0,8.27,Poor
6/12/2023,2012661,NRS_SC-10050,NRS18_SC_10007,6/19/2018,1,SC,PROB,,Y,SAP,BERW,WSA,0.2,2.01,0,0,0,1.62,6.38,Poor
6/12/2023,2012662,NRS_WA-10468,NRS18_WA_10811,6/20/2018,1,WA,PROB,,Y,XER,BETB,WSA,0,1.45,2.86,1.84,1.76,3.47,18.97,Poor
6/12/2023,2012663,NRS_WA-10319,NRS18_WA_10001,6/20/2018,1,WA,PROB,,Y,WMT,BERW,WSA,7.63,0,4.29,4.84,2.94,6.81,44.18,Fair
6/12/2023,2012664,NRS_VT-10143,NRS18_VT_10016,6/20/2018,1,VT,PROB,,Y,NAP,BERW,WSA,10,3.21,5.56,8.35,9.52,7.55,73.65,Good
6/12/2023,2012665,NRS_SD-10451,NRS18_SD_10037,6/20/2018,1,SD,PROB,,Y,NPL,BERW,WSA,2.05,7.92,2,1.84,2.86,2.92,32.65,Poor
6/12/2023,2012666,NRS_NH-10109,NRS18_NH_10010,6/20/2018,1,NH,PROB,,Y,NAP,BETB,WSA,0.5,6.13,4.44,0,0.95,0.95,21.62,Poor
6/12/2023,2012668,NRS_MO-10169,NRS18_MO_RF001,6/21/2018,1,MO,HAND,,Y,TPL,BERW,WSA,6.24,2.67,5,1.76,1,0,27.78,Fair
6/12/2023,2012669,NRS_NC-10147,NRS18_NC_10020,6/20/2018,1,NC,PROB,,Y,SAP,BERW,WSA,0,2.09,0,0,0,2.14,7.05,Poor
6/12/2023,2012672,NRS_NE-10136,NRS18_NE_10015,6/21/2018,1,NE,PROB,,Y,SPL,BERW,WSA,8.78,6.21,1.43,3.81,6,2.86,48.48,Good
6/12/2023,2012673,NRS_OR-10564,NRS18_OR_10026,6/20/2018,1,OR,PROB,,Y,WMT,BETB,WSA,5.07,6.51,5.71,3.89,5.88,0.84,46.5,Fair
6/12/2023,2012674,NRS_ND-10430,NRS18_ND_10030,6/21/2018,1,ND,PROB,,Y,NPL,BERW,WSA,3.73,1.73,6,6.76,1.43,2.08,36.22,Poor
6/12/2023,2012675,NRS_CA-10946,NRS18_CA_10029,6/21/2018,1,CA,PROB,,Y,XER,BETB,WSA,0,0.5,7.14,0,0,0,12.73,Poor
6/12/2023,2012676,NRS_WA-10388,NRS18_WA_10014,6/17/2018,1,WA,PROB,,Y,WMT,BETB,WSA,8.01,6.07,10,5.08,8.24,1.49,64.82,Good
6/12/2023,2012677,NRS_WA-10325,NRS18_WA_10002,6/21/2018,1,WA,PROB,,Y,XER,BETB,WSA,9.22,6.65,2.86,5.02,2.94,6.93,56.03,Fair
6/12/2023,2012678,NRS_SC-10053,NRS18_SC_10008,6/21/2018,1,SC,PROB,,Y,SAP,BETB,WSA,3.06,6.91,1.11,7.74,3,1.03,38.08,Fair
6/12/2023,2012679,NRS_WA-10381,NRS18_WA_10013,6/21/2018,1,WA,PROB,,Y,WMT,BERW,WSA,7.09,7.7,8.57,5.4,10,5.26,73.37,Good
6/12/2023,2012680,NRS_LA-10209,NRS18_LA_10181,6/19/2018,1,LA,PROB,,Y,CPL,BETB,WSA,0,2.6,2.5,0.17,0,3.38,14.42,Poor
6/12/2023,2012681,NRS_LA-10199,NRS18_LA_10011,6/21/2018,1,LA,PROB,,Y,CPL,BERW,WSA,3,5.33,0,1.22,0.62,0.87,18.4,Poor
6/12/2023,2012682,NRS_WA-10342,NRS18_WA_10012,6/18/2018,1,WA,PROB,,Y,XER,BETB,WSA,7.35,3.42,7.14,4.7,2.94,2.39,46.57,Fair
6/12/2023,2012683,NRS_LA-10205,NRS18_LA_10019,6/22/2018,1,LA,PROB,,Y,CPL,BERW,WSA,0,1.42,0,3.52,3.75,4.02,21.18,Poor
6/12/2023,2012684,NRS_GA-10154,NRS18_GA_10024,6/20/2018,1,GA,PROB,,Y,SAP,BERW,WSA,4.86,8.06,10,5.59,5.5,4.34,63.92,Good
6/12/2023,2012685,NRS_NV-10295,NRS18_NV_10003,6/21/2018,1,NV,PROB,,Y,XER,BERW,WSA,4.29,3.75,2.86,6.47,5.29,3.19,43.08,Fair
6/12/2023,2012686,NRS_WA-10398,NRS18_WA_10022,6/22/2018,1,WA,PROB,,Y,WMT,BETB,WSA,2.76,3.75,0,0.88,0,4.23,19.37,Poor
6/12/2023,2012687,NRS_TX-10099,NRS18_TX_10012,6/21/2018,1,TX,PROB,,Y,SPL,BERW,WSA,0.63,3.13,0,0.89,2,1.43,13.47,Poor
6/12/2023,2012688,NRS_TX-10235,NRS18_TX_10029,6/19/2018,1,TX,PROB,,Y,SPL,BERW,WSA,0,0.66,4.29,0,0,1.43,10.63,Poor
6/12/2023,2012689,NRS_TX-10239,NRS18_TX_10030,6/20/2018,1,TX,PROB,,Y,SPL,BERW,WSA,2.76,7.96,5.71,2.42,2.67,1.43,38.25,Good
6/12/2023,2012690,NRS_LA-10126,NRS18_LA_10004,6/21/2018,1,LA,PROB,,Y,CPL,BERW,WSA,6.64,0,0,0,0,0,11.07,Poor
6/12/2023,2012691,NRS_LA-10081,NRS18_LA_10006,6/20/2018,1,LA,PROB,,Y,CPL,BETB,WSA,0,6.51,3.75,1.96,1.88,3.75,29.75,Poor
6/12/2023,2012692,NRS_CT-10120,NRS18_CT_10031,6/18/2018,1,CT,PROB,,Y,NAP,BERW,WSA,4.66,6.99,4.44,4.4,5.71,3.35,49.25,Fair
6/12/2023,2012693,NRS_LA-10091,NRS18_LA_10001,6/24/2018,2,LA,PROB,,Y,CPL,BETB,WSA,0,0,1.25,0,0,0,2.08,Poor
6/12/2023,2012694,NRS_TX-10369,NRS18_TX_10886,6/24/2018,1,TX,PROB,,Y,SPL,BERW,WSA,0,0,0,0,0,0,0,Poor
6/12/2023,2012697,NRS_WA-10341,NRS18_WA_10007,6/24/2018,1,WA,PROB,,Y,WMT,BERW,WSA,8.83,0,7.14,7.2,5.29,5.92,57.3,Good
6/12/2023,2012698,NRS_IL-10104,NRS18_IL_10017,6/24/2018,1,IL,PROB,,Y,TPL,BERW,WSA,1.46,9.03,1.25,2.35,2,1.23,28.87,Fair
6/12/2023,2012699,NRS_LA-10191,NRS18_LA_10013,6/24/2018,2,LA,PROB,,Y,CPL,BERW,WSA,2.12,2.6,2.5,0.17,0,2.25,16.07,Poor
6/12/2023,2012702,NRS_CT-10063,NRS18_CT_10001,6/25/2018,1,CT,PROB,,Y,NAP,BERW,WSA,6.16,5.02,4.44,7.27,7.14,5.86,59.82,Good
6/12/2023,2012703,NRS_MO-10170,NRS18_MO_RF002,6/25/2018,1,MO,HAND,,Y,SAP,BERW,WSA,4.86,0,2.22,9.67,2.5,7.66,44.85,Fair
6/12/2023,2012704,NRS_IL-10144,NRS18_IL_10514,6/25/2018,1,IL,PROB,,Y,UMW,BERW,WSA,0,0.65,0,0.68,0,0.96,3.82,Poor
6/12/2023,2012705,NRS_LA-10192,NRS18_LA_10010,6/25/2018,2,LA,PROB,,Y,CPL,BETB,WSA,0.88,1.01,1.25,0.59,0,3.75,12.47,Poor
6/12/2023,2012706,NRS_LA-10079,NRS18_LA_10002,6/25/2018,2,LA,PROB,,Y,CPL,BETB,WSA,0,3.61,2.5,1.96,0,0,13.45,Poor
6/12/2023,2012707,NRS_TN-10077,NRS18_TN_10029,6/25/2018,1,TN,PROB,,Y,SAP,BERW,WSA,1.36,3.02,4.44,0,0.5,0.75,16.78,Poor
6/12/2023,2012708,NRS_WI-10072,NRS18_WI_10005,6/25/2018,1,WI,PROB,,Y,UMW,BERW,WSA,2.88,2.97,0,2.98,2.22,5.32,27.28,Fair
6/12/2023,2012709,NRS_ND-10343,NRS18_ND_10014,6/25/2018,1,ND,PROB,,Y,NPL,BERW,WSA,0,9.29,6,1.73,1.43,2.08,34.22,Poor
6/12/2023,2012710,NRS_IL-10039,NRS18_IL_10009,6/25/2018,1,IL,PROB,,Y,TPL,BETB,WSA,3.47,2.9,3.75,0,2,2.87,24.98,Poor
6/12/2023,2012711,NRS_TX-10312,NRS18_TX_10062,6/25/2018,1,TX,PROB,,Y,SPL,BERW,WSA,0,2.7,0,0.89,0,1.43,8.37,Poor
6/12/2023,2012712,NRS_WA-10339,NRS18_WA_10011,6/25/2018,1,WA,PROB,,Y,WMT,BETB,WSA,6.23,6.24,7.14,5.1,7.06,7.62,65.65,Good
6/12/2023,2012713,NRS_MI-10133,NRS18_MI_10034,6/25/2018,1,MI,PROB,,Y,UMW,BERW,WSA,5.73,4.84,4.29,6.48,1.11,0,37.42,Good
6/12/2023,2012714,NRS_NV-10297,NRS18_NV_10005,6/25/2018,1,NV,PROB,,Y,XER,BERW,WSA,10,4.9,2.86,2.29,7.65,6.47,56.95,Fair
6/12/2023,2012715,NRS_NY-10051,NRS18_NY_10017,6/25/2018,1,NY,PROB,,Y,NAP,BETB,WSA,2.3,5.44,5.56,6.59,1.9,3.16,41.58,Fair
6/12/2023,2012717,NRS_PA-10078,NRS18_PA_10015,6/26/2018,1,PA,PROB,,Y,SAP,BERW,WSA,1.5,5.47,5.56,4.38,3,3.02,38.22,Fair
6/12/2023,2012718,NRS_WA-10336,NRS18_WA_10005,6/24/2018,1,WA,PROB,,Y,WMT,BERW,WSA,0,9.03,4.29,0,0,0,22.2,Poor
6/12/2023,2012719,NRS_CA-11011,NRS18_CA_10022,6/26/2018,1,CA,PROB,,Y,WMT,BERW,WSA,6.23,8.32,7.14,5.4,10,8.46,75.92,Good
6/12/2023,2012722,NRS_MO-10029,NRS18_MO_10002,6/26/2018,1,MO,PROB,,Y,TPL,BETB,WSA,1.63,2.05,2.5,0,0,0,10.3,Poor
6/12/2023,2012723,NRS_AR-10219,NRS18_AR_10017,6/26/2018,1,AR,PROB,,Y,CPL,BETB,WSA,0,1.24,1.25,0,0,1.61,6.83,Poor
6/12/2023,2012724,NRS_OH-10088,NRS18_OH_10043,6/25/2018,1,OH,PROB,,Y,TPL,BERW,WSA,0.04,6.36,2.5,2.94,0,0,19.73,Poor
6/12/2023,2012725,NRS_OK-10060,NRS18_OK_10017,6/25/2018,1,OK,PROB,,Y,TPL,BERW,WSA,0,4.03,3.75,0,0,0,12.97,Poor
6/12/2023,2012726,NRS_OK-10188,NRS18_OK_10038,6/26/2018,1,OK,PROB,,Y,SAP,BERW,WSA,8.08,3.31,0,6.8,4.5,4.12,44.68,Fair
6/12/2023,2012727,NRS_OH-10082,NRS18_OH_10049,6/26/2018,1,OH,PROB,,Y,TPL,BETB,WSA,0.08,5.97,2.5,3.53,0,0,20.13,Poor
6/12/2023,2012728,NRS_WA-10343,NRS18_WA_10047,6/26/2018,1,WA,PROB,,Y,WMT,BETB,WSA,3.58,3.45,0,0,2.94,0,16.62,Poor
6/12/2023,2012729,NRS_MI-10058,NRS18_MI_10007,6/26/2018,1,MI,PROB,,Y,UMW,BERW,WSA,3.36,2.77,0,7.74,1.67,6.3,36.4,Fair
6/12/2023,2012730,NRS_IL-10049,NRS18_IL_10005,6/26/2018,1,IL,PROB,,Y,TPL,BERW,WSA,2.01,7.22,3.75,3.53,3,0,32.52,Fair
6/12/2023,2012731,NRS_DE-10090,NRS18_DE_10016,6/25/2018,1,DE,PROB,,Y,SAP,BERW,WSA,0,4.53,2.22,6.58,1,0,23.88,Poor
6/12/2023,2012732,NRS_SD-10478,NRS18_SD_10544,6/26/2018,1,SD,PROB,,Y,WMT,BERW,WSA,3.82,3.16,4.29,3.51,2.94,0,29.53,Poor
6/12/2023,2012733,NRS_NV-10473,NRS18_NV_10024,6/26/2018,1,NV,PROB,,Y,XER,BERW,WSA,7.96,3.96,2.86,2.99,4.12,5.23,45.2,Fair
6/12/2023,2012734,NRS_IL-10043,NRS18_IL_10010,8/28/2018,1,IL,PROB,,Y,TPL,BETB,WSA,2.73,7.05,5,2.94,6,6.9,51.03,Good
6/12/2023,2012735,NRS_IL-10090,NRS18_IL_10021,8/29/2018,1,IL,PROB,,Y,UMW,BETB,WSA,0,3.48,0,0,0,0,5.8,Poor
6/12/2023,2012736,NRS_WA-10410,NRS18_WA_10049,6/26/2018,1,WA,PROB,,Y,XER,BERW,WSA,0,2.99,7.14,1.84,1.18,0,21.92,Poor
6/12/2023,2012737,NRS_ND-10447,NRS18_ND_10225,6/26/2018,1,ND,PROB,,Y,TPL,BERW,WSA,0.63,5.4,6.25,4.12,0,0,27.33,Fair
6/12/2023,2012738,NRS_WV-10019,NRS18_WV_10002,6/26/2018,1,WV,PROB,,Y,SAP,BETB,WSA,1.77,0,0,2.76,0,0,7.55,Poor
6/12/2023,2012739,NRS_VT-10120,NRS18_VT_10023,6/27/2018,1,VT,PROB,,Y,NAP,BERW,WSA,9,4.66,3.33,8.52,7.62,5.82,64.92,Good
6/12/2023,2012740,NRS_PA-10087,NRS18_PA_10026,6/27/2018,1,PA,PROB,,Y,SAP,BETB,WSA,3.83,8.06,5.56,0.24,4,0,36.15,Fair
6/12/2023,2012741,NRS_IL-10035,NRS18_IL_10002,6/27/2018,1,IL,PROB,,Y,TPL,BETB,WSA,0,0,0,0,0,10,16.67,Poor
6/12/2023,2012742,NRS_KS-10325,NRS18_KS_RF003,6/27/2018,1,KS,HAND,,Y,TPL,BERW,WSA,6.99,3.12,3.75,6.47,2,3.61,43.23,Good
6/12/2023,2012743,NRS_NJ-10045,NRS18_NJ_10005,6/26/2018,1,NJ,PROB,,Y,NAP,BERW,WSA,6.86,6.06,5.56,5.17,6.67,4.09,57.35,Good
6/12/2023,2012746,NRS_NV-10339,NRS18_NV_10007,6/27/2018,1,NV,PROB,,Y,XER,BERW,WSA,7.86,7.2,7.14,3.31,2.35,3.02,51.47,Fair
6/12/2023,2012747,NRS_NH-10073,NRS18_NH_10005,6/27/2018,1,NH,PROB,,Y,NAP,BETB,WSA,0,0,1.11,0,0,2.46,5.95,Poor
6/12/2023,2012748,NRS_AR-10057,NRS18_AR_10002,6/27/2018,1,AR,PROB,,Y,CPL,BETB,WSA,10,1.12,1.25,7.05,0,10,49.03,Fair
6/12/2023,2012749,NRS_WA-10438,NRS18_WA_10035,6/27/2018,1,WA,PROB,,Y,XER,BERW,WSA,7.04,10,10,5.41,10,3.35,76.33,Good
6/12/2023,2012750,NRS_SD-10421,NRS18_SD_10016,6/27/2018,1,SD,PROB,,Y,WMT,BERW,WSA,0,0,4.29,1.17,0,0,9.1,Poor
6/12/2023,2012751,NRS_WI-10098,NRS18_WI_10069,6/27/2018,1,WI,PROB,,Y,UMW,BERW,WSA,3.53,4.45,7.14,7.28,3.33,4.11,49.73,Good
6/12/2023,2012752,NRS_OH-10034,NRS18_OH_10001,6/27/2018,2,OH,PROB,,Y,SAP,BERW,WSA,0.54,6.83,4.44,4.38,1,1.26,30.75,Poor
6/12/2023,2012753,NRS_TX-10091,NRS18_TX_10016,6/28/2018,2,TX,PROB,,Y,CPL,BERW,WSA,8.99,0,2.5,0,0,0,19.15,Poor
6/12/2023,2012754,NRS_ND-10341,NRS18_ND_10010,6/28/2018,2,ND,PROB,,Y,NPL,BERW,WSA,1.79,8.73,6,3.83,2.86,3.33,44.23,Fair
6/12/2023,2012755,NRS_MO-10034,NRS18_MO_10011,6/28/2018,1,MO,PROB,,Y,TPL,BETB,WSA,6.19,0.85,0,0.59,0,10,29.38,Fair
6/12/2023,2012756,NRS_KY-10080,NRS18_KY_10019,6/28/2018,1,KY,PROB,,Y,SAP,BETB,WSA,0,0,0,10,0,10,33.33,Fair
6/12/2023,2012757,NRS_MA-10096,NRS18_MA_10013,6/26/2018,1,MA,PROB,,Y,NAP,BERW,WSA,0.79,6.82,2.22,2.22,1.43,2.9,27.3,Poor
6/12/2023,2012758,NRS_MI-10151,NRS18_MI_10052,6/28/2018,1,MI,PROB,,Y,TPL,BETB,WSA,1.47,4.89,1.25,0.59,1,6.57,26.28,Fair
6/12/2023,2012759,NRS_CT-10116,NRS18_CT_10018,6/27/2018,1,CT,PROB,,Y,NAP,BERW,WSA,4.35,7.33,6.67,5.17,5.24,3.13,53.15,Fair
6/12/2023,2012760,NRS_NE-10108,NRS18_NE_10018,6/27/2018,1,NE,PROB,,Y,SPL,BERW,WSA,1.07,4.22,2.86,3.22,4.67,2.86,31.5,Fair
6/12/2023,2012761,NRS_IL-10080,NRS18_IL_10020,6/28/2018,1,IL,PROB,,Y,TPL,BERW,WSA,2.05,5.28,2.5,5.29,0,1.14,27.1,Fair
6/12/2023,2012762,NRS_WA-10449,NRS18_WA_10065,6/28/2018,1,WA,PROB,,Y,WMT,BERW,WSA,8.28,3.83,7.14,3.55,8.82,6.37,63.32,Good
6/12/2023,2012764,NRS_WA-10407,NRS18_WA_10017,6/28/2018,1,WA,PROB,,Y,WMT,BERW,WSA,7.69,1.77,7.14,6.63,8.24,6.37,63.07,Good
6/12/2023,2012765,NRS_WA-10332,NRS18_WA_10010,6/27/2018,1,WA,PROB,,Y,WMT,BETB,WSA,7.4,6.2,5.71,5.72,7.65,3.86,60.9,Good
6/12/2023,2012766,NRS_CA-11332,NRS18_CA_10343,6/27/2018,1,CA,PROB,,Y,XER,BERW,WSA,10,10,7.14,6.84,10,7.7,86.13,Good
6/12/2023,2012767,NRS_MI-10146,NRS18_MI_10047,6/29/2018,1,MI,PROB,,Y,UMW,BERW,WSA,8.09,4.06,0,7.74,3.33,2.82,43.4,Good
6/12/2023,2012768,NRS_NY-10111,NRS18_NY_10033,6/29/2018,1,NY,PROB,,Y,NAP,BETB,WSA,2.06,3.61,8.89,0.47,1.9,2.35,32.13,Poor
6/12/2023,2012769,NRS_NV-10280,NRS18_NV_10001,6/28/2018,1,NV,PROB,,Y,XER,BERW,WSA,5.3,2.09,2.86,4.62,2.35,4.32,35.9,Poor
6/12/2023,2012770,NRS_WA-10358,NRS18_WA_10044,6/28/2018,1,WA,PROB,,Y,WMT,BERW,WSA,8.62,1.05,10,6.99,8.82,5.05,67.55,Good
6/12/2023,2012771,NRS_MA-10105,NRS18_MA_10182,6/29/2018,1,MA,PROB,,Y,NAP,BERW,WSA,4.62,4.83,7.78,1.53,8.1,3.54,50.67,Fair
6/12/2023,2012772,NRS_IL-10044,NRS18_IL_10011,6/29/2018,1,IL,PROB,,Y,TPL,BETB,WSA,1.34,8.75,3.75,5.29,4,5.55,47.8,Good
6/12/2023,2012773,NRS_NY-10114,NRS18_NY_10036,7/1/2018,1,NY,PROB,,Y,NAP,BETB,WSA,2.4,6.81,3.33,0,2.38,0,24.87,Poor
6/12/2023,2012774,NRS_IL-10140,NRS18_IL_10364,7/1/2018,1,IL,PROB,,Y,TPL,BERW,WSA,7.37,3.52,3.75,2.35,4,3.94,41.55,Good
6/12/2023,2012775,NRS_OR-10563,NRS18_OR_10016,6/29/2018,1,OR,PROB,,Y,WMT,BETB,WSA,6.27,5.71,8.57,6.83,7.65,5.63,67.77,Good
6/12/2023,2012776,NRS_VT-10119,NRS18_VT_10006,7/2/2018,2,VT,PROB,,Y,NAP,BERW,WSA,4.42,10,6.67,3.78,6.19,5.77,61.38,Good
6/12/2023,2012777,NRS_NY-10048,NRS18_NY_10015,7/2/2018,1,NY,PROB,,Y,NAP,BETB,WSA,0,0,2.22,0,0,0,3.7,Poor
6/12/2023,2012778,NRS_ND-10388,NRS18_ND_10054,7/2/2018,1,ND,PROB,,Y,NPL,BERW,WSA,1.49,2.54,2,6.05,2.86,3.33,30.45,Poor
6/12/2023,2012779,NRS_KS-10214,NRS18_KS_10033,7/2/2018,1,KS,PROB,,Y,TPL,BERW,WSA,0.5,4.2,3.75,1.76,2,0,20.35,Poor
6/12/2023,2012780,NRS_NV-10306,NRS18_NV_10002,7/2/2018,2,NV,PROB,,Y,XER,BERW,WSA,10,2.88,2.86,2.06,2.35,5.79,43.23,Fair
6/12/2023,2012781,NRS_WA-10463,NRS18_WA_10519,7/1/2018,1,WA,PROB,,Y,XER,BERW,WSA,5.3,7.74,8.57,2.72,5.29,1.23,51.42,Fair
6/12/2023,2012782,NRS_IL-10153,NRS18_IL_10971,7/2/2018,1,IL,PROB,,Y,TPL,BERW,WSA,1.88,9.26,6.25,4.12,7,3.1,52.68,Good
6/12/2023,2012783,NRS_MA-10062,NRS18_MA_10003,7/2/2018,1,MA,PROB,,Y,NAP,BERW,WSA,2.91,4.29,0,0,0.48,6.11,22.98,Poor
6/12/2023,2012784,NRS_WV-10053,NRS18_WV_10010,7/2/2018,2,WV,PROB,,Y,SAP,BERW,WSA,6.29,4.82,4.44,10,5.5,8.7,66.25,Good
6/12/2023,2012785,NRS_MA-10102,NRS18_MA_10019,7/1/2018,1,MA,PROB,,Y,NAP,BETB,WSA,0,0,0,0,0,0,0,Poor
6/12/2023,2012786,NRS_ID-10194,NRS18_ID_10001,7/2/2018,1,ID,PROB,,Y,WMT,BERW,WSA,4.41,6.12,2.86,5.4,5.88,2.62,45.48,Fair
6/12/2023,2012787,NRS_OH-10075,NRS18_OH_10012,7/2/2018,2,OH,PROB,,Y,TPL,BETB,WSA,3.81,5.34,6.25,3.53,1,2.49,37.37,Fair
6/12/2023,2012788,NRS_WI-10177,NRS18_WI_10029,7/23/2018,1,WI,PROB,,Y,TPL,BERW,WSA,1.72,4.83,3.75,0,1,0,18.83,Poor
6/12/2023,2012789,NRS_WA-10444,NRS18_WA_10060,7/4/2018,1,WA,PROB,,Y,WMT,BERW,WSA,5.99,9.43,10,5.63,10,7.55,81,Good
6/12/2023,2012790,NRS_WA-10453,NRS18_WA_10360,7/4/2018,1,WA,PROB,,Y,WMT,BERW,WSA,6.07,8.84,10,6.47,8.24,4,72.7,Good
6/12/2023,2012791,NRS_WA-10382,NRS18_WA_10018,7/2/2018,1,WA,PROB,,Y,WMT,BERW,WSA,6.5,6.76,7.14,4.16,7.06,2.89,57.52,Good
6/12/2023,2012792,NRS_WA-10435,NRS18_WA_10032,7/1/2018,1,WA,PROB,,Y,WMT,BERW,WSA,5.8,7.83,7.14,4.95,10,0,59.53,Good
6/12/2023,2012793,NRS_DE-10050,NRS18_DE_10005,7/5/2018,1,DE,PROB,,Y,CPL,BERW,WSA,9.08,4.02,0,5.97,1.25,4.33,41.08,Fair
6/12/2023,2012794,NRS_OR-10545,NRS18_OR_10015,7/5/2018,1,OR,PROB,,Y,WMT,BERW,WSA,8.7,1.59,8.57,10,5.88,4.71,65.75,Good
6/12/2023,2012795,NRS_KY-10037,NRS18_KY_10001,7/5/2018,2,KY,PROB,,Y,SAP,BERW,WSA,6.29,5.18,3.33,0,3,4.01,36.35,Fair
6/12/2023,2012796,NRS_KY-10081,NRS18_KY_10020,7/5/2018,1,KY,PROB,,Y,SAP,BETB,WSA,0,5.61,3.33,0,0,0,14.9,Poor
6/12/2023,2012797,NRS_WI-10056,NRS18_WI_10001,7/5/2018,2,WI,PROB,,Y,UMW,BERW,WSA,0.2,0,0,0.01,0,0,0.35,Poor
6/12/2023,2012798,NRS_ID-10279,NRS18_ID_10016,7/5/2018,1,ID,PROB,,Y,XER,BETB,WSA,2.14,3.56,2.86,0,0.59,0,15.25,Poor
6/12/2023,2012799,NRS_RI-10071,NRS18_RI_10018,7/4/2018,1,RI,PROB,,Y,NAP,BERW,WSA,2.75,3.69,5.56,0.78,3.33,2.09,30.33,Poor
6/12/2023,2012800,NRS_RI-10072,NRS18_RI_10019,7/5/2018,1,RI,PROB,,Y,NAP,BERW,WSA,5.27,6.11,6.67,7.14,5.71,8.24,65.23,Good
6/12/2023,2012801,NRS_NV-10398,NRS18_NV_10012,7/5/2018,2,NV,PROB,,Y,XER,BERW,WSA,5.3,4.05,5.71,3.76,2.35,0,35.28,Poor
6/12/2023,2012802,NRS_WA-10381,NRS18_WA_10013,7/5/2018,2,WA,PROB,,Y,WMT,BERW,WSA,5.41,10,7.14,7.16,6.47,4.4,67.63,Good
6/12/2023,2012803,NRS_WA-10405,NRS18_WA_10016,7/6/2018,1,WA,PROB,,Y,WMT,BERW,WSA,10,0,8.57,9.31,4.71,6.81,65.67,Good
6/12/2023,2012804,NRS_MA-10097,NRS18_MA_10014,7/6/2018,1,MA,PROB,,Y,NAP,BERW,WSA,4.42,3.85,4.44,6.1,4.29,7.06,50.27,Fair
6/12/2023,2012805,NRS_WA-10340,NRS18_WA_10006,7/5/2018,1,WA,PROB,,Y,WMT,BETB,WSA,0,2.94,4.29,0,0,0,12.05,Poor
6/12/2023,2012806,NRS_WA-10437,NRS18_WA_10034,7/6/2018,1,WA,PROB,,Y,WMT,BETB,WSA,0,5.94,4.29,0,0,0,17.05,Poor
6/12/2023,2012807,NRS_IL-10048,NRS18_IL_10012,7/8/2018,1,IL,PROB,,Y,TPL,BETB,WSA,2.01,1.59,0,0.59,1,0,8.65,Poor
6/12/2023,2012808,NRS_RI-10075,NRS18_RI_10183,7/8/2018,1,RI,PROB,,Y,NAP,BERW,WSA,2.32,4.91,1.11,0.59,1.43,5.71,26.78,Poor
6/12/2023,2012809,NRS_IL-10088,NRS18_IL_10024,7/9/2018,1,IL,PROB,,Y,TPL,BETB,WSA,3.06,3.47,0,0.59,0,5.74,21.43,Poor
6/12/2023,2012810,NRS_WA-10452,NRS18_WA_10212,7/8/2018,1,WA,PROB,,Y,XER,BERW,WSA,9.18,7.2,1.43,5.62,10,8.11,69.23,Good
6/12/2023,2012811,NRS_RI-10085,NRS18_RI_10194,7/9/2018,1,RI,PROB,,Y,NAP,BERW,WSA,1.8,3.43,2.22,0.41,1.43,3.61,21.5,Poor
6/12/2023,2012812,NRS_CA-11205,NRS18_CA_10056,7/9/2018,1,CA,PROB,,Y,XER,BETB,WSA,0,8.24,8.57,0,3.53,0,33.9,Poor
6/12/2023,2012813,NRS_AL-10039,NRS18_AL_10007,7/9/2018,1,AL,PROB,,Y,SAP,BERW,WSA,3.29,0,1.11,1.51,0.5,0,10.68,Poor
6/12/2023,2012814,NRS_AL-10031,NRS18_AL_10002,7/8/2018,1,AL,PROB,,Y,SAP,BETB,WSA,3.83,1.87,0,0,0,0,9.5,Poor
6/12/2023,2012815,NRS_NE-10158,NRS18_NE_10029,7/9/2018,1,NE,PROB,,Y,TPL,BERW,WSA,5.64,2.95,2.5,1.76,2,0,24.75,Poor
6/12/2023,2012816,NRS_UT-10248,NRS18_UT_10008,7/9/2018,1,UT,PROB,,Y,WMT,BERW,WSA,0,0,1.43,0,0,0,2.38,Poor
6/12/2023,2012820,NRS_KS-10059,NRS18_KS_10005,7/9/2018,1,KS,PROB,,Y,TPL,BERW,WSA,2.3,5.28,2.5,2.35,1,0,22.38,Poor
6/12/2023,2012821,NRS_SD-10300,NRS18_SD_10003,7/9/2018,1,SD,PROB,,Y,NPL,BERW,WSA,6.06,5.23,8,9.08,8.57,4.17,68.52,Good
6/12/2023,2012822,NRS_NV-10573,NRS18_NV_10638,7/9/2018,1,NV,PROB,,Y,XER,BERW,WSA,7.25,5.49,10,0.74,5.88,0,48.93,Fair
6/12/2023,2012823,NRS_WA-10388,NRS18_WA_10014,7/9/2018,2,WA,PROB,,Y,WMT,BETB,WSA,5.56,9.24,7.14,3.27,7.65,2,58.1,Good
6/12/2023,2012824,NRS_RI-10028,NRS18_RI_10003,7/10/2018,1,RI,PROB,,Y,NAP,BERW,WSA,0.99,0,0,0,0,3.93,8.2,Poor
6/12/2023,2012825,NRS_PA-10079,NRS18_PA_10020,7/10/2018,1,PA,PROB,,Y,NAP,BERW,WSA,5.39,7.03,4.44,3.16,6.67,6.17,54.77,Fair
6/12/2023,2012826,NRS_NY-10113,NRS18_NY_10035,7/10/2018,1,NY,PROB,,Y,NAP,BETB,WSA,0,7.01,4.44,0,0,0,19.08,Poor
6/12/2023,2012827,NRS_AR-10207,NRS18_AR_10010,7/10/2018,1,AR,PROB,,Y,CPL,BETB,WSA,8.42,3.31,2.5,5.45,3.12,10,54.67,Fair
6/12/2023,2012828,NRS_NE-10126,NRS18_NE_10021,7/10/2018,1,NE,PROB,,Y,TPL,BETB,WSA,2.97,5.28,0,0.59,3,4.92,27.93,Fair
6/12/2023,2012829,NRS_GA-10050,NRS18_GA_10001,7/10/2018,2,GA,PROB,,Y,SAP,BERW,WSA,3.06,6.62,0,1.45,1.5,2.27,24.83,Poor
6/12/2023,2012830,NRS_AL-10078,NRS18_AL_10016,7/10/2018,1,AL,PROB,,Y,SAP,BETB,WSA,0,5.68,2.22,0,0,0,13.17,Poor
6/12/2023,2012831,NRS_ND-10423,NRS18_ND_10023,7/10/2018,1,ND,PROB,,Y,NPL,BERW,WSA,0.2,5.13,2,3.98,1.43,0,21.23,Poor
6/12/2023,2012832,NRS_IA-10114,NRS18_IA_10019,7/10/2018,1,IA,PROB,,Y,UMW,BETB,WSA,7.6,2.45,4.29,4.58,2.22,1.99,38.55,Good
6/12/2023,2012833,NRS_IA-10069,NRS18_IA_10042,7/10/2018,1,IA,PROB,,Y,UMW,BETB,WSA,7.3,3.35,2.86,3.97,1.67,0,31.92,Fair
6/12/2023,2012834,NRS_OK-10215,NRS18_OK_10923,7/10/2018,1,OK,PROB,,Y,CPL,BERW,WSA,4.75,7.04,3.75,5.91,3.75,4.63,49.72,Fair
6/12/2023,2012835,NRS_WI-10215,NRS18_WI_10243,7/9/2018,1,WI,PROB,,Y,UMW,BERW,WSA,3.76,5.74,2.86,5.32,2.78,2.38,38.07,Good
6/12/2023,2012836,NRS_TX-10121,NRS18_TX_10013,7/10/2018,1,TX,PROB,,Y,SPL,BERW,WSA,1.07,5.4,1.43,2.6,0.67,0,18.62,Poor
6/12/2023,2012837,NRS_CO-10500,NRS18_CO_RF002,7/10/2018,1,CO,HAND,,Y,WMT,BERW,WSA,5.59,5.73,4.29,6.96,4.12,3.66,50.58,Good
6/12/2023,2012838,NRS_ID-10204,NRS18_ID_10012,7/10/2018,1,ID,PROB,,Y,WMT,BETB,WSA,3.34,5.57,7.14,2.61,4.71,3.66,45.05,Fair
6/12/2023,2012839,NRS_NV-10487,NRS18_NV_10195,7/10/2018,1,NV,PROB,,Y,XER,BERW,WSA,8.47,3.7,4.29,2.13,5.29,1.23,41.85,Poor
6/12/2023,2012840,NRS_AR-10209,NRS18_AR_10018,7/10/2018,1,AR,PROB,,Y,CPL,BETB,WSA,7.77,2.9,3.75,0.13,3.75,4.58,38.13,Poor
6/12/2023,2012841,NRS_CA-10930,NRS18_CA_10020,7/10/2018,1,CA,PROB,,Y,XER,BETB,WSA,0,6.8,5.71,1.41,2.94,0,28.1,Poor
6/12/2023,2012842,NRS_VT-10098,NRS18_VT_10002,7/10/2018,2,VT,PROB,,Y,NAP,BETB,WSA,1.76,7.05,5.56,0,2.86,0,28.72,Poor
6/12/2023,2012843,NRS_UT-10371,NRS18_UT_10027,7/10/2018,1,UT,PROB,,Y,WMT,BERW,WSA,3.34,4.09,2.86,3.05,2.35,0,26.15,Poor
6/12/2023,2012845,NRS_WA-10319,NRS18_WA_10001,7/8/2018,2,WA,PROB,,Y,WMT,BERW,WSA,10,0,5.71,5.91,5.29,9.08,59.98,Good
6/12/2023,2012846,NRS_WA-10441,NRS18_WA_10038,7/10/2018,1,WA,PROB,,Y,XER,BETB,WSA,7.96,10,7.14,5.05,7.65,4.06,69.77,Good
6/12/2023,2012847,NRS_SD-10445,NRS18_SD_10031,7/10/2018,1,SD,PROB,,Y,NPL,BERW,WSA,6.39,0,0,0,0,0,10.65,Poor
6/12/2023,2012848,NRS_CA-11313,NRS18_CA_10324,7/10/2018,1,CA,PROB,,Y,XER,BERW,WSA,0,2.48,1.43,1.19,0,3.14,13.73,Poor
6/12/2023,2012849,NRS_DE-10089,NRS18_DE_10015,7/10/2018,1,DE,PROB,,Y,SAP,BERW,WSA,2.74,9.78,6.67,5.23,4.5,2.4,52.2,Good
6/12/2023,2012850,NRS_IA-10161,NRS18_IA_RF001,7/11/2018,1,IA,HAND,,Y,TPL,BERW,WSA,7.45,8.92,10,9.41,10,5.88,86.1,Good
6/12/2023,2012851,NRS_CT-10105,NRS18_CT_10008,7/10/2018,1,CT,PROB,,Y,NAP,BERW,WSA,0,6.05,5.56,0,0,0,19.35,Poor
6/12/2023,2012852,NRS_WI-10191,NRS18_WI_10043,7/10/2018,1,WI,PROB,,Y,UMW,BERW,WSA,8.24,0,0,7.86,3.89,6.44,44.05,Good
6/12/2023,2012853,NRS_VT-10120,NRS18_VT_10023,7/11/2018,2,VT,PROB,,Y,NAP,BERW,WSA,9.06,7.02,7.78,6.4,10,3.76,73.37,Good
6/12/2023,2012855,NRS_NY-10128,NRS18_NY_10027,7/11/2018,1,NY,PROB,,Y,NAP,BERW,WSA,4.82,7.76,6.67,3.78,6.67,3.36,55.1,Good
6/12/2023,2012856,NRS_AR-10061,NRS18_AR_10006,7/11/2018,1,AR,PROB,,Y,CPL,BETB,WSA,5.76,6.39,3.75,0.96,3.12,1.71,36.15,Poor
6/12/2023,2012857,NRS_NE-10122,NRS18_NE_10026,7/11/2018,1,NE,PROB,,Y,TPL,BETB,WSA,3.78,1.02,0,0,1,7.66,22.43,Poor
6/12/2023,2012858,NRS_TX-10306,NRS18_TX_10056,7/11/2018,1,TX,PROB,,Y,SPL,BERW,WSA,3.42,4.08,0,4.19,2,0,22.82,Fair
6/12/2023,2012859,NRS_AR-10238,NRS18_AR_10190,7/11/2018,1,AR,PROB,,Y,SAP,BERW,WSA,10,4.03,4.44,2.58,5,1.03,45.13,Good
6/12/2023,2012860,NRS_ND-10265,NRS18_ND_10001,7/11/2018,1,ND,PROB,,Y,NPL,BERW,WSA,0,3.5,4,4.24,1.43,1.67,24.73,Poor
6/12/2023,2012861,NRS_UT-10341,NRS18_UT_10015,7/11/2018,1,UT,PROB,,Y,WMT,BERW,WSA,2.98,10,8.57,2.82,4.12,1.34,49.72,Fair
6/12/2023,2012862,NRS_GA-10113,NRS18_GA_10011,7/11/2018,2,GA,PROB,,Y,CPL,BERW,WSA,9.56,0.71,0,5.06,3.12,7.34,42.98,Fair
6/12/2023,2012863,NRS_PA-10043,NRS18_PA_10002,7/10/2018,1,PA,PROB,,Y,NAP,BETB,WSA,3.09,2.26,2.22,1.93,3.33,1.26,23.48,Poor
6/12/2023,2012864,NRS_NH-10068,NRS18_NH_10002,7/11/2018,1,NH,PROB,,Y,NAP,BETB,WSA,2.82,3.34,1.11,0,2.86,0,16.88,Poor
6/12/2023,2012865,NRS_IA-10150,NRS18_IA_10035,7/11/2018,1,IA,PROB,,Y,UMW,BETB,WSA,7,6.39,7.14,0,3.33,0,39.77,Good
6/12/2023,2012866,NRS_NV-10475,NRS18_NV_10026,7/11/2018,1,NV,PROB,,Y,XER,BERW,WSA,1.63,7.39,8.57,4.06,5.88,1.78,48.85,Fair
6/12/2023,2012867,NRS_CO-10490,NRS18_CO_11276,7/11/2018,1,CO,PROB,,Y,XER,BERW,WSA,8.78,4.26,5.71,5.12,4.12,2.68,51.12,Fair
6/12/2023,2012868,NRS_CA-11341,NRS18_CA_10352,7/11/2018,1,CA,PROB,,Y,XER,BERW,WSA,10,6.32,5.71,6.57,10,8.62,78.7,Good
6/12/2023,2012869,NRS_WV-10082,NRS18_WV_RF003,7/11/2018,1,WV,HAND,,Y,SAP,BETB,WSA,8.66,9.64,10,8.87,10,7.07,90.4,Good
6/12/2023,2012870,NRS_OK-10102,NRS18_OK_10022,7/11/2018,1,OK,PROB,,Y,CPL,BETB,WSA,8.99,6.39,2.5,6.35,9.38,4.05,62.77,Good
6/12/2023,2012871,NRS_NY-10097,NRS18_NY_10032,7/12/2018,1,NY,PROB,,Y,NAP,BERW,WSA,7.2,4.81,0,5.17,5.71,4.64,45.88,Fair
6/12/2023,2012872,NRS_CO-10499,NRS18_CO_RF001,7/11/2018,1,CO,HAND,,Y,WMT,BERW,WSA,6.29,6.16,4.29,5.4,4.12,3.14,49,Fair
6/12/2023,2012873,NRS_VT-10099,NRS18_VT_10001,7/12/2018,1,VT,PROB,,Y,NAP,BERW,WSA,8.21,7.57,4.44,4.92,10,7.35,70.82,Good
6/12/2023,2012874,NRS_PA-10057,NRS18_PA_10006,7/12/2018,1,PA,PROB,,Y,SAP,BERW,WSA,0.06,5.47,4.44,6.45,2,2.14,34.27,Fair
6/12/2023,2012875,NRS_ID-10358,NRS18_ID_10019,7/11/2018,1,ID,PROB,,Y,WMT,BERW,WSA,6.75,2.49,5.71,7.89,5.88,3,52.87,Good
6/12/2023,2012876,NRS_ND-10387,NRS18_ND_10013,7/12/2018,1,ND,PROB,,Y,NPL,BERW,WSA,0,4.77,4,4.36,0,1.25,23.97,Poor
6/12/2023,2012877,NRS_LA-10086,NRS18_LA_10008,7/12/2018,1,LA,PROB,,Y,CPL,BETB,WSA,5.67,7.93,7.5,2.82,3.12,4.18,52.03,Fair
6/12/2023,2012878,NRS_NE-10116,NRS18_NE_10020,7/12/2018,1,NE,PROB,,Y,SPL,BERW,WSA,1.6,4.55,0,0.89,1.33,0,13.95,Poor
6/12/2023,2012879,NRS_AR-10230,NRS18_AR_10040,7/12/2018,1,AR,PROB,,Y,CPL,BERW,WSA,7.56,3.2,5,4.33,5,7.16,53.75,Fair
6/12/2023,2012880,NRS_TX-10181,NRS18_TX_10025,7/12/2018,1,TX,PROB,,Y,SPL,BERW,WSA,0,0,0,3.57,0,0,5.95,Poor
6/12/2023,2012881,NRS_WA-10440,NRS18_WA_10037,7/12/2018,1,WA,PROB,,Y,WMT,BETB,WSA,2.4,2.97,2.86,5.4,0.59,1.83,26.75,Poor
6/12/2023,2012883,NRS_WA-10325,NRS18_WA_10002,7/11/2018,2,WA,PROB,,Y,XER,BETB,WSA,9.73,8.08,7.14,5.12,7.65,5.84,72.6,Good
6/12/2023,2012884,NRS_WV-10019,NRS18_WV_10002,7/12/2018,2,WV,PROB,,Y,SAP,BETB,WSA,2.46,2.09,1.11,1.29,0,0,11.58,Poor
6/12/2023,2012885,NRS_CA-10910,NRS18_CA_10028,7/12/2018,1,CA,PROB,,Y,XER,BERW,WSA,0,2.36,4.29,2.99,4.12,4.06,29.7,Poor
6/12/2023,2012886,NRS_PA-10086,NRS18_PA_10016,7/11/2018,1,PA,PROB,,Y,SAP,BETB,WSA,1.98,0,1.11,0,0,0,5.15,Poor
6/12/2023,2012887,NRS_OH-10040,NRS18_OH_10037,7/12/2018,1,OH,PROB,,Y,SAP,BETB,WSA,5.75,2.73,2.22,5.8,4.5,6,45,Good
6/12/2023,2012888,NRS_NV-10427,NRS18_NV_10009,7/12/2018,1,NV,PROB,,Y,XER,BERW,WSA,5,6.01,2.86,3.9,7.06,4.82,49.42,Fair
6/12/2023,2012889,NRS_RI-10088,NRS18_RI_10197,7/13/2018,1,RI,PROB,,Y,NAP,BERW,WSA,1.64,9.58,3.33,3.59,2.38,2.59,38.52,Poor
6/12/2023,2012890,NRS_AL-10067,NRS18_AL_10009,7/13/2018,1,AL,PROB,,Y,CPL,BERW,WSA,3.18,2.6,0,2.17,0,6.06,23.35,Poor
6/12/2023,2012891,NRS_AL-10073,NRS18_AL_10010,7/12/2018,1,AL,PROB,,Y,CPL,BETB,WSA,5.75,3.49,1.25,0,1.25,2.6,23.9,Poor
6/12/2023,2012893,NRS_AR-10227,NRS18_AR_10026,7/13/2018,1,AR,PROB,,Y,CPL,BETB,WSA,3.54,4.67,2.5,5.97,1.88,7.79,43.92,Fair
6/12/2023,2012894,NRS_CO-10364,NRS18_CO_10028,7/15/2018,1,CO,PROB,,Y,WMT,BERW,WSA,0,0,0,5.4,0,0,9,Poor
6/12/2023,2012895,NRS_AR-10109,NRS18_AR_10004,7/15/2018,1,AR,PROB,,Y,SAP,BERW,WSA,0.9,2.37,4.44,5.8,0.5,0.04,23.42,Poor
6/12/2023,2012896,NRS_IL-10138,NRS18_IL_10044,7/15/2018,1,IL,PROB,,Y,TPL,BETB,WSA,0.75,9.32,5,2.94,1,0,31.68,Fair
6/12/2023,2012897,NRS_AR-10064,NRS18_AR_10008,7/15/2018,1,AR,PROB,,Y,CPL,BETB,WSA,6.73,5.92,3.75,1.96,1.88,4.58,41.37,Fair
6/12/2023,2012898,NRS_OR-10563,NRS18_OR_10016,7/12/2018,2,OR,PROB,,Y,WMT,BETB,WSA,6.13,3.81,10,9.09,5.88,8.49,72.33,Good
6/12/2023,2012899,NRS_MD-10083,NRS18_MD_10019,7/16/2018,1,MD,PROB,,Y,CPL,BETB,WSA,0,0,2.5,0.37,1.25,0.59,7.85,Poor
6/12/2023,2012900,NRS_CA-10948,NRS18_CA_10030,7/16/2018,1,CA,PROB,,Y,XER,BETB,WSA,3.98,6.76,4.29,0,2.35,0,28.97,Poor
6/12/2023,2012901,NRS_UT-10370,NRS18_UT_10026,7/16/2018,1,UT,PROB,,Y,XER,BERW,WSA,7.14,2.02,4.29,6.13,4.71,4.56,48.08,Fair
6/12/2023,2012902,NRS_IN-10089,NRS18_IN_10026,7/16/2018,1,IN,PROB,,Y,UMW,BERW,WSA,3.07,7.48,2.86,3.28,0,0,27.82,Fair
6/12/2023,2012903,NRS_AR-10226,NRS18_AR_10025,7/16/2018,1,AR,PROB,,Y,SAP,BERW,WSA,5.75,6.47,6.67,2.9,2.5,1.03,42.2,Fair
6/12/2023,2012904,NRS_WA-10390,NRS18_WA_10025,7/15/2018,1,WA,PROB,,Y,WMT,BETB,WSA,4.02,2.8,10,9.31,3.53,3,54.43,Good
6/12/2023,2012905,NRS_TX-10318,NRS18_TX_10068,7/15/2018,1,TX,PROB,,Y,XER,BERW,WSA,0,0,1.43,0,0,2.96,7.32,Poor
6/12/2023,2012906,NRS_IL-10121,NRS18_IL_10027,7/16/2018,1,IL,PROB,,Y,SAP,BERW,WSA,10,0,0,2.32,0,0,20.53,Poor
6/12/2023,2012907,NRS_NV-10395,NRS18_NV_10014,7/16/2018,1,NV,PROB,,Y,XER,BERW,WSA,10,2.86,4.29,5.17,7.06,8.55,63.22,Good
6/12/2023,2012908,NRS_CA-11009,NRS18_CA_10021,7/16/2018,1,CA,PROB,,Y,WMT,BERW,WSA,5.15,8.92,7.14,3.78,10,7.21,70.33,Good
6/12/2023,2012909,NRS_OH-10068,NRS18_OH_10011,7/16/2018,2,OH,PROB,,Y,SAP,BERW,WSA,2.64,9.28,2.22,2.68,2.5,0,32.2,Fair
6/12/2023,2012912,NRS_KS-10274,NRS18_KS_10125,7/16/2018,1,KS,PROB,,Y,TPL,BERW,WSA,1.55,7.5,1.25,0,2,0.78,21.8,Poor
6/12/2023,2012913,NRS_PA-10116,NRS18_PA_10035,7/17/2018,1,PA,PROB,,Y,SAP,BERW,WSA,1.07,3.81,4.44,5.49,0.5,0,25.52,Poor
6/12/2023,2012914,NRS_MS-10037,NRS18_MS_10001,7/16/2018,1,MS,PROB,,Y,CPL,BERW,WSA,9.47,4.02,1.25,3.2,0,7.16,41.83,Fair
6/12/2023,2012915,NRS_MS-10042,NRS18_MS_10002,7/15/2018,1,MS,PROB,,Y,CPL,BETB,WSA,7.72,3.91,0,0,0.62,8.44,34.48,Poor
6/12/2023,2012916,NRS_NE-10023,NRS18_NE_10008,7/17/2018,1,NE,PROB,,Y,SPL,BERW,WSA,10,6.26,0,7.75,7.33,2.86,57,Good
6/12/2023,2012917,NRS_ID-10194,NRS18_ID_10001,7/16/2018,2,ID,PROB,,Y,WMT,BERW,WSA,5.65,6.93,2.86,5.7,6.47,3.1,51.18,Good
6/12/2023,2012918,NRS_OR-10545,NRS18_OR_10015,7/17/2018,2,OR,PROB,,Y,WMT,BERW,WSA,5.11,6.46,8.57,5.4,4.71,4.53,57.97,Good
6/12/2023,2012919,NRS_CA-11355,NRS18_CA_10788,7/17/2018,1,CA,PROB,,Y,XER,BETB,WSA,7.45,2.16,2.86,2.29,2.35,4.16,35.45,Poor
6/12/2023,2012920,NRS_SC-10050,NRS18_SC_10007,7/17/2018,2,SC,PROB,,Y,SAP,BERW,WSA,0,0,0,0,0,0,0,Poor
6/12/2023,2012921,NRS_NY-10077,NRS18_NY_10007,7/17/2018,1,NY,PROB,,Y,NAP,BETB,WSA,0.52,0.28,0,0,0,0,1.33,Poor
6/12/2023,2012922,NRS_IN-10104,NRS18_IN_10347,7/17/2018,1,IN,PROB,,Y,UMW,BERW,WSA,5.4,4.9,0,0.86,0.56,0,19.53,Poor
6/12/2023,2012923,NRS_CO-10479,NRS18_CO_10825,7/16/2018,1,CO,PROB,,Y,XER,BERW,WSA,0,7.12,5.71,5.08,5.29,3.02,43.7,Fair
6/12/2023,2012924,NRS_UT-10387,NRS18_UT_10434,7/17/2018,1,UT,PROB,,Y,XER,BETB,WSA,0,1.84,7.14,4.21,2.94,3.07,32,Poor
6/12/2023,2012925,NRS_AR-10213,NRS18_AR_10016,7/17/2018,1,AR,PROB,,Y,SAP,BETB,WSA,0.2,0,0,0,0,0,0.33,Poor
6/12/2023,2012926,NRS_SD-10292,NRS18_SD_10010,7/17/2018,1,SD,PROB,,Y,TPL,BERW,WSA,2.68,2.95,2.5,0.59,0,4.92,22.73,Poor
6/12/2023,2012927,NRS_NV-10280,NRS18_NV_10001,7/17/2018,2,NV,PROB,,Y,XER,BERW,WSA,7.96,3.33,4.29,3.72,3.53,4.42,45.42,Fair
6/12/2023,2012928,NRS_DE-10055,NRS18_DE_10008,7/17/2018,1,DE,PROB,,Y,CPL,BERW,WSA,2.12,7.34,3.75,7.15,5,5.17,50.88,Fair
6/12/2023,2012929,NRS_PA-10129,NRS18_PA_10068,7/18/2018,1,PA,PROB,,Y,CPL,BERW,WSA,0,0,1.25,0.27,0,0,2.53,Poor
6/12/2023,2012930,NRS_ID-10279,NRS18_ID_10016,7/17/2018,2,ID,PROB,,Y,XER,BETB,WSA,0,3.56,4.29,0.17,0.59,0,14.35,Poor
6/12/2023,2012931,NRS_NH-10072,NRS18_NH_10004,7/17/2018,1,NH,PROB,,Y,NAP,BETB,WSA,0,3.54,0,0,0,0,5.9,Poor
6/12/2023,2012932,NRS_TX-10145,NRS18_TX_10005,7/17/2018,1,TX,PROB,,Y,SPL,BERW,WSA,1.48,4.08,5.71,6.42,2.67,0,33.93,Fair
6/12/2023,2012934,NRS_MD-10020,NRS18_MD_10002,7/18/2018,1,MD,PROB,,Y,SAP,BETB,WSA,10,1.01,1.11,1.94,2,6,36.77,Fair
6/12/2023,2012935,NRS_CA-10823,NRS18_CA_10016,7/18/2018,1,CA,PROB,,Y,XER,BETB,WSA,5.51,4.35,5.71,0,2.94,0,30.85,Poor
6/12/2023,2012936,NRS_NE-10178,NRS18_NE_10049,7/18/2018,1,NE,PROB,,Y,SPL,BERW,WSA,10,5.17,5.71,9.04,9.33,7.14,77.32,Good
6/12/2023,2012937,NRS_FL-10196,NRS18_FL_10035,7/17/2018,1,FL,PROB,,Y,CPL,BERW,WSA,4.38,2.13,1.25,2.08,0.62,2.05,20.85,Poor
6/12/2023,2012938,NRS_IL-10103,NRS18_IL_10016,7/18/2018,1,IL,PROB,,Y,SAP,BERW,WSA,4.86,4.46,2.22,6.08,2.5,2.45,37.62,Fair
6/12/2023,2012939,NRS_CT-10125,NRS18_CT_10036,7/17/2018,1,CT,PROB,,Y,NAP,BERW,WSA,0.83,2.94,4.44,2.23,0.95,0.61,20,Poor
6/12/2023,2012940,NRS_SC-10099,NRS18_SC_10479,7/18/2018,1,SC,PROB,,Y,SAP,BERW,WSA,5.83,8.06,0,0.32,3,2.38,32.65,Fair
6/12/2023,2012941,NRS_IN-10084,NRS18_IN_10021,7/18/2018,1,IN,PROB,,Y,UMW,BERW,WSA,3.36,7.1,0,2.29,1.11,0.9,24.6,Fair
6/12/2023,2012942,NRS_NY-10055,NRS18_NY_10019,7/18/2018,1,NY,PROB,,Y,NAP,BETB,WSA,0.62,6.87,1.11,0,0.95,0,15.92,Poor
6/12/2023,2012943,NRS_AR-10239,NRS18_AR_10191,7/18/2018,1,AR,PROB,,Y,SAP,BERW,WSA,3.06,5.18,5.56,6.96,1.5,1.03,38.82,Fair
6/12/2023,2012944,NRS_AR-10229,NRS18_AR_10039,7/18/2018,1,AR,PROB,,Y,CPL,BERW,WSA,3.67,1.48,0,0.59,0.62,5,18.93,Poor
6/12/2023,2012945,NRS_NV-10402,NRS18_NV_10013,7/18/2018,1,NV,PROB,,Y,XER,BERW,WSA,10,4.34,5.71,5.12,7.65,8.99,69.68,Good
6/12/2023,2012946,NRS_SD-10419,NRS18_SD_10015,7/18/2018,1,SD,PROB,,Y,TPL,BERW,WSA,0.63,3.01,0,0,0,0,6.07,Poor
6/12/2023,2012947,NRS_OR-10584,NRS18_OR_10059,7/18/2018,1,OR,PROB,,Y,WMT,BETB,WSA,0,0,1.43,0,0,0,2.38,Poor
6/12/2023,2012948,NRS_NY-10170,NRS18_NY_10061,7/19/2018,1,NY,PROB,,Y,NAP,BETB,WSA,0.69,6.25,3.33,0,0.95,0,18.7,Poor
6/12/2023,2012949,NRS_MI-10166,NRS18_MI_10531,7/19/2018,1,MI,PROB,,Y,UMW,BERW,WSA,3.81,7.23,2.86,2.89,2.78,2.99,37.6,Good
6/12/2023,2012950,NRS_WV-10047,NRS18_WV_RF002,7/18/2018,1,WV,HAND,,Y,SAP,BETB,WSA,6.45,10,8.89,5.59,8,2.87,69.67,Good
6/12/2023,2012952,NRS_MD-10053,NRS18_MD_10010,7/19/2018,1,MD,PROB,,Y,SAP,BETB,WSA,10,3.17,3.33,4.07,5.5,4.52,50.98,Good
6/12/2023,2012953,NRS_UT-10329,NRS18_UT_10014,7/19/2018,1,UT,PROB,,Y,WMT,BERW,WSA,6.68,1.91,5.71,6.7,4.12,2.85,46.62,Fair
6/12/2023,2012954,NRS_IN-10055,NRS18_IN_10008,7/19/2018,1,IN,PROB,,Y,UMW,BERW,WSA,1.4,5.1,2.86,0.97,5,2.99,30.53,Fair
6/12/2023,2012956,NRS_NE-10175,NRS18_NE_10046,7/19/2018,1,NE,PROB,,Y,NPL,BETB,WSA,7.72,10,6,5.85,10,7.5,78.45,Good
6/12/2023,2012958,NRS_PA-10078,NRS18_PA_10015,7/19/2018,2,PA,PROB,,Y,SAP,BERW,WSA,3.95,7.99,7.78,4.84,6.5,6.83,63.15,Good
6/12/2023,2012961,NRS_TN-10075,NRS18_TN_10005,7/19/2018,1,TN,PROB,,Y,CPL,BERW,WSA,8.3,7.4,2.5,1.14,1.88,2.13,38.92,Poor
6/12/2023,2012962,NRS_SC-10052,NRS18_SC_10010,7/19/2018,1,SC,PROB,,Y,SAP,BERW,WSA,1.59,7.41,4.44,7.38,1.5,0,37.2,Fair
6/12/2023,2012963,NRS_CO-10325,NRS18_CO_10014,7/18/2018,1,CO,PROB,,Y,XER,BETB,WSA,2.86,3.23,4.29,3.76,3.53,5.23,38.17,Poor
6/12/2023,2012964,NRS_IN-10088,NRS18_IN_10025,7/20/2018,1,IN,PROB,,Y,UMW,BERW,WSA,8.62,2.97,0,2.57,0,0,23.6,Fair
6/12/2023,2012965,NRS_TX-10296,NRS18_TX_10046,7/19/2018,1,TX,PROB,,Y,CPL,BETB,WSA,3.42,0,1.25,0,0,1.25,9.87,Poor
6/12/2023,2012966,NRS_ID-10241,NRS18_ID_10008,7/19/2018,1,ID,PROB,,Y,WMT,BERW,WSA,5.07,5.36,5.71,3.29,5.88,3.1,47.35,Fair
6/12/2023,2012967,NRS_CO-10226,NRS18_CO_10003,7/19/2018,1,CO,PROB,,Y,WMT,BERW,WSA,4.68,5.26,2.86,3.72,2.94,0,32.43,Poor
6/12/2023,2012968,NRS_CO-10322,NRS18_CO_10068,7/19/2018,1,CO,PROB,,Y,WMT,BERW,WSA,0,0,0,0,0,0,0,Poor
6/12/2023,2012969,NRS_CO-10451,NRS18_CO_10374,7/17/2018,1,CO,PROB,,Y,XER,BERW,WSA,0,3.94,2.86,0,2.94,2.78,20.87,Poor
6/12/2023,2012970,NRS_UT-10377,NRS18_UT_10044,7/20/2018,1,UT,PROB,,Y,XER,BERW,WSA,1.74,2.61,1.43,0,0,0,9.63,Poor
6/12/2023,2012971,NRS_NV-10328,NRS18_NV_10006,7/19/2018,1,NV,PROB,,Y,XER,BERW,WSA,10,7.5,1.43,1.05,2.94,7.88,51.33,Fair
6/12/2023,2012972,NRS_SC-10046,NRS18_SC_10004,7/20/2018,1,SC,PROB,,Y,SAP,BERW,WSA,0,2.09,1.11,0,0,0,5.33,Poor
6/12/2023,2012973,NRS_TN-10118,NRS18_TN_10011,7/20/2018,1,TN,PROB,,Y,CPL,BERW,WSA,0.33,0,0,0,0,2.25,4.3,Poor
6/12/2023,2012974,NRS_AR-10236,NRS18_AR_10046,7/20/2018,1,AR,PROB,,Y,CPL,BERW,WSA,3.64,1.48,0,0,0,1.78,11.5,Poor
6/12/2023,2012975,NRS_AR-10223,NRS18_AR_10022,7/19/2018,1,AR,PROB,,Y,SAP,BETB,WSA,0.9,6.76,2.22,1.16,0,0,18.4,Poor
6/12/2023,2012976,NRS_IL-10077,NRS18_IL_10013,7/20/2018,2,IL,PROB,,Y,TPL,BERW,WSA,4.75,5.57,0,0.59,3,6.9,34.68,Fair
6/12/2023,2012977,NRS_IL-10079,NRS18_IL_10019,8/6/2018,1,IL,PROB,,Y,TPL,BERW,WSA,0.79,5.57,5,4.71,1,6.74,39.68,Fair
6/12/2023,2012978,NRS_CO-10224,NRS18_CO_10002,7/20/2018,1,CO,PROB,,Y,XER,BETB,WSA,0,2.7,8.57,4.67,1.76,0.49,30.32,Poor
6/12/2023,2012979,NRS_AR-10225,NRS18_AR_10024,7/22/2018,1,AR,PROB,,Y,CPL,BETB,WSA,7.15,5.62,0,2.08,2.5,4.09,35.73,Poor
6/12/2023,2012980,NRS_CO-10486,NRS18_CO_11124,7/22/2018,1,CO,PROB,,Y,WMT,BETB,WSA,1.76,0,7.14,2.31,0,0,18.68,Poor
6/12/2023,2012981,NRS_MA-10108,NRS18_MA_10185,7/22/2018,1,MA,PROB,,Y,NAP,BERW,WSA,1.87,1.06,0,0.25,0.95,1.42,9.25,Poor
6/12/2023,2012982,NRS_MT-10389,NRS18_MT_10041,7/26/2018,1,MT,PROB,,Y,NPL,BERW,WSA,8.24,8.73,10,5.79,10,7.92,84.47,Good
6/12/2023,2012983,NRS_IL-10120,NRS18_IL_10026,7/22/2018,1,IL,PROB,,Y,CPL,BERW,WSA,0,0,1.25,0,0,0,2.08,Poor
6/12/2023,2012984,NRS_AR-10241,NRS18_AR_10489,7/22/2018,1,AR,PROB,,Y,SAP,BERW,WSA,3.68,2.3,1.11,0,1.5,0,14.32,Poor
6/12/2023,2012985,NRS_CO-10314,NRS18_CO_10013,7/18/2018,1,CO,PROB,,Y,WMT,BERW,WSA,5.41,3.92,5.71,5.99,6.47,4.4,53.17,Good
6/12/2023,2012986,NRS_CO-10339,NRS18_CO_10016,7/22/2018,1,CO,PROB,,Y,SPL,BERW,WSA,1.39,6.16,0,0.13,0.67,0,13.92,Poor
6/12/2023,2012987,NRS_SC-10053,NRS18_SC_10008,7/22/2018,2,SC,PROB,,Y,SAP,BETB,WSA,0.06,3.96,4.44,2.58,1.5,0,20.9,Poor
6/12/2023,2012988,NRS_ND-10446,NRS18_ND_10075,7/23/2018,1,ND,PROB,,Y,NPL,BERW,WSA,0.9,5.28,4,3.92,2.86,1.67,31.05,Poor
6/12/2023,2012989,NRS_ID-10218,NRS18_ID_10003,7/23/2018,1,ID,PROB,,Y,XER,BERW,WSA,10,4.8,4.29,6.25,5.88,5.71,61.55,Good
6/12/2023,2012990,NRS_UT-10379,NRS18_UT_10046,7/23/2018,1,UT,PROB,,Y,WMT,BERW,WSA,3.34,1.89,4.29,2.46,1.18,1.83,24.98,Poor
6/12/2023,2012991,NRS_AR-10222,NRS18_AR_10021,7/23/2018,1,AR,PROB,,Y,CPL,BERW,WSA,8.71,1.78,1.25,0,1.25,5.63,31.03,Poor
6/12/2023,2012992,NRS_CO-10280,NRS18_CO_10053,7/23/2018,1,CO,PROB,,Y,WMT,BERW,WSA,0,0.89,2.86,0.37,0,0,6.87,Poor
6/12/2023,2012993,NRS_AR-10228,NRS18_AR_10027,7/23/2018,1,AR,PROB,,Y,SAP,BETB,WSA,10,3.6,4.44,5.49,6,2.6,53.55,Good
6/12/2023,2012994,NRS_MS-10024,NRS18_MS_10003,7/23/2018,1,MS,PROB,,Y,CPL,BERW,WSA,6.82,6.04,1.25,3.12,1.25,5.19,39.45,Poor
6/12/2023,2012995,NRS_MS-10135,NRS18_MS_10014,7/22/2018,1,MS,PROB,,Y,CPL,BERW,WSA,1.26,4.73,0,1.41,0.62,1.13,15.25,Poor
6/12/2023,2012999,NRS_RI-10032,NRS18_RI_10004,7/23/2018,1,RI,PROB,,Y,NAP,BETB,WSA,2,4.85,5.56,0,2.86,2.29,29.27,Poor
6/12/2023,2013000,NRS_CO-10329,NRS18_CO_10071,7/23/2018,1,CO,PROB,,Y,XER,BETB,WSA,6.84,8.93,10,5.98,7.65,3.26,71.1,Good
6/12/2023,2013001,NRS_OR-10547,NRS18_OR_10020,7/23/2018,1,OR,PROB,,Y,WMT,BERW,WSA,0.69,9.91,8.57,1.49,2.94,0,39.33,Fair
6/12/2023,2013002,NRS_KS-10240,NRS18_KS_10091,7/23/2018,1,KS,PROB,,Y,SPL,BERW,WSA,3.01,7.91,7.14,2.54,4.67,2.86,46.88,Good
6/12/2023,2013003,NRS_IL-10036,NRS18_IL_10001,7/23/2018,2,IL,PROB,,Y,TPL,BERW,WSA,4.94,4.55,6.25,1.76,2,2.87,37.28,Fair
6/12/2023,2013006,NRS_ID-10431,NRS18_ID_10245,7/24/2018,1,ID,PROB,,Y,XER,BERW,WSA,8.16,8.89,8.57,6.84,9.41,4.16,76.72,Good
6/12/2023,2013007,NRS_WI-10195,NRS18_WI_10047,7/24/2018,1,WI,PROB,,Y,UMW,BERW,WSA,3.43,6.71,1.43,5.9,3.89,3.18,40.9,Good
6/12/2023,2013008,NRS_NE-10167,NRS18_NE_10038,7/24/2018,1,NE,PROB,,Y,SPL,BERW,WSA,1.07,6.3,4.29,0.03,1.33,0,21.7,Fair
6/12/2023,2013009,NRS_CO-10349,NRS18_CO_10063,7/24/2018,1,CO,PROB,,Y,SPL,BERW,WSA,1.16,3.32,2.86,3.95,3.33,1.43,26.75,Fair
6/12/2023,2013010,NRS_GA-10157,NRS18_GA_10027,7/24/2018,1,GA,PROB,,Y,SAP,BERW,WSA,7.25,4.82,0,1.29,3,3.24,32.67,Fair
6/12/2023,2013011,NRS_RI-10047,NRS18_RI_10009,7/24/2018,1,RI,PROB,,Y,NAP,BETB,WSA,0,2.4,2.22,0,0,0,7.7,Poor
6/12/2023,2013012,NRS_MS-10133,NRS18_MS_10009,7/24/2018,1,MS,PROB,,Y,CPL,BERW,WSA,8.94,8.05,2.5,1.84,2.5,6.36,50.32,Fair
6/12/2023,2013013,NRS_TX-10288,NRS18_TX_10038,7/24/2018,1,TX,PROB,,Y,SPL,BETB,WSA,2.5,4.98,4.29,3.95,2.67,2.86,35.42,Fair
6/12/2023,2013014,NRS_VT-10149,NRS18_VT_10184,7/24/2018,1,VT,PROB,,Y,NAP,BERW,WSA,5.99,8.39,2.22,2.86,7.14,5.49,53.48,Fair
6/12/2023,2013015,NRS_IL-10047,NRS18_IL_10004,7/24/2018,1,IL,PROB,,Y,TPL,BERW,WSA,0.23,6.48,1.25,1.76,1,3.83,24.25,Poor
6/12/2023,2013016,NRS_SD-10411,NRS18_SD_10023,7/24/2018,1,SD,PROB,,Y,NPL,BERW,WSA,1.57,6.5,2,4.53,1.43,0.83,28.1,Poor
6/12/2023,2013017,NRS_AR-10063,NRS18_AR_10007,7/24/2018,1,AR,PROB,,Y,SAP,BERW,WSA,7.08,9.06,6.67,5.69,8,0.85,62.25,Good
6/12/2023,2013018,NRS_CA-11343,NRS18_CA_10389,7/24/2018,1,CA,PROB,,Y,WMT,BERW,WSA,6.75,1.45,5.71,4.33,5.88,7,51.87,Good
6/12/2023,2013019,NRS_VT-10135,NRS18_VT_10008,7/25/2018,1,VT,PROB,,Y,NAP,BERW,WSA,6.34,6.27,6.67,5.44,7.14,7.36,65.37,Good
6/12/2023,2013020,NRS_ID-10484,NRS18_ID_10842,7/25/2018,1,ID,PROB,,Y,XER,BERW,WSA,8.78,7.87,4.29,4.21,3.53,1.47,50.25,Fair
6/12/2023,2013021,NRS_NE-10163,NRS18_NE_10034,7/25/2018,1,NE,PROB,,Y,SPL,BERW,WSA,1.84,7.11,5.71,6.25,3.33,2.86,45.17,Good
6/12/2023,2013022,NRS_WI-10068,NRS18_WI_10004,7/25/2018,1,WI,PROB,,Y,UMW,BERW,WSA,1.61,0,0,1.08,0,1.32,6.68,Poor
6/12/2023,2013023,NRS_ND-10369,NRS18_ND_10019,7/25/2018,1,ND,PROB,,Y,NPL,BERW,WSA,2.26,6.24,2,2.33,2.86,3.33,31.7,Poor
6/12/2023,2013024,NRS_MA-10086,NRS18_MA_10007,7/25/2018,1,MA,PROB,,Y,NAP,BERW,WSA,0,0,0,0,0,1.55,2.58,Poor
6/12/2023,2013025,NRS_TX-10290,NRS18_TX_10040,7/25/2018,1,TX,PROB,,Y,SPL,BERW,WSA,0.41,0,1.43,9.46,0.67,0,19.95,Poor
6/12/2023,2013026,NRS_MS-10146,NRS18_MS_10012,7/25/2018,1,MS,PROB,,Y,CPL,BERW,WSA,0,0,0,0,0,0,0,Poor
6/12/2023,2013027,NRS_CO-10492,NRS18_CO_11278,7/24/2018,1,CO,PROB,,Y,XER,BERW,WSA,0,3.69,1.43,4.99,2.94,2.06,25.18,Poor
6/12/2023,2013028,NRS_AR-10057,NRS18_AR_10002,7/24/2018,2,AR,PROB,,Y,CPL,BETB,WSA,0,2.01,1.25,2.64,0,8.44,23.9,Poor
6/12/2023,2013029,NRS_AR-10207,NRS18_AR_10010,7/24/2018,2,AR,PROB,,Y,CPL,BETB,WSA,9.67,0,1.25,3.2,1.88,7.16,38.6,Poor
6/12/2023,2013030,NRS_MO-10102,NRS18_MO_10014,7/25/2018,1,MO,PROB,,Y,CPL,BETB,WSA,7.11,0,1.25,10,1.88,8.75,48.32,Fair
6/12/2023,2013031,NRS_OK-10177,NRS18_OK_10019,7/25/2018,1,OK,PROB,,Y,CPL,BERW,WSA,7.61,6.92,5,4.48,5,3.34,53.92,Fair
6/12/2023,2013032,NRS_NH-10131,NRS18_NH_10020,7/25/2018,1,NH,PROB,,Y,NAP,BETB,WSA,0,0.5,1.11,0,0,0,2.68,Poor
6/12/2023,2013033,NRS_KY-10104,NRS18_KY_10026,7/25/2018,1,KY,PROB,,Y,SAP,BERW,WSA,2.6,4.82,0,4.97,1,0,22.32,Poor
6/12/2023,2013036,NRS_FL-10118,NRS18_FL_10009,7/25/2018,1,FL,PROB,,Y,CPL,BETB,WSA,3.59,1.83,2.5,0,0.62,5.63,23.62,Poor
6/12/2023,2013037,NRS_CO-10273,NRS18_CO_10050,7/25/2018,1,CO,PROB,,Y,SPL,BERW,WSA,0.8,5.02,1.43,2.84,0,0,16.82,Poor
6/12/2023,2013038,NRS_MO-10092,NRS18_MO_10013,7/26/2018,1,MO,PROB,,Y,CPL,BERW,WSA,9.43,1.6,2.5,0.17,1.25,3.38,30.55,Poor
6/12/2023,2013039,NRS_ND-10365,NRS18_ND_10011,7/26/2018,1,ND,PROB,,Y,NPL,BERW,WSA,1.64,9.39,2,4.31,2.86,4.17,40.62,Poor
6/12/2023,2013040,NRS_NE-10166,NRS18_NE_10037,7/26/2018,1,NE,PROB,,Y,SPL,BERW,WSA,2.91,5.45,1.43,1.82,4,1.43,28.4,Fair
6/12/2023,2013041,NRS_RI-10070,NRS18_RI_10017,7/26/2018,1,RI,PROB,,Y,NAP,BERW,WSA,3.43,8.93,7.78,3.72,4.76,5.96,57.63,Good
6/12/2023,2013043,NRS_OR-10509,NRS18_OR_10004,7/25/2018,1,OR,PROB,,Y,WMT,BERW,WSA,6.18,5.89,7.14,6.99,6.47,3.86,60.88,Good
6/12/2023,2013044,NRS_OR-10516,NRS18_OR_10007,7/26/2018,1,OR,PROB,,Y,WMT,BERW,WSA,5.91,8.65,5.71,4.16,6.47,6.37,62.12,Good
6/12/2023,2013045,NRS_CO-10498,NRS18_CO_11725,7/25/2018,1,CO,PROB,,Y,XER,BETB,WSA,6.43,4.72,5.71,3.16,1.76,0,36.3,Poor
6/12/2023,2013046,NRS_IL-10127,NRS18_IL_10033,7/26/2018,1,IL,PROB,,Y,TPL,BERW,WSA,1.8,6.02,5,5.29,6,5.74,49.75,Good
6/12/2023,2013047,NRS_MN-10233,NRS18_MN_RF002,7/26/2018,1,MN,HAND,,Y,UMW,BETB,WSA,3.65,0.32,0,0,1.11,3.07,13.58,Poor
6/12/2023,2013048,NRS_OH-10040,NRS18_OH_10037,7/26/2018,2,OH,PROB,,Y,SAP,BETB,WSA,5.21,5.04,3.33,0,4,1.03,31.02,Fair
6/12/2023,2013049,NRS_PA-10043,NRS18_PA_10002,7/24/2018,2,PA,PROB,,Y,NAP,BETB,WSA,1.85,9.06,4.44,0.72,1.9,0.29,30.43,Poor
6/12/2023,2013050,NRS_PA-10086,NRS18_PA_10016,7/25/2018,2,PA,PROB,,Y,SAP,BETB,WSA,3.61,0.94,3.33,0.4,0,0,13.8,Poor
6/12/2023,2013051,NRS_TX-10289,NRS18_TX_10039,7/26/2018,1,TX,PROB,,Y,SPL,BERW,WSA,3.88,9.1,7.14,9.25,6,4.29,66.1,Good
6/12/2023,2013052,NRS_AR-10240,NRS18_AR_10192,7/27/2018,1,AR,PROB,,Y,SAP,BERW,WSA,4.86,0,0,1.94,1.5,6,23.83,Poor
6/12/2023,2013053,NRS_IL-10102,NRS18_IL_10015,7/27/2018,1,IL,PROB,,Y,TPL,BERW,WSA,0,1.82,1.25,0,0,0,5.12,Poor
6/12/2023,2013054,NRS_MI-10109,NRS18_MI_10022,7/27/2018,1,MI,PROB,,Y,UMW,BERW,WSA,5.06,4.32,2.86,8.42,10,6.18,61.4,Good
6/12/2023,2013055,NRS_CO-10333,NRS18_CO_10021,7/27/2018,1,CO,PROB,,Y,SPL,BERW,WSA,3.23,3.41,0,8.39,1.33,0,27.27,Fair
6/12/2023,2013056,NRS_CO-10369,NRS18_CO_10033,7/26/2018,1,CO,PROB,,Y,SPL,BERW,WSA,0,2.61,1.43,2.68,0,0,11.2,Poor
6/12/2023,2013057,NRS_RI-10083,NRS18_RI_10192,7/27/2018,1,RI,PROB,,Y,NAP,BERW,WSA,0,0,0,0,0,0,0,Poor
6/12/2023,2013058,NRS_GA-10152,NRS18_GA_10022,7/25/2018,1,GA,PROB,,Y,SAP,BERW,WSA,1.98,5.68,1.11,2.32,1.5,4.01,27.67,Poor
6/12/2023,2013059,NRS_CO-10336,NRS18_CO_10070,7/27/2018,1,CO,PROB,,Y,SPL,BERW,WSA,1.6,5.36,0,0,0.67,0,12.72,Poor
6/12/2023,2013060,NRS_CO-10326,NRS18_CO_10024,7/26/2018,1,CO,PROB,,Y,WMT,BETB,WSA,1.03,0,2.86,4.5,0,0,13.98,Poor
6/12/2023,2013061,NRS_SC-10086,NRS18_SC_10020,7/29/2018,1,SC,PROB,,Y,SAP,BETB,WSA,0,7.05,0,0,0,0,11.75,Poor
6/12/2023,2013062,NRS_AR-10206,NRS18_AR_10034,7/29/2018,1,AR,PROB,,Y,SAP,BERW,WSA,6.91,6.4,5.56,3.87,5.5,4.34,54.3,Good
6/12/2023,2013063,NRS_MA-10078,NRS18_MA_10006,7/29/2018,1,MA,PROB,,Y,NAP,BETB,WSA,0,1.89,3.33,0,0,0,8.7,Poor
6/12/2023,2013071,NRS_WI-10088,NRS18_WI_10007,7/30/2018,1,WI,PROB,,Y,UMW,BERW,WSA,4.41,5.03,0,2.22,2.78,4.28,31.2,Fair
6/12/2023,2013072,NRS_RI-10039,NRS18_RI_10008,7/30/2018,1,RI,PROB,,Y,NAP,BERW,WSA,2.51,5.19,5.56,0.67,3.81,3.65,35.65,Poor
6/12/2023,2013073,NRS_IN-10057,NRS18_IN_10013,7/30/2018,1,IN,PROB,,Y,TPL,BERW,WSA,5.02,6.99,6.25,8.24,5,7.55,65.08,Good
6/12/2023,2013074,NRS_CO-10476,NRS18_CO_10523,7/29/2018,1,CO,PROB,,Y,SPL,BERW,WSA,10,2.61,0,1.96,2,1.43,30,Fair
6/12/2023,2013075,NRS_MO-10139,NRS18_MO_10027,7/30/2018,1,MO,PROB,,Y,CPL,BERW,WSA,3.37,5.92,0,0,0.62,0,16.52,Poor
6/12/2023,2013076,NRS_CO-10232,NRS18_CO_10011,7/29/2018,1,CO,PROB,,Y,XER,BERW,WSA,7.48,5.04,4.29,3.51,4.71,0.94,43.28,Fair
6/12/2023,2013077,NRS_SC-10102,NRS18_SC_10781,7/30/2018,1,SC,PROB,,Y,SAP,BETB,WSA,1.77,1.37,0,0,1,5.29,15.72,Poor
6/12/2023,2013078,NRS_OH-10044,NRS18_OH_10009,7/30/2018,1,OH,PROB,,Y,SAP,BETB,WSA,10,3.45,0,0,1.5,0,24.92,Poor
6/12/2023,2013079,NRS_NH-10122,NRS18_NH_10007,7/30/2018,1,NH,PROB,,Y,NAP,BETB,WSA,7.41,7.03,3.33,0.1,5.24,2.17,42.13,Fair
6/12/2023,2013080,NRS_CO-10482,NRS18_CO_10975,7/30/2018,1,CO,PROB,,Y,SPL,BERW,WSA,0,0,0,0,0,0,0,Poor
6/12/2023,2013081,NRS_MI-10055,NRS18_MI_10005,7/31/2018,1,MI,PROB,,Y,UMW,BERW,WSA,6.52,4.71,2.86,4.8,3.33,4.75,44.95,Good
6/12/2023,2013082,NRS_VT-10099,NRS18_VT_10001,7/31/2018,2,VT,PROB,,Y,NAP,BERW,WSA,8.97,3.95,3.33,5.8,8.1,6.89,61.73,Good
6/12/2023,2013083,NRS_ND-10303,NRS18_ND_10004,7/31/2018,1,ND,PROB,,Y,NPL,BERW,WSA,1.26,7.77,6,3.29,2.86,2.92,40.17,Poor
6/12/2023,2013084,NRS_NY-10104,NRS18_NY_10038,7/31/2018,1,NY,PROB,,Y,NAP,BETB,WSA,2.18,5.35,3.33,0,1.9,0,21.27,Poor
6/12/2023,2013085,NRS_NE-10025,NRS18_NE_10009,7/31/2018,1,NE,PROB,,Y,SPL,BETB,WSA,0.1,4.55,0,3.57,0.67,0,14.82,Poor
6/12/2023,2013086,NRS_IN-10070,NRS18_IN_10010,7/31/2018,1,IN,PROB,,Y,TPL,BERW,WSA,4.67,7.22,10,4.71,2,2.08,51.13,Good
6/12/2023,2013087,NRS_OH-10106,NRS18_OH_10032,7/30/2018,1,OH,PROB,,Y,TPL,BETB,WSA,5.18,6.31,6.25,4.12,3,2.59,45.75,Good
6/12/2023,2013088,NRS_CO-10382,NRS18_CO_10046,7/30/2018,1,CO,PROB,,Y,WMT,BETB,WSA,5.39,7.01,7.14,8.6,4.71,4.33,61.97,Good
6/12/2023,2013089,NRS_SC-10054,NRS18_SC_10012,7/31/2018,1,SC,PROB,,Y,SAP,BETB,WSA,0.86,3.31,3.33,3.01,0.5,0,18.35,Poor
6/12/2023,2013090,NRS_KY-10069,NRS18_MO_10009,7/31/2018,1,MO,PROB,,Y,CPL,BETB,WSA,1.15,2.01,0,2.64,0.62,5.63,20.08,Poor
6/12/2023,2013091,NRS_OK-10049,NRS18_OK_10007,7/31/2018,1,OK,PROB,,Y,SPL,BETB,WSA,0,0.62,0,2.84,0,1.43,8.15,Poor
6/12/2023,2013092,NRS_CT-10093,NRS18_CT_10006,7/31/2018,1,CT,PROB,,Y,NAP,BERW,WSA,5.65,8.75,10,3.96,9.05,5.96,72.28,Good
6/12/2023,2013093,NRS_OK-10171,NRS18_OK_10009,7/31/2018,1,OK,PROB,,Y,SPL,BETB,WSA,0,0,1.43,8.39,0,0,16.37,Poor
6/12/2023,2013094,NRS_OR-10480,NRS18_OR_10002,7/31/2018,1,OR,PROB,,Y,WMT,BETB,WSA,1.03,1.49,5.71,3.89,1.76,0,23.13,Poor
6/12/2023,2013095,NRS_NY-10126,NRS18_NY_10026,8/1/2018,1,NY,PROB,,Y,NAP,BETB,WSA,3.22,2.22,2.22,0,1.9,0.95,17.52,Poor
6/12/2023,2013096,NRS_VT-10142,NRS18_VT_10015,8/1/2018,1,VT,PROB,,Y,NAP,BERW,WSA,1.39,4.96,4.44,1.58,1.43,5.36,31.93,Poor
6/12/2023,2013097,NRS_IN-10030,NRS18_IN_10001,8/1/2018,1,IN,PROB,,Y,TPL,BERW,WSA,0.33,7.1,3.75,2.35,0,1.14,24.45,Poor
6/12/2023,2013098,NRS_WA-10466,NRS18_WA_10522,7/31/2018,1,WA,PROB,,Y,XER,BERW,WSA,10,4.1,7.14,5.41,5.29,6.73,64.45,Good
6/12/2023,2013099,NRS_WA-10326,NRS18_WA_10008,7/27/2018,1,WA,PROB,,Y,XER,BETB,WSA,0,0,1.43,0,0,0,2.38,Poor
6/12/2023,2013100,NRS_WA-10389,NRS18_WA_10024,7/30/2018,1,WA,PROB,,Y,XER,BETB,WSA,0,0.13,1.43,2.29,0.59,2.78,12.03,Poor
6/12/2023,2013101,NRS_WA-10391,NRS18_WA_10026,7/28/2018,1,WA,PROB,,Y,XER,BETB,WSA,0.96,2.94,1.43,0.84,0,0,10.28,Poor
6/12/2023,2013102,NRS_WA-10443,NRS18_WA_10040,7/30/2018,1,WA,PROB,,Y,XER,BETB,WSA,0.82,0,0,3.51,0,0,7.22,Poor
6/12/2023,2013103,NRS_WA-10442,NRS18_WA_10039,7/29/2018,1,WA,PROB,,Y,XER,BETB,WSA,0,3.16,1.43,0,0,0,7.65,Poor
6/12/2023,2013104,NRS_NE-10120,NRS18_NE_10024,8/1/2018,1,NE,PROB,,Y,SPL,BETB,WSA,6.04,7.73,4.29,5.65,4.67,4.29,54.45,Good
6/12/2023,2013105,NRS_PA-10054,NRS18_PA_10005,8/1/2018,1,PA,PROB,,Y,NAP,BERW,WSA,7.83,7.18,6.67,5.4,10,5.92,71.67,Good
6/12/2023,2013106,NRS_TN-10057,NRS18_TN_10002,8/1/2018,1,TN,PROB,,Y,SAP,BETB,WSA,0,0.07,0,0,0,0,0.12,Poor
6/12/2023,2013107,NRS_WI-10183,NRS18_WI_10035,8/1/2018,1,WI,PROB,,Y,UMW,BERW,WSA,7.99,7.55,0,8.09,8.33,6.2,63.6,Good
6/12/2023,2013108,NRS_WI-10093,NRS18_WI_10066,7/31/2018,1,WI,PROB,,Y,UMW,BERW,WSA,5.98,9.29,2.86,5.38,8.89,6.54,64.9,Good
6/12/2023,2013109,NRS_VA-10088,NRS18_VA_10003,8/1/2018,1,VA,PROB,,Y,SAP,BERW,WSA,4.23,8.27,5.56,0.51,4.5,7.51,50.97,Good
6/12/2023,2013110,NRS_CO-10319,NRS18_CO_10020,7/31/2018,1,CO,PROB,,Y,XER,BERW,WSA,7.45,3.74,7.14,5.81,5.29,4.79,57.03,Good
6/12/2023,2013111,NRS_OH-10076,NRS18_OH_10019,8/1/2018,1,OH,PROB,,Y,SAP,BETB,WSA,2.46,1.65,0,1.29,0,0,9,Poor
6/12/2023,2013112,NRS_SC-10026,NRS18_SC_10005,8/1/2018,1,SC,PROB,,Y,CPL,BETB,WSA,7.79,1.01,0,8.81,1.25,7.5,43.93,Fair
6/12/2023,2013113,NRS_MO-10152,NRS18_MO_10040,8/1/2018,1,MO,PROB,,Y,CPL,BETB,WSA,6.93,7.16,3.75,2.49,6.88,7.41,57.7,Good
6/12/2023,2013114,NRS_SD-10443,NRS18_SD_10029,8/1/2018,1,SD,PROB,,Y,TPL,BERW,WSA,0.38,4.49,2.5,2.35,0,5.74,25.77,Poor
6/12/2023,2013115,NRS_CO-10227,NRS18_CO_10009,8/1/2018,1,CO,PROB,,Y,SPL,BERW,WSA,3.18,5.88,2.86,1.71,1.33,0,24.93,Fair
6/12/2023,2013116,NRS_NJ-10068,NRS18_NJ_10019,8/1/2018,1,NJ,PROB,,Y,NAP,BETB,WSA,1.66,4.94,6.67,1.55,1.9,0.33,28.42,Poor
6/12/2023,2013117,NRS_ID-10378,NRS18_ID_10057,7/31/2018,1,ID,PROB,,Y,WMT,BERW,WSA,6.84,9.06,5.71,5.14,9.41,5.13,68.82,Good
6/12/2023,2013118,NRS_ID-10402,NRS18_ID_10095,7/30/2018,1,ID,PROB,,Y,WMT,BERW,WSA,3.51,8.87,1.43,3.27,5.29,2,40.62,Fair
6/12/2023,2013119,NRS_ID-10466,NRS18_ID_10280,8/1/2018,1,ID,PROB,,Y,XER,BERW,WSA,10,5.09,10,9.4,10,8.96,89.08,Good
6/12/2023,2013120,NRS_VT-10140,NRS18_VT_10013,8/2/2018,1,VT,PROB,,Y,NAP,BERW,WSA,6.34,1.93,4.44,3.44,5.24,7.04,47.38,Fair
6/12/2023,2013121,NRS_TX-10111,NRS18_TX_10004,7/31/2018,1,TX,PROB,,Y,CPL,BERW,WSA,7.41,8.82,0,1.27,1.88,0,32.3,Poor
6/12/2023,2013122,NRS_TX-10285,NRS18_TX_10035,8/1/2018,1,TX,PROB,,Y,CPL,BETB,WSA,8.99,2.54,2.5,1.41,2.5,4.5,37.4,Poor
6/12/2023,2013123,NRS_NY-10046,NRS18_NY_10014,8/2/2018,1,NY,PROB,,Y,NAP,BETB,WSA,0.54,5.4,0,0,0.48,0,10.7,Poor
6/12/2023,2013124,NRS_TN-10115,NRS18_TN_10016,8/2/2018,1,TN,PROB,,Y,SAP,BETB,WSA,0.54,2.73,1.11,2.32,0,3.02,16.2,Poor
6/12/2023,2013125,NRS_OR-10478,NRS18_OR_10011,8/1/2018,1,OR,PROB,,Y,WMT,BETB,WSA,4.96,3.85,2.86,1.91,5.29,2.67,35.9,Fair
6/12/2023,2013127,NRS_IN-10055,NRS18_IN_10008,8/2/2018,2,IN,PROB,,Y,UMW,BERW,WSA,0.2,6.19,1.43,0,2.78,1.18,19.63,Poor
6/12/2023,2013128,NRS_ND-10265,NRS18_ND_10001,8/2/2018,2,ND,PROB,,Y,NPL,BERW,WSA,1.57,8.48,10,6.46,2.86,3.33,54.5,Fair
6/12/2023,2013129,NRS_PA-10101,NRS18_PA_10017,8/2/2018,1,PA,PROB,,Y,NAP,BERW,WSA,9.51,4.29,4.44,6.44,8.57,7.55,68,Good
6/12/2023,2013130,NRS_CO-10481,NRS18_CO_10974,8/2/2018,1,CO,PROB,,Y,SPL,BERW,WSA,9.38,4.03,1.43,1.71,1.33,0,29.8,Fair
6/12/2023,2013131,NRS_MA-10094,NRS18_MA_10011,8/2/2018,1,MA,PROB,,Y,CPL,BERW,WSA,5.39,4.85,5,4.19,4.38,5.63,49.07,Fair
6/12/2023,2013132,NRS_CO-10493,NRS18_CO_11423,8/1/2018,1,CO,PROB,,Y,SPL,BETB,WSA,5.05,5.17,0,0.26,1.33,0,19.68,Poor
6/12/2023,2013133,NRS_OH-10108,NRS18_OH_10034,8/2/2018,1,OH,PROB,,Y,SAP,BETB,WSA,0,0.79,0,0,0,0,1.32,Poor
6/12/2023,2013134,NRS_SD-10377,NRS18_SD_10018,8/2/2018,1,SD,PROB,,Y,TPL,BERW,WSA,1.97,7.22,2.5,2.94,2,4.59,35.37,Fair
6/12/2023,2013135,NRS_OH-10077,NRS18_OH_10020,8/2/2018,1,OH,PROB,,Y,TPL,BETB,WSA,3.57,10,6.25,2.35,5,7.58,57.92,Good
6/12/2023,2013136,NRS_OH-10109,NRS18_OH_10035,8/1/2018,1,OH,PROB,,Y,TPL,BETB,WSA,4.94,3.92,0,0.59,0,5.74,25.32,Poor
6/12/2023,2013137,NRS_IN-10037,NRS18_IN_10005,8/3/2018,1,IN,PROB,,Y,TPL,BERW,WSA,3.83,6.7,5,2.94,3,4.59,43.43,Good
6/12/2023,2013138,NRS_CT-10119,NRS18_CT_10030,8/2/2018,1,CT,PROB,,Y,NAP,BERW,WSA,7.3,10,8.89,6.03,10,5.43,79.42,Good
6/12/2023,2013139,NRS_NH-10068,NRS18_NH_10002,8/2/2018,2,NH,PROB,,Y,NAP,BETB,WSA,0.03,3.14,0,0,0,0,5.28,Poor
6/12/2023,2013140,NRS_SC-10094,NRS18_SC_10180,8/2/2018,1,SC,PROB,,Y,SAP,BERW,WSA,1.77,4.46,4.44,4.97,0,3.4,31.73,Fair
6/12/2023,2013141,NRS_WI-10226,NRS18_WI_10543,8/2/2018,1,WI,PROB,,Y,UMW,BERW,WSA,4.62,6.84,0,8.5,5,2.59,45.92,Good
6/12/2023,2013142,NRS_FL-10140,NRS18_FL_10008,7/31/2018,1,FL,PROB,,Y,CPL,BERW,WSA,9.77,3.43,2.5,3.52,1.88,6.96,46.77,Fair
6/12/2023,2013143,NRS_TN-10060,NRS18_TN_10007,8/3/2018,1,TN,PROB,,Y,SAP,BETB,WSA,3.83,2.81,0,0,0,8.13,24.62,Poor
6/12/2023,2013144,NRS_CO-10494,NRS18_CO_11424,8/2/2018,1,CO,PROB,,Y,SPL,BETB,WSA,6.17,5.97,2.86,1.32,4.67,5.71,44.5,Good
6/12/2023,2013145,NRS_TX-10163,NRS18_TX_10011,8/3/2018,1,TX,PROB,,Y,SPL,BERW,WSA,0.64,6.78,0,4.46,0.67,1.43,23.3,Fair
6/12/2023,2013146,NRS_RI-10055,NRS18_RI_10022,8/3/2018,1,RI,PROB,,Y,NAP,BERW,WSA,1.58,2.54,3.33,0,1.43,0.59,15.78,Poor
6/12/2023,2013151,NRS_MA-10100,NRS18_MA_10017,8/5/2018,1,MA,PROB,,Y,NAP,BERW,WSA,0.37,8.96,7.78,0,1.43,2.61,35.25,Poor
6/12/2023,2013152,NRS_CO-10231,NRS18_CO_10010,8/3/2018,1,CO,PROB,,Y,SPL,BETB,WSA,6.89,5.59,2.86,3.27,4.67,4.29,45.95,Good
6/12/2023,2013153,NRS_TX-10154,NRS18_TX_10010,8/5/2018,1,TX,PROB,,Y,SPL,BERW,WSA,6.54,5.12,2.86,4.19,1.33,1.43,35.78,Good
6/12/2023,2013154,NRS_AL-10094,NRS18_AL_10022,8/6/2018,1,AL,PROB,,Y,CPL,BERW,WSA,5.9,5.21,3.75,0,0.62,2.81,30.48,Poor
6/12/2023,2013155,NRS_RI-10033,NRS18_RI_10001,8/6/2018,1,RI,PROB,,Y,NAP,BERW,WSA,2.82,4.56,8.89,2.38,2.86,3.2,41.18,Fair
6/12/2023,2013156,NRS_VA-10095,NRS18_VA_10005,8/6/2018,1,VA,PROB,,Y,SAP,BERW,WSA,5.51,6.19,2.22,4.22,5.5,2.84,44.13,Fair
6/12/2023,2013157,NRS_MD-10045,NRS18_MD_10005,8/6/2018,1,MD,PROB,,Y,SAP,BERW,WSA,2.21,1.58,0,4.27,1,6.78,26.4,Poor
6/12/2023,2013158,NRS_ND-10262,NRS18_ND_10008,8/6/2018,1,ND,PROB,,Y,TPL,BERW,WSA,0.08,5.4,2.5,3.53,0,2.08,22.65,Poor
6/12/2023,2013159,NRS_CO-10488,NRS18_CO_11274,8/4/2018,1,CO,PROB,,Y,XER,BERW,WSA,8.6,4.81,1.43,5.64,4.12,1.34,43.23,Fair
6/12/2023,2013160,NRS_CO-10228,NRS18_CO_10004,8/5/2018,1,CO,PROB,,Y,WMT,BERW,WSA,4.84,7.09,4.29,6.18,3.53,2.2,46.88,Fair
6/12/2023,2013161,NRS_OK-10213,NRS18_OK_10921,8/6/2018,1,OK,PROB,,Y,SAP,BERW,WSA,0,0,3.33,2.32,0,0,9.42,Poor
6/12/2023,2013162,NRS_CO-10235,NRS18_CO_10012,8/5/2018,1,CO,PROB,,Y,SPL,BETB,WSA,10,6.92,2.86,5.18,4,1.43,50.65,Good
6/12/2023,2013163,NRS_KS-10221,NRS18_KS_10040,8/6/2018,1,KS,PROB,,Y,SPL,BERW,WSA,0.46,7.58,5.71,3.31,1.33,0,30.65,Fair
6/12/2023,2013164,NRS_TX-10200,NRS18_TX_10026,8/6/2018,1,TX,PROB,,Y,SPL,BETB,WSA,0.84,1.66,2.86,0,2.67,0,13.38,Poor
6/12/2023,2013165,NRS_PA-10049,NRS18_PA_10012,8/7/2018,1,PA,PROB,,Y,NAP,BETB,WSA,0.99,4.68,5.56,1.14,1.43,2.15,26.58,Poor
6/12/2023,2013166,NRS_PA-10059,NRS18_PA_10007,8/7/2018,1,PA,PROB,,Y,NAP,BERW,WSA,6.45,6.14,5.56,6.8,5.71,6.03,61.15,Good
6/12/2023,2013167,NRS_WI-10223,NRS18_WI_10401,8/7/2018,1,WI,PROB,,Y,TPL,BERW,WSA,5.06,10,10,10,8,4.73,79.65,Good
6/12/2023,2013168,NRS_CA-10829,NRS18_CA_10018,8/7/2018,1,CA,PROB,,Y,XER,BETB,WSA,3.73,4.38,4.29,1.13,2.94,0.21,27.8,Poor
6/12/2023,2013169,NRS_ND-10310,NRS18_ND_10005,8/7/2018,1,ND,PROB,,Y,TPL,BERW,WSA,1.51,5.68,2.5,0.59,1,0,18.8,Poor
6/12/2023,2013172,NRS_NE-10121,NRS18_NE_10025,8/7/2018,1,NE,PROB,,Y,TPL,BETB,WSA,1.42,0,0,0,0,4.59,10.02,Poor
6/12/2023,2013173,NRS_VA-10091,NRS18_VA_10002,8/7/2018,1,VA,PROB,,Y,SAP,BETB,WSA,10,6.33,5.56,4.22,6,1.94,56.75,Good
6/12/2023,2013174,NRS_AL-10046,NRS18_AL_10005,8/7/2018,1,AL,PROB,,Y,CPL,BERW,WSA,8.32,0,0,0,0,1.25,15.95,Poor
6/12/2023,2013175,NRS_CT-10065,NRS18_CT_10002,8/7/2018,1,CT,PROB,,Y,NAP,BETB,WSA,2.52,1.51,5.56,2.88,2.38,1.29,26.9,Poor
6/12/2023,2013176,NRS_OR-10597,NRS18_OR_10054,8/7/2018,1,OR,PROB,,Y,WMT,BERW,WSA,4.09,10,8.57,5.79,9.41,3.66,69.2,Good
6/12/2023,2013177,NRS_OK-10181,NRS18_OK_10026,8/7/2018,1,OK,PROB,,Y,SAP,BERW,WSA,2.68,5.76,7.78,2.97,2,0,35.32,Fair
6/12/2023,2013178,NRS_IL-10125,NRS18_IL_10031,8/7/2018,1,IL,PROB,,Y,SAP,BETB,WSA,0,1.87,2.22,0,0,0,6.82,Poor
6/12/2023,2013179,NRS_SD-10388,NRS18_SD_10024,8/7/2018,1,SD,PROB,,Y,TPL,BETB,WSA,2.11,7.78,0,1.18,1,0,20.12,Poor
6/12/2023,2013180,NRS_DE-10050,NRS18_DE_10005,8/7/2018,2,DE,PROB,,Y,CPL,BERW,WSA,3.79,5.92,1.25,8.04,3.12,4.92,45.07,Fair
6/12/2023,2013181,NRS_NY-10053,NRS18_NY_10018,8/7/2018,1,NY,PROB,,Y,NAP,BETB,WSA,2.54,6.43,1.11,0,3.33,2.04,25.75,Poor
6/12/2023,2013182,NRS_CO-10314,NRS18_CO_10013,8/7/2018,2,CO,PROB,,Y,WMT,BERW,WSA,5.41,2.39,7.14,6.57,6.47,3.3,52.13,Good
6/12/2023,2013183,NRS_ID-10213,NRS18_ID_10049,8/7/2018,1,ID,PROB,,Y,WMT,BETB,WSA,0,2.91,4.29,1.49,0,0,14.48,Poor
6/12/2023,2013184,NRS_MD-10079,NRS18_MD_10015,8/7/2018,1,MD,PROB,,Y,CPL,BERW,WSA,7.36,8.88,5,5.11,6.88,7.88,68.52,Good
6/12/2023,2013185,NRS_MD-10025,NRS18_MD_10003,8/8/2018,1,MD,PROB,,Y,SAP,BERW,WSA,1.98,2.59,1.11,4.64,2,3.02,25.57,Poor
6/12/2023,2013186,NRS_KS-10288,NRS18_KS_10140,8/7/2018,1,KS,PROB,,Y,SPL,BERW,WSA,0.21,4.83,5.71,3.22,0,0,23.28,Fair
6/12/2023,2013187,NRS_PA-10094,NRS18_PA_10023,8/8/2018,1,PA,PROB,,Y,NAP,BETB,WSA,5.94,8.56,5.56,6.32,6.19,3.93,60.83,Good
6/12/2023,2013188,NRS_AL-10073,NRS18_AL_10010,8/8/2018,2,AL,PROB,,Y,CPL,BETB,WSA,5.37,0,1.25,1.96,0,1.25,16.38,Poor
6/12/2023,2013189,NRS_AR-10203,NRS18_AR_10009,8/8/2018,1,AR,PROB,,Y,CPL,BERW,WSA,2.95,4.73,3.75,6.07,1.25,5,39.58,Poor
6/12/2023,2013190,NRS_CT-10115,NRS18_CT_10017,8/7/2018,1,CT,PROB,,Y,NAP,BERW,WSA,2.29,3.78,3.33,3,2.38,4.49,32.12,Poor
6/12/2023,2013191,NRS_OK-10186,NRS18_OK_10036,8/8/2018,1,OK,PROB,,Y,SAP,BERW,WSA,4.14,3.88,3.33,2.32,2.5,0,26.95,Poor
6/12/2023,2013192,NRS_FL-10203,NRS18_FL_10042,8/7/2018,1,FL,PROB,,Y,CPL,BETB,WSA,0.97,6.57,1.25,0,0.62,1.5,18.18,Poor
6/12/2023,2013193,NRS_CT-10066,NRS18_CT_10004,8/8/2018,1,CT,PROB,,Y,NAP,BETB,WSA,3.33,7.57,10,1.83,4.29,3.88,51.5,Fair
6/12/2023,2013194,NRS_OR-10549,NRS18_OR_10022,8/8/2018,1,OR,PROB,,Y,WMT,BERW,WSA,6.16,7.85,8.57,5.89,9.41,3.66,69.23,Good
6/12/2023,2013195,NRS_GA-10070,NRS18_GA_10004,8/8/2018,1,GA,PROB,,Y,CPL,BERW,WSA,9.42,7.69,2.5,7.36,5,9.27,68.73,Good
6/12/2023,2013196,NRS_CO-10246,NRS18_CO_10061,8/6/2018,1,CO,PROB,,Y,SPL,BETB,WSA,6.02,3.36,1.43,3.57,2,0,27.3,Fair
6/12/2023,2013197,NRS_IL-10136,NRS18_IL_10042,8/7/2018,1,IL,PROB,,Y,TPL,BETB,WSA,1.2,5.57,0,0,1,0,12.95,Poor
6/12/2023,2013198,NRS_VA-10152,NRS18_VA_RF005,8/8/2018,1,VA,HAND,,Y,SAP,BETB,WSA,8.02,9.64,10,7.89,8,3.82,78.95,Good
6/12/2023,2013199,NRS_SD-10448,NRS18_SD_10034,8/8/2018,1,SD,PROB,,Y,TPL,BERW,WSA,3.1,5.97,3.75,2.35,1,0.45,27.7,Fair
6/12/2023,2013200,NRS_OH-10042,NRS18_OH_10008,8/8/2018,1,OH,PROB,,Y,TPL,BETB,WSA,3.27,8.64,6.25,6.47,8,7.07,66.17,Good
6/12/2023,2013201,NRS_ND-10435,NRS18_ND_10035,8/8/2018,1,ND,PROB,,Y,TPL,BERW,WSA,0.88,5.91,5,3.53,2,6.19,39.18,Fair
6/12/2023,2013202,NRS_CA-10930,NRS18_CA_10020,8/6/2018,2,CA,PROB,,Y,XER,BETB,WSA,0,4.16,5.71,1.01,2.94,0,23.03,Poor
6/12/2023,2013203,NRS_CA-11204,NRS18_CA_10055,8/8/2018,1,CA,PROB,,Y,XER,BETB,WSA,0,2.73,1.43,0,0,0,6.93,Poor
6/12/2023,2013204,NRS_MD-10078,NRS18_MD_10014,8/9/2018,1,MD,PROB,,Y,SAP,BERW,WSA,0,2.95,0,6.71,0,4.69,23.92,Poor
6/12/2023,2013205,NRS_AL-10091,NRS18_AL_10019,8/9/2018,1,AL,PROB,,Y,CPL,BERW,WSA,10,0,0,6.35,0,10,43.92,Fair
6/12/2023,2013206,NRS_OR-10634,NRS18_OR_10071,8/9/2018,1,OR,PROB,,Y,WMT,BERW,WSA,5.61,10,5.71,3.41,10,6.02,67.92,Good
6/12/2023,2013207,NRS_PA-10113,NRS18_PA_10032,8/8/2018,1,PA,PROB,,Y,NAP,BERW,WSA,1.66,2.94,0,0,1.9,0.95,12.42,Poor
6/12/2023,2013208,NRS_VT-10145,NRS18_VT_10018,8/9/2018,1,VT,PROB,,Y,NAP,BERW,WSA,6.78,5.49,5.56,4.53,6.19,6.89,59.07,Good
6/12/2023,2013209,NRS_RI-10046,NRS18_RI_10006,8/9/2018,1,RI,PROB,,Y,NAP,BETB,WSA,6.86,7.81,8.89,5.77,6.67,5.96,69.93,Good
6/12/2023,2013210,NRS_VT-10136,NRS18_VT_10009,8/7/2018,1,VT,PROB,,Y,NAP,BERW,WSA,2.06,1.51,1.11,1.81,1.9,5.82,23.68,Poor
6/12/2023,2013211,NRS_VT-10139,NRS18_VT_10012,8/7/2018,1,VT,PROB,,Y,NAP,BERW,WSA,5.1,4.05,5.56,4.4,6.19,3.88,48.63,Fair
6/12/2023,2013212,NRS_AR-10205,NRS18_AR_10014,8/9/2018,1,AR,PROB,,Y,SAP,BERW,WSA,8.15,5.54,2.22,7.84,5,3.45,53.67,Good
6/12/2023,2013213,NRS_IL-10131,NRS18_IL_10037,8/9/2018,1,IL,PROB,,Y,SAP,BETB,WSA,0,5.9,0,0,0,0,9.83,Poor
6/12/2023,2013214,NRS_PA-10103,NRS18_PA_10019,8/9/2018,1,PA,PROB,,Y,SAP,BERW,WSA,3.06,9.28,3.33,0.97,3,2.69,37.22,Fair
6/12/2023,2013215,NRS_WI-10194,NRS18_WI_10046,8/8/2018,1,WI,PROB,,Y,UMW,BERW,WSA,6.3,9.16,10,6.66,10,6.46,80.97,Good
6/12/2023,2013216,NRS_WI-10221,NRS18_WI_10263,8/9/2018,1,WI,PROB,,Y,UMW,BERW,WSA,2.01,0,1.43,10,2.78,6.96,38.63,Good
6/12/2023,2013217,NRS_UT-10388,NRS18_UT_10435,8/7/2018,1,UT,PROB,,Y,XER,BETB,WSA,10,6.3,10,7.11,8.82,5.32,79.25,Good
6/12/2023,2013218,NRS_TX-10286,NRS18_TX_10036,8/9/2018,1,TX,PROB,,Y,CPL,BETB,WSA,3.54,6.27,5,4.7,3.12,2.92,42.58,Fair
6/12/2023,2013219,NRS_ID-10397,NRS18_ID_10042,8/9/2018,1,ID,PROB,,Y,XER,BETB,WSA,0,2.99,4.29,2.03,1.76,0,18.45,Poor
6/12/2023,2013220,NRS_FL-10185,NRS18_FL_10012,8/9/2018,1,FL,PROB,,Y,CPL,BETB,WSA,0,0,0,4.07,0.62,2.6,12.15,Poor
6/12/2023,2013221,NRS_AR-10212,NRS18_AR_10015,8/10/2018,1,AR,PROB,,Y,SAP,BETB,WSA,3.68,7.91,5.56,6.2,4.5,2.65,50.83,Good
6/12/2023,2013222,NRS_AL-10067,NRS18_AL_10009,8/10/2018,2,AL,PROB,,Y,CPL,BERW,WSA,2.57,2.25,0,0.96,0,5.11,18.15,Poor
6/12/2023,2013223,NRS_RI-10090,NRS18_RI_10199,8/10/2018,1,RI,PROB,,Y,NAP,BERW,WSA,2.87,8.49,0,2.75,1.9,5.13,35.23,Poor
6/12/2023,2013225,NRS_CO-10328,NRS18_CO_10026,8/8/2018,1,CO,PROB,,Y,XER,BETB,WSA,4.9,10,10,6.14,7.06,5.42,72.53,Good
6/12/2023,2013226,NRS_CO-10224,NRS18_CO_10002,8/9/2018,2,CO,PROB,,Y,XER,BETB,WSA,0,1.27,7.14,3.51,1.18,0.94,23.4,Poor
6/12/2023,2013227,NRS_CO-10226,NRS18_CO_10003,8/10/2018,2,CO,PROB,,Y,WMT,BERW,WSA,0,1.88,2.86,0.7,0,0,9.07,Poor
6/12/2023,2013228,NRS_AR-10067,NRS18_AR_10001,8/12/2018,1,AR,PROB,,Y,SAP,BERW,WSA,4.86,5.83,4.44,9.67,0.5,0,42.17,Fair
6/12/2023,2013229,NRS_IL-10155,NRS18_IL_11563,8/12/2018,1,IL,PROB,,Y,TPL,BETB,WSA,1.45,6.53,0,0,1,5.74,24.53,Poor
6/12/2023,2013230,NRS_CO-10289,NRS18_CO_10055,8/12/2018,1,CO,PROB,,Y,WMT,BERW,WSA,9.14,2.88,2.86,9.67,4.12,5,56.12,Good
6/12/2023,2013231,NRS_CO-10230,NRS18_CO_10005,8/13/2018,1,CO,PROB,,Y,SPL,BERW,WSA,10,2.99,2.86,9.39,6,1.43,54.45,Good
6/12/2023,2013232,NRS_TX-10300,NRS18_TX_10050,8/13/2018,1,TX,PROB,,Y,CPL,BERW,WSA,5.72,5.03,7.5,3.52,6.25,6.75,57.95,Good
6/12/2023,2013233,NRS_MS-10042,NRS18_MS_10002,8/13/2018,2,MS,PROB,,Y,CPL,BETB,WSA,7.63,1.36,0,1.41,0.62,9,33.37,Poor
6/12/2023,2013234,NRS_NJ-10010,NRS18_NJ_10001,8/13/2018,1,NJ,PROB,,Y,SAP,BERW,WSA,1.59,2.66,1.11,5.27,0.5,0.13,18.77,Poor
6/12/2023,2013235,NRS_NE-10035,NRS18_NE_10004,8/13/2018,1,NE,PROB,,Y,SPL,BERW,WSA,4.49,5.78,4.29,7.01,3.33,1.43,43.88,Good
6/12/2023,2013236,NRS_IL-10130,NRS18_IL_10036,8/13/2018,1,IL,PROB,,Y,CPL,BETB,WSA,5.56,4.85,1.25,1.96,1.88,3.75,32.08,Poor
6/12/2023,2013237,NRS_OR-10480,NRS18_OR_10002,8/13/2018,2,OR,PROB,,Y,WMT,BETB,WSA,1.03,7.17,10,1.49,1.76,0,35.75,Poor
6/12/2023,2013238,NRS_CO-10325,NRS18_CO_10014,8/10/2018,2,CO,PROB,,Y,XER,BETB,WSA,5.08,1.66,4.29,3.16,1.18,1.47,28.07,Poor
6/12/2023,2013239,NRS_CO-10484,NRS18_CO_10977,8/13/2018,1,CO,PROB,,Y,SPL,BERW,WSA,10,4.17,2.86,8.93,5.33,2.86,56.92,Good
6/12/2023,2013240,NRS_MD-10046,NRS18_MD_10008,8/13/2018,1,MD,PROB,,Y,SAP,BERW,WSA,2.95,6.69,8.89,2.13,3,0.43,40.15,Fair
6/12/2023,2013241,NRS_VT-10144,NRS18_VT_10017,8/14/2018,1,VT,PROB,,Y,NAP,BERW,WSA,7.84,6.99,1.11,7.85,6.67,7.22,62.8,Good
6/12/2023,2013242,NRS_NH-10130,NRS18_NH_10019,8/14/2018,1,NH,PROB,,Y,NAP,BETB,WSA,0.83,2.51,3.33,0,0.95,0,12.7,Poor
6/12/2023,2013243,NRS_TX-10208,NRS18_TX_10023,8/14/2018,1,TX,PROB,,Y,CPL,BETB,WSA,0,1.42,1.25,3.33,1.25,7.5,24.58,Poor
6/12/2023,2013244,NRS_ND-10365,NRS18_ND_10011,8/14/2018,2,ND,PROB,,Y,NPL,BERW,WSA,1.02,6.75,2,3.32,2.86,2.92,31.45,Poor
6/12/2023,2013245,NRS_CO-10370,NRS18_CO_10034,8/9/2018,1,CO,PROB,,Y,WMT,BERW,WSA,7.36,5.07,7.14,7.86,9.41,5.88,71.2,Good
6/12/2023,2013246,NRS_WI-10055,NRS18_WI_10003,8/14/2018,1,WI,PROB,,Y,UMW,BERW,WSA,6.09,0.9,0,7.49,2.78,4.75,36.68,Fair
6/12/2023,2013247,NRS_NC-10458,NRS18_NC_RF001,8/14/2018,1,NC,HAND,,Y,SAP,BERW,WSA,4.23,7.48,8.89,6.56,8.5,7.51,71.95,Good
6/12/2023,2013248,NRS_MS-10037,NRS18_MS_10001,8/14/2018,2,MS,PROB,,Y,CPL,BERW,WSA,9.07,8.4,5,4.7,2.5,7.16,61.38,Good
6/12/2023,2013254,NRS_SD-10472,NRS18_SD_10058,8/14/2018,1,SD,PROB,,Y,NPL,BERW,WSA,7.83,7.06,6,7.62,10,4.58,71.82,Good
6/12/2023,2013255,NRS_NJ-10074,NRS18_NJ_10334,8/15/2018,1,NJ,PROB,,Y,SAP,BERW,WSA,2.46,0,0,1.29,0,6.55,17.17,Poor
6/12/2023,2013256,NRS_UT-10259,NRS18_UT_10032,8/14/2018,1,UT,PROB,,Y,WMT,BERW,WSA,6,1.28,5.71,4.26,4.71,5.32,45.47,Fair
6/12/2023,2013257,NRS_DE-10096,NRS18_DE_10033,8/14/2018,1,DE,PROB,,Y,CPL,BERW,WSA,3.69,8.22,2.5,4.94,2.5,4.82,44.45,Fair
6/12/2023,2013258,NRS_ID-10490,NRS18_ID_10992,8/14/2018,1,ID,PROB,,Y,WMT,BETB,WSA,4.95,2.72,10,4.28,6.47,1.57,49.98,Fair
6/12/2023,2013259,NRS_ID-10280,NRS18_ID_10026,8/15/2018,1,ID,PROB,,Y,WMT,BETB,WSA,4.09,1.38,5.71,6.96,2.94,0,35.13,Poor
6/12/2023,2013260,NRS_ID-10283,NRS18_ID_10028,8/13/2018,1,ID,PROB,,Y,WMT,BETB,WSA,3.67,5.45,10,4.89,5.88,1.43,52.2,Good
6/12/2023,2013261,NRS_WI-10090,NRS18_WI_10008,8/15/2018,1,WI,PROB,,Y,UMW,BERW,WSA,3.87,2.52,0,5.02,0.56,0.17,20.23,Poor
6/12/2023,2013262,NRS_CT-10064,NRS18_CT_10003,8/15/2018,1,CT,PROB,,Y,NAP,BERW,WSA,1.85,4.86,5.56,1.99,1.9,2.93,31.82,Poor
6/12/2023,2013263,NRS_TX-10151,NRS18_TX_10006,8/15/2018,1,TX,PROB,,Y,CPL,BERW,WSA,9.17,6.57,5,3.81,5,5.17,57.87,Good
6/12/2023,2013264,NRS_NE-10157,NRS18_NE_10028,8/15/2018,1,NE,PROB,,Y,SPL,BERW,WSA,5.96,4.88,0,2.42,0.67,1.43,25.6,Fair
6/12/2023,2013265,NRS_NE-10186,NRS18_NE_10057,8/8/2018,1,NE,PROB,,Y,TPL,BETB,WSA,1.26,0,1.25,3.53,3,5.74,24.63,Poor
6/12/2023,2013266,NRS_MS-10133,NRS18_MS_10009,8/15/2018,2,MS,PROB,,Y,CPL,BERW,WSA,8.99,8.4,3.75,2.21,7.5,6.02,61.45,Good
6/12/2023,2013267,NRS_AL-10071,NRS18_AL_10014,8/12/2018,1,AL,PROB,,Y,CPL,BETB,WSA,0,3.85,2.5,0,0.62,3.38,17.25,Poor
6/12/2023,2013268,NRS_MO-10147,NRS18_MO_10035,8/15/2018,1,MO,PROB,,Y,CPL,BETB,WSA,5.47,9.53,2.5,3.6,4.38,3.75,48.72,Fair
6/12/2023,2013269,NRS_CO-10378,NRS18_CO_10042,8/14/2018,1,CO,PROB,,Y,SPL,BERW,WSA,6.63,5.21,5.71,7.01,6.67,7.14,63.95,Good
6/12/2023,2013270,NRS_FL-10028,NRS18_FL_10003,8/14/2018,1,FL,PROB,,Y,CPL,BERW,WSA,9.81,3.73,0,5.29,0.62,4.82,40.45,Poor
6/12/2023,2013271,NRS_MO-10035,NRS18_MO_10012,8/15/2018,1,MO,PROB,,Y,SAP,BERW,WSA,9.34,7.12,7.78,6.77,6.5,2.69,67,Good
6/12/2023,2013272,NRS_CO-10341,NRS18_CO_10017,8/15/2018,1,CO,PROB,,Y,WMT,BERW,WSA,5.84,4.76,7.14,6.7,5.88,4.89,58.68,Good
6/12/2023,2013273,NRS_NC-10459,NRS18_NC_RF002,8/15/2018,1,NC,HAND,,Y,SAP,BERW,WSA,10,6.91,8.89,6.96,10,7.99,84.58,Good
6/12/2023,2013274,NRS_OR-10678,NRS18_OR_10670,8/15/2018,1,OR,PROB,,Y,WMT,BETB,WSA,2.8,5.35,10,4.28,4.12,0,44.25,Fair
6/12/2023,2013275,NRS_VA-10139,NRS18_VA_10014,8/16/2018,1,VA,PROB,,Y,SAP,BERW,WSA,3.68,8.78,3.33,7.29,7.5,4.5,58.47,Good
6/12/2023,2013276,NRS_MS-10033,NRS18_MS_10007,8/16/2018,1,MS,PROB,,Y,CPL,BETB,WSA,4.05,2.07,0,2.64,0,0,14.6,Poor
6/12/2023,2013277,NRS_WI-10263,NRS18_WI_RF001,8/16/2018,1,WI,HAND,,Y,UMW,BERW,WSA,3.07,6.77,0,6.94,5,5.04,44.7,Good
6/12/2023,2013278,NRS_MO-10142,NRS18_MO_10030,8/16/2018,1,MO,PROB,,Y,CPL,BETB,WSA,5.07,8.76,3.75,0,1.25,1.78,34.35,Poor
6/12/2023,2013279,NRS_NE-10045,NRS18_NE_10006,8/16/2018,1,NE,PROB,,Y,TPL,BERW,WSA,10,1.76,2.5,3.53,5,10,54.65,Good
6/12/2023,2013280,NRS_OR-10681,NRS18_OR_10819,8/16/2018,1,OR,PROB,,Y,XER,BETB,WSA,0,4.4,10,7.18,5.29,3.73,51,Fair
6/12/2023,2013281,NRS_ID-10201,NRS18_ID_10010,8/16/2018,1,ID,PROB,,Y,WMT,BETB,WSA,5.22,0,8.57,4.42,2.35,3.66,40.37,Fair
6/12/2023,2013282,NRS_WY-10330,NRS18_WY_10003,8/16/2018,1,WY,PROB,,Y,WMT,BERW,WSA,0,0,0,1.49,0,0,2.48,Poor
6/12/2023,2013283,NRS_WY-10319,NRS18_WY_10010,8/17/2018,1,WY,PROB,,Y,XER,BERW,WSA,10,0,1.43,0.84,0,5,28.78,Poor
6/12/2023,2013284,NRS_FL-10044,NRS18_FL_10004,8/16/2018,1,FL,PROB,,Y,CPL,BERW,WSA,2.76,5.09,2.5,1.67,0,2.96,24.97,Poor
6/12/2023,2013285,NRS_MO-10153,NRS18_MO_10041,8/17/2018,1,MO,PROB,,Y,SAP,BERW,WSA,10,4.96,5.56,4.57,5,4.95,58.4,Good
6/12/2023,2013286,NRS_NE-10050,NRS18_NE_10007,8/14/2018,1,NE,PROB,,Y,NPL,BERW,WSA,6.85,7.82,4,7.76,8.57,5.83,68.05,Good
6/12/2023,2013287,NRS_OH-10100,NRS18_OH_10026,8/14/2018,1,OH,PROB,,Y,NAP,BERW,WSA,0.33,1.5,0,1.81,0.48,0,6.87,Poor
6/12/2023,2013288,NRS_OH-10069,NRS18_OH_10015,8/15/2018,1,OH,PROB,,Y,NAP,BERW,WSA,2.27,9.57,7.78,2.43,2.86,1.52,44.05,Fair
6/12/2023,2013289,NRS_PA-10062,NRS18_PA_10008,8/16/2018,1,PA,PROB,,Y,SAP,BERW,WSA,2.74,4.82,4.44,4.77,1.5,0.45,31.2,Fair
6/12/2023,2013290,NRS_OH-10099,NRS18_OH_10025,8/13/2018,1,OH,PROB,,Y,NAP,BERW,WSA,5.14,3.65,4.44,4.53,4.76,6.89,49.02,Fair
6/12/2023,2013291,NRS_MO-10092,NRS18_MO_10013,8/17/2018,2,MO,PROB,,Y,CPL,BERW,WSA,8.07,5.09,1.25,0.21,2.5,5.11,37.05,Poor
6/12/2023,2013292,NRS_WY-10642,NRS18_WY_12048,8/16/2018,1,WY,PROB,,Y,SPL,BETB,WSA,8.67,5.69,1.43,6.25,7.33,4.29,56.1,Good
6/12/2023,2013293,NRS_WY-10637,NRS18_WY_11912,8/17/2018,1,WY,PROB,,Y,NPL,BETB,WSA,8.33,6.09,8,9.57,8.57,4.58,75.23,Good
6/12/2023,2013294,NRS_MO-10112,NRS18_MO_10023,8/19/2018,1,MO,PROB,,Y,TPL,BETB,WSA,1.8,8.18,2.5,3.53,6,4.82,44.72,Good
6/12/2023,2013295,NRS_WY-10374,NRS18_WY_10069,8/19/2018,1,WY,PROB,,Y,WMT,BERW,WSA,6.34,6.12,5.71,6.18,4.71,3.66,54.53,Good
6/12/2023,2013296,NRS_MO-10097,NRS18_MO_10020,8/20/2018,1,MO,PROB,,Y,TPL,BERW,WSA,1.61,6.36,2.5,1.18,1,0.78,22.38,Poor
6/12/2023,2013297,NRS_WI-10188,NRS18_WI_10040,8/20/2018,1,WI,PROB,,Y,TPL,BERW,WSA,0.17,8.92,5,5.88,1,4.15,41.87,Good
6/12/2023,2013298,NRS_IL-10038,NRS18_IL_10008,8/19/2018,1,IL,PROB,,Y,CPL,BETB,WSA,0,0.77,1.25,0,0.62,8.44,18.47,Poor
6/12/2023,2013299,NRS_MO-10103,NRS18_MO_10024,8/19/2018,1,MO,PROB,,Y,TPL,BETB,WSA,5.71,2.39,0,0,0,1.63,16.22,Poor
6/12/2023,2013300,NRS_MO-10154,NRS18_MO_10042,8/20/2018,1,MO,PROB,,Y,TPL,BETB,WSA,1.06,0.11,0,0,0,4.59,9.6,Poor
6/12/2023,2013301,NRS_MO-10104,NRS18_MO_10025,8/20/2018,1,MO,PROB,,Y,TPL,BETB,WSA,0,0,0,0,0,0,0,Poor
6/12/2023,2013302,NRS_MO-10102,NRS18_MO_10014,8/19/2018,2,MO,PROB,,Y,CPL,BETB,WSA,6.21,4.44,1.25,3.2,3.12,5.11,38.88,Poor
6/12/2023,2013303,NRS_KY-10068,NRS18_MO_10008,8/19/2018,1,MO,PROB,,Y,CPL,BETB,WSA,0,0,0,10,0.62,10,34.37,Poor
6/12/2023,2013304,NRS_OR-10573,NRS18_OR_10023,8/20/2018,1,OR,PROB,,Y,WMT,BETB,WSA,0,1.2,2.86,0,0,0,6.77,Poor
6/12/2023,2013305,NRS_NC-10084,NRS18_NC_10030,8/20/2018,1,NC,PROB,,Y,SAP,BERW,WSA,0,6.98,3.33,0,0,0,17.18,Poor
6/12/2023,2013306,NRS_MO-10029,NRS18_MO_10002,8/21/2018,2,MO,PROB,,Y,TPL,BETB,WSA,1.15,7.05,1.25,1.76,1,3.65,26.43,Fair
6/12/2023,2013307,NRS_VA-10084,NRS18_VA_10001,8/21/2018,1,VA,PROB,,Y,SAP,BERW,WSA,1.34,9.14,5.56,1.73,1,0,31.28,Fair
6/12/2023,2013308,NRS_GA-10076,NRS18_GA_10006,8/21/2018,1,GA,PROB,,Y,SAP,BERW,WSA,3.83,6.47,8.89,8.95,3.5,9.83,69.12,Good
6/12/2023,2013309,NRS_WY-10520,NRS18_WY_10697,8/20/2018,1,WY,PROB,,Y,NPL,BERW,WSA,8.15,9.39,10,8.01,10,9.58,91.88,Good
6/12/2023,2013310,NRS_WY-10394,NRS18_WY_10084,8/20/2018,1,WY,PROB,,Y,NPL,BERW,WSA,6.81,5.48,10,5.1,10,7.08,74.12,Good
6/12/2023,2013311,NRS_WI-10189,NRS18_WI_10041,8/21/2018,1,WI,PROB,,Y,TPL,BERW,WSA,6.24,8.24,10,7.65,5,5.58,71.18,Good
6/12/2023,2013312,NRS_KS-10236,NRS18_KS_10087,8/20/2018,1,KS,PROB,,Y,SPL,BERW,WSA,0,4.03,1.43,0,0,0,9.1,Poor
6/12/2023,2013313,NRS_MO-10043,NRS18_MO_10003,8/21/2018,1,MO,PROB,,Y,TPL,BETB,WSA,2.63,6.93,5,1.18,1,0.87,29.35,Fair
6/12/2023,2013314,NRS_OR-10631,NRS18_OR_10068,8/21/2018,1,OR,PROB,,Y,WMT,BERW,WSA,5.56,10,10,5.4,7.65,8,77.68,Good
6/12/2023,2013315,NRS_WY-10628,NRS18_WY_11903,8/20/2018,1,WY,PROB,,Y,NPL,BETB,WSA,10,4.62,6,8.24,10,5.42,73.8,Good
6/12/2023,2013316,NRS_TX-10227,NRS18_TX_10019,8/21/2018,1,TX,PROB,,Y,CPL,BETB,WSA,6.15,6.39,0,8.81,2.5,8.44,53.82,Fair
6/12/2023,2013317,NRS_UT-10326,NRS18_UT_10009,8/21/2018,2,UT,PROB,,Y,XER,BERW,WSA,7.35,1.53,0,0.48,1.18,0.01,17.58,Poor
6/12/2023,2013318,NRS_CO-10495,NRS18_CO_11425,8/19/2018,1,CO,PROB,,Y,SPL,BETB,WSA,4.13,5.73,2.86,0,2.67,0,25.65,Fair
6/12/2023,2013319,NRS_MA-10073,NRS18_MA_10005,8/21/2018,1,MA,PROB,,Y,NAP,BERW,WSA,2.32,2.48,3.33,3.92,1.43,2.25,26.22,Poor
6/12/2023,2013320,NRS_MA-10078,NRS18_MA_10006,8/20/2018,2,MA,PROB,,Y,NAP,BETB,WSA,0,2.85,0,0,0,0,4.75,Poor
6/12/2023,2013321,NRS_RI-10019,NRS18_RI_10002,8/19/2018,1,RI,PROB,,Y,NAP,BETB,WSA,0.73,0,0,0.44,0,0,1.95,Poor
6/12/2023,2013322,NRS_WY-10338,NRS18_WY_10016,8/21/2018,1,WY,PROB,,Y,NPL,BETB,WSA,5.94,5.53,6,6.82,10,6.67,68.27,Good
6/12/2023,2013323,NRS_DE-10084,NRS18_DE_10010,8/21/2018,1,DE,PROB,,Y,CPL,BERW,WSA,0,0.95,2.5,8.81,0,2.81,25.12,Poor
6/12/2023,2013324,NRS_WY-10340,NRS18_WY_10004,8/21/2018,1,WY,PROB,,Y,WMT,BERW,WSA,2.09,7.69,4.29,2.14,2.35,2.45,35.02,Poor
6/12/2023,2013325,NRS_WI-10162,NRS18_WI_10080,8/22/2018,1,WI,PROB,,Y,UMW,BERW,WSA,4.75,0.84,0,9.91,2.22,2.04,32.93,Fair
6/12/2023,2013326,NRS_IL-10035,NRS18_IL_10002,8/22/2018,2,IL,PROB,,Y,TPL,BETB,WSA,0.13,3.47,0,0,0,0,6,Poor
6/12/2023,2013327,NRS_IL-10089,NRS18_IL_10025,8/22/2018,1,IL,PROB,,Y,TPL,BETB,WSA,0,0,0,0,0,10,16.67,Poor
6/12/2023,2013328,NRS_TX-10119,NRS18_TX_10003,8/22/2018,1,TX,PROB,,Y,CPL,BETB,WSA,9.31,5.5,2.5,2.08,1.88,5.11,43.97,Fair
6/12/2023,2013329,NRS_OR-10615,NRS18_OR_10028,8/22/2018,1,OR,PROB,,Y,WMT,BETB,WSA,0,4.75,4.29,0,0,0,15.07,Poor
6/12/2023,2013330,NRS_MO-10095,NRS18_MO_10019,8/21/2018,1,MO,PROB,,Y,SAP,BERW,WSA,7.73,1.51,4.44,6.96,3.5,5.67,49.68,Good
6/12/2023,2013331,NRS_RI-10073,NRS18_RI_10020,8/22/2018,1,RI,PROB,,Y,NAP,BETB,WSA,2.48,2.95,4.44,1.72,2.86,1.55,26.67,Poor
6/12/2023,2013332,NRS_VA-10151,NRS18_VA_RF004,8/22/2018,1,VA,HAND,,Y,CPL,BETB,WSA,1.71,10,3.75,5.36,8.12,4.5,55.73,Good
6/12/2023,2013333,NRS_WI-10180,NRS18_WI_10032,8/23/2018,1,WI,PROB,,Y,TPL,BERW,WSA,0.33,9.09,5,5.88,3,4.59,46.48,Good
6/12/2023,2013334,NRS_VT-10101,NRS18_VT_10005,8/23/2018,1,VT,PROB,,Y,NAP,BERW,WSA,8.23,6.04,7.78,4.51,10,6.65,72.02,Good
6/12/2023,2013335,NRS_MI-10097,NRS18_MI_10013,8/23/2018,1,MI,PROB,,Y,TPL,BETB,WSA,3.52,5.8,3.75,2.35,0,2.2,29.37,Fair
6/12/2023,2013336,NRS_FL-10210,NRS18_FL_10333,8/23/2018,1,FL,PROB,,Y,CPL,BETB,WSA,0,0.89,3.75,0,0.62,0,8.77,Poor
6/12/2023,2013337,NRS_WY-10417,NRS18_WY_10027,8/22/2018,1,WY,PROB,,Y,NPL,BERW,WSA,7.29,6.4,4,9.35,7.14,4.58,64.6,Good
6/12/2023,2013338,NRS_NH-10122,NRS18_NH_10007,8/23/2018,2,NH,PROB,,Y,NAP,BETB,WSA,4.42,2.99,5.56,0,4.29,3.84,35.17,Poor
6/12/2023,2013339,NRS_RI-10046,NRS18_RI_10006,8/23/2018,2,RI,PROB,,Y,NAP,BETB,WSA,6.44,7.95,8.89,5.74,6.67,6.32,70.02,Good
6/12/2023,2013340,NRS_UT-10380,NRS18_UT_10282,8/23/2018,1,UT,PROB,,Y,WMT,BERW,WSA,7.09,6.78,7.14,5.4,7.65,4.05,63.52,Good
6/12/2023,2013341,NRS_VA-10154,NRS18_VA_RF008,8/23/2018,1,VA,HAND,,Y,CPL,BETB,WSA,3.07,10,3.75,4.49,5,5.06,52.28,Fair
6/12/2023,2013342,NRS_VA-10146,NRS18_VA_10021,8/23/2018,1,VA,PROB,,Y,CPL,BETB,WSA,4.56,10,7.5,3.88,8.12,5.85,66.52,Good
6/12/2023,2013343,NRS_GA-10155,NRS18_GA_10025,8/22/2018,1,GA,PROB,,Y,SAP,BERW,WSA,3.98,4.96,2.22,3.68,2.5,2.25,32.65,Fair
6/12/2023,2013344,NRS_WY-10550,NRS18_WY_11306,8/23/2018,1,WY,PROB,,Y,NPL,BERW,WSA,0.97,2.79,2,5.02,1.43,2.92,25.22,Poor
6/12/2023,2013345,NRS_MI-10043,NRS18_MI_10001,8/24/2018,1,MI,PROB,,Y,UMW,BERW,WSA,3.76,7.42,0,7.39,1.67,3.33,39.28,Good
6/12/2023,2013346,NRS_TX-10284,NRS18_TX_10034,8/23/2018,1,TX,PROB,,Y,CPL,BETB,WSA,4.4,4.79,0,0,0.62,0,16.35,Poor
6/12/2023,2013347,NRS_WY-10456,NRS18_WY_10035,8/23/2018,1,WY,PROB,,Y,NPL,BERW,WSA,5.67,5.28,0,5.3,4.29,0,34.23,Poor
6/12/2023,2013348,NRS_WY-10621,NRS18_WY_11896,8/22/2018,1,WY,PROB,,Y,NPL,BETB,WSA,10,4.26,4,10,8.57,3.75,67.63,Good
6/12/2023,2013349,NRS_WY-10633,NRS18_WY_11908,8/22/2018,1,WY,PROB,,Y,NPL,BETB,WSA,10,2.69,6,7.9,10,5.42,70.02,Good
6/12/2023,2013350,NRS_CT-10065,NRS18_CT_10002,8/24/2018,2,CT,PROB,,Y,NAP,BETB,WSA,2.7,5.82,8.89,5.77,2.86,3.46,49.17,Fair
6/12/2023,2013351,NRS_ID-10203,NRS18_ID_10011,8/21/2018,1,ID,PROB,,Y,WMT,BETB,WSA,0,4.65,1.43,0,0,0,10.13,Poor
6/12/2023,2013352,NRS_ID-10390,NRS18_ID_10035,8/22/2018,1,ID,PROB,,Y,WMT,BETB,WSA,6.27,9.28,8.57,4.54,7.65,6.7,71.68,Good
6/12/2023,2013353,NRS_MO-10143,NRS18_MO_10031,8/24/2018,1,MO,PROB,,Y,SAP,BERW,WSA,3.83,4.24,5.56,0.99,1,0,26.03,Poor
6/12/2023,2013354,NRS_MO-10110,NRS18_MO_10021,8/23/2018,1,MO,PROB,,Y,SAP,BERW,WSA,2.57,8.2,4.44,4.22,4,1.03,40.77,Fair
6/12/2023,2013355,NRS_CT-10093,NRS18_CT_10006,8/26/2018,2,CT,PROB,,Y,NAP,BERW,WSA,5.24,5.73,10,7.39,6.67,7.35,70.63,Good
6/12/2023,2013356,NRS_MO-10033,NRS18_MO_10010,8/26/2018,1,MO,PROB,,Y,SAP,BETB,WSA,4.38,7.7,8.89,3.35,3,0,45.53,Good
6/12/2023,2013357,NRS_WI-10122,NRS18_WI_10021,8/27/2018,1,WI,PROB,,Y,TPL,BERW,WSA,2.55,8.07,7.5,8.24,4,5.88,60.4,Good
6/12/2023,2013358,NRS_WY-10421,NRS18_WY_10029,8/27/2018,1,WY,PROB,,Y,NPL,BERW,WSA,0.97,6.8,2,0.68,2.86,1.67,24.97,Poor
6/12/2023,2013359,NRS_WY-10524,NRS18_WY_10701,8/26/2018,1,WY,PROB,,Y,NPL,BERW,WSA,0.9,7.46,0,5.3,2.86,2.08,31,Poor
6/12/2023,2013360,NRS_OK-10169,NRS18_OK_10005,8/27/2018,1,OK,PROB,,Y,SPL,BERW,WSA,3.88,7.39,5.71,4.19,2.67,1.43,42.12,Good
6/12/2023,2013361,NRS_IN-10034,NRS18_IN_10003,8/27/2018,1,IN,PROB,,Y,SAP,BERW,WSA,3.83,0,0,0,0,5.29,15.2,Poor
6/12/2023,2013362,NRS_WY-10424,NRS18_WY_10090,8/26/2018,1,WY,PROB,,Y,XER,BETB,WSA,5.2,0.98,2.86,3.51,0.59,0,21.9,Poor
6/12/2023,2013363,NRS_WY-10339,NRS18_WY_10076,8/27/2018,1,WY,PROB,,Y,XER,BETB,WSA,3.67,5.84,8.57,4.7,2.94,0.21,43.22,Fair
6/12/2023,2013364,NRS_WY-10333,NRS18_WY_10014,8/24/2018,1,WY,PROB,,Y,NPL,BETB,WSA,5.26,8.02,6,5.74,7.14,8.33,67.48,Good
6/12/2023,2013365,NRS_VA-10091,NRS18_VA_10002,8/27/2018,2,VA,PROB,,Y,SAP,BETB,WSA,6.29,10,10,2.32,7,1.7,62.18,Good
6/12/2023,2013366,NRS_WY-10489,NRS18_WY_10068,8/27/2018,1,WY,PROB,,Y,XER,BETB,WSA,1.94,7.31,5.71,4.99,3.53,0,39.13,Poor
6/12/2023,2013367,NRS_MO-10046,NRS18_MO_10001,8/27/2018,1,MO,PROB,,Y,TPL,BERW,WSA,0,4.09,0,0,0,0,6.82,Poor
6/12/2023,2013368,NRS_KS-10196,NRS18_KS_10015,8/27/2018,1,KS,PROB,,Y,SPL,BERW,WSA,1.07,7.25,2.86,0,2.67,2.86,27.85,Fair
6/12/2023,2013369,NRS_IL-10157,NRS18_IL_11565,8/27/2018,1,IL,PROB,,Y,TPL,BERW,WSA,5.64,8.64,2.5,2.94,4,5.98,49.5,Good
6/12/2023,2013370,NRS_MA-10081,NRS18_MA_10009,8/27/2018,1,MA,PROB,,Y,NAP,BETB,WSA,3.41,10,6.67,2.93,5.24,2.81,51.77,Fair
6/12/2023,2013371,NRS_ID-10303,NRS18_ID_10023,8/23/2018,1,ID,PROB,,Y,WMT,BETB,WSA,5.49,7.42,8.57,4.2,8.82,5.61,66.85,Good
6/12/2023,2013372,NRS_FL-10135,NRS18_FL_10011,8/27/2018,1,FL,PROB,,Y,CPL,BETB,WSA,3.78,7.99,3.75,1.76,4.38,3.75,42.35,Fair
6/12/2023,2013373,NRS_TX-10323,NRS18_TX_10073,8/28/2018,1,TX,PROB,,Y,SPL,BETB,WSA,1.38,6.97,2.86,3.57,0.67,0,25.75,Fair
6/12/2023,2013374,NRS_RI-10033,NRS18_RI_10001,8/28/2018,2,RI,PROB,,Y,NAP,BERW,WSA,3.22,1.35,7.78,2.9,2.38,2.52,33.58,Poor
6/12/2023,2013375,NRS_MO-10150,NRS18_MO_10038,8/28/2018,1,MO,PROB,,Y,TPL,BETB,WSA,5.73,6.93,2.5,2.35,3,2.59,38.5,Fair
6/12/2023,2013376,NRS_NY-10103,NRS18_NY_10022,8/28/2018,1,NY,PROB,,Y,NAP,BETB,WSA,8.42,4.64,1.11,6.18,4.29,5.13,49.62,Fair
6/12/2023,2013377,NRS_IN-10106,NRS18_IN_10498,8/28/2018,1,IN,PROB,,Y,SAP,BERW,WSA,0.2,2.37,5.56,3.41,0,0,19.23,Poor
6/12/2023,2013378,NRS_KS-10066,NRS18_KS_10006,8/28/2018,1,KS,PROB,,Y,SPL,BERW,WSA,1.48,6.82,5.71,3.57,2.67,1.43,36.13,Good
6/12/2023,2013379,NRS_WY-10653,NRS18_WY_12347,8/28/2018,1,WY,PROB,,Y,XER,BETB,WSA,10,7.1,8.57,4.4,10,7.7,79.62,Good
6/12/2023,2013380,NRS_MI-10141,NRS18_MI_10042,8/28/2018,1,MI,PROB,,Y,UMW,BERW,WSA,7.66,5.74,7.14,8.77,7.22,5.04,69.28,Good
6/12/2023,2013381,NRS_CO-10501,NRS18_CO_RF003,8/27/2018,1,CO,HAND,,Y,WMT,BERW,WSA,6.23,0.5,5.71,5.4,3.53,0,35.62,Poor
6/12/2023,2013382,NRS_CO-10503,NRS18_CO_RF005,8/28/2018,1,CO,HAND,,Y,XER,BERW,WSA,8.37,5.27,4.29,5.32,5.88,5.55,57.8,Good
6/12/2023,2013383,NRS_WY-10519,NRS18_WY_10696,8/28/2018,1,WY,PROB,,Y,NPL,BERW,WSA,4.26,7.11,6,6.12,7.14,6.67,62.17,Good
6/12/2023,2013384,NRS_IN-10103,NRS18_IN_10053,8/29/2018,1,IN,PROB,,Y,SAP,BERW,WSA,0.98,6.19,3.33,2.08,0,0,20.97,Poor
6/12/2023,2013385,NRS_TN-10057,NRS18_TN_10002,8/29/2018,2,TN,PROB,,Y,SAP,BETB,WSA,0,3.81,0,0,0,0,6.35,Poor
6/12/2023,2013386,NRS_MI-10131,NRS18_MI_10032,8/29/2018,1,MI,PROB,,Y,UMW,BERW,WSA,9.46,0,0,6.15,0,5.99,36,Fair
6/12/2023,2013387,NRS_TX-10327,NRS18_TX_10077,8/29/2018,1,TX,PROB,,Y,SPL,BETB,WSA,0.36,0,1.43,6.25,0.67,0,14.52,Poor
6/12/2023,2013388,NRS_NY-10038,NRS18_NY_10002,8/29/2018,1,NY,PROB,,Y,NAP,BETB,WSA,4.76,4.08,7.78,6.8,4.29,3.32,51.72,Fair
6/12/2023,2013389,NRS_MA-10076,NRS18_MA_10008,8/29/2018,1,MA,PROB,,Y,NAP,BETB,WSA,4.46,3.6,6.67,3.44,4.76,5.13,46.77,Fair
6/12/2023,2013390,NRS_WV-10080,NRS18_WV_10181,8/29/2018,1,WV,PROB,,Y,SAP,BERW,WSA,2.89,5.18,3.33,4.57,3.5,4.95,40.7,Fair
6/12/2023,2013391,NRS_NH-10105,NRS18_NH_10011,8/29/2018,1,NH,PROB,,Y,NAP,BETB,WSA,4.62,4.26,0,0,4.76,3.7,28.9,Poor
6/12/2023,2013392,NRS_SD-10378,NRS18_SD_10019,8/28/2018,1,SD,PROB,,Y,WMT,BERW,WSA,4.02,2.25,1.43,2.91,3.53,4.33,30.78,Poor
6/12/2023,2013393,NRS_SD-10449,NRS18_SD_10035,8/29/2018,1,SD,PROB,,Y,WMT,BERW,WSA,0.45,5.21,4.29,2.69,1.18,0,23.03,Poor
6/12/2023,2013394,NRS_CO-10502,NRS18_CO_RF004,8/29/2018,1,CO,HAND,,Y,WMT,BERW,WSA,7.9,2.89,2.86,7.08,5.29,6.29,53.85,Good
6/12/2023,2013395,NRS_WY-10337,NRS18_WY_10015,8/29/2018,1,WY,PROB,,Y,NPL,BERW,WSA,9.53,5.84,4,7.72,8.57,5,67.77,Good
6/12/2023,2013396,NRS_OK-10154,NRS18_OK_10920,8/29/2018,1,OK,PROB,,Y,SAP,BERW,WSA,4.86,4.24,3.33,0.55,2.5,2.45,29.88,Poor
6/12/2023,2013397,NRS_TX-10298,NRS18_TX_10048,8/30/2018,1,TX,PROB,,Y,CPL,BETB,WSA,0,0,2.5,1.96,4.38,8.75,29.32,Poor
6/12/2023,2013398,NRS_NY-10175,NRS18_NY_10066,8/30/2018,1,NY,PROB,,Y,NAP,BETB,WSA,7.73,1.85,4.44,5.97,5.24,4.29,49.2,Fair
6/12/2023,2013399,NRS_RI-10038,NRS18_RI_10005,8/30/2018,1,RI,PROB,,Y,NAP,BERW,WSA,5.12,1.02,5.56,4.87,5.24,6.15,46.6,Fair
6/12/2023,2013400,NRS_PA-10123,NRS18_PA_10042,8/28/2018,1,PA,PROB,,Y,NAP,BERW,WSA,5.38,10,10,2.38,9.52,4.62,69.83,Good
6/12/2023,2013401,NRS_PA-10052,NRS18_PA_10014,8/29/2018,1,PA,PROB,,Y,NAP,BERW,WSA,4.26,7.54,8.89,4.57,4.29,3.46,55.02,Good
6/12/2023,2013402,NRS_IN-10030,NRS18_IN_10001,8/30/2018,2,IN,PROB,,Y,TPL,BERW,WSA,1.67,7.84,6.25,5.29,1,2.36,40.68,Good
6/12/2023,2013404,NRS_TN-10054,NRS18_TN_10001,8/30/2018,2,TN,PROB,,Y,SAP,BERW,WSA,5.32,9.64,10,4.86,5.5,3.92,65.4,Good
6/12/2023,2013405,NRS_NE-10107,NRS18_NE_10013,8/30/2018,1,NE,PROB,,Y,TPL,BERW,WSA,3.21,5.45,1.25,0.59,5,6.32,36.37,Fair
6/12/2023,2013406,NRS_SC-10103,NRS18_SC_RF001,8/30/2018,1,SC,HAND,,Y,SAP,BERW,WSA,7.81,4.24,6.67,10,9,10,79.53,Good
6/12/2023,2013407,NRS_ID-10284,NRS18_ID_10080,8/30/2018,1,ID,PROB,,Y,WMT,BETB,WSA,0.73,4.26,10,4.89,0,0,33.13,Poor
6/12/2023,2013408,NRS_PA-10120,NRS18_PA_10039,8/30/2018,1,PA,PROB,,Y,SAP,BERW,WSA,6.01,0,5.56,5.61,2.5,4.56,40.4,Fair
6/12/2023,2013409,NRS_TN-10111,NRS18_TN_10010,8/31/2018,2,TN,PROB,,Y,SAP,BETB,WSA,1.59,0.14,0,1.76,0.5,0,6.65,Poor
6/12/2023,2013410,NRS_MO-10146,NRS18_MO_10034,8/30/2018,1,MO,PROB,,Y,TPL,BERW,WSA,1.8,6.82,5,1.18,1,2.17,29.95,Fair
6/12/2023,2013411,NRS_WY-10399,NRS18_WY_10085,8/30/2018,1,WY,PROB,,Y,NPL,BERW,WSA,6.39,7.72,10,9.35,7.14,7.5,80.17,Good
6/12/2023,2013412,NRS_WY-10649,NRS18_WY_12197,8/30/2018,1,WY,PROB,,Y,WMT,BETB,WSA,6.19,8.23,10,4.93,10,2.2,69.25,Good
6/12/2023,2013413,NRS_WY-10640,NRS18_WY_12046,8/31/2018,1,WY,PROB,,Y,SPL,BETB,WSA,8.93,6.07,4.29,10,8.67,5.71,72.78,Good
6/12/2023,2013414,NRS_WY-10423,NRS18_WY_10089,8/29/2018,1,WY,PROB,,Y,XER,BERW,WSA,10,9.34,10,5,10,6.11,84.08,Good
6/12/2023,2013415,NRS_WV-10069,NRS18_WV_10013,8/30/2018,1,WV,PROB,,Y,SAP,BERW,WSA,3.61,4.24,5.56,5.2,0,0,31.02,Fair
6/12/2023,2013416,NRS_RI-10092,NRS18_RI_10201,8/31/2018,1,RI,PROB,,Y,NAP,BERW,WSA,4.57,6.35,8.89,4.28,6.67,5.59,60.58,Good
6/12/2023,2013417,NRS_WY-10486,NRS18_WY_10065,9/3/2018,1,WY,PROB,,Y,SPL,BETB,WSA,6.08,5.02,4.29,5.93,3.33,1.43,43.47,Good
6/12/2023,2013418,NRS_WY-10526,NRS18_WY_10845,9/3/2018,1,WY,PROB,,Y,SPL,BERW,WSA,10,5.26,4.29,4.79,8.67,10,71.68,Good
6/12/2023,2013419,NRS_WY-10360,NRS18_WY_10073,9/2/2018,1,WY,PROB,,Y,NPL,BERW,WSA,5.83,2.28,4,9.57,2.86,0.83,42.28,Poor
6/12/2023,2013420,NRS_CT-10121,NRS18_CT_10032,8/30/2018,1,CT,PROB,,Y,NAP,BERW,WSA,2.18,7.01,4.44,2.22,2.86,5.69,40.67,Poor
6/12/2023,2013421,NRS_CA-10797,NRS18_CA_10012,9/4/2018,1,CA,PROB,,Y,XER,BETB,WSA,0,7.4,7.14,0,2.35,0,28.15,Poor
6/12/2023,2013422,NRS_SD-10459,NRS18_SD_10045,9/4/2018,1,SD,PROB,,Y,TPL,BERW,WSA,1.76,8.24,3.75,4.71,3,3.37,41.38,Good
6/12/2023,2013423,NRS_TN-10153,NRS18_TN_11090,9/4/2018,1,TN,PROB,,Y,SAP,BETB,WSA,0,2.95,0,5.55,0,0,14.17,Poor
6/12/2023,2013424,NRS_WY-10543,NRS18_WY_11299,8/31/2018,1,WY,PROB,,Y,NPL,BERW,WSA,2.99,4.72,0,4.08,2.86,2.08,27.88,Poor
6/12/2023,2013425,NRS_KS-10040,NRS18_KS_10001,9/4/2018,1,KS,PROB,,Y,TPL,BERW,WSA,1.72,9.94,6.25,5.29,7,4.98,58.63,Good
6/12/2023,2013426,NRS_CO-10449,NRS18_CO_10224,9/4/2018,1,CO,PROB,,Y,WMT,BERW,WSA,6.61,0,2.86,5.91,2.94,5.26,39.3,Fair
6/12/2023,2013428,NRS_TX-10108,NRS18_TX_10014,9/5/2018,1,TX,PROB,,Y,SPL,BETB,WSA,0.18,4.08,0,3.57,0,0,13.05,Poor
6/12/2023,2013429,NRS_CA-11362,NRS18_CA_10795,9/5/2018,1,CA,PROB,,Y,XER,BETB,WSA,0,4.86,5.71,0,2.35,0,21.53,Poor
6/12/2023,2013430,NRS_GA-10071,NRS18_GA_10005,9/5/2018,1,GA,PROB,,Y,SAP,BERW,WSA,0.98,0,0,0,0,7.91,14.82,Poor
6/12/2023,2013431,NRS_SD-10407,NRS18_SD_10021,9/5/2018,1,SD,PROB,,Y,TPL,BERW,WSA,3.52,8.86,3.75,4.71,4,5.14,49.97,Good
6/12/2023,2013432,NRS_TN-10062,NRS18_TN_10008,9/5/2018,1,TN,PROB,,Y,SAP,BETB,WSA,0.98,2.23,0,0.89,0,0,6.83,Poor
6/12/2023,2013433,NRS_NY-10107,NRS18_NY_10041,9/5/2018,1,NY,PROB,,Y,NAP,BETB,WSA,7.73,2.37,6.67,6.78,5.24,2.62,52.35,Fair
6/12/2023,2013434,NRS_NJ-10011,NRS18_NJ_10002,9/5/2018,1,NJ,PROB,,Y,SAP,BETB,WSA,4.23,7.77,10,8.58,6.5,5.79,71.45,Good
6/12/2023,2013435,NRS_UT-10259,NRS18_UT_10032,9/5/2018,2,UT,PROB,,Y,WMT,BERW,WSA,6.34,2.03,4.29,4.62,4.71,6.6,47.65,Fair
6/12/2023,2013436,NRS_MD-10020,NRS18_MD_10002,9/6/2018,2,MD,PROB,,Y,SAP,BETB,WSA,6.51,5.25,4.44,0.89,3,0,33.48,Fair
6/12/2023,2013437,NRS_NY-10056,NRS18_NY_10020,9/6/2018,1,NY,PROB,,Y,NAP,BETB,WSA,8.72,2.03,5.56,6.89,7.14,5.61,59.92,Good
6/12/2023,2013438,NRS_WY-10319,NRS18_WY_10010,9/5/2018,2,WY,PROB,,Y,XER,BERW,WSA,10,0,1.43,3.51,0,6.01,34.92,Poor
6/12/2023,2013439,NRS_WY-10355,NRS18_WY_10071,9/6/2018,1,WY,PROB,,Y,XER,BERW,WSA,6.02,8.05,8.57,6.57,7.06,6.15,70.7,Good
6/12/2023,2013440,NRS_TN-10138,NRS18_TN_10019,9/6/2018,1,TN,PROB,,Y,SAP,BERW,WSA,2.93,5.54,1.11,5.94,3.5,3.22,37.07,Fair
6/12/2023,2013441,NRS_CT-10094,NRS18_CT_10009,9/6/2018,1,CT,PROB,,Y,NAP,BERW,WSA,1.92,3.64,3.33,4.42,1.43,4.09,31.38,Poor
6/12/2023,2013442,NRS_OR-10514,NRS18_OR_10006,9/6/2018,1,OR,PROB,,Y,WMT,BERW,WSA,4.57,10,8.57,4.2,7.65,5.61,67.67,Good
6/12/2023,2013443,NRS_ME-10313,NRS18_ME_10017,9/6/2018,1,ME,PROB,,Y,NAP,BERW,WSA,2.56,4.64,3.33,1,4.29,0.72,27.57,Poor
6/12/2023,2013444,NRS_MI-10043,NRS18_MI_10001,9/7/2018,2,MI,PROB,,Y,UMW,BERW,WSA,5.61,6.77,1.43,9.22,1.67,6.7,52.33,Good
6/12/2023,2013445,NRS_TX-10330,NRS18_TX_10080,9/6/2018,1,TX,PROB,,Y,SPL,BETB,WSA,0.82,3.89,0,1.96,1.33,1.43,15.72,Poor
6/12/2023,2013446,NRS_ID-10257,NRS18_ID_10021,9/5/2018,1,ID,PROB,,Y,WMT,BERW,WSA,5.22,9.15,10,6.38,8.24,3.66,71.08,Good
6/12/2023,2013447,NRS_NY-10092,NRS18_NY_10021,9/6/2018,1,NY,PROB,,Y,SAP,BERW,WSA,0,3.17,2.22,5.8,0,0,18.65,Poor
6/12/2023,2013448,NRS_NY-10173,NRS18_NY_10064,9/7/2018,1,NY,PROB,,Y,NAP,BETB,WSA,3.8,2.07,10,4.5,3.33,3.04,44.57,Fair
6/12/2023,2013449,NRS_MA-10099,NRS18_MA_10016,9/7/2018,1,MA,PROB,,Y,NAP,BETB,WSA,0.33,1.64,3.33,0,0,0,8.83,Poor
6/12/2023,2013450,NRS_TN-10105,NRS18_TN_10009,9/7/2018,2,TN,PROB,,Y,SAP,BERW,WSA,5.21,5.97,4.44,4.64,4,2.03,43.82,Fair
6/12/2023,2013451,NRS_MA-10073,NRS18_MA_10005,9/9/2018,2,MA,PROB,,Y,NAP,BERW,WSA,0,3.16,3.33,0.14,0,0,11.05,Poor
6/12/2023,2013452,NRS_AR-10067,NRS18_AR_10001,9/9/2018,2,AR,PROB,,Y,SAP,BERW,WSA,4.66,1.51,4.44,5.33,2,2.38,33.87,Fair
6/12/2023,2013453,NRS_GA-10143,NRS18_GA_10014,9/6/2018,1,GA,PROB,,Y,SAP,BERW,WSA,1.42,0,0,0,0,4.06,9.13,Poor
6/12/2023,2013454,NRS_WY-10439,NRS18_WY_10021,9/7/2018,1,WY,PROB,,Y,WMT,BERW,WSA,1.2,0.85,2.86,0,0,0,8.18,Poor
6/12/2023,2013455,NRS_WY-10374,NRS18_WY_10069,9/8/2018,2,WY,PROB,,Y,WMT,BERW,WSA,6.23,3.86,5.71,6.3,3.53,5.92,52.58,Good
6/12/2023,2013456,NRS_RI-10019,NRS18_RI_10002,9/10/2018,2,RI,PROB,,Y,NAP,BETB,WSA,0,0,2.22,0.2,0,1.69,6.85,Poor
6/12/2023,2013457,NRS_WI-10212,NRS18_WI_10113,9/10/2018,1,WI,PROB,,Y,TPL,BERW,WSA,1.13,2.33,2.5,2.94,0,2.08,18.3,Poor
6/12/2023,2013458,NRS_OH-10095,NRS18_OH_10021,9/10/2018,1,OH,PROB,,Y,NAP,BERW,WSA,3.6,3.99,2.22,2.52,3.81,0.04,26.97,Poor
6/12/2023,2013459,NRS_IA-10109,NRS18_IA_10016,9/10/2018,1,IA,PROB,,Y,TPL,BERW,WSA,4.87,5.74,1.25,2.35,3,4.59,36.33,Fair
6/12/2023,2013460,NRS_WA-10399,NRS18_WA_10023,9/9/2018,1,WA,PROB,,Y,WMT,BERW,WSA,4.72,2.22,7.14,5.4,5.29,0.58,42.25,Fair
6/12/2023,2013461,NRS_SD-10471,NRS18_SD_10057,9/10/2018,1,SD,PROB,,Y,NPL,BERW,WSA,6.39,5.18,2,4.53,8.57,4.17,51.4,Fair
6/12/2023,2013462,NRS_MI-10138,NRS18_MI_10039,9/11/2018,1,MI,PROB,,Y,UMW,BERW,WSA,4.19,5.29,0,3.04,2.78,2.16,29.1,Fair
6/12/2023,2013463,NRS_SD-10455,NRS18_SD_10041,9/11/2018,1,SD,PROB,,Y,NPL,BERW,WSA,3.5,0.66,4,3.57,2.86,1.67,27.1,Poor
6/12/2023,2013464,NRS_IA-10058,NRS18_IA_10001,9/11/2018,1,IA,PROB,,Y,TPL,BERW,WSA,1.66,7.05,3.75,2.94,1,3.83,33.72,Fair
6/12/2023,2013465,NRS_WI-10224,NRS18_WI_10541,9/11/2018,1,WI,PROB,,Y,UMW,BERW,WSA,7.3,10,8.57,6.48,10,7.45,83,Good
6/12/2023,2013466,NRS_NC-10150,NRS18_NC_10023,9/11/2018,1,NC,PROB,,Y,SAP,BERW,WSA,4.62,0,2.22,5.61,4,8.41,41.43,Fair
6/12/2023,2013467,NRS_MO-10046,NRS18_MO_10001,9/11/2018,2,MO,PROB,,Y,TPL,BERW,WSA,0,2.16,2.5,0,0,0,7.77,Poor
6/12/2023,2013468,NRS_RI-10038,NRS18_RI_10005,9/11/2018,2,RI,PROB,,Y,NAP,BERW,WSA,3.9,4.13,10,3.07,4.76,4.77,51.05,Fair
6/12/2023,2013469,NRS_OH-10096,NRS18_OH_10022,9/11/2018,1,OH,PROB,,Y,NAP,BERW,WSA,1.49,0,0,2.15,0.48,3.04,11.93,Poor
6/12/2023,2013470,NRS_SD-10467,NRS18_SD_10053,9/11/2018,1,SD,PROB,,Y,NPL,BERW,WSA,6.39,0,0,5.3,5.71,1.67,31.78,Poor
6/12/2023,2013471,NRS_WY-10391,NRS18_WY_10026,9/11/2018,1,WY,PROB,,Y,WMT,BERW,WSA,6.13,6.25,4.29,2.38,5.88,2.2,45.22,Fair
6/12/2023,2013472,NRS_FL-10198,NRS18_FL_10037,9/11/2018,1,FL,PROB,,Y,CPL,BETB,WSA,4.7,4.79,1.25,0,0.62,2.6,23.27,Poor
6/12/2023,2013473,NRS_CT-10063,NRS18_CT_10001,9/12/2018,2,CT,PROB,,Y,NAP,BERW,WSA,5.49,6.81,6.67,7.34,5.24,8.34,66.48,Good
6/12/2023,2013474,NRS_MO-10141,NRS18_MO_10029,9/12/2018,1,MO,PROB,,Y,TPL,BERW,WSA,9.63,0,2.5,0,1,0,21.88,Poor
6/12/2023,2013475,NRS_MI-10050,NRS18_MI_10008,9/12/2018,1,MI,PROB,,Y,TPL,BERW,WSA,4.56,6.99,7.5,8.82,8,8.91,74.63,Good
6/12/2023,2013476,NRS_MO-10105,NRS18_MO_10026,9/12/2018,1,MO,PROB,,Y,SAP,BERW,WSA,8.7,7.34,10,4.05,3.5,1.72,58.85,Good
6/12/2023,2013477,NRS_VA-10138,NRS18_VA_10013,9/11/2018,1,VA,PROB,,Y,SAP,BERW,WSA,0.06,1.8,3.33,5.16,0.5,7.66,30.85,Fair
6/12/2023,2013478,NRS_TN-10152,NRS18_TN_11089,9/12/2018,1,TN,PROB,,Y,SAP,BETB,WSA,4.86,0,0,10,0,4.34,32,Fair
6/12/2023,2013479,NRS_TX-10340,NRS18_TX_10445,9/11/2018,1,TX,PROB,,Y,SPL,BETB,WSA,0,6.4,4.29,7.75,0,0,30.73,Fair
6/12/2023,2013480,NRS_TX-10197,NRS18_TX_10021,9/12/2018,1,TX,PROB,,Y,SPL,BETB,WSA,2.89,6.07,2.86,5.36,3.33,4.29,41.33,Good
6/12/2023,2013481,NRS_NE-10037,NRS18_NE_10012,9/12/2018,1,NE,PROB,,Y,SPL,BERW,WSA,0,1.04,0,5.93,0,0,11.62,Poor
6/12/2023,2013482,NRS_WA-10432,NRS18_WA_10029,9/10/2018,1,WA,PROB,,Y,WMT,BERW,WSA,4.59,4.79,2.86,2.79,4.71,4.89,41.05,Fair
6/12/2023,2013483,NRS_IA-10157,NRS18_IA_10656,9/12/2018,1,IA,PROB,,Y,TPL,BETB,WSA,4.14,3.64,0,2.35,3,5.11,30.4,Fair
6/12/2023,2013484,NRS_PA-10132,NRS18_PA_10218,9/12/2018,1,PA,PROB,,Y,NAP,BERW,WSA,6.55,7.96,0,1.76,6.19,5.77,47.05,Fair
6/12/2023,2013485,NRS_SD-10385,NRS18_SD_10014,9/12/2018,1,SD,PROB,,Y,NPL,BERW,WSA,2.59,0.2,0,4.94,1.43,1.25,17.35,Poor
6/12/2023,2013486,NRS_WY-10537,NRS18_WY_11151,9/12/2018,1,WY,PROB,,Y,XER,BERW,WSA,1.02,1.84,2.86,3.84,2.35,1.95,23.1,Poor
6/12/2023,2013487,NRS_KY-10111,NRS18_KY_10033,9/11/2018,1,KY,PROB,,Y,TPL,BETB,WSA,0.14,3.75,3.75,0,1,3.37,20.02,Poor
6/12/2023,2013488,NRS_KY-10110,NRS18_KY_10032,9/12/2018,1,KY,PROB,,Y,SAP,BETB,WSA,0,0,0,0,0,0,0,Poor
6/12/2023,2013489,NRS_MD-10060,NRS18_MD_10007,9/13/2018,1,MD,PROB,,Y,CPL,BERW,WSA,2.25,10,5,2.41,2.5,4.17,43.88,Fair
6/12/2023,2013490,NRS_SD-10474,NRS18_SD_10060,9/12/2018,1,SD,PROB,,Y,TPL,BETB,WSA,0.48,1.48,0,0.59,1,1.34,8.15,Poor
6/12/2023,2013491,NRS_MI-10159,NRS18_MI_10231,9/13/2018,1,MI,PROB,,Y,UMW,BERW,WSA,0.61,0,7.14,5.02,0,7.34,33.52,Fair
6/12/2023,2013492,NRS_ND-10426,NRS18_ND_10026,9/13/2018,1,ND,PROB,,Y,NPL,BERW,WSA,3.81,4.72,4,6.05,2.86,4.17,42.68,Fair
6/12/2023,2013493,NRS_WI-10232,NRS18_WI_10569,9/13/2018,1,WI,PROB,,Y,UMW,BERW,WSA,7.51,3.61,2.86,7.28,5.56,6.05,54.78,Good
6/12/2023,2013494,NRS_WI-10198,NRS18_WI_10050,9/12/2018,1,WI,PROB,,Y,UMW,BERW,WSA,7.49,7.68,2.86,6.87,10,5.94,68.07,Good
6/12/2023,2013495,NRS_AL-10095,NRS18_AL_10023,9/13/2018,1,AL,PROB,,Y,SAP,BERW,WSA,0.82,6.4,1.11,0,0,0,13.88,Poor
6/12/2023,2013496,NRS_IA-10066,NRS18_IA_10004,9/13/2018,1,IA,PROB,,Y,TPL,BERW,WSA,0.96,6.59,1.25,1.76,0,3.53,23.48,Poor
6/12/2023,2013497,NRS_PA-10102,NRS18_PA_10018,9/13/2018,1,PA,PROB,,Y,NAP,BERW,WSA,6.82,7.4,10,5.17,9.05,5.29,72.88,Good
6/12/2023,2013498,NRS_WY-10344,NRS18_WY_10078,9/13/2018,1,WY,PROB,,Y,XER,BERW,WSA,5.51,3.86,8.57,4.11,3.53,3.7,48.8,Fair
6/12/2023,2013499,NRS_WY-10574,NRS18_WY_11746,9/13/2018,1,WY,PROB,,Y,XER,BERW,WSA,10,2.42,4.29,2.4,0.59,0.94,34.4,Poor
6/12/2023,2013500,NRS_TX-10292,NRS18_TX_10042,9/13/2018,1,TX,PROB,,Y,SPL,BETB,WSA,5.62,6.92,2.86,4.91,3.33,0,39.4,Good
6/12/2023,2013501,NRS_AL-10031,NRS18_AL_10002,9/14/2018,2,AL,PROB,,Y,SAP,BETB,WSA,0.36,3.17,1.11,0,0,0,7.73,Poor
6/12/2023,2013502,NRS_MO-10165,NRS18_MO_10665,9/14/2018,1,MO,PROB,,Y,SAP,BERW,WSA,9.56,0.36,4.44,8.4,3,0,42.93,Fair
6/12/2023,2013503,NRS_MO-10151,NRS18_MO_10039,9/14/2018,1,MO,PROB,,Y,TPL,BETB,WSA,5.19,6.19,2.5,2.94,4,0,34.7,Fair
6/12/2023,2013504,NRS_IA-10149,NRS18_IA_10034,9/14/2018,1,IA,PROB,,Y,TPL,BETB,WSA,9.03,5.97,1.25,2.94,6,8.63,56.37,Good
6/12/2023,2013505,NRS_MO-10126,NRS18_MO_10051,9/17/2018,1,MO,PROB,,Y,SAP,BERW,WSA,5.1,2.09,0,6.8,1,0,24.98,Poor
6/12/2023,2013506,NRS_MO-10159,NRS18_MO_10361,9/16/2018,1,MO,PROB,,Y,TPL,BERW,WSA,1.3,5.51,3.75,1.18,1,0,21.23,Poor
6/12/2023,2013507,NRS_NY-10223,NRS18_NY_10549,9/16/2018,1,NY,PROB,,Y,CPL,BETB,WSA,1.18,6.75,6.25,3.73,1.88,3.31,38.5,Poor
6/12/2023,2013508,NRS_IL-10129,NRS18_IL_10035,9/16/2018,1,IL,PROB,,Y,UMW,BETB,WSA,5.94,3.48,1.43,7.86,1.67,7.56,46.57,Good
6/12/2023,2013509,NRS_MO-10168,NRS18_MO_11111,9/16/2018,1,MO,PROB,,Y,SAP,BETB,WSA,6.69,8.56,4.44,1.89,3.5,0,41.8,Fair
6/12/2023,2013510,NRS_WY-10321,NRS18_WY_10011,9/16/2018,1,WY,PROB,,Y,NPL,BERW,WSA,1.14,2.89,0,0,1.43,0,9.1,Poor
6/12/2023,2013511,NRS_MI-10143,NRS18_MI_10044,9/17/2018,1,MI,PROB,,Y,UMW,BERW,WSA,6.66,5.94,0,6.15,4.44,1.87,41.77,Good
6/12/2023,2013512,NRS_ND-10431,NRS18_ND_10031,9/17/2018,1,ND,PROB,,Y,NPL,BERW,WSA,4.12,6.9,8,4.31,4.29,7.08,57.83,Good
6/12/2023,2013513,NRS_WI-10197,NRS18_WI_10049,9/17/2018,1,WI,PROB,,Y,UMW,BERW,WSA,8.94,4.45,4.29,5.32,6.11,5.23,57.23,Good
6/12/2023,2013514,NRS_IL-10094,NRS18_IL_10023,9/17/2018,1,IL,PROB,,Y,UMW,BETB,WSA,4.99,3.81,0,1.8,0,0,17.67,Poor
6/12/2023,2013515,NRS_MS-10154,NRS18_MS_10022,9/17/2018,1,MS,PROB,,Y,CPL,BETB,WSA,0,0,0,0,0,0,0,Poor
6/12/2023,2013516,NRS_NJ-10040,NRS18_NJ_10007,9/17/2018,1,NJ,PROB,,Y,SAP,BETB,WSA,0,0,0,0,0,0,0,Poor
6/12/2023,2013517,NRS_NJ-10077,NRS18_NJ_11083,9/17/2018,1,NJ,PROB,,Y,SAP,BETB,WSA,0,1.29,0,0,0,0,2.15,Poor
6/12/2023,2013518,NRS_KS-10286,NRS18_KS_10137,9/17/2018,1,KS,PROB,,Y,TPL,BERW,WSA,5.06,4.32,6.25,2.35,1,0,31.63,Fair
6/12/2023,2013519,NRS_WY-10473,NRS18_WY_10052,9/17/2018,1,WY,PROB,,Y,NPL,BERW,WSA,2.99,0.81,0,2.04,1.43,1.67,14.9,Poor
6/12/2023,2013520,NRS_WY-10552,NRS18_WY_11308,9/17/2018,1,WY,PROB,,Y,NPL,BERW,WSA,2.15,4.42,4,3.87,2.86,4.58,36.47,Poor
6/12/2023,2013521,NRS_IL-10093,NRS18_IL_10022,9/18/2018,1,IL,PROB,,Y,TPL,BETB,WSA,4.4,9.89,3.75,5.88,5,4.27,55.32,Good
6/12/2023,2013522,NRS_AR-10203,NRS18_AR_10009,9/18/2018,2,AR,PROB,,Y,CPL,BERW,WSA,3.78,5.27,3.75,2.04,2.5,3.99,35.55,Poor
6/12/2023,2013523,NRS_MI-10139,NRS18_MI_10040,9/18/2018,1,MI,PROB,,Y,UMW,BERW,WSA,8.15,0,0,10,5,6.81,49.93,Good
6/12/2023,2013524,NRS_MI-10129,NRS18_MI_10030,9/18/2018,1,MI,PROB,,Y,UMW,BERW,WSA,0,3.74,1.43,1.8,0,3.26,17.05,Poor
6/12/2023,2013525,NRS_OH-10102,NRS18_OH_10028,9/17/2018,1,OH,PROB,,Y,TPL,BERW,WSA,7.87,4.72,6.25,5.88,5,7.66,62.3,Good
6/12/2023,2013526,NRS_OH-10098,NRS18_OH_10024,9/18/2018,1,OH,PROB,,Y,TPL,BERW,WSA,0.54,8.98,2.5,2.94,1,0,26.6,Fair
6/12/2023,2013527,NRS_MS-10153,NRS18_MS_10021,9/18/2018,1,MS,PROB,,Y,CPL,BERW,WSA,8.01,6.45,0,2.35,1.25,3.75,36.35,Poor
6/12/2023,2013528,NRS_NJ-10010,NRS18_NJ_10001,9/18/2018,2,NJ,PROB,,Y,SAP,BERW,WSA,0,2.81,0,5.55,0.5,5.79,24.42,Poor
6/12/2023,2013529,NRS_SD-10297,NRS18_SD_10012,9/18/2018,1,SD,PROB,,Y,NPL,BERW,WSA,8.09,6.75,0,6.12,7.14,3.33,52.38,Fair
6/12/2023,2013530,NRS_OR-10622,NRS18_OR_10035,9/18/2018,1,OR,PROB,,Y,WMT,BERW,WSA,4.36,8.1,2.86,6.99,4.71,2.67,49.48,Fair
6/12/2023,2013531,NRS_WY-10441,NRS18_WY_10022,9/18/2018,1,WY,PROB,,Y,WMT,BERW,WSA,3.14,6.88,1.43,2.54,3.53,3.86,35.63,Poor
6/12/2023,2013532,NRS_AL-10109,NRS18_AL_RF001,9/18/2018,1,AL,HAND,,Y,SAP,BERW,WSA,6.51,8.13,3.33,5.65,6,3.84,55.77,Good
6/12/2023,2013533,NRS_WI-10199,NRS18_WI_10051,9/19/2018,1,WI,PROB,,Y,UMW,BERW,WSA,7.94,1.94,0,7.62,2.78,2.56,38.07,Good
6/12/2023,2013534,NRS_ND-10260,NRS18_ND_10007,9/18/2018,1,ND,PROB,,Y,NPL,BERW,WSA,4.17,5.53,4,2.9,5.71,2.92,42.05,Poor
6/12/2023,2013535,NRS_MO-10157,NRS18_MO_10213,9/19/2018,1,MO,PROB,,Y,SAP,BERW,WSA,7.62,0.94,1.11,2.68,1.5,1.8,26.08,Poor
6/12/2023,2013536,NRS_MS-10152,NRS18_MS_10020,9/19/2018,1,MS,PROB,,Y,CPL,BERW,WSA,7.17,6.21,2.5,0,1.88,6.56,40.53,Poor
6/12/2023,2013537,NRS_OH-10041,NRS18_OH_10007,9/18/2018,1,OH,PROB,,Y,SAP,BETB,WSA,0.98,2.23,6.67,2.68,0,0,20.93,Poor
6/12/2023,2013538,NRS_GA-10153,NRS18_GA_10023,9/19/2018,1,GA,PROB,,Y,CPL,BERW,WSA,6.55,4.73,2.5,3.41,3.75,5.63,44.28,Fair
6/12/2023,2013539,NRS_NJ-10011,NRS18_NJ_10002,9/19/2018,2,NJ,PROB,,Y,SAP,BETB,WSA,3.29,1.15,1.11,1.51,0,0,11.77,Poor
6/12/2023,2013540,NRS_NY-10174,NRS18_NY_10065,9/19/2018,1,NY,PROB,,Y,SAP,BETB,WSA,10,3.09,1.11,8.7,1,1.03,41.55,Fair
6/12/2023,2013541,NRS_IL-10150,NRS18_IL_10968,9/19/2018,1,IL,PROB,,Y,TPL,BERW,WSA,8.77,2.05,2.5,2.94,1,1.34,31,Fair
6/12/2023,2013542,NRS_SD-10391,NRS18_SD_10026,9/19/2018,1,SD,PROB,,Y,WMT,BERW,WSA,5.11,2.82,0,0,0.59,3.23,19.58,Poor
6/12/2023,2013543,NRS_MI-10140,NRS18_MI_10041,9/20/2018,1,MI,PROB,,Y,UMW,BERW,WSA,4.41,7.35,4.29,5.2,7.78,5.84,58.12,Good
6/12/2023,2013544,NRS_TX-10232,NRS18_TX_10022,9/19/2018,1,TX,PROB,,Y,SPL,BETB,WSA,7.55,5.92,4.29,7.01,4.67,1.43,51.45,Good
6/12/2023,2013545,NRS_TX-10133,NRS18_TX_10007,9/20/2018,1,TX,PROB,,Y,SPL,BETB,WSA,0.52,6.45,2.86,2.6,0,1.43,23.1,Fair
6/12/2023,2013546,NRS_MD-10045,NRS18_MD_10005,9/20/2018,2,MD,PROB,,Y,SAP,BERW,WSA,4.48,2.59,0,6.71,0,2.6,27.3,Poor
6/12/2023,2013547,NRS_OR-10578,NRS18_OR_10024,9/19/2018,1,OR,PROB,,Y,WMT,BETB,WSA,1.29,4.14,7.14,0,1.18,0,22.92,Poor
6/12/2023,2013548,NRS_MS-10025,NRS18_MS_10006,9/20/2018,1,MS,PROB,,Y,CPL,BETB,WSA,9.93,4.79,2.5,3.33,5,8.75,57.17,Good
6/12/2023,2013549,NRS_VA-10084,NRS18_VA_10001,9/20/2018,2,VA,PROB,,Y,SAP,BERW,WSA,0,6.76,7.78,3.35,0.5,0,30.65,Poor
6/12/2023,2013550,NRS_MO-10072,NRS18_MO_10006,9/20/2018,1,MO,PROB,,Y,TPL,BERW,WSA,3.27,6.36,5,4.12,6,3.61,47.27,Good
6/12/2023,2013551,NRS_GA-10117,NRS18_GA_10016,9/20/2018,1,GA,PROB,,Y,CPL,BERW,WSA,6.68,3.73,0,3.12,1.88,7.79,38.67,Poor
6/12/2023,2013552,NRS_IL-10134,NRS18_IL_10040,9/19/2018,1,IL,PROB,,Y,TPL,BERW,WSA,2.43,6.99,1.25,3.53,1,4.59,32.98,Fair
6/12/2023,2013553,NRS_OH-10045,NRS18_OH_10004,9/19/2018,1,OH,PROB,,Y,NAP,BERW,WSA,5.58,1.31,3.33,6.27,4.29,3.61,40.65,Poor
6/12/2023,2013554,NRS_NE-10107,NRS18_NE_10013,9/19/2018,2,NE,PROB,,Y,TPL,BERW,WSA,3.38,3.01,1.25,0,2,8.36,30,Fair
6/12/2023,2013555,NRS_SD-10304,NRS18_SD_10004,9/20/2018,1,SD,PROB,,Y,NPL,BERW,WSA,3.06,9.54,6,3.35,4.29,7.08,55.53,Fair
6/12/2023,2013556,NRS_WY-10531,NRS18_WY_11145,9/20/2018,1,WY,PROB,,Y,XER,BERW,WSA,0,5.94,2.86,2.99,3.53,4.06,32.3,Poor
6/12/2023,2013557,NRS_WY-10513,NRS18_WY_10546,9/20/2018,1,WY,PROB,,Y,XER,BERW,WSA,0,0,1.43,0.84,0,0,3.78,Poor
6/12/2023,2013558,NRS_CT-10126,NRS18_CT_10037,9/20/2018,1,CT,PROB,,Y,NAP,BERW,WSA,6.82,9.42,7.78,7.96,9.05,6.74,79.62,Good
6/12/2023,2013559,NRS_FL-10190,NRS18_FL_10017,9/20/2018,1,FL,PROB,,Y,CPL,BETB,WSA,8.37,2.37,1.25,7.44,0,8.75,46.97,Fair
6/12/2023,2013560,NRS_MO-10056,NRS18_MO_10004,9/21/2018,1,MO,PROB,,Y,TPL,BERW,WSA,0.01,4.72,1.25,2.35,0,3.21,19.23,Poor
6/12/2023,2013561,NRS_OH-10051,NRS18_OH_10038,9/20/2018,1,OH,PROB,,Y,TPL,BERW,WSA,6.03,6.36,10,8.82,9,4.59,74.67,Good
6/12/2023,2013562,NRS_AL-10092,NRS18_AL_10020,9/21/2018,1,AL,PROB,,Y,CPL,BERW,WSA,9.41,1.54,1.25,2.11,1.88,5.47,36.1,Poor
6/12/2023,2013563,NRS_NY-10092,NRS18_NY_10021,9/20/2018,2,NY,PROB,,Y,SAP,BERW,WSA,0,2.37,1.11,6.03,0,0,15.85,Poor
6/12/2023,2013564,NRS_NJ-10062,NRS18_NJ_10013,9/21/2018,1,NJ,PROB,,Y,CPL,BETB,WSA,6.36,6.63,2.5,0,0,2.05,29.23,Poor
6/12/2023,2013565,NRS_VA-10136,NRS18_VA_10011,9/21/2018,1,VA,PROB,,Y,SAP,BERW,WSA,0.68,6.62,6.67,4.05,2,0,33.37,Fair
6/12/2023,2013566,NRS_MO-10099,NRS18_MO_10053,9/21/2018,1,MO,PROB,,Y,CPL,BETB,WSA,9.59,4.38,2.5,4.13,2.5,4.27,45.62,Fair
6/12/2023,2013567,NRS_MO-10113,NRS18_MO_10055,9/20/2018,1,MO,PROB,,Y,CPL,BETB,WSA,9.98,3.37,3.75,5.57,1.88,5.33,49.8,Fair
6/12/2023,2013568,NRS_MN-10200,NRS18_MN_10063,9/21/2018,1,MN,PROB,,Y,UMW,BETB,WSA,5.61,4.06,0,2.89,0,0.34,21.5,Poor
6/12/2023,2013569,NRS_MO-10145,NRS18_MO_10033,9/23/2018,1,MO,PROB,,Y,TPL,BETB,WSA,6.01,5.06,3.75,2.94,5,8.05,51.35,Good
6/12/2023,2013570,NRS_MN-10203,NRS18_MN_10066,9/23/2018,1,MN,PROB,,Y,UMW,BETB,WSA,3.95,6.58,4.29,3.9,2.78,3.92,42.37,Good
6/12/2023,2013571,NRS_WY-10575,NRS18_WY_11747,9/22/2018,1,WY,PROB,,Y,XER,BERW,WSA,5.2,1.13,2.86,0.69,2.94,0,21.37,Poor
6/12/2023,2013572,NRS_WY-10481,NRS18_WY_10060,9/21/2018,1,WY,PROB,,Y,XER,BERW,WSA,4.39,7.59,4.29,3.33,6.47,6.15,53.7,Fair
6/12/2023,2013573,NRS_IA-10139,NRS18_IA_10024,9/24/2018,1,IA,PROB,,Y,TPL,BERW,WSA,8.16,5.11,1.25,4.12,7,9.27,58.18,Good
6/12/2023,2013574,NRS_MO-10167,NRS18_MO_10812,9/23/2018,1,MO,PROB,,Y,TPL,BERW,WSA,6.74,3.98,3.75,4.12,4,1.79,40.63,Good
6/12/2023,2013575,NRS_WI-10156,NRS18_WI_10017,9/24/2018,1,WI,PROB,,Y,UMW,BERW,WSA,6.14,2.9,0,5.59,1.67,4.39,34.48,Fair
6/12/2023,2013576,NRS_MD-10077,NRS18_MD_10013,9/24/2018,1,MD,PROB,,Y,SAP,BERW,WSA,1.42,7.55,5.56,2.52,3.5,3.19,39.57,Fair
6/12/2023,2013577,NRS_KS-10040,NRS18_KS_10001,9/24/2018,2,KS,PROB,,Y,TPL,BERW,WSA,3.93,9.26,6.25,7.65,5,5.74,63.05,Good
6/12/2023,2013578,NRS_MN-10136,NRS18_MN_10033,9/24/2018,1,MN,PROB,,Y,UMW,BETB,WSA,4.94,6.19,0,0.19,2.78,5.14,32.07,Fair
6/12/2023,2013579,NRS_MO-10158,NRS18_MO_10214,9/24/2018,1,MO,PROB,,Y,SAP,BERW,WSA,2.89,3.6,1.11,1.76,0,0.13,15.82,Poor
6/12/2023,2013580,NRS_WI-10225,NRS18_WI_10542,9/25/2018,1,WI,PROB,,Y,UMW,BERW,WSA,4.41,9.42,7.14,5.86,5.56,4.43,61.37,Good
6/12/2023,2013581,NRS_GA-10183,NRS18_GA_RF001,9/25/2018,1,GA,HAND,,Y,CPL,BETB,WSA,7.84,6.27,5,1.89,5,3.02,48.37,Fair
6/12/2023,2013582,NRS_MN-10059,NRS18_MN_10013,9/25/2018,1,MN,PROB,,Y,UMW,BETB,WSA,6.69,1.61,0,6.08,4.44,5.92,41.23,Good
6/12/2023,2013583,NRS_MO-10160,NRS18_MO_10362,9/25/2018,1,MO,PROB,,Y,TPL,BERW,WSA,0.29,3.3,1.25,1.18,1,0.87,13.15,Poor
6/12/2023,2013584,NRS_MI-10061,NRS18_MI_10062,9/26/2018,1,MI,PROB,,Y,UMW,BERW,WSA,9.67,0,0,1.45,0,0,18.53,Poor
6/12/2023,2013585,NRS_IA-10058,NRS18_IA_10001,9/26/2018,2,IA,PROB,,Y,TPL,BERW,WSA,0.13,5.68,2.5,2.35,1,3.7,25.6,Poor
6/12/2023,2013586,NRS_TX-10103,NRS18_TX_10002,9/25/2018,1,TX,PROB,,Y,CPL,BETB,WSA,9.17,3.49,2.5,0,1.88,5.63,37.78,Poor
6/12/2023,2013587,NRS_FL-10212,NRS18_FL_RF001,9/26/2018,1,FL,HAND,,Y,CPL,BERW,WSA,9.34,5.21,1.25,7.93,3.75,6.43,56.52,Good
6/12/2023,2013588,NRS_MN-10208,NRS18_MN_10071,9/26/2018,1,MN,PROB,,Y,TPL,BETB,WSA,3.81,6.31,3.75,2.35,1,0,28.7,Fair
6/12/2023,2013589,NRS_WI-10217,NRS18_WI_10245,9/26/2018,1,WI,PROB,,Y,UMW,BERW,WSA,3.71,4.77,4.29,0,0,1.67,24.07,Fair
6/12/2023,2013590,NRS_VA-10140,NRS18_VA_10015,9/26/2018,1,VA,PROB,,Y,CPL,BERW,WSA,7.31,8.99,1.25,7.76,5.62,4.18,58.52,Good
6/12/2023,2013591,NRS_NE-10171,NRS18_NE_10042,9/26/2018,1,NE,PROB,,Y,SPL,BERW,WSA,2.13,5.5,1.43,4.3,3.33,1.43,30.2,Fair
6/12/2023,2013593,NRS_MI-10097,NRS18_MI_10013,9/27/2018,2,MI,PROB,,Y,TPL,BETB,WSA,6.32,3.41,5,2.35,2,2.2,35.47,Fair
6/12/2023,2013594,NRS_SD-10385,NRS18_SD_10014,9/26/2018,2,SD,PROB,,Y,NPL,BERW,WSA,2.78,0.66,0,8.38,2.86,0.42,25.17,Poor
6/12/2023,2013595,NRS_WI-10123,NRS18_WI_10022,9/27/2018,1,WI,PROB,,Y,UMW,BERW,WSA,9.8,0,0,8.3,1.67,5,41.28,Good
6/12/2023,2013596,NRS_NE-10032,NRS18_NE_10011,9/27/2018,1,NE,PROB,,Y,SPL,BERW,WSA,6.27,2.65,1.43,5.18,3.33,1.43,33.82,Fair
6/12/2023,2013597,NRS_PA-10131,NRS18_PA_10217,9/26/2018,1,PA,PROB,,Y,NAP,BERW,WSA,8.42,9.1,5.56,6.89,10,7.22,78.65,Good
6/12/2023,2013598,NRS_OR-10672,NRS18_OR_10519,9/26/2018,1,OR,PROB,,Y,XER,BERW,WSA,10,6.57,10,8.19,10,6.15,84.85,Good
6/12/2023,2013599,NRS_OR-10649,NRS18_OR_10231,9/25/2018,1,OR,PROB,,Y,XER,BERW,WSA,0,2.74,4.29,5.93,4.12,2.78,33.1,Poor
6/12/2023,2013600,NRS_MO-10149,NRS18_MO_10037,9/26/2018,1,MO,PROB,,Y,TPL,BETB,WSA,4.41,4.72,0,1.18,1,0.99,20.5,Poor
6/12/2023,2013601,NRS_WI-10127,NRS18_WI_10083,10/1/2018,1,WI,PROB,,Y,UMW,BERW,WSA,8.94,6.58,5.71,6.87,8.89,5.23,70.37,Good
6/12/2023,2013602,NRS_WI-10222,NRS18_WI_10324,10/2/2018,1,WI,PROB,,Y,UMW,BERW,WSA,5.99,6.77,4.29,8.16,9.44,6.3,68.25,Good
6/12/2023,2013603,NRS_VA-10147,NRS18_VA_10022,10/3/2018,1,VA,PROB,,Y,SAP,BERW,WSA,5.03,7.05,4.44,1.42,8,5.16,51.83,Good
6/12/2023,2013604,NRS_VA-10079,NRS18_VA_10006,10/4/2018,1,VA,PROB,,Y,SAP,BETB,WSA,5.99,10,5.56,7.53,8,2.6,66.13,Good
6/12/2023,2013605,NRS_AZ-10626,NRS18_AZ_10011,4/25/2019,1,AZ,PROB,,Y,WMT,BERW,WSA,0,2.21,2.86,0.62,0,1.22,11.52,Poor
6/12/2023,2013606,NRS_AZ-10432,NRS18_AZ_10001,4/25/2019,1,AZ,PROB,,Y,XER,BERW,WSA,10,0.3,4.29,3.98,1.76,8.91,48.73,Fair
6/12/2023,2013607,NRS_NM-10123,NRS18_NM_10007,4/26/2019,1,NM,PROB,,Y,WMT,BERW,WSA,1.59,5.5,2.86,2.94,2.94,2.82,31.08,Poor
6/12/2023,2013608,NRS_NM-10247,NRS18_NM_10645,4/25/2019,1,NM,PROB,,Y,WMT,BERW,WSA,3.92,4.43,2.86,3.29,4.71,5.36,40.95,Fair
6/12/2023,2013609,NRS_AZ-10625,NRS18_AZ_10010,4/26/2019,1,AZ,PROB,,Y,XER,BERW,WSA,5.71,3.58,2.86,2.67,1.18,4.74,34.57,Poor
6/12/2023,2013610,NRS_AZ-10695,NRS18_AZ_10021,4/26/2019,1,AZ,PROB,,Y,WMT,BERW,WSA,0,3.7,5.71,0,0,0,15.68,Poor
6/12/2023,2013611,NRS_AZ-10619,NRS18_AZ_10006,4/28/2019,1,AZ,PROB,,Y,XER,BERW,WSA,10,0.53,1.43,1.55,1.18,7.51,37,Poor
6/12/2023,2013612,NRS_NM-10061,NRS18_NM_10001,4/27/2019,1,NM,PROB,,Y,WMT,BERW,WSA,3.34,7.93,8.57,2.95,5.88,3.66,53.88,Good
6/12/2023,2013613,NRS_NM-10149,NRS18_NM_10038,4/28/2019,1,NM,PROB,,Y,WMT,BERW,WSA,1.24,0,1.43,0.23,0,5.72,14.37,Poor
6/12/2023,2013614,NRS_NM-10245,NRS18_NM_10511,4/29/2019,1,NM,PROB,,Y,SPL,BERW,WSA,8.27,6.54,1.43,4.95,4,4.29,49.13,Good
6/12/2023,2013615,NRS_AZ-10475,NRS18_AZ_10002,4/28/2019,1,AZ,PROB,,Y,XER,BETB,WSA,0,6.58,7.14,0.84,3.53,0,30.15,Poor
6/12/2023,2013616,NRS_AZ-10733,NRS18_AZ_12837,4/28/2019,1,AZ,PROB,,Y,XER,BETB,WSA,0,4.81,2.86,1.19,2.94,3.14,24.9,Poor
6/12/2023,2013617,NRS_AZ-10690,NRS18_AZ_10016,4/29/2019,1,AZ,PROB,,Y,WMT,BERW,WSA,1.46,0,0,0,0,0,2.43,Poor
6/12/2023,2013618,NRS_TX-10259,NRS18_TX_10024,4/30/2019,1,TX,PROB,,Y,CPL,BERW,WSA,4.01,0,0,0,0,4.5,14.18,Poor
6/12/2023,2013619,NRS_AZ-10655,NRS18_AZ_10007,4/29/2019,1,AZ,PROB,,Y,XER,BETB,WSA,0,4.9,2.86,0,0,0,12.93,Poor
6/12/2023,2013620,NRS_NV-10286,NRS18_NV_10004,4/30/2019,1,NV,PROB,,Y,XER,BETB,WSA,0,2.13,2.86,0,0.59,0.94,10.87,Poor
6/12/2023,2013621,NRS_AZ-10694,NRS18_AZ_10020,4/30/2019,1,AZ,PROB,,Y,XER,BETB,WSA,0,0.56,4.29,0,0.59,0,9.07,Poor
6/12/2023,2013622,NRS_NM-10288,NRS18_NM_10968,4/30/2019,1,NM,PROB,,Y,SPL,BERW,WSA,7.4,3.65,4.29,4.11,0.67,2.86,38.3,Good
6/12/2023,2013623,NRS_NM-10241,NRS18_NM_10507,5/1/2019,1,NM,PROB,,Y,SPL,BERW,WSA,0.15,7.11,4.29,6.1,0.67,0,30.53,Fair
6/12/2023,2013624,NRS_TX-10324,NRS18_TX_10074,5/1/2019,1,TX,PROB,,Y,SPL,BERW,WSA,0.21,2.94,2.86,5.18,2,0,21.98,Fair
6/12/2023,2013625,NRS_TX-10329,NRS18_TX_10079,5/2/2019,1,TX,PROB,,Y,SPL,BETB,WSA,1.78,8.01,4.29,3.57,5.33,1.43,40.68,Good
6/12/2023,2013626,NRS_NM-10348,NRS18_NM_11409,5/2/2019,1,NM,PROB,,Y,SPL,BERW,WSA,2.76,9.48,5.71,4.39,2.67,2.86,46.45,Good
6/12/2023,2013627,NRS_NM-10340,NRS18_NM_11401,5/2/2019,1,NM,PROB,,Y,SPL,BERW,WSA,1.84,5.17,4.29,7.32,2,1.43,36.75,Good
6/12/2023,2013628,NRS_AZ-10731,NRS18_AZ_12038,5/2/2019,1,AZ,PROB,,Y,XER,BERW,WSA,5.62,3.94,2.86,0.65,1.18,3.83,30.13,Poor
6/12/2023,2013629,NRS_AZ-10662,NRS18_AZ_10012,5/3/2019,1,AZ,PROB,,Y,XER,BERW,WSA,8.98,4.64,4.29,2.03,4.71,6.58,52.05,Fair
6/12/2023,2013630,NRS_NM-10154,NRS18_NM_10014,5/6/2019,1,NM,PROB,,Y,WMT,BERW,WSA,0,0,0,0,0,5.5,9.17,Poor
6/12/2023,2013631,NRS_NM-10326,NRS18_NM_11246,5/5/2019,1,NM,PROB,,Y,XER,BERW,WSA,0,3.33,5.71,2.03,1.76,0.94,22.95,Poor
6/12/2023,2013632,NRS_AZ-10701,NRS18_AZ_10027,5/6/2019,1,AZ,PROB,,Y,XER,BERW,WSA,10,6.96,1.43,2.67,3.53,7.28,53.12,Fair
6/12/2023,2013633,NRS_AZ-10665,NRS18_AZ_10013,5/5/2019,1,AZ,PROB,,Y,WMT,BERW,WSA,4.13,0,0,2.31,0.59,8.68,26.18,Poor
6/12/2023,2013634,NRS_TX-10291,NRS18_TX_10041,5/6/2019,1,TX,PROB,,Y,SPL,BERW,WSA,7.45,8.58,7.14,7.68,9.33,7.14,78.87,Good
6/12/2023,2013635,NRS_NM-10263,NRS18_NM_10809,5/7/2019,1,NM,PROB,,Y,XER,BERW,WSA,2.86,5.19,2.86,2.36,2.94,4.79,35,Poor
6/12/2023,2013636,NRS_AZ-10730,NRS18_AZ_12037,5/7/2019,1,AZ,PROB,,Y,XER,BERW,WSA,9.39,1.86,2.86,2.44,3.53,5,41.8,Poor
6/12/2023,2013637,NRS_NM-10068,NRS18_NM_10035,5/8/2019,1,NM,PROB,,Y,WMT,BERW,WSA,2.17,1.4,4.29,1.73,1.76,0,18.92,Poor
6/12/2023,2013638,NRS_AZ-10656,NRS18_AZ_10014,5/7/2019,1,AZ,PROB,,Y,XER,BETB,WSA,0,0,0,0.84,0,0,1.4,Poor
6/12/2023,2013639,NRS_AZ-10422,NRS18_AZ_10004,5/3/2019,1,AZ,PROB,,Y,XER,BETB,WSA,0,0,1.43,0,0,0,2.38,Poor
6/12/2023,2013640,NRS_AZ-10426,NRS18_AZ_10005,5/2/2019,1,AZ,PROB,,Y,XER,BETB,WSA,0,0,1.43,0,0,0,2.38,Poor
6/12/2023,2013641,NRS_NM-10378,NRS18_NM_11545,5/9/2019,1,NM,PROB,,Y,WMT,BERW,WSA,5.49,5.78,5.71,3.72,5.29,4.71,51.17,Good
6/12/2023,2013642,NRS_AZ-10722,NRS18_AZ_10457,5/9/2019,1,AZ,PROB,,Y,XER,BETB,WSA,7.65,0.25,2.86,0.17,1.18,0,20.18,Poor
6/12/2023,2013643,NRS_AZ-10698,NRS18_AZ_10024,5/10/2019,1,AZ,PROB,,Y,WMT,BERW,WSA,0,5.23,2.86,1.73,0,0,16.37,Poor
6/12/2023,2013644,NRS_AZ-10729,NRS18_AZ_10843,5/10/2019,1,AZ,PROB,,Y,WMT,BERW,WSA,0.34,1.35,1.43,0,0,0,5.2,Poor
6/12/2023,2013645,NRS_AZ-10740,NRS18_AZ_12844,5/9/2019,1,AZ,PROB,,Y,XER,BETB,WSA,0.06,9.16,7.14,1.08,2.94,2.78,38.6,Poor
6/12/2023,2013646,NRS_NM-10323,NRS18_NM_11094,5/10/2019,1,NM,PROB,,Y,WMT,BERW,WSA,3.75,3.66,2.86,0,4.12,5.05,32.4,Poor
6/12/2023,2013647,NRS_AZ-10584,NRS18_AZ_10003,5/12/2019,1,AZ,PROB,,Y,WMT,BERW,WSA,2.05,6.06,0,0,1.18,3.41,21.17,Poor
6/12/2023,2013648,NRS_NM-10376,NRS18_NM_11437,5/12/2019,1,NM,PROB,,Y,SPL,BERW,WSA,5.54,5.73,1.43,0,4.67,5.71,38.47,Good
6/12/2023,2013649,NRS_AZ-10721,NRS18_AZ_10456,5/12/2019,1,AZ,PROB,,Y,XER,BERW,WSA,5.66,3.57,0,1.84,0,3.47,24.23,Poor
6/12/2023,2013650,NRS_NM-10373,NRS18_NM_11434,5/13/2019,1,NM,PROB,,Y,SPL,BERW,WSA,5.91,2.84,1.43,3.14,3.33,4.29,34.9,Fair
6/12/2023,2013651,NRS_AZ-10657,NRS18_AZ_10015,5/13/2019,1,AZ,PROB,,Y,XER,BERW,WSA,7.7,3.3,2.86,0,0,0,23.1,Poor
6/12/2023,2013652,NRS_AZ-10670,NRS18_AZ_10008,5/13/2019,1,AZ,PROB,,Y,WMT,BERW,WSA,1.46,0,0,1.49,0,0,4.92,Poor
6/12/2023,2013653,NRS_AZ-10675,NRS18_AZ_10009,5/14/2019,1,AZ,PROB,,Y,WMT,BERW,WSA,0.49,2.1,1.43,0.14,0,0,6.93,Poor
6/12/2023,2013654,NRS_TX-10405,NRS18_TX_11093,5/14/2019,1,TX,PROB,,Y,XER,BERW,WSA,10,0,0,0,0,3.47,22.45,Poor
6/12/2023,2013655,NRS_NM-10061,NRS18_NM_10001,5/14/2019,2,NM,PROB,,Y,WMT,BERW,WSA,7.09,5.35,8.57,3.44,7.06,4.89,60.67,Good
6/12/2023,2013657,NRS_NM-10340,NRS18_NM_11401,5/16/2019,2,NM,PROB,,Y,SPL,BERW,WSA,2.18,7.96,4.29,7.14,2.67,1.43,42.78,Good
6/12/2023,2013658,NRS_NM-10348,NRS18_NM_11409,5/17/2019,2,NM,PROB,,Y,SPL,BERW,WSA,2.45,6.26,1.43,6.74,2.67,2.86,37.35,Good
6/12/2023,2013659,NRS_TX-10447,NRS18_TX_11224,5/19/2019,1,TX,PROB,,Y,XER,BERW,WSA,0,4.75,4.29,3.2,0.59,0.01,21.4,Poor
6/12/2023,2013660,NRS_TX-10398,NRS18_TX_11086,5/19/2019,1,TX,PROB,,Y,XER,BERW,WSA,0,0.47,1.43,3.98,0,0.21,10.15,Poor
6/12/2023,2013661,NRS_TX-10413,NRS18_TX_11101,5/19/2019,1,TX,PROB,,Y,XER,BERW,WSA,0,0,1.43,0,0,0,2.38,Poor
6/12/2023,2013662,NRS_NM-10227,NRS18_NM_10397,5/19/2019,1,NM,PROB,,Y,XER,BERW,WSA,0,3.68,2.86,2.06,0.59,5.79,24.97,Poor
6/12/2023,2013663,NRS_NM-10386,NRS18_NM_11701,5/20/2019,1,NM,PROB,,Y,XER,BETB,WSA,9.18,5.03,4.29,4.17,4.12,5,52.98,Fair
6/12/2023,2013664,NRS_TX-10453,NRS18_TX_11369,5/19/2019,1,TX,PROB,,Y,SPL,BETB,WSA,4.8,8.44,7.14,3.14,4.67,0,46.98,Good
6/12/2023,2013665,NRS_TX-10449,NRS18_TX_11330,5/19/2019,1,TX,PROB,,Y,SPL,BETB,WSA,8.94,5.92,2.86,6.53,4.67,1.43,50.58,Good
6/12/2023,2013666,NRS_NM-10153,NRS18_NM_10013,5/15/2019,1,NM,PROB,,Y,SPL,BETB,WSA,6.48,7.54,1.43,9.04,6,7.14,62.72,Good
6/12/2023,2013667,NRS_TX-10389,NRS18_TX_11028,5/21/2019,1,TX,PROB,,Y,SPL,BERW,WSA,0,1.04,0,0,0,0,1.73,Poor
6/12/2023,2013668,NRS_NM-10131,NRS18_NM_10042,5/21/2019,1,NM,PROB,,Y,XER,BETB,WSA,10,1.6,1.43,5.59,3.53,5.38,45.88,Fair
6/12/2023,2013669,NRS_TX-10448,NRS18_TX_11270,5/21/2019,1,TX,PROB,,Y,SPL,BETB,WSA,5.71,9.19,5.71,7.12,7.33,4.29,65.58,Good
6/12/2023,2013670,NRS_NM-10211,NRS18_NM_10381,5/23/2019,1,NM,PROB,,Y,XER,BETB,WSA,8.32,0,0,0,0,0.94,15.43,Poor
6/12/2023,2013671,NRS_NM-10171,NRS18_NM_10031,5/22/2019,1,NM,PROB,,Y,XER,BETB,WSA,0,5.46,1.43,6.25,4.12,3.92,35.3,Poor
6/12/2023,2013672,NRS_TX-10370,NRS18_TX_10887,5/22/2019,1,TX,PROB,,Y,SPL,BERW,WSA,1.28,5.59,2.86,5.18,0.67,0,25.97,Fair
6/12/2023,2013673,NRS_NM-10123,NRS18_NM_10007,5/27/2019,2,NM,PROB,,Y,WMT,BERW,WSA,1.03,3.69,2.86,3.29,1.76,0,21.05,Poor
6/12/2023,2013674,NRS_NM-10099,NRS18_NM_10003,5/26/2019,1,NM,PROB,,Y,WMT,BERW,WSA,2.59,4.87,2.86,1.29,3.53,0,25.23,Poor
6/12/2023,2013675,NRS_NM-10259,NRS18_NM_10805,5/24/2019,1,NM,PROB,,Y,XER,BERW,WSA,0,4.04,2.86,0.17,0,0,11.78,Poor
6/12/2023,2013676,NRS_NM-10322,NRS18_NM_11002,5/28/2019,1,NM,PROB,,Y,SPL,BERW,WSA,0.66,6.92,4.29,2.27,0.67,2.86,29.45,Fair
6/12/2023,2013677,NRS_GA-10174,NRS18_GA_10057,5/29/2019,1,GA,PROB,,Y,CPL,BERW,WSA,10,1.36,1.25,3.88,0,10,44.15,Fair
6/12/2023,2013678,NRS_NM-10271,NRS18_NM_10951,5/29/2019,1,NM,PROB,,Y,SPL,BERW,WSA,6.89,2.65,0,4.46,0,0,23.33,Fair
6/12/2023,2013679,NRS_GA-10145,NRS18_GA_10036,5/30/2019,1,GA,PROB,,Y,SAP,BERW,WSA,3.83,9.57,5.56,4.97,5,6,58.22,Good
6/12/2023,2013680,NRS_TX-10089,NRS18_TX_10017,5/29/2019,1,TX,PROB,,Y,XER,BETB,WSA,0.09,6.79,2.86,3.51,1.76,0.94,26.58,Poor
6/12/2023,2013681,NRS_NM-10159,NRS18_NM_10019,5/30/2019,1,NM,PROB,,Y,WMT,BERW,WSA,3.34,8.54,4.29,4.5,4.12,3.1,46.48,Fair
6/12/2023,2013682,NRS_TX-10432,NRS18_TX_11185,5/31/2019,1,TX,PROB,,Y,XER,BERW,WSA,1.31,2.41,1.43,1.28,1.18,0.94,14.25,Poor
6/12/2023,2013683,NRS_TX-10420,NRS18_TX_11144,6/2/2019,1,TX,PROB,,Y,XER,BERW,WSA,0,0,0,0,0,0,0,Poor
6/12/2023,2013684,NRS_SC-10098,NRS18_SC_10332,6/2/2019,1,SC,PROB,,Y,CPL,BETB,WSA,2.85,3.91,2.5,2.17,0,2.6,23.38,Poor
6/12/2023,2013685,NRS_KY-10079,NRS18_KY_10012,6/3/2019,1,KY,PROB,,Y,TPL,BETB,WSA,0.41,4.49,2.5,1.76,2,2.49,22.75,Poor
6/12/2023,2013686,NRS_NM-10267,NRS18_NM_10947,5/31/2019,1,NM,PROB,,Y,SPL,BERW,WSA,2.55,3.27,0,6.02,1.33,0,21.95,Fair
6/12/2023,2013687,NRS_SC-10083,NRS18_SC_10017,6/3/2019,1,SC,PROB,,Y,CPL,BERW,WSA,6.45,9.82,3.75,4.52,4.38,4.89,56.35,Good
6/12/2023,2013688,NRS_NM-10057,NRS18_NM_10002,6/3/2019,1,NM,PROB,,Y,XER,BETB,WSA,10,0,1.43,1.46,3.53,10,44.03,Fair
6/12/2023,2013689,NRS_NC-10133,NRS18_NC_10012,6/3/2019,1,NC,PROB,,Y,SAP,BERW,WSA,0,0,0,0,0,0,0,Poor
6/12/2023,2013690,NRS_VA-10090,NRS18_VA_10004,6/4/2019,1,VA,PROB,,Y,SAP,BERW,WSA,0,0,0,3.87,0,0,6.45,Poor
6/12/2023,2013691,NRS_PA-10050,NRS18_PA_10003,6/4/2019,1,PA,PROB,,Y,SAP,BERW,WSA,0,0,0,0,0,0,0,Poor
6/12/2023,2013692,NRS_NY-10178,NRS18_NY_10250,6/4/2019,1,NY,PROB,,Y,NAP,BERW,WSA,7.41,1.89,1.11,6.34,5.24,10,53.32,Fair
6/12/2023,2013693,NRS_VT-10100,NRS18_VT_10003,6/3/2019,1,VT,PROB,,Y,NAP,BERW,WSA,6.93,3.42,4.44,4.92,8.57,5.81,56.82,Good
6/12/2023,2013694,NRS_VT-10152,NRS18_VT_RF001,6/4/2019,1,VT,HAND,,Y,NAP,BERW,WSA,9.07,1.85,3.33,8.19,6.67,9.57,64.47,Good
6/12/2023,2013695,NRS_MN-10212,NRS18_MN_10253,6/4/2019,1,MN,PROB,,Y,UMW,BERW,WSA,0.61,5.48,4.29,5.02,0.56,0,26.6,Fair
6/12/2023,2013696,NRS_KY-10028,NRS18_KY_10002,6/4/2019,1,KY,PROB,,Y,TPL,BETB,WSA,0.96,0.45,0,0,0,4.59,10,Poor
6/12/2023,2013697,NRS_AL-10108,NRS18_AL_11088,6/4/2019,1,AL,PROB,,Y,SAP,BETB,WSA,0.13,0.5,0,0,0.5,0,1.88,Poor
6/12/2023,2013698,NRS_GA-10041,NRS18_GA_10002,6/4/2019,1,GA,PROB,,Y,CPL,BERW,WSA,8.46,3.91,1.25,2.97,3.12,7.7,45.68,Fair
6/12/2023,2013699,NRS_OR-10483,NRS18_OR_10013,6/4/2019,1,OR,PROB,,Y,WMT,BETB,WSA,4.65,9.23,8.57,3.36,7.06,2.39,58.77,Good
6/12/2023,2013700,NRS_SC-10028,NRS18_SC_10001,6/4/2019,1,SC,PROB,,Y,CPL,BERW,WSA,8.99,4.32,1.25,3.33,2.5,3.13,39.2,Poor
6/12/2023,2013701,NRS_TX-10377,NRS18_TX_10987,6/4/2019,1,TX,PROB,,Y,SPL,BERW,WSA,0,0,0,0.89,0,0,1.48,Poor
6/12/2023,2013702,NRS_MN-10175,NRS18_MN_10038,6/4/2019,1,MN,PROB,,Y,UMW,BERW,WSA,0,7.29,0,0,0,0,12.15,Poor
6/12/2023,2013703,NRS_NM-10127,NRS18_NM_10008,6/4/2019,1,NM,PROB,,Y,XER,BETB,WSA,10,0,1.43,3.51,2.94,7.7,42.63,Poor
6/12/2023,2013704,NRS_MN-10155,NRS18_MN_10022,6/5/2019,1,MN,PROB,,Y,TPL,BERW,WSA,0.5,4.15,2.5,0,0,0,11.92,Poor
6/12/2023,2013705,NRS_OK-10231,NRS18_OK_11427,6/5/2019,1,OK,PROB,,Y,SPL,BERW,WSA,0.34,1.9,0,0,0,0,3.73,Poor
6/12/2023,2013706,NRS_WV-10017,NRS18_WV_10005,6/4/2019,1,WV,PROB,,Y,SAP,BETB,WSA,6.84,6.19,3.33,1.73,5.5,2.51,43.5,Fair
6/12/2023,2013707,NRS_NY-10225,NRS18_NY_10700,6/5/2019,1,NY,PROB,,Y,NAP,BETB,WSA,2.3,1.84,2.22,3.04,1.9,4.64,26.57,Poor
6/12/2023,2013708,NRS_SC-10024,NRS18_SC_10002,6/5/2019,1,SC,PROB,,Y,CPL,BETB,WSA,0,5.09,2.5,2.64,1.25,1.61,21.82,Poor
6/12/2023,2013709,NRS_KY-10105,NRS18_KY_10027,6/5/2019,1,KY,PROB,,Y,TPL,BETB,WSA,0,5.34,2.5,1.18,0,0,15.03,Poor
6/12/2023,2013710,NRS_MN-10090,NRS18_MN_10005,6/5/2019,1,MN,PROB,,Y,UMW,BETB,WSA,0,7.16,0,4.94,2.22,4.12,30.73,Fair
6/12/2023,2013711,NRS_GA-10156,NRS18_GA_10026,6/5/2019,1,GA,PROB,,Y,CPL,BETB,WSA,9.54,5.74,2.5,4.94,6.88,6.11,59.52,Good
6/12/2023,2013712,NRS_CA-11236,NRS18_CA_10247,6/5/2019,1,CA,PROB,,Y,XER,BETB,WSA,0,7.58,5.71,2.22,2.35,1.71,32.62,Poor
6/12/2023,2013713,NRS_AL-10038,NRS18_AL_10004,6/5/2019,1,AL,PROB,,Y,CPL,BERW,WSA,6.07,6.51,0,3.79,0.62,3.75,34.57,Poor
6/12/2023,2013714,NRS_OR-10683,NRS18_OR_10968,6/5/2019,1,OR,PROB,,Y,WMT,BETB,WSA,2.19,3.29,5.71,1.49,2.94,0,26.03,Poor
6/12/2023,2013715,NRS_TX-10383,NRS18_TX_11022,6/5/2019,1,TX,PROB,,Y,SPL,BERW,WSA,10,0,1.43,7.59,0.67,0,32.82,Fair
6/12/2023,2013716,NRS_NC-10123,NRS18_NC_10037,6/5/2019,1,NC,PROB,,Y,SAP,BERW,WSA,2.26,9.06,3.33,0.74,1,0,27.32,Poor
6/12/2023,2013717,NRS_VT-10102,NRS18_VT_10004,6/5/2019,1,VT,PROB,,Y,NAP,BERW,WSA,6.44,5.57,2.22,6.89,6.67,5.73,55.87,Good
6/12/2023,2013718,NRS_MI-10106,NRS18_MI_10025,6/6/2019,1,MI,PROB,,Y,UMW,BETB,WSA,4.85,6.26,1.43,3.04,0,0,25.97,Fair
6/12/2023,2013719,NRS_KY-10101,NRS18_KY_10023,6/6/2019,1,KY,PROB,,Y,TPL,BERW,WSA,0,5.45,0,0,0,8.63,23.47,Poor
6/12/2023,2013720,NRS_GA-10055,NRS18_GA_10008,6/6/2019,1,GA,PROB,,Y,CPL,BETB,WSA,7.98,2.6,2.5,7.27,1.88,5.63,46.43,Fair
6/12/2023,2013721,NRS_NY-10172,NRS18_NY_10063,6/6/2019,1,NY,PROB,,Y,SAP,BERW,WSA,0,3.09,4.44,4.07,0,2.38,23.3,Poor
6/12/2023,2013722,NRS_MN-10130,NRS18_MN_10026,6/6/2019,1,MN,PROB,,Y,UMW,BETB,WSA,1.56,9.29,4.29,2.89,3.33,0.34,36.17,Fair
6/12/2023,2013723,NRS_OR-10475,NRS18_OR_10009,6/6/2019,1,OR,PROB,,Y,WMT,BETB,WSA,4.23,10,10,1.62,9.41,0.56,59.7,Good
6/12/2023,2013724,NRS_IA-10135,NRS18_IA_10020,6/6/2019,1,IA,PROB,,Y,TPL,BERW,WSA,1.15,6.93,0,2.94,2,3.53,27.58,Fair
6/12/2023,2013725,NRS_KY-10107,NRS18_KY_10029,6/5/2019,1,KY,PROB,,Y,SAP,BETB,WSA,5.28,2.3,2.22,2.05,1.5,1.62,24.95,Poor
6/12/2023,2013726,NRS_OH-10046,NRS18_OH_10010,6/6/2019,1,OH,PROB,,Y,SAP,BETB,WSA,4.01,5.11,1.11,0.68,3,1.62,25.88,Poor
6/12/2023,2013727,NRS_VA-10083,NRS18_VA_10008,6/6/2019,1,VA,PROB,,Y,SAP,BERW,WSA,7.43,10,6.67,7.23,9.5,6.47,78.83,Good
6/12/2023,2013728,NRS_MI-10059,NRS18_MI_10012,6/7/2019,1,MI,PROB,,Y,UMW,BETB,WSA,5.06,6.71,0,2.22,0.56,0,24.25,Fair
6/12/2023,2013729,NRS_CO-10447,NRS18_CO_10135,6/7/2019,1,CO,PROB,,Y,SPL,BERW,WSA,10,4.6,0,4.84,5.33,0,41.28,Good
6/12/2023,2013730,NRS_NM-10332,NRS18_NM_11252,6/6/2019,1,NM,PROB,,Y,XER,BERW,WSA,10,0,1.43,2.29,0.59,0.01,23.87,Poor
6/12/2023,2013731,NRS_MN-10147,NRS18_MN_10029,6/6/2019,1,MN,PROB,,Y,TPL,BETB,WSA,8.79,7.95,2.5,7.06,6,5.3,62.67,Good
6/12/2023,2013732,NRS_NY-10219,NRS18_NY_10399,6/7/2019,1,NY,PROB,,Y,SAP,BERW,WSA,2.13,2.01,1.11,5.2,0,0,17.42,Poor
6/12/2023,2013733,NRS_IA-10106,NRS18_IA_10011,6/7/2019,1,IA,PROB,,Y,TPL,BETB,WSA,5.48,4.03,3.75,1.76,4,0,31.7,Fair
6/12/2023,2013734,NRS_MN-10154,NRS18_MN_10021,6/7/2019,1,MN,PROB,,Y,UMW,BERW,WSA,7.6,4.9,4.29,7.35,4.44,5.82,57.33,Good
6/12/2023,2013735,NRS_IA-10127,NRS18_IA_10046,6/9/2019,1,IA,PROB,,Y,UMW,BERW,WSA,0,2,0,2.42,0,2.56,11.63,Poor
6/12/2023,2013736,NRS_NY-10163,NRS18_NY_10054,6/9/2019,1,NY,PROB,,Y,NAP,BERW,WSA,7.01,5.52,0,3.54,6.19,8.74,51.67,Fair
6/12/2023,2013737,NRS_MN-10198,NRS18_MN_10061,6/9/2019,1,MN,PROB,,Y,UMW,BERW,WSA,4.22,6.58,5.71,3.28,5,4.19,48.3,Good
6/12/2023,2013738,NRS_WY-10460,NRS18_WY_10039,6/9/2019,1,WY,PROB,,Y,XER,BERW,WSA,0,3.41,4.29,0.65,0,0,13.92,Poor
6/12/2023,2013739,NRS_NY-10105,NRS18_NY_10039,6/10/2019,1,NY,PROB,,Y,NAP,BETB,WSA,0.15,2.24,2.22,0,0.48,0,8.48,Poor
6/12/2023,2013740,NRS_MI-10052,NRS18_MI_10009,6/10/2019,1,MI,PROB,,Y,UMW,BETB,WSA,0.2,3.68,2.86,2.04,0,0,14.63,Poor
6/12/2023,2013741,NRS_MN-10062,NRS18_MN_10014,6/10/2019,1,MN,PROB,,Y,UMW,BETB,WSA,4.05,5.94,5.71,5.39,4.44,3.68,48.68,Good
6/12/2023,2013742,NRS_MN-10181,NRS18_MN_10044,6/9/2019,1,MN,PROB,,Y,UMW,BERW,WSA,4.89,0.39,1.43,5.76,4.44,3.52,34.05,Fair
6/12/2023,2013743,NRS_NE-10170,NRS18_NE_10041,6/10/2019,1,NE,PROB,,Y,SPL,BERW,WSA,0.05,5.4,0,2.08,1.33,0,14.77,Poor
6/12/2023,2013744,NRS_OR-10679,NRS18_OR_10817,6/10/2019,1,OR,PROB,,Y,XER,BETB,WSA,7.35,7.16,5.71,4.95,7.06,4.5,61.22,Good
6/12/2023,2013745,NRS_TN-10147,NRS18_TN_10040,6/10/2019,1,TN,PROB,,Y,CPL,BERW,WSA,9.72,2.43,0,0,0,1.25,22.33,Poor
6/12/2023,2013746,NRS_IA-10071,NRS18_IA_10005,6/10/2019,1,IA,PROB,,Y,TPL,BERW,WSA,3.77,7.78,2.5,2.35,4,3.94,40.57,Good
6/12/2023,2013747,NRS_OK-10119,NRS18_OK_10046,6/10/2019,1,OK,PROB,,Y,SPL,BERW,WSA,2.77,3.93,2.86,4.19,0.67,0,24.03,Fair
6/12/2023,2013748,NRS_VT-10153,NRS18_VT_RF002,6/10/2019,1,VT,HAND,,Y,NAP,BERW,WSA,7.9,2.05,6.67,6.38,7.62,7.22,63.07,Good
6/12/2023,2013749,NRS_WY-10516,NRS18_WY_10549,6/10/2019,1,WY,PROB,,Y,XER,BERW,WSA,10,2.49,1.43,1.6,0,5.28,34.67,Poor
6/12/2023,2013750,NRS_NC-10091,NRS18_NC_10032,6/11/2019,1,NC,PROB,,Y,SAP,BERW,WSA,5.75,8.49,7.78,5.8,9,8.49,75.52,Good
6/12/2023,2013751,NRS_IA-10063,NRS18_IA_10003,6/11/2019,1,IA,PROB,,Y,TPL,BETB,WSA,6.46,8.86,6.25,5.88,8,6.57,70.03,Good
6/12/2023,2013752,NRS_MN-10129,NRS18_MN_10025,6/11/2019,1,MN,PROB,,Y,UMW,BETB,WSA,4.62,0,2.86,3.46,3.89,5.37,33.67,Fair
6/12/2023,2013753,NRS_OK-10195,NRS18_OK_10049,6/11/2019,1,OK,PROB,,Y,SPL,BERW,WSA,0.05,0,1.43,3.14,0.67,0,8.82,Poor
6/12/2023,2013754,NRS_NE-10182,NRS18_NE_10053,6/11/2019,1,NE,PROB,,Y,SPL,BERW,WSA,1.43,6.35,0,0.89,1.33,0,16.67,Poor
6/12/2023,2013755,NRS_MN-10199,NRS18_MN_10062,6/11/2019,1,MN,PROB,,Y,UMW,BERW,WSA,0,2.45,0,0.24,0,2.04,7.88,Poor
6/12/2023,2013756,NRS_WV-10057,NRS18_WV_10009,6/11/2019,1,WV,PROB,,Y,SAP,BERW,WSA,5.75,6.76,1.11,3.87,4.5,5.17,45.27,Good
6/12/2023,2013757,NRS_UT-10385,NRS18_UT_10432,6/11/2019,1,UT,PROB,,Y,XER,BETB,WSA,0.28,4.88,0,5.41,1.18,4.56,27.18,Poor
6/12/2023,2013758,NRS_OH-10105,NRS18_OH_10031,6/11/2019,1,OH,PROB,,Y,SAP,BETB,WSA,1.59,6.12,3.33,2.11,0.5,0,22.75,Poor
6/12/2023,2013759,NRS_NH-10125,NRS18_NH_10014,6/11/2019,1,NH,PROB,,Y,NAP,BERW,WSA,3.22,5.8,0,1.81,2.86,6.52,33.68,Poor
6/12/2023,2013760,NRS_WY-10569,NRS18_WY_11452,6/11/2019,1,WY,PROB,,Y,SPL,BERW,WSA,2.91,7.16,7.14,9.14,2.67,1.43,50.75,Good
6/12/2023,2013761,NRS_SD-10476,NRS18_SD_10094,6/11/2019,1,SD,PROB,,Y,NPL,BERW,WSA,0.52,2.79,2,0,1.43,0.42,11.93,Poor
6/12/2023,2013762,NRS_MN-10148,NRS18_MN_10030,6/12/2019,1,MN,PROB,,Y,UMW,BETB,WSA,5.1,7.87,5.71,6.59,7.78,6.39,65.73,Good
6/12/2023,2013763,NRS_OK-10235,NRS18_OK_11579,6/12/2019,1,OK,PROB,,Y,SPL,BERW,WSA,0,4.22,2.86,2.68,0,0,16.27,Poor
6/12/2023,2013764,NRS_TX-10422,NRS18_TX_11175,6/11/2019,1,TX,PROB,,Y,XER,BERW,WSA,9.17,1.84,2.86,0.32,0,0.49,24.47,Poor
6/12/2023,2013765,NRS_VA-10156,NRS18_VA_RF013,6/12/2019,1,VA,HAND,,Y,SAP,BETB,WSA,7.62,6.98,6.67,8.03,5.5,4.86,66.1,Good
6/12/2023,2013766,NRS_NE-10261,NRS18_NE_11590,6/12/2019,1,NE,PROB,,Y,SPL,BERW,WSA,1.12,5.5,4.29,3.57,1.33,0,26.35,Fair
6/12/2023,2013767,NRS_NE-10249,NRS18_NE_11578,6/12/2019,1,NE,PROB,,Y,SPL,BERW,WSA,1.73,5.83,1.43,2.08,3.33,0,24,Fair
6/12/2023,2013768,NRS_MN-10194,NRS18_MN_10057,6/12/2019,1,MN,PROB,,Y,UMW,BERW,WSA,1.89,2.71,1.43,2.12,2.22,1.05,19.03,Poor
6/12/2023,2013769,NRS_UT-10332,NRS18_UT_10017,6/12/2019,1,UT,PROB,,Y,XER,BETB,WSA,3.37,5.38,1.43,8.09,2.94,5.38,44.32,Fair
6/12/2023,2013770,NRS_SC-10085,NRS18_SC_10019,6/12/2019,1,SC,PROB,,Y,CPL,BETB,WSA,1.56,3.43,2.5,4.07,2.5,4.33,30.65,Poor
6/12/2023,2013771,NRS_TN-10149,NRS18_TN_10340,6/12/2019,1,TN,PROB,,Y,CPL,BERW,WSA,8.9,8.46,5,3.28,3.12,4.27,55.05,Good
6/12/2023,2013772,NRS_TN-10148,NRS18_TN_10339,6/11/2019,1,TN,PROB,,Y,CPL,BERW,WSA,1.52,8.05,3.75,2.79,1.88,0,29.98,Poor
6/12/2023,2013773,NRS_WY-10570,NRS18_WY_11453,6/12/2019,1,WY,PROB,,Y,SPL,BERW,WSA,10,3.74,2.86,5.76,4.67,2.86,49.82,Good
6/12/2023,2013774,NRS_OH-10113,NRS18_OH_10658,6/12/2019,1,OH,PROB,,Y,SAP,BERW,WSA,5.21,6.76,0,3.48,2,2.03,32.47,Fair
6/12/2023,2013775,NRS_VT-10141,NRS18_VT_10014,6/12/2019,1,VT,PROB,,Y,NAP,BERW,WSA,10,5.19,0,7,8.1,6.65,61.57,Good
6/12/2023,2013776,NRS_SD-10479,NRS18_SD_10694,6/12/2019,1,SD,PROB,,Y,NPL,BERW,WSA,0,0,0,0,0,0,0,Poor
6/12/2023,2013777,NRS_NC-10226,NRS18_NC_10111,6/13/2019,1,NC,PROB,,Y,CPL,BERW,WSA,9.68,0.41,1.25,5.57,0.62,8.88,44.02,Fair
6/12/2023,2013778,NRS_SC-10059,NRS18_SC_10009,6/13/2019,1,SC,PROB,,Y,CPL,BETB,WSA,0,0.71,3.75,0,0,2.25,11.18,Poor
6/12/2023,2013779,NRS_WV-10075,NRS18_WV_10019,6/12/2019,1,WV,PROB,,Y,SAP,BETB,WSA,5.28,7.12,3.33,3.41,3.5,5.12,46.27,Good
6/12/2023,2013780,NRS_VA-10155,NRS18_VA_RF011,6/13/2019,1,VA,HAND,,Y,SAP,BETB,WSA,8.26,9.64,10,5.9,8,6.09,79.82,Good
6/12/2023,2013781,NRS_WI-10202,NRS18_WI_10054,6/13/2019,1,WI,PROB,,Y,TPL,BETB,WSA,0.42,2.33,3.75,4.71,2,0.78,23.32,Poor
6/12/2023,2013782,NRS_MN-10176,NRS18_MN_10039,6/13/2019,1,MN,PROB,,Y,UMW,BERW,WSA,0,0.39,0,3.85,0,0,7.07,Poor
6/12/2023,2013783,NRS_UT-10327,NRS18_UT_10013,6/13/2019,1,UT,PROB,,Y,XER,BERW,WSA,10,1.14,1.43,1.84,1.18,2.2,29.65,Poor
6/12/2023,2013784,NRS_NH-10127,NRS18_NH_10016,6/13/2019,1,NH,PROB,,Y,NAP,BERW,WSA,8.42,6.34,4.44,5.88,6.67,6.85,64.33,Good
6/12/2023,2013785,NRS_SC-10092,NRS18_SC_10034,6/14/2019,1,SC,PROB,,Y,CPL,BETB,WSA,0,0,2.5,1.67,0,4.14,13.85,Poor
6/12/2023,2013786,NRS_MN-10195,NRS18_MN_10058,6/13/2019,1,MN,PROB,,Y,UMW,BETB,WSA,3.01,5.55,0,8.16,2.78,0.64,33.57,Fair
6/12/2023,2013787,NRS_CA-10897,NRS18_CA_10025,6/11/2019,1,CA,PROB,,Y,XER,BERW,WSA,10,0,0,2.55,0,6.73,32.13,Poor
6/12/2023,2013788,NRS_MN-10226,NRS18_MN_10553,6/14/2019,1,MN,PROB,,Y,UMW,BETB,WSA,0.2,6.26,0,3.04,0.56,0.2,17.1,Poor
6/12/2023,2013789,NRS_WY-10497,NRS18_WY_10251,6/13/2019,1,WY,PROB,,Y,SPL,BERW,WSA,0,7.44,0,0.13,0,4.29,19.77,Poor
6/12/2023,2013790,NRS_TX-10378,NRS18_TX_10988,6/13/2019,1,TX,PROB,,Y,SPL,BERW,WSA,2.35,2.75,0,3.03,0.67,1.43,17.05,Poor
6/12/2023,2013791,NRS_TN-10142,NRS18_TN_10023,6/14/2019,1,TN,PROB,,Y,CPL,BERW,WSA,9.27,6.51,3.75,5.45,8.12,6.14,65.4,Good
6/12/2023,2013792,NRS_MN-10058,NRS18_MN_10012,6/14/2019,1,MN,PROB,,Y,UMW,BETB,WSA,0.71,3.81,0,0.24,1.11,3.52,15.65,Poor
6/12/2023,2013797,NRS_SC-10100,NRS18_SC_10779,6/16/2019,1,SC,PROB,,Y,SAP,BETB,WSA,0.45,6.12,0,0,0.5,0,11.78,Poor
6/12/2023,2013798,NRS_MN-10197,NRS18_MN_10060,6/16/2019,1,MN,PROB,,Y,UMW,BETB,WSA,0.64,1.48,1.43,3.19,0,1.99,14.55,Poor
6/12/2023,2013799,NRS_OR-10685,NRS18_OR_11118,6/12/2019,1,OR,PROB,,Y,XER,BETB,WSA,3.57,4.54,5.71,4.49,5.29,1.23,41.38,Poor
6/12/2023,2013800,NRS_NC-10120,NRS18_NC_10009,6/16/2019,1,NC,PROB,,Y,CPL,BETB,WSA,0,7.46,2.5,0,0,0,16.6,Poor
6/12/2023,2013801,NRS_WY-10631,NRS18_WY_11906,6/14/2019,1,WY,PROB,,Y,NPL,BERW,WSA,6.39,5.28,6,6.46,7.14,3.33,57.67,Good
6/12/2023,2013802,NRS_WY-10549,NRS18_WY_11305,6/16/2019,1,WY,PROB,,Y,NPL,BERW,WSA,0.48,8.27,8,3.83,1.43,3.33,42.23,Poor
6/12/2023,2013803,NRS_WY-10560,NRS18_WY_11316,6/16/2019,1,WY,PROB,,Y,NPL,BERW,WSA,1.33,3.6,0,5.3,2.86,1.25,23.9,Poor
6/12/2023,2013804,NRS_MD-10018,NRS18_MD_10001,6/17/2019,1,MD,PROB,,Y,CPL,BETB,WSA,4.06,6.92,1.25,2.28,1.25,3.97,32.88,Poor
6/12/2023,2013805,NRS_MN-10107,NRS18_MN_10009,6/16/2019,1,MN,PROB,,Y,UMW,BERW,WSA,2.31,5.29,0,5.92,0,0,22.53,Poor
6/12/2023,2013806,NRS_WI-10131,NRS18_WI_10028,6/17/2019,1,WI,PROB,,Y,UMW,BETB,WSA,7.78,3.23,1.43,0.24,0,0,21.13,Poor
6/12/2023,2013808,NRS_KY-10040,NRS18_KY_10003,6/17/2019,1,KY,PROB,,Y,SAP,BERW,WSA,2.09,9.5,5.56,0,5,4.86,45.02,Good
6/12/2023,2013809,NRS_SC-10044,NRS18_SC_10003,6/17/2019,1,SC,PROB,,Y,CPL,BERW,WSA,8.57,4.97,0,1.17,0,2.68,28.98,Poor
6/12/2023,2013810,NRS_MN-10104,NRS18_MN_10007,6/17/2019,1,MN,PROB,,Y,UMW,BERW,WSA,0,5.81,2.86,3.04,1.67,7.03,34.02,Fair
6/12/2023,2013811,NRS_WY-10545,NRS18_WY_11301,6/17/2019,1,WY,PROB,,Y,NPL,BETB,WSA,8.03,3.81,0,9.08,7.14,5,55.1,Fair
6/12/2023,2013812,NRS_NE-10066,NRS18_NE_10058,6/18/2019,1,NE,PROB,,Y,TPL,BERW,WSA,0.04,0.4,0,1.18,0,0.59,3.68,Poor
6/12/2023,2013814,NRS_AL-10110,NRS18_AL_RF002,6/17/2019,1,AL,HAND,,Y,SAP,BETB,WSA,3.95,4.32,5.56,6.77,6,1.86,47.43,Good
6/12/2023,2013815,NRS_OK-10096,NRS18_OK_10024,6/17/2019,1,OK,PROB,,Y,SAP,BERW,WSA,7.88,6.98,3.33,6.71,5,3.65,55.92,Good
6/12/2023,2013816,NRS_MN-10108,NRS18_MN_10010,6/18/2019,1,MN,PROB,,Y,UMW,BERW,WSA,2.43,2,2.86,6.78,3.89,2.21,33.62,Fair
6/12/2023,2013817,NRS_FL-10213,NRS18_FL_RF002,6/18/2019,1,FL,HAND,,Y,CPL,BETB,WSA,6.95,8.93,7.5,4.53,9.38,7.12,74.02,Good
6/12/2023,2013818,NRS_OK-10150,NRS18_OK_10040,6/17/2019,1,OK,PROB,,Y,SAP,BETB,WSA,6.29,0,0,3.87,3.5,5.67,32.22,Fair
6/12/2023,2013819,NRS_KY-10050,NRS18_KY_10004,6/18/2019,1,KY,PROB,,Y,SAP,BERW,WSA,5.17,7.55,1.11,7.56,4,0,42.32,Fair
6/12/2023,2013820,NRS_NH-10123,NRS18_NH_10012,6/18/2019,1,NH,PROB,,Y,NAP,BERW,WSA,9.49,0.36,3.33,4.75,6.19,9.16,55.47,Good
6/12/2023,2013821,NRS_MI-10116,NRS18_MI_10017,6/18/2019,1,MI,PROB,,Y,UMW,BERW,WSA,8.09,3.55,0,0,0,0,19.4,Poor
6/12/2023,2013822,NRS_TX-10089,NRS18_TX_10017,6/18/2019,2,TX,PROB,,Y,XER,BETB,WSA,10,1.01,1.43,5.41,1.18,6.73,42.93,Fair
6/12/2023,2013823,NRS_CA-10821,NRS18_CA_10015,6/18/2019,1,CA,PROB,,Y,WMT,BETB,WSA,4.45,1.96,7.14,2.64,4.12,0,33.85,Poor
6/12/2023,2013824,NRS_CA-11198,NRS18_CA_10049,6/17/2019,1,CA,PROB,,Y,XER,BETB,WSA,3.27,1.61,4.29,1.6,1.18,0,19.92,Poor
6/12/2023,2013825,NRS_PA-10115,NRS18_PA_10034,6/18/2019,1,PA,PROB,,Y,NAP,BERW,WSA,9.08,7.5,8.89,7.48,10,7.62,84.28,Good
6/12/2023,2013826,NRS_CA-10845,NRS18_CA_10007,6/18/2019,1,CA,PROB,,Y,WMT,BERW,WSA,7.76,3.21,4.29,2.64,7.06,8.41,55.62,Good
6/12/2023,2013827,NRS_SC-10028,NRS18_SC_10001,6/18/2019,2,SC,PROB,,Y,CPL,BERW,WSA,7.93,2.6,1.25,1.71,1.88,1.71,28.47,Poor
6/12/2023,2013828,NRS_SC-10024,NRS18_SC_10002,6/19/2019,2,SC,PROB,,Y,CPL,BETB,WSA,0,8.11,2.5,1.58,1.88,1.16,25.38,Poor
6/12/2023,2013829,NRS_ID-10359,NRS18_ID_10053,6/18/2019,1,ID,PROB,,Y,WMT,BERW,WSA,7.09,2.4,7.14,4.71,6.47,7.12,58.22,Good
6/12/2023,2013830,NRS_WV-10066,NRS18_WV_RF004,6/18/2019,1,WV,HAND,,Y,SAP,BETB,WSA,8.63,10,7.78,8.45,10,4.91,82.95,Good
6/12/2023,2013831,NRS_CA-10895,NRS18_CA_10019,6/19/2019,1,CA,PROB,,Y,XER,BETB,WSA,2.65,9.46,8.57,4.57,7.06,3.47,59.63,Good
6/12/2023,2013832,NRS_MN-10073,NRS18_MN_10018,6/19/2019,1,MN,PROB,,Y,UMW,BETB,WSA,2.88,3.48,2.86,0.54,4.44,3.07,28.78,Fair
6/12/2023,2013833,NRS_NC-10349,NRS18_NC_10645,6/18/2019,1,NC,PROB,,Y,CPL,BERW,WSA,4.66,8.28,3.75,3.98,5.62,4.89,51.97,Fair
6/12/2023,2013834,NRS_WI-10196,NRS18_WI_10048,6/19/2019,1,WI,PROB,,Y,UMW,BETB,WSA,4.73,8.06,1.43,6.2,4.44,2.54,45.67,Good
6/12/2023,2013835,NRS_CA-11212,NRS18_CA_10094,6/19/2019,1,CA,PROB,,Y,WMT,BERW,WSA,8.91,2.01,5.71,6.54,7.06,6.74,61.62,Good
6/12/2023,2013837,NRS_FL-10214,NRS18_FL_RF003,6/19/2019,1,FL,HAND,,Y,CPL,BETB,WSA,9.22,0,2.5,1.1,3.75,9.84,44.02,Fair
6/12/2023,2013838,NRS_KY-10077,NRS18_KY_10016,6/19/2019,1,KY,PROB,,Y,TPL,BERW,WSA,2.59,6.88,3.75,4.12,0,4.03,35.62,Fair
6/12/2023,2013839,NRS_FL-10137,NRS18_FL_10010,6/19/2019,1,FL,PROB,,Y,CPL,BETB,WSA,6.64,7.87,1.25,2.64,2.5,3.13,40.05,Poor
6/12/2023,2013840,NRS_WY-10415,NRS18_WY_10034,6/19/2019,1,WY,PROB,,Y,XER,BETB,WSA,8.67,0.07,4.29,5.26,1.18,3.07,37.57,Poor
6/12/2023,2013841,NRS_WY-10559,NRS18_WY_11315,6/18/2019,1,WY,PROB,,Y,NPL,BERW,WSA,1.57,7.31,2,4.53,0,2.08,29.15,Poor
6/12/2023,2013842,NRS_NH-10114,NRS18_NH_10008,6/20/2019,1,NH,PROB,,Y,NAP,BERW,WSA,5.89,5.11,2.22,4.19,5.24,5.36,46.68,Fair
6/12/2023,2013843,NRS_MN-10187,NRS18_MN_10050,6/20/2019,1,MN,PROB,,Y,UMW,BETB,WSA,4.41,8.58,0,6.78,5,2.21,44.97,Good
6/12/2023,2013844,NRS_MN-10204,NRS18_MN_10067,6/19/2019,1,MN,PROB,,Y,UMW,BETB,WSA,4.22,5.29,4.29,4.2,2.78,0.83,36.02,Fair
6/12/2023,2013845,NRS_WV-10054,NRS18_WV_10008,6/19/2019,1,WV,PROB,,Y,SAP,BETB,WSA,9.02,5.4,4.44,1.83,4.5,4.69,49.8,Good
6/12/2023,2013846,NRS_WI-10130,NRS18_WI_10027,6/20/2019,1,WI,PROB,,Y,UMW,BETB,WSA,8.88,1.1,2.86,2.71,0,0.51,26.77,Fair
6/12/2023,2013847,NRS_MN-10189,NRS18_MN_10052,6/20/2019,1,MN,PROB,,Y,UMW,BERW,WSA,5.86,3.16,1.43,4.58,4.44,5.82,42.15,Good
6/12/2023,2013848,NRS_TX-10215,NRS18_TX_10116,6/20/2019,1,TX,PROB,,Y,XER,BETB,WSA,6.38,1.18,0,1.28,1.76,0,17.67,Poor
6/12/2023,2013849,NRS_WY-10504,NRS18_WY_10400,6/20/2019,1,WY,PROB,,Y,WMT,BERW,WSA,5.59,2.62,4.29,6.18,4.12,5.13,46.55,Fair
6/12/2023,2013850,NRS_DE-10100,NRS18_DE_10037,6/20/2019,1,DE,PROB,,Y,CPL,BERW,WSA,1.94,8.99,0,4.07,0,2.6,29.33,Poor
6/12/2023,2013851,NRS_MN-10106,NRS18_MN_10008,6/21/2019,1,MN,PROB,,Y,UMW,BERW,WSA,1.72,0,1.43,3.46,0,0,11.02,Poor
6/12/2023,2013852,NRS_MN-10183,NRS18_MN_10046,6/21/2019,1,MN,PROB,,Y,UMW,BERW,WSA,0,1.68,0,0,0,0,2.8,Poor
6/12/2023,2013853,NRS_IA-10056,NRS18_IA_10007,6/21/2019,1,IA,PROB,,Y,TPL,BETB,WSA,3.24,0,0,0,5,8.36,27.67,Fair
6/12/2023,2013854,NRS_NC-10060,NRS18_NC_10002,6/19/2019,1,NC,PROB,,Y,CPL,BETB,WSA,0.78,1.48,3.75,1.96,1.88,5,24.75,Poor
6/12/2023,2013855,NRS_NC-10043,NRS18_NC_10006,6/18/2019,1,NC,PROB,,Y,SAP,BETB,WSA,2.84,0,1.11,4.18,1,1.43,17.6,Poor
6/12/2023,2013856,NRS_NC-10055,NRS18_NC_10008,6/20/2019,1,NC,PROB,,Y,CPL,BETB,WSA,3.24,8.82,5,4.96,3.12,2.81,46.58,Fair
6/12/2023,2013857,NRS_NC-10153,NRS18_NC_10026,6/21/2019,1,NC,PROB,,Y,CPL,BETB,WSA,0,0,0,1.41,0,2.25,6.1,Poor
6/12/2023,2013861,NRS_NC-10154,NRS18_NC_10027,6/23/2019,1,NC,PROB,,Y,SAP,BETB,WSA,0.98,5.54,0,0,0.5,0,11.7,Poor
6/12/2023,2013862,NRS_IL-10087,NRS18_IL_10014,6/23/2019,1,IL,PROB,,Y,TPL,BETB,WSA,1.38,1.53,2.5,2.35,0,1.91,16.12,Poor
6/12/2023,2013864,NRS_WY-10388,NRS18_WY_10025,6/23/2019,1,WY,PROB,,Y,WMT,BETB,WSA,8.87,0.34,1.43,10,2.94,4.05,46.05,Fair
6/12/2023,2013865,NRS_WY-10343,NRS18_WY_10005,6/23/2019,1,WY,PROB,,Y,WMT,BETB,WSA,7.09,0.53,2.86,9.01,4.12,5.92,49.22,Fair
6/12/2023,2013866,NRS_WY-10571,NRS18_WY_11594,6/21/2019,1,WY,PROB,,Y,WMT,BETB,WSA,5.49,1.8,5.71,7.08,1.76,2.62,40.77,Fair
6/12/2023,2013867,NRS_OR-10485,NRS18_OR_10014,6/22/2019,1,OR,PROB,,Y,XER,BETB,WSA,10,0.8,5.71,6.84,7.06,7.28,62.82,Good
6/12/2023,2013868,NRS_MD-10097,NRS18_MD_11081,6/24/2019,1,MD,PROB,,Y,SAP,BETB,WSA,5.28,5.04,7.78,0.68,3.5,2.79,41.78,Fair
6/12/2023,2013869,NRS_NE-10188,NRS18_NE_10079,6/24/2019,1,NE,PROB,,Y,NPL,BERW,WSA,0.25,4.47,2,7.04,0,1.25,25.02,Poor
6/12/2023,2013870,NRS_MI-10134,NRS18_MI_10035,6/24/2019,1,MI,PROB,,Y,UMW,BERW,WSA,6.85,4.58,5.71,7.28,5.56,8.01,63.32,Good
6/12/2023,2013871,NRS_MN-10191,NRS18_MN_10054,6/24/2019,1,MN,PROB,,Y,UMW,BETB,WSA,3.81,0,0,2.89,0,2.99,16.15,Poor
6/12/2023,2013872,NRS_MN-10174,NRS18_MN_10037,6/23/2019,1,MN,PROB,,Y,TPL,BERW,WSA,9.71,5.34,6.25,5.29,7,3.53,61.87,Good
6/12/2023,2013873,NRS_NC-10125,NRS18_NC_10010,6/24/2019,1,NC,PROB,,Y,SAP,BETB,WSA,3.06,6.33,1.11,0,0,0,17.5,Poor
6/12/2023,2013876,NRS_OK-10225,NRS18_OK_11421,6/24/2019,1,OK,PROB,,Y,SPL,BERW,WSA,1.54,4.55,1.43,6.66,0.67,1.43,27.13,Fair
6/12/2023,2013877,NRS_IA-10146,NRS18_IA_10031,6/24/2019,1,IA,PROB,,Y,TPL,BETB,WSA,1.49,7.73,1.25,4.71,2,4.03,35.35,Fair
6/12/2023,2013878,NRS_MN-10135,NRS18_MN_10020,6/23/2019,1,MN,PROB,,Y,TPL,BETB,WSA,0.49,4.15,2.5,1.76,2,0,18.17,Poor
6/12/2023,2013879,NRS_OK-10127,NRS18_OK_10035,6/24/2019,1,OK,PROB,,Y,SAP,BETB,WSA,4.01,5.11,0,0,0.5,0,16.03,Poor
6/12/2023,2013880,NRS_CO-10475,NRS18_CO_10398,6/24/2019,1,CO,PROB,,Y,XER,BERW,WSA,8.57,2.53,5.71,6.84,4.71,3.47,53.05,Fair
6/12/2023,2013881,NRS_NY-10160,NRS18_NY_10051,6/25/2019,1,NY,PROB,,Y,NAP,BERW,WSA,0.99,1.52,0,2.58,0.48,0.95,10.87,Poor
6/12/2023,2013882,NRS_TN-10114,NRS18_TN_10015,6/25/2019,1,TN,PROB,,Y,SAP,BETB,WSA,3.61,3.24,2.22,0.4,2,4.12,25.98,Poor
6/12/2023,2013883,NRS_NE-10159,NRS18_NE_10030,6/25/2019,1,NE,PROB,,Y,NPL,BERW,WSA,6.7,5.03,4,6.21,8.57,3.75,57.1,Good
6/12/2023,2013884,NRS_WI-10060,NRS18_WI_10010,6/25/2019,1,WI,PROB,,Y,UMW,BETB,WSA,9,6.32,5.71,4.2,4.44,1.95,52.7,Good
6/12/2023,2013885,NRS_MD-10021,NRS18_MD_10004,6/25/2019,1,MD,PROB,,Y,SAP,BETB,WSA,10,7.27,5.56,2.82,8,6.67,67.2,Good
6/12/2023,2013886,NRS_KY-10056,NRS18_KY_10005,6/25/2019,1,KY,PROB,,Y,SAP,BERW,WSA,0,0,3.33,3.16,0,10,27.48,Poor
6/12/2023,2013887,NRS_MI-10057,NRS18_MI_10006,6/25/2019,1,MI,PROB,,Y,UMW,BERW,WSA,0,3.1,0,4.51,0,1.26,14.78,Poor
6/12/2023,2013888,NRS_GA-10124,NRS18_GA_10019,6/25/2019,1,GA,PROB,,Y,SAP,BETB,WSA,2.29,4.96,0,3.31,1,0,19.27,Poor
6/12/2023,2013889,NRS_ND-10444,NRS18_ND_10044,6/25/2019,1,ND,PROB,,Y,NPL,BERW,WSA,2.66,2.84,4,3.29,2.86,3.75,32.33,Poor
6/12/2023,2013890,NRS_MN-10132,NRS18_MN_10028,6/25/2019,1,MN,PROB,,Y,UMW,BERW,WSA,3.87,2.06,1.43,10,3.89,4.95,43.67,Good
6/12/2023,2013891,NRS_UT-10331,NRS18_UT_10010,6/25/2019,1,UT,PROB,,Y,XER,BETB,WSA,10,7.44,1.43,4.17,4.12,7.03,56.98,Fair
6/12/2023,2013894,NRS_MN-10205,NRS18_MN_10068,6/25/2019,1,MN,PROB,,Y,TPL,BETB,WSA,0.21,2.73,1.25,2.94,0,0,11.88,Poor
6/12/2023,2013895,NRS_OK-10184,NRS18_OK_10032,6/25/2019,1,OK,PROB,,Y,SAP,BETB,WSA,4.48,3.02,0,1.83,0.5,2.6,20.72,Poor
6/12/2023,2013896,NRS_IA-10116,NRS18_IA_10018,6/25/2019,1,IA,PROB,,Y,UMW,BETB,WSA,1.61,4.19,1.43,1.08,3.33,6.81,30.75,Fair
6/12/2023,2013897,NRS_NH-10128,NRS18_NH_10017,6/25/2019,1,NH,PROB,,Y,NAP,BERW,WSA,6.06,5.05,2.22,3.52,6.67,4.37,46.48,Fair
6/12/2023,2013898,NRS_SD-10475,NRS18_SD_10061,6/25/2019,1,SD,PROB,,Y,WMT,BETB,WSA,1.46,5.56,2.86,0,1.18,0,18.43,Poor
6/12/2023,2013899,NRS_NC-10041,NRS18_NC_10001,6/25/2019,1,NC,PROB,,Y,SAP,BERW,WSA,0.98,7.77,3.33,2.08,1,0,25.27,Poor
6/12/2023,2013900,NRS_WI-10120,NRS18_WI_10015,6/25/2019,1,WI,PROB,,Y,UMW,BERW,WSA,2.17,4.32,2.86,3.46,2.22,4.34,32.28,Fair
6/12/2023,2013901,NRS_CO-10351,NRS18_CO_10064,6/25/2019,1,CO,PROB,,Y,WMT,BERW,WSA,4.09,3.7,2.86,2.27,2.94,2.2,30.1,Poor
6/12/2023,2013902,NRS_CA-10906,NRS18_CA_10026,6/25/2019,1,CA,PROB,,Y,WMT,BERW,WSA,7.76,7.58,5.71,4.02,7.06,4.53,61.1,Good
6/12/2023,2013903,NRS_WI-10071,NRS18_WI_10014,6/26/2019,1,WI,PROB,,Y,UMW,BETB,WSA,3.36,3.55,1.43,0,0.56,1.67,17.62,Poor
6/12/2023,2013904,NRS_ID-10345,NRS18_ID_10018,6/25/2019,1,ID,PROB,,Y,XER,BERW,WSA,7.14,7.92,7.14,5.56,7.65,5.62,68.38,Good
6/12/2023,2013905,NRS_NY-10101,NRS18_NY_10089,6/26/2019,1,NY,PROB,,Y,NAP,BERW,WSA,3.22,1.78,7.78,5.17,4.29,5.65,46.48,Fair
6/12/2023,2013906,NRS_OK-10207,NRS18_OK_10432,6/26/2019,1,OK,PROB,,Y,SPL,BERW,WSA,0.88,1.14,0,0,0,1.43,5.75,Poor
6/12/2023,2013907,NRS_FL-10208,NRS18_FL_10047,6/25/2019,1,FL,PROB,,Y,CPL,BERW,WSA,7.93,6.09,0,0.33,0.62,0,24.95,Poor
6/12/2023,2013908,NRS_TN-10154,NRS18_TN_RF001,6/26/2019,1,TN,HAND,,Y,SAP,BETB,WSA,4.43,8.13,7.78,1.59,4.5,0.84,45.45,Good
6/12/2023,2013909,NRS_TX-10310,NRS18_TX_10060,6/25/2019,1,TX,PROB,,Y,SPL,BETB,WSA,6.99,4.17,1.43,8.39,2,0,38.3,Good
6/12/2023,2013910,NRS_OR-10674,NRS18_OR_10521,6/26/2019,1,OR,PROB,,Y,XER,BERW,WSA,7.14,5.83,5.71,4.7,2.35,0,42.88,Fair
6/12/2023,2013911,NRS_MI-10148,NRS18_MI_10049,6/26/2019,1,MI,PROB,,Y,UMW,BERW,WSA,3.43,4.77,2.86,5.9,3.33,2.31,37.67,Good
6/12/2023,2013912,NRS_WV-10076,NRS18_WV_10020,6/25/2019,1,WV,PROB,,Y,SAP,BETB,WSA,4.23,7.41,6.67,1.51,2,0,36.37,Fair
6/12/2023,2013913,NRS_MN-10156,NRS18_MN_10023,6/26/2019,1,MN,PROB,,Y,UMW,BERW,WSA,0.2,0.97,0,2.36,0,0,5.88,Poor
6/12/2023,2013914,NRS_PA-10082,NRS18_PA_10022,6/26/2019,1,PA,PROB,,Y,CPL,BERW,WSA,4.47,1.07,1.25,6.57,3.12,5.11,35.98,Poor
6/12/2023,2013915,NRS_TN-10141,NRS18_TN_10022,6/26/2019,1,TN,PROB,,Y,SAP,BERW,WSA,8.18,8.49,5.56,8.2,7,10,79.05,Good
6/12/2023,2013916,NRS_UT-10392,NRS18_UT_10439,6/26/2019,1,UT,PROB,,Y,XER,BETB,WSA,10,5.44,1.43,4.62,1.18,7.7,50.62,Fair
6/12/2023,2013917,NRS_GA-10114,NRS18_GA_10015,6/26/2019,1,GA,PROB,,Y,SAP,BETB,WSA,6.74,5.18,4.44,5.49,4.5,4.69,51.73,Good
6/12/2023,2013919,NRS_IA-10151,NRS18_IA_10206,6/26/2019,1,IA,PROB,,Y,UMW,BERW,WSA,1.69,4.9,0,3.23,0.56,3.3,22.8,Fair
6/12/2023,2013920,NRS_TX-10360,NRS18_TX_10640,6/25/2019,1,TX,PROB,,Y,CPL,BETB,WSA,4.17,3.96,1.25,0.59,0,1.87,19.73,Poor
6/12/2023,2013921,NRS_KY-10114,NRS18_KY_10197,6/26/2019,1,KY,PROB,,Y,SAP,BERW,WSA,6.91,2.59,4.44,6.63,2.5,5.29,47.27,Good
6/12/2023,2013922,NRS_CO-10315,NRS18_CO_10018,6/26/2019,1,CO,PROB,,Y,WMT,BETB,WSA,6.18,6.56,5.71,5.08,6.47,5.05,58.42,Good
6/12/2023,2013923,NRS_MN-10133,NRS18_MN_10090,6/26/2019,1,MN,PROB,,Y,UMW,BETB,WSA,2.5,6.52,2.86,5.11,1.67,0,31.1,Fair
6/12/2023,2013924,NRS_SD-10424,NRS18_SD_10071,6/26/2019,1,SD,PROB,,Y,WMT,BERW,WSA,4.28,0,0,2.46,0,0,11.23,Poor
6/12/2023,2013925,NRS_NY-10136,NRS18_NY_10080,6/27/2019,1,NY,PROB,,Y,NAP,BERW,WSA,0.89,2.98,3.33,4.75,0.48,2.25,24.47,Poor
6/12/2023,2013926,NRS_WI-10234,NRS18_WI_10692,6/27/2019,1,WI,PROB,,Y,TPL,BETB,WSA,1.57,0.74,5,4.12,3,3.21,29.4,Fair
6/12/2023,2013927,NRS_OR-10568,NRS18_OR_10063,6/25/2019,1,OR,PROB,,Y,WMT,BETB,WSA,5.65,4.12,4.29,3.89,6.47,1.98,44,Fair
6/12/2023,2013928,NRS_PA-10118,NRS18_PA_10037,6/27/2019,1,PA,PROB,,Y,NAP,BERW,WSA,8.19,7.51,4.44,4.9,9.05,5.69,66.3,Good
6/12/2023,2013929,NRS_NJ-10076,NRS18_NJ_10783,6/27/2019,1,NJ,PROB,,Y,SAP,BERW,WSA,2.68,5.76,6.67,6.2,5,6.35,54.43,Good
6/12/2023,2013930,NRS_TN-10127,NRS18_TN_10033,6/27/2019,1,TN,PROB,,Y,SAP,BERW,WSA,10,5.25,4.44,7.07,9,10,76.27,Good
6/12/2023,2013931,NRS_GA-10041,NRS18_GA_10002,6/27/2019,2,GA,PROB,,Y,CPL,BETB,WSA,2.58,0.89,2.5,5.88,5,8.04,41.48,Fair
6/12/2023,2013932,NRS_CA-10864,NRS18_CA_10059,6/26/2019,1,CA,PROB,,Y,XER,BERW,WSA,0,0,2.86,2.17,0,0,8.38,Poor
6/12/2023,2013933,NRS_MI-10136,NRS18_MI_10037,6/27/2019,1,MI,PROB,,Y,UMW,BERW,WSA,3.29,7.23,2.86,5.25,3.89,5.16,46.13,Good
6/12/2023,2013934,NRS_WI-10264,NRS18_WI_RF002,6/26/2019,1,WI,HAND,,Y,UMW,BERW,WSA,1.78,6.97,0,5.65,6.67,8.61,49.47,Good
6/12/2023,2013935,NRS_MN-10182,NRS18_MN_10045,6/27/2019,1,MN,PROB,,Y,UMW,BERW,WSA,5.81,0.58,2.86,5.92,3.33,2.7,35.33,Fair
6/12/2023,2013936,NRS_UT-10241,NRS18_UT_10002,6/27/2019,1,UT,PROB,,Y,XER,BETB,WSA,10,2.63,1.43,1.6,5.29,8.19,48.57,Fair
6/12/2023,2013937,NRS_ND-10452,NRS18_ND_10525,6/27/2019,1,ND,PROB,,Y,TPL,BERW,WSA,0.21,6.76,5,2.94,1,1.63,29.23,Fair
6/12/2023,2013938,NRS_CO-10324,NRS18_CO_10069,6/27/2019,1,CO,PROB,,Y,WMT,BERW,WSA,8.03,5.33,5.71,8.33,4.12,1.83,55.58,Good
6/12/2023,2013939,NRS_KY-10090,NRS18_KY_10013,6/27/2019,1,KY,PROB,,Y,SAP,BERW,WSA,6.29,6.04,3.33,4.97,3.5,4.16,47.15,Good
6/12/2023,2013940,NRS_IA-10148,NRS18_IA_10033,6/27/2019,1,IA,PROB,,Y,UMW,BETB,WSA,2.01,8.19,5.71,4.12,7.22,7.91,58.6,Good
6/12/2023,2013941,NRS_KY-10036,NRS18_KY_10010,6/27/2019,1,KY,PROB,,Y,SAP,BETB,WSA,8.45,0,0,0,0.5,6,24.92,Poor
6/12/2023,2013942,NRS_WI-10263,NRS18_WI_RF001,6/27/2019,2,WI,HAND,,Y,UMW,BERW,WSA,1.17,8.71,4.29,4.55,4.44,3.81,44.95,Good
6/12/2023,2013943,NRS_TN-10155,NRS18_TN_RF002,6/27/2019,1,TN,HAND,,Y,SAP,BETB,WSA,5.65,8.56,10,8.16,6,2.14,67.52,Good
6/12/2023,2013944,NRS_ID-10308,NRS18_ID_10025,6/27/2019,1,ID,PROB,,Y,XER,BETB,WSA,9.69,5.24,7.14,8.27,6.47,5.65,70.77,Good
6/12/2023,2013945,NRS_NY-10187,NRS18_NY_10259,6/28/2019,1,NY,PROB,,Y,NAP,BERW,WSA,8.42,3.76,1.11,1.4,6.19,10,51.47,Fair
6/12/2023,2013946,NRS_TX-10202,NRS18_TX_10027,6/27/2019,1,TX,PROB,,Y,SPL,BETB,WSA,10,3.98,0,7.59,3.33,0,41.5,Good
6/12/2023,2013947,NRS_FL-10116,NRS18_FL_10006,6/27/2019,1,FL,PROB,,Y,CPL,BERW,WSA,8.31,10,2.5,2.5,3.12,5.25,52.8,Fair
6/12/2023,2013948,NRS_CT-10100,NRS18_CT_10010,6/28/2019,1,CT,PROB,,Y,NAP,BETB,WSA,4.7,6.77,10,2.58,7.14,2.74,56.55,Good
6/12/2023,2013949,NRS_NY-10188,NRS18_NY_10260,6/30/2019,1,NY,PROB,,Y,NAP,BERW,WSA,4.26,1.11,0,0,2.86,4.29,20.87,Poor
6/12/2023,2013950,NRS_CT-10117,NRS18_CT_10019,6/30/2019,1,CT,PROB,,Y,NAP,BETB,WSA,1.69,0,3.33,3.04,0,6.11,23.62,Poor
6/12/2023,2013951,NRS_IA-10115,NRS18_IA_10017,6/30/2019,1,IA,PROB,,Y,TPL,BETB,WSA,1.97,5.17,5,2.94,7,3.94,43.37,Good
6/12/2023,2013952,NRS_CO-10353,NRS18_CO_10065,6/28/2019,1,CO,PROB,,Y,WMT,BERW,WSA,0.52,0,1.43,1.49,0,0,5.73,Poor
6/12/2023,2013953,NRS_WY-10618,NRS18_WY_11790,6/30/2019,1,WY,PROB,,Y,XER,BETB,WSA,10,0,2.86,7.95,4.71,7.7,55.37,Fair
6/12/2023,2013954,NRS_NY-10043,NRS18_NY_10068,7/1/2019,1,NY,PROB,,Y,NAP,BERW,WSA,0,0,0,1.49,0,1.5,4.98,Poor
6/12/2023,2013955,NRS_MI-10149,NRS18_MI_10050,7/1/2019,1,MI,PROB,,Y,UMW,BERW,WSA,2.43,4.45,0,4.41,1.11,0.03,20.72,Poor
6/12/2023,2013956,NRS_MA-10101,NRS18_MA_10018,7/1/2019,1,MA,PROB,,Y,NAP,BETB,WSA,2.77,0,3.33,2.06,2.38,1.31,19.75,Poor
6/12/2023,2013957,NRS_OK-10222,NRS18_OK_11330,7/1/2019,1,OK,PROB,,Y,SPL,BERW,WSA,10,3.89,0,10,4,0,46.48,Good
6/12/2023,2013958,NRS_NH-10100,NRS18_NH_10003,7/1/2019,1,NH,PROB,,Y,NAP,BERW,WSA,9.15,6.62,1.11,4.89,9.52,8.24,65.88,Good
6/12/2023,2013959,NRS_DE-10086,NRS18_DE_10012,7/1/2019,1,DE,PROB,,Y,CPL,BERW,WSA,8.11,4.79,3.75,4.23,1.88,6.75,49.18,Fair
6/12/2023,2013960,NRS_IA-10154,NRS18_IA_10358,7/1/2019,1,IA,PROB,,Y,TPL,BERW,WSA,5.86,8.52,3.75,5.29,6,7.96,62.3,Good
6/12/2023,2013961,NRS_MI-10152,NRS18_MI_10053,7/2/2019,1,MI,PROB,,Y,UMW,BETB,WSA,4.85,6.39,0,7.28,4.44,4.11,45.12,Good
6/12/2023,2013962,NRS_SD-10410,NRS18_SD_10022,7/2/2019,1,SD,PROB,,Y,NPL,BERW,WSA,2.78,0,0,4.53,4.29,1.25,21.42,Poor
6/12/2023,2013963,NRS_NY-10229,NRS18_NY_10704,7/2/2019,1,NY,PROB,,Y,NAP,BETB,WSA,0,2.87,0,0,0,3.04,9.85,Poor
6/12/2023,2013964,NRS_WI-10237,NRS18_WI_10695,7/2/2019,1,WI,PROB,,Y,TPL,BETB,WSA,1.46,7.84,6.25,4.71,5,0.26,42.53,Good
6/12/2023,2013965,NRS_ND-10440,NRS18_ND_10040,7/2/2019,1,ND,PROB,,Y,NPL,BERW,WSA,3.5,6.7,4,2.99,2.86,4.17,40.37,Poor
6/12/2023,2013966,NRS_OK-10197,NRS18_OK_10054,7/2/2019,1,OK,PROB,,Y,SPL,BERW,WSA,4.39,3.93,1.43,4.84,4.67,2.86,36.87,Good
6/12/2023,2013967,NRS_KS-10290,NRS18_KS_10142,7/1/2019,1,KS,PROB,,Y,SPL,BERW,WSA,9.54,4.55,1.43,2.84,2.67,2.86,39.82,Good
6/12/2023,2013972,NRS_RI-10093,NRS18_RI_10202,7/5/2019,1,RI,PROB,,Y,NAP,BERW,WSA,5.38,10,10,3.5,9.52,5,72.33,Good
6/12/2023,2013973,NRS_MA-10051,NRS18_MA_10001,7/4/2019,1,MA,PROB,,Y,NAP,BETB,WSA,0,0.97,5.56,0,0,0,10.88,Poor
6/12/2023,2013974,NRS_WY-10651,NRS18_WY_12345,7/5/2019,1,WY,PROB,,Y,XER,BETB,WSA,6.43,0.62,2.86,3.9,3.53,5.71,38.42,Poor
6/12/2023,2013975,NRS_WY-10415,NRS18_WY_10034,7/5/2019,2,WY,PROB,,Y,XER,BETB,WSA,6.22,0,1.43,1.84,1.76,0,18.75,Poor
6/12/2023,2013976,NRS_WY-10498,NRS18_WY_10394,7/1/2019,1,WY,PROB,,Y,WMT,BERW,WSA,6.64,1.13,4.29,3.05,3.53,5.72,40.6,Fair
6/12/2023,2013977,NRS_TX-10125,NRS18_TX_10085,7/7/2019,1,TX,PROB,,Y,SPL,BETB,WSA,1.43,3.18,0,0,0,0,7.68,Poor
6/12/2023,2013978,NRS_NC-10120,NRS18_NC_10009,7/7/2019,2,NC,PROB,,Y,CPL,BETB,WSA,2.86,6.57,2.5,1.27,0,0,22,Poor
6/12/2023,2013979,NRS_ID-10197,NRS18_ID_10002,7/2/2019,1,ID,PROB,,Y,XER,BETB,WSA,6.33,2.4,1.43,1.39,0.59,0,20.23,Poor
6/12/2023,2013980,NRS_WY-10510,NRS18_WY_10406,7/7/2019,1,WY,PROB,,Y,WMT,BERW,WSA,2.46,2.87,1.43,4.71,2.35,0.65,24.12,Poor
6/12/2023,2013981,NRS_WI-10241,NRS18_WI_10844,7/8/2019,1,WI,PROB,,Y,UMW,BETB,WSA,4.41,1.61,4.29,4.8,1.11,4.75,34.95,Fair
6/12/2023,2013982,NRS_AL-10103,NRS18_AL_10189,7/8/2019,1,AL,PROB,,Y,SAP,BERW,WSA,0,2.3,0,5.55,0,0,13.08,Poor
6/12/2023,2013983,NRS_NE-10214,NRS18_NE_10683,7/8/2019,1,NE,PROB,,Y,SPL,BERW,WSA,0,4.83,2.86,3.57,0,0,18.77,Poor
6/12/2023,2013984,NRS_CA-10895,NRS18_CA_10019,7/8/2019,2,CA,PROB,,Y,XER,BETB,WSA,7.35,9.62,5.71,3.72,4.71,4.42,59.22,Good
6/12/2023,2013985,NRS_OK-10120,NRS18_OK_10028,7/8/2019,1,OK,PROB,,Y,CPL,BETB,WSA,8.8,0,1.25,4.7,1.88,7.5,40.22,Poor
6/12/2023,2013986,NRS_NC-10060,NRS18_NC_10002,7/8/2019,2,NC,PROB,,Y,CPL,BETB,WSA,0,0,1.25,0,0.62,8.25,16.87,Poor
6/12/2023,2013987,NRS_WI-10137,NRS18_WI_10023,7/9/2019,1,WI,PROB,,Y,UMW,BETB,WSA,1.91,3.68,2.86,2.81,0.56,1.92,22.9,Fair
6/12/2023,2013988,NRS_NY-10042,NRS18_NY_10012,7/9/2019,1,NY,PROB,,Y,NAP,BETB,WSA,0.33,0,0,0,0,0,0.55,Poor
6/12/2023,2013989,NRS_MI-10127,NRS18_MI_10028,7/9/2019,1,MI,PROB,,Y,UMW,BERW,WSA,0,1.81,0,0,0,0.03,3.07,Poor
6/12/2023,2013990,NRS_WY-10500,NRS18_WY_10396,7/8/2019,1,WY,PROB,,Y,WMT,BERW,WSA,10,0.96,4.29,10,2.94,8.41,61,Good
6/12/2023,2013991,NRS_NE-10185,NRS18_NE_10056,7/9/2019,1,NE,PROB,,Y,SPL,BERW,WSA,2.61,5.78,1.43,2.6,3.33,2.86,31.02,Fair
6/12/2023,2013992,NRS_OR-10669,NRS18_OR_10368,7/9/2019,1,OR,PROB,,Y,WMT,BETB,WSA,2.27,8.38,7.14,1.49,3.53,0.52,38.88,Fair
6/12/2023,2013993,NRS_GA-10053,NRS18_GA_10007,7/9/2019,1,GA,PROB,,Y,CPL,BETB,WSA,4.17,5.74,1.25,3.05,1.25,6.75,37.02,Poor
6/12/2023,2013994,NRS_ND-10282,NRS18_ND_10002,7/9/2019,1,ND,PROB,,Y,TPL,BETB,WSA,0.33,4.43,1.25,0.59,0,0,11,Poor
6/12/2023,2013996,NRS_KS-10293,NRS18_KS_10145,7/9/2019,1,KS,PROB,,Y,TPL,BERW,WSA,1.86,6.19,1.25,4.12,4,3.83,35.42,Fair
6/12/2023,2013997,NRS_KS-10264,NRS18_KS_10115,7/8/2019,1,KS,PROB,,Y,TPL,BERW,WSA,7.58,6.88,2.5,5.88,5,6.57,57.35,Good
6/12/2023,2013998,NRS_OK-10209,NRS18_OK_10585,7/9/2019,1,OK,PROB,,Y,CPL,BETB,WSA,7.72,9.53,3.75,4.7,6.88,6.06,64.4,Good
6/12/2023,2013999,NRS_WV-10054,NRS18_WV_10008,7/9/2019,2,WV,PROB,,Y,SAP,BETB,WSA,4.66,5.25,4.44,0,1.5,0,26.42,Poor
6/12/2023,2014000,NRS_WV-10021,NRS18_WV_10006,7/9/2019,1,WV,PROB,,Y,SAP,BETB,WSA,0.98,7.48,1.11,4.46,1,0,25.05,Poor
6/12/2023,2014001,NRS_KY-10102,NRS18_KY_10024,7/9/2019,1,KY,PROB,,Y,CPL,BERW,WSA,9.37,6.75,2.5,3.67,5,6.56,56.42,Good
6/12/2023,2014002,NRS_MN-10053,NRS18_MN_10002,7/9/2019,1,MN,PROB,,Y,UMW,BETB,WSA,9.8,2.9,5.71,10,2.22,6.48,61.85,Good
6/12/2023,2014003,NRS_NH-10091,NRS18_NH_10001,7/9/2019,1,NH,PROB,,Y,NAP,BERW,WSA,2.68,9.24,5.56,0.17,4.76,4.41,44.7,Fair
6/12/2023,2014004,NRS_WY-10388,NRS18_WY_10025,7/9/2019,2,WY,PROB,,Y,WMT,BETB,WSA,6.73,4.42,2.86,6.54,5.29,3.9,49.57,Fair
6/12/2023,2014005,NRS_NY-10105,NRS18_NY_10039,7/10/2019,2,NY,PROB,,Y,NAP,BETB,WSA,0,2.35,0,0,0,0,3.92,Poor
6/12/2023,2014006,NRS_ID-10391,NRS18_ID_10036,7/9/2019,1,ID,PROB,,Y,XER,BERW,WSA,3.47,7.04,5.71,2.89,3.53,2.59,42.05,Poor
6/12/2023,2014007,NRS_NE-10142,NRS18_NE_10016,7/10/2019,1,NE,PROB,,Y,TPL,BERW,WSA,0,0,0,0.59,0,0,0.98,Poor
6/12/2023,2014008,NRS_WI-10205,NRS18_WI_10057,7/10/2019,1,WI,PROB,,Y,UMW,BETB,WSA,5.61,4.97,0,3.85,5.56,4.75,41.23,Good
6/12/2023,2014009,NRS_GA-10123,NRS18_GA_10012,7/10/2019,1,GA,PROB,,Y,CPL,BETB,WSA,9.36,4.08,3.75,9.46,2.5,6.51,59.43,Good
6/12/2023,2014012,NRS_MN-10209,NRS18_MN_10072,7/10/2019,1,MN,PROB,,Y,UMW,BETB,WSA,7.63,2.97,5.71,3.23,3.89,1.12,40.92,Good
6/12/2023,2014013,NRS_AL-10069,NRS18_AL_10013,7/9/2019,1,AL,PROB,,Y,CPL,BERW,WSA,3.97,4.32,2.5,0,0,0,17.98,Poor
6/12/2023,2014014,NRS_AL-10040,NRS18_AL_10008,7/10/2019,1,AL,PROB,,Y,CPL,BETB,WSA,4.89,5.5,3.75,0,4.38,3.95,37.45,Poor
6/12/2023,2014015,NRS_NC-10041,NRS18_NC_10001,7/10/2019,2,NC,PROB,,Y,SAP,BERW,WSA,0,5.9,2.22,4.18,0,0,20.5,Poor
6/12/2023,2014016,NRS_DE-10062,NRS18_DE_10006,7/10/2019,1,DE,PROB,,Y,CPL,BETB,WSA,5.63,5.86,1.25,4.48,3.12,0.91,35.42,Poor
6/12/2023,2014017,NRS_MT-10509,NRS18_MT_10068,7/10/2019,1,MT,PROB,,Y,WMT,BETB,WSA,6.23,6.83,5.71,3.29,7.06,3.1,53.7,Good
6/12/2023,2014018,NRS_ID-10256,NRS18_ID_10020,7/1/2019,1,ID,PROB,,Y,XER,BERW,WSA,8.37,10,10,5.48,10,4.16,80.02,Good
6/12/2023,2014019,NRS_OR-10676,NRS18_OR_10668,7/10/2019,1,OR,PROB,,Y,WMT,BETB,WSA,1.03,5.22,4.29,1.79,0,0,20.55,Poor
6/12/2023,2014020,NRS_OK-10191,NRS18_OK_10043,7/10/2019,1,OK,PROB,,Y,CPL,BERW,WSA,4.01,5.33,1.25,2.64,3.12,3.75,33.5,Poor
6/12/2023,2014021,NRS_ID-10478,NRS18_ID_10542,7/10/2019,1,ID,PROB,,Y,XER,BERW,WSA,5.82,9.75,10,4.67,9.41,3.8,72.42,Good
6/12/2023,2014022,NRS_ID-10489,NRS18_ID_10847,7/9/2019,1,ID,PROB,,Y,XER,BERW,WSA,9.18,2.45,5.71,4.53,2.94,2.89,46.17,Fair
6/12/2023,2014023,NRS_CA-10849,NRS18_CA_10008,7/10/2019,1,CA,PROB,,Y,WMT,BERW,WSA,10,0,5.71,7.53,4.71,7,58.25,Good
6/12/2023,2014025,NRS_FL-10116,NRS18_FL_10006,7/10/2019,2,FL,PROB,,Y,CPL,BERW,WSA,3.14,7.57,1.25,1.29,0,3.02,27.12,Poor
6/12/2023,2014026,NRS_AL-10101,NRS18_AL_10039,7/11/2019,1,AL,PROB,,Y,CPL,BERW,WSA,8.03,10,7.5,2.08,1.88,4.09,55.97,Good
6/12/2023,2014027,NRS_CA-10782,NRS18_CA_10002,7/10/2019,1,CA,PROB,,Y,WMT,BETB,WSA,4.18,4.72,4.29,0.62,2.35,0,26.93,Poor
6/12/2023,2014028,NRS_CA-10932,NRS18_CA_10034,7/10/2019,1,CA,PROB,,Y,WMT,BETB,WSA,0,0.5,4.29,0,0,0,7.98,Poor
6/12/2023,2014029,NRS_CA-10830,NRS18_CA_10065,7/9/2019,1,CA,PROB,,Y,WMT,BETB,WSA,1.98,0,7.14,1.13,0,0,17.08,Poor
6/12/2023,2014030,NRS_ND-10366,NRS18_ND_10018,7/11/2019,1,ND,PROB,,Y,NPL,BETB,WSA,2.88,7.46,2,6.29,7.14,1.67,45.73,Fair
6/12/2023,2014031,NRS_NY-10112,NRS18_NY_10034,7/11/2019,1,NY,PROB,,Y,NAP,BETB,WSA,6.14,7.59,3.33,2.52,6.19,3.7,49.12,Fair
6/12/2023,2014032,NRS_MI-10161,NRS18_MI_10233,7/11/2019,1,MI,PROB,,Y,UMW,BERW,WSA,1.91,4.39,4.29,2.81,2.78,2.92,31.83,Fair
6/12/2023,2014033,NRS_NE-10151,NRS18_NE_10071,7/11/2019,1,NE,PROB,,Y,TPL,BERW,WSA,1.88,3.01,1.25,4.12,3,5.98,32.07,Fair
6/12/2023,2014034,NRS_WI-10128,NRS18_WI_10016,7/11/2019,1,WI,PROB,,Y,UMW,BETB,WSA,8.47,0.39,1.43,4.58,0.56,1.99,29.03,Fair
6/12/2023,2014037,NRS_OR-10507,NRS18_OR_10003,7/11/2019,1,OR,PROB,,Y,WMT,BERW,WSA,5.34,3.09,2.86,3.05,7.65,6.11,46.83,Fair
6/12/2023,2014038,NRS_NH-10133,NRS18_NH_10031,7/11/2019,1,NH,PROB,,Y,NAP,BERW,WSA,5.68,4.01,2.22,2.63,5.24,4.91,41.15,Fair
6/12/2023,2014039,NRS_TX-10344,NRS18_TX_10449,7/9/2019,1,TX,PROB,,Y,SPL,BERW,WSA,6.02,10,5.71,4.46,6.67,0,54.77,Good
6/12/2023,2014040,NRS_TX-10348,NRS18_TX_10453,7/10/2019,1,TX,PROB,,Y,SPL,BERW,WSA,2.81,8.58,5.71,6.02,6.67,4.29,56.8,Good
6/12/2023,2014041,NRS_NC-10125,NRS18_NC_10010,7/11/2019,2,NC,PROB,,Y,SAP,BETB,WSA,0,5.4,0,1.05,0,0,10.75,Poor
6/12/2023,2014042,NRS_KY-10113,NRS18_KY_10048,7/11/2019,1,KY,PROB,,Y,CPL,BERW,WSA,7.84,6.92,1.25,1.58,0.62,0.39,31,Poor
6/12/2023,2014043,NRS_KY-10095,NRS18_KY_10039,7/10/2019,1,KY,PROB,,Y,CPL,BERW,WSA,10,6.86,2.5,2.64,3.75,7.03,54.63,Fair
6/12/2023,2014044,NRS_NY-10102,NRS18_NY_10090,7/12/2019,1,NY,PROB,,Y,NAP,BETB,WSA,5.22,10,8.89,4.24,7.14,2.88,63.95,Good
6/12/2023,2014045,NRS_AL-10077,NRS18_AL_10015,7/12/2019,1,AL,PROB,,Y,CPL,BETB,WSA,8.9,1.36,3.75,4.27,1.88,5.33,42.48,Fair
6/12/2023,2014046,NRS_ND-10442,NRS18_ND_10042,7/12/2019,1,ND,PROB,,Y,NPL,BETB,WSA,1.71,2.28,2,2.04,0,0.83,14.77,Poor
6/12/2023,2014047,NRS_ND-10272,NRS18_ND_10003,7/11/2019,1,ND,PROB,,Y,NPL,BERW,WSA,3.5,6.45,8,6.29,2.86,5,53.5,Fair
6/12/2023,2014048,NRS_NE-10066,NRS18_NE_10058,7/12/2019,2,NE,PROB,,Y,TPL,BERW,WSA,0,4.77,1.25,2.94,0,1.83,17.98,Poor
6/12/2023,2014049,NRS_MT-10520,NRS18_MT_10272,7/11/2019,1,MT,PROB,,Y,WMT,BERW,WSA,6.73,6.41,2.86,5.02,5.29,6.74,55.08,Good
6/12/2023,2014050,NRS_MT-10399,NRS18_MT_10113,7/12/2019,1,MT,PROB,,Y,WMT,BERW,WSA,5.57,4.26,4.29,3.81,5.88,6.24,50.08,Fair
6/12/2023,2014051,NRS_NY-10138,NRS18_NY_10081,7/14/2019,1,NY,PROB,,Y,NAP,BERW,WSA,5.82,2.01,3.33,6.68,4.29,6.44,47.62,Fair
6/12/2023,2014054,NRS_IN-10065,NRS18_IN_10046,7/14/2019,1,IN,PROB,,Y,TPL,BETB,WSA,5.93,2.73,1.25,3.53,2,3.83,32.12,Fair
6/12/2023,2014055,NRS_MN-10061,NRS18_MN_10001,7/14/2019,1,MN,PROB,,Y,TPL,BERW,WSA,1.67,5,3.75,4.12,4,4.1,37.73,Fair
6/12/2023,2014056,NRS_AL-10107,NRS18_AL_10938,7/14/2019,1,AL,PROB,,Y,CPL,BETB,WSA,9.54,1.12,2.5,1.76,5,7.23,45.25,Fair
6/12/2023,2014057,NRS_MD-10088,NRS18_MD_10034,7/15/2019,1,MD,PROB,,Y,CPL,BERW,WSA,0.46,4.26,0,1.96,0,2.92,16,Poor
6/12/2023,2014058,NRS_WI-10250,NRS18_WI_10853,7/15/2019,1,WI,PROB,,Y,UMW,BETB,WSA,6.2,9.94,4.29,5.58,9.44,6.07,69.2,Good
6/12/2023,2014059,NRS_IN-10027,NRS18_IN_10006,7/15/2019,1,IN,PROB,,Y,UMW,BETB,WSA,4.75,0.13,1.43,8.3,0,2.04,27.75,Fair
6/12/2023,2014060,NRS_ND-10437,NRS18_ND_10037,7/15/2019,1,ND,PROB,,Y,TPL,BETB,WSA,0.17,5.17,3.75,0.59,1,0,17.8,Poor
6/12/2023,2014061,NRS_MN-10128,NRS18_MN_10019,7/15/2019,1,MN,PROB,,Y,UMW,BERW,WSA,0.2,2.52,0,1.45,0,1.67,9.73,Poor
6/12/2023,2014062,NRS_ND-10438,NRS18_ND_10038,7/14/2019,1,ND,PROB,,Y,NPL,BETB,WSA,0,6.5,2,4.36,0,0.42,22.13,Poor
6/12/2023,2014063,NRS_KS-10271,NRS18_KS_10122,7/15/2019,1,KS,PROB,,Y,SPL,BERW,WSA,6.29,7.87,2.86,1.71,5.33,1.43,42.48,Good
6/12/2023,2014064,NRS_WV-10037,NRS18_WV_10004,7/15/2019,1,WV,PROB,,Y,SAP,BERW,WSA,1.36,3.09,3.33,4.97,0.5,4.16,29.02,Poor
6/12/2023,2014065,NRS_IA-10108,NRS18_IA_10015,7/15/2019,1,IA,PROB,,Y,TPL,BERW,WSA,3.25,8.86,3.75,1.76,4,4.86,44.13,Good
6/12/2023,2014066,NRS_KY-10076,NRS18_KY_10015,7/15/2019,1,KY,PROB,,Y,SAP,BETB,WSA,3.06,3.24,1.11,0,1,1.03,15.73,Poor
6/12/2023,2014067,NRS_DE-10088,NRS18_DE_10014,7/15/2019,1,DE,PROB,,Y,SAP,BERW,WSA,0,3.38,4.44,3.31,0,0,18.55,Poor
6/12/2023,2014068,NRS_FL-10134,NRS18_FL_10007,7/15/2019,1,FL,PROB,,Y,CPL,BETB,WSA,5.3,0.95,1.25,0.83,1.25,4.63,23.68,Poor
6/12/2023,2014075,NRS_WI-10208,NRS18_WI_10060,7/16/2019,1,WI,PROB,,Y,UMW,BETB,WSA,10,4.58,2.86,7.16,6.11,2.92,56.05,Good
6/12/2023,2014076,NRS_PA-10135,NRS18_PA_10816,7/16/2019,1,PA,PROB,,Y,SAP,BERW,WSA,6.51,6.04,1.11,6.84,4,2.82,45.53,Good
6/12/2023,2014077,NRS_IN-10080,NRS18_IN_10014,7/16/2019,1,IN,PROB,,Y,UMW,BETB,WSA,7.63,0.52,1.43,2.04,2.22,1.12,24.93,Fair
6/12/2023,2014078,NRS_MN-10196,NRS18_MN_10059,7/16/2019,1,MN,PROB,,Y,UMW,BERW,WSA,3.53,0,0,0,0,1.18,7.85,Poor
6/12/2023,2014079,NRS_OK-10133,NRS18_OK_10008,7/15/2019,1,OK,PROB,,Y,TPL,BETB,WSA,4.31,8.18,1.25,2.35,5,3.13,40.37,Good
6/12/2023,2014080,NRS_ND-10455,NRS18_ND_10528,7/16/2019,1,ND,PROB,,Y,TPL,BERW,WSA,0.08,4.6,2.5,1.76,0,3.44,20.63,Poor
6/12/2023,2014081,NRS_OK-10176,NRS18_OK_10016,7/15/2019,1,OK,PROB,,Y,SPL,BERW,WSA,10,6.3,2.86,0,5.33,1.43,43.2,Good
6/12/2023,2014082,NRS_ND-10436,NRS18_ND_10036,7/16/2019,1,ND,PROB,,Y,TPL,BETB,WSA,9.18,3.07,2.5,3.53,6,7,52.13,Good
6/12/2023,2014083,NRS_NE-10179,NRS18_NE_10050,7/16/2019,1,NE,PROB,,Y,SPL,BETB,WSA,9.13,7.87,2.86,4.66,8.67,10,71.98,Good
6/12/2023,2014084,NRS_CA-11054,NRS18_CA_10024,7/16/2019,1,CA,PROB,,Y,WMT,BERW,WSA,4.02,4.08,2.86,2.2,3.53,3,32.82,Poor
6/12/2023,2014085,NRS_SD-10460,NRS18_SD_10046,7/16/2019,1,SD,PROB,,Y,WMT,BERW,WSA,2.09,6.18,7.14,5.4,2.35,0,38.6,Fair
6/12/2023,2014086,NRS_MN-10080,NRS18_MN_10003,7/16/2019,1,MN,PROB,,Y,UMW,BERW,WSA,3.12,0,0,3.77,0,2.38,15.45,Poor
6/12/2023,2014087,NRS_OK-10214,NRS18_OK_10922,7/16/2019,1,OK,PROB,,Y,CPL,BERW,WSA,6.68,9.35,7.5,3.79,6.25,4.17,62.9,Good
6/12/2023,2014088,NRS_WV-10055,NRS18_WV_10011,7/16/2019,1,WV,PROB,,Y,SAP,BETB,WSA,7.04,6.12,7.78,3.53,5.5,0.6,50.95,Good
6/12/2023,2014089,NRS_NY-10043,NRS18_NY_10068,7/16/2019,2,NY,PROB,,Y,NAP,BERW,WSA,2.18,1.07,2.22,3.56,1.43,0,17.43,Poor
6/12/2023,2014090,NRS_KY-10075,NRS18_KY_10011,7/16/2019,1,KY,PROB,,Y,SAP,BERW,WSA,1.68,3.45,4.44,1.89,1,0,20.77,Poor
6/12/2023,2014091,NRS_KY-10029,NRS18_KY_10007,7/16/2019,1,KY,PROB,,Y,SAP,BETB,WSA,3.06,3.96,0,2.9,0,1.03,18.25,Poor
6/12/2023,2014092,NRS_TX-10366,NRS18_TX_10694,7/16/2019,1,TX,PROB,,Y,SPL,BERW,WSA,8.47,6.49,5.71,6.59,7.33,4.29,64.8,Good
6/12/2023,2014093,NRS_NH-10102,NRS18_NH_10006,7/16/2019,1,NH,PROB,,Y,NAP,BERW,WSA,6.98,8.29,6.67,3.5,10,5.27,67.85,Good
6/12/2023,2014094,NRS_NH-10103,NRS18_NH_10009,7/17/2019,1,NH,PROB,,Y,NAP,BERW,WSA,9.64,0.53,3.33,7.3,7.62,7.59,60.02,Good
6/12/2023,2014095,NRS_PA-10047,NRS18_PA_10010,7/17/2019,1,PA,PROB,,Y,SAP,BETB,WSA,9.56,2.01,2.22,3.6,3.5,4.12,41.68,Fair
6/12/2023,2014096,NRS_TN-10151,NRS18_TN_10490,7/16/2019,1,TN,PROB,,Y,SAP,BERW,WSA,5.06,3.67,3.33,6.3,3,3.02,40.63,Fair
6/12/2023,2014097,NRS_AL-10075,NRS18_AL_10018,7/15/2019,1,AL,PROB,,Y,SAP,BETB,WSA,2.46,5.68,3.33,2.58,1.5,2.14,29.48,Poor
6/12/2023,2014098,NRS_NE-10183,NRS18_NE_10054,7/17/2019,1,NE,PROB,,Y,SPL,BETB,WSA,10,6.87,0,5.65,9.33,7.14,64.98,Good
6/12/2023,2014099,NRS_WI-10203,NRS18_WI_10055,7/17/2019,1,WI,PROB,,Y,TPL,BETB,WSA,0.63,4.32,2.5,2.94,4,0,23.98,Poor
6/12/2023,2014100,NRS_IN-10096,NRS18_IN_10033,7/17/2019,1,IN,PROB,,Y,UMW,BETB,WSA,6.94,2.06,0,0.78,0,0,16.3,Poor
6/12/2023,2014101,NRS_MN-10192,NRS18_MN_10055,7/17/2019,1,MN,PROB,,Y,UMW,BERW,WSA,3.17,2.19,4.29,3.23,1.67,3.3,29.75,Fair
6/12/2023,2014102,NRS_MD-10018,NRS18_MD_10001,7/17/2019,2,MD,PROB,,Y,CPL,BETB,WSA,4.89,5.27,1.25,3.52,0.62,2.41,29.93,Poor
6/12/2023,2014103,NRS_IA-10106,NRS18_IA_10011,7/17/2019,2,IA,PROB,,Y,TPL,BETB,WSA,0.63,4.2,2.5,4.71,3,2.08,28.53,Fair
6/12/2023,2014104,NRS_FL-10031,NRS18_FL_10002,7/17/2019,1,FL,PROB,,Y,CPL,BETB,WSA,6.82,2.49,2.5,1.25,3.75,4.72,35.88,Poor
6/12/2023,2014105,NRS_DE-10105,NRS18_DE_10332,7/17/2019,1,DE,PROB,,Y,CPL,BETB,WSA,0.92,5.68,1.25,2.4,0,0.45,17.83,Poor
6/12/2023,2014106,NRS_KS-10226,NRS18_KS_10045,7/17/2019,1,KS,PROB,,Y,TPL,BERW,WSA,0.04,8.24,2.5,3.53,0,3.28,29.32,Fair
6/12/2023,2014107,NRS_OK-10125,NRS18_OK_10052,7/17/2019,1,OK,PROB,,Y,SPL,BETB,WSA,2.39,2.42,2.86,6.66,2.67,0,28.33,Fair
6/12/2023,2014108,NRS_ID-10255,NRS18_ID_10015,7/16/2019,1,ID,PROB,,Y,WMT,BERW,WSA,4.54,9.47,7.14,6.47,6.47,2,60.15,Good
6/12/2023,2014109,NRS_ID-10491,NRS18_ID_11142,7/17/2019,1,ID,PROB,,Y,XER,BETB,WSA,10,3.83,5.71,7.67,5.29,7.28,66.3,Good
6/12/2023,2014110,NRS_IN-10064,NRS18_IN_10017,7/18/2019,1,IN,PROB,,Y,UMW,BETB,WSA,7.13,2.84,4.29,1.12,3.33,2.56,35.45,Fair
6/12/2023,2014111,NRS_CA-10779,NRS18_CA_10001,7/17/2019,1,CA,PROB,,Y,XER,BERW,WSA,10,3.38,1.43,4.34,5.29,7.28,52.87,Fair
6/12/2023,2014112,NRS_PA-10134,NRS18_PA_10220,7/18/2019,1,PA,PROB,,Y,NAP,BERW,WSA,6.69,7.09,5.56,6.68,8.1,6.17,67.15,Good
6/12/2023,2014113,NRS_WV-10074,NRS18_WV_10018,7/17/2019,1,WV,PROB,,Y,SAP,BERW,WSA,6.81,7.55,3.33,3.16,1.5,2.54,41.48,Fair
6/12/2023,2014114,NRS_ND-10373,NRS18_ND_10071,7/18/2019,1,ND,PROB,,Y,NPL,BERW,WSA,1.87,5.58,4,6.82,1.43,2.92,37.7,Poor
6/12/2023,2014115,NRS_OR-10548,NRS18_OR_10021,7/17/2019,1,OR,PROB,,Y,XER,BERW,WSA,9.79,3.6,5.71,6.22,8.24,6.33,66.48,Good
6/12/2023,2014116,NRS_OR-10667,NRS18_OR_10249,7/16/2019,1,OR,PROB,,Y,XER,BERW,WSA,10,0.21,1.43,6.84,5.88,8.32,54.47,Fair
6/12/2023,2014117,NRS_OR-10680,NRS18_OR_10818,7/18/2019,1,OR,PROB,,Y,XER,BERW,WSA,9.79,6.91,8.57,4.84,3.53,5,64.4,Good
6/12/2023,2014118,NRS_IA-10143,NRS18_IA_10028,7/18/2019,1,IA,PROB,,Y,TPL,BETB,WSA,5.35,9.38,3.75,7.06,7,5.22,62.93,Good
6/12/2023,2014119,NRS_TX-10368,NRS18_TX_10827,7/17/2019,1,TX,PROB,,Y,SPL,BERW,WSA,3.21,7.2,0,2.27,3.33,2.86,31.45,Fair
6/12/2023,2014120,NRS_TX-10304,NRS18_TX_10054,7/18/2019,1,TX,PROB,,Y,SPL,BETB,WSA,5.05,6.21,2.86,4.46,2.67,4.29,42.57,Good
6/12/2023,2014121,NRS_MN-10210,NRS18_MN_10073,7/18/2019,1,MN,PROB,,Y,UMW,BETB,WSA,5.06,0,5.71,8.42,2.78,2.38,40.58,Good
6/12/2023,2014122,NRS_CO-10384,NRS18_CO_10048,7/14/2019,1,CO,PROB,,Y,XER,BETB,WSA,10,0,5.71,5.84,4.12,9.56,58.72,Good
6/12/2023,2014123,NRS_CO-10331,NRS18_CO_10072,7/15/2019,1,CO,PROB,,Y,XER,BETB,WSA,10,0.99,0,2.55,5.29,5.28,40.18,Poor
6/12/2023,2014124,NRS_CO-10236,NRS18_CO_10060,7/16/2019,1,CO,PROB,,Y,XER,BETB,WSA,9.74,2.86,4.29,4.34,5.88,6.01,55.2,Fair
6/12/2023,2014126,NRS_IN-10093,NRS18_IN_10030,7/19/2019,1,IN,PROB,,Y,UMW,BETB,WSA,4.09,3.35,2.86,5.32,0,0,26.03,Fair
6/12/2023,2014127,NRS_NE-10177,NRS18_NE_10048,7/18/2019,1,NE,PROB,,Y,NPL,BETB,WSA,10,4.92,6,7.9,10,5.42,73.73,Good
6/12/2023,2014128,NRS_MN-10173,NRS18_MN_10024,7/19/2019,1,MN,PROB,,Y,UMW,BERW,WSA,4.94,2.9,1.43,3.97,0,1.67,24.85,Fair
6/12/2023,2014129,NRS_MN-10064,NRS18_MN_10015,7/19/2019,1,MN,PROB,,Y,UMW,BETB,WSA,9.86,0,5.71,10,3.89,10,65.77,Good
6/12/2023,2014130,NRS_OR-10650,NRS18_OR_10232,7/19/2019,1,OR,PROB,,Y,XER,BERW,WSA,6.22,9.6,7.14,3.11,7.06,2.13,58.77,Good
6/12/2023,2014131,NRS_MN-10193,NRS18_MN_10056,7/21/2019,1,MN,PROB,,Y,UMW,BERW,WSA,6.67,3.55,0,7.59,6.67,4.61,48.48,Good
6/12/2023,2014132,NRS_IL-10087,NRS18_IL_10014,7/21/2019,2,IL,PROB,,Y,TPL,BETB,WSA,0.29,7.33,5,2.94,1,0,27.6,Fair
6/12/2023,2014133,NRS_MA-10051,NRS18_MA_10001,7/21/2019,2,MA,PROB,,Y,NAP,BETB,WSA,0.79,5.04,4.44,0,0.48,0.12,18.12,Poor
6/12/2023,2014134,NRS_MT-10323,NRS18_MT_10078,7/20/2019,1,MT,PROB,,Y,NPL,BERW,WSA,0.88,8.27,6,3.11,2.86,6.25,45.62,Fair
6/12/2023,2014135,NRS_MT-10559,NRS18_MT_11020,7/20/2019,1,MT,PROB,,Y,NPL,BERW,WSA,5.67,5.03,6,7.04,5.71,2.92,53.95,Fair
6/12/2023,2014136,NRS_NH-10091,NRS18_NH_10001,7/22/2019,2,NH,PROB,,Y,NAP,BERW,WSA,2.4,6.61,6.67,0,4.29,3.37,38.9,Poor
6/12/2023,2014137,NRS_MN-10221,NRS18_MN_10402,7/22/2019,1,MN,PROB,,Y,TPL,BERW,WSA,4.35,9.6,2.5,5.88,6,3.73,53.43,Good
6/12/2023,2014138,NRS_OK-10170,NRS18_OK_10006,7/22/2019,1,OK,PROB,,Y,SPL,BERW,WSA,3.51,5.92,0,4.84,3.33,0,29.33,Fair
6/12/2023,2014139,NRS_IA-10140,NRS18_IA_10025,7/22/2019,1,IA,PROB,,Y,UMW,BERW,WSA,2.38,6.32,0,1.8,1.11,0,19.35,Poor
6/12/2023,2014140,NRS_MN-10227,NRS18_MN_10554,7/22/2019,1,MN,PROB,,Y,UMW,BETB,WSA,6.77,5.42,0,3.46,3.33,2.04,35.03,Fair
6/12/2023,2014141,NRS_MN-10100,NRS18_MN_10006,7/21/2019,1,MN,PROB,,Y,UMW,BERW,WSA,1.91,6.45,1.43,3.9,0,3.92,29.35,Fair
6/12/2023,2014142,NRS_ME-10270,NRS18_ME_10004,7/22/2019,1,ME,PROB,,Y,NAP,BETB,WSA,0.62,0.74,0,0,0.48,0.17,3.35,Poor
6/12/2023,2014143,NRS_DE-10093,NRS18_DE_10019,7/22/2019,1,DE,PROB,,Y,CPL,BETB,WSA,7.01,1.54,1.25,3.05,0,0,21.42,Poor
6/12/2023,2014144,NRS_ID-10197,NRS18_ID_10002,7/22/2019,2,ID,PROB,,Y,XER,BETB,WSA,7.55,3.06,1.43,1.19,0.59,0,23.03,Poor
6/12/2023,2014145,NRS_NE-10042,NRS18_NE_10005,7/23/2019,1,NE,PROB,,Y,TPL,BERW,WSA,4.14,5.74,0,4.12,4,3.37,35.62,Fair
6/12/2023,2014146,NRS_CA-10859,NRS18_CA_10010,7/23/2019,1,CA,PROB,,Y,XER,BERW,WSA,8.88,6.27,8.57,8.73,10,6.97,82.37,Good
6/12/2023,2014156,NRS_NY-10062,NRS18_NY_10004,7/23/2019,1,NY,PROB,,Y,NAP,BERW,WSA,5.22,7.29,5.56,3.31,7.14,4.33,54.75,Fair
6/12/2023,2014157,NRS_MN-10081,NRS18_MN_10004,7/23/2019,1,MN,PROB,,Y,UMW,BERW,WSA,8.52,6.77,5.71,6.6,9.44,3.7,67.9,Good
6/12/2023,2014158,NRS_MT-10314,NRS18_MT_10012,7/22/2019,1,MT,PROB,,Y,NPL,BERW,WSA,9.12,10,10,10,10,9.17,97.15,Good
6/12/2023,2014159,NRS_MT-10380,NRS18_MT_10047,7/23/2019,1,MT,PROB,,Y,NPL,BETB,WSA,8.13,7.01,6,7.46,10,6.25,74.75,Good
6/12/2023,2014160,NRS_ND-10434,NRS18_ND_10034,7/23/2019,1,ND,PROB,,Y,NPL,BERW,WSA,4.22,7.56,4,8.77,2.86,4.17,52.63,Fair
6/12/2023,2014161,NRS_KS-10269,NRS18_KS_10120,7/22/2019,1,KS,PROB,,Y,SPL,BERW,WSA,4.64,7.58,4.29,3.31,6,1.43,45.42,Good
6/12/2023,2014162,NRS_KS-10205,NRS18_KS_10024,7/23/2019,1,KS,PROB,,Y,TPL,BERW,WSA,7.49,4.66,1.25,3.53,4,3.53,40.77,Good
6/12/2023,2014163,NRS_IA-10159,NRS18_IA_10658,7/23/2019,1,IA,PROB,,Y,TPL,BETB,WSA,6.02,9.26,3.75,3.53,8,6.7,62.1,Good
6/12/2023,2014164,NRS_ME-10294,NRS18_ME_10012,7/23/2019,1,ME,PROB,,Y,NAP,BETB,WSA,0.99,0,1.11,0,0,0,3.5,Poor
6/12/2023,2014165,NRS_SD-10462,NRS18_SD_10048,7/23/2019,1,SD,PROB,,Y,NPL,BETB,WSA,10,6.65,0,4.81,7.14,2.5,51.83,Fair
6/12/2023,2014166,NRS_AL-10102,NRS18_AL_10188,7/24/2019,1,AL,PROB,,Y,SAP,BERW,WSA,2.21,3.31,2.22,0,0,0,12.9,Poor
6/12/2023,2014167,NRS_AL-10105,NRS18_AL_10191,7/23/2019,1,AL,PROB,,Y,SAP,BERW,WSA,5.1,10,10,4.4,8,5.49,71.65,Good
6/12/2023,2014168,NRS_MD-10093,NRS18_MD_10039,7/24/2019,1,MD,PROB,,Y,CPL,BERW,WSA,6.04,4.97,1.25,4.23,1.25,5.47,38.68,Poor
6/12/2023,2014169,NRS_MN-10219,NRS18_MN_10260,7/24/2019,1,MN,PROB,,Y,UMW,BERW,WSA,0.54,5.74,2.86,6.08,3.89,7.93,45.07,Good
6/12/2023,2014170,NRS_GA-10123,NRS18_GA_10012,7/24/2019,2,GA,PROB,,Y,CPL,BETB,WSA,8.78,4.97,6.25,5.23,8.75,5.44,65.7,Good
6/12/2023,2014171,NRS_PA-10088,NRS18_PA_10027,7/24/2019,1,PA,PROB,,Y,NAP,BETB,WSA,5.42,7.65,8.89,2.75,6.19,3.46,57.27,Good
6/12/2023,2014172,NRS_KY-10088,NRS18_KY_10041,7/23/2019,1,KY,PROB,,Y,TPL,BETB,WSA,0.99,0,0,0,1,10,19.98,Poor
6/12/2023,2014173,NRS_KY-10079,NRS18_KY_10012,7/24/2019,2,KY,PROB,,Y,TPL,BETB,WSA,0.81,1.31,0,0,1,0,5.2,Poor
6/12/2023,2014174,NRS_OR-10474,NRS18_OR_10001,7/23/2019,1,OR,PROB,,Y,WMT,BERW,WSA,5.42,8.53,2.86,2.15,8.24,4.45,52.75,Good
6/12/2023,2014175,NRS_OR-10617,NRS18_OR_10030,7/24/2019,1,OR,PROB,,Y,WMT,BERW,WSA,1.93,9.01,2.86,0,4.12,0,29.87,Poor
6/12/2023,2014176,NRS_IA-10129,NRS18_IA_10048,7/24/2019,1,IA,PROB,,Y,TPL,BERW,WSA,0,0,0,1.18,0,2.87,6.75,Poor
6/12/2023,2014177,NRS_ME-10326,NRS18_ME_10193,7/24/2019,1,ME,PROB,,Y,NAP,BERW,WSA,4.95,4.89,3.33,1.14,8.1,2.62,41.72,Fair
6/12/2023,2014178,NRS_OK-10055,NRS18_OK_10057,7/23/2019,1,OK,PROB,,Y,SPL,BERW,WSA,0,0,0,0,0,1.43,2.38,Poor
6/12/2023,2014179,NRS_NV-10360,NRS18_NV_10011,7/24/2019,1,NV,PROB,,Y,XER,BERW,WSA,9.79,3.81,8.57,4.96,5.88,4.42,62.38,Good
6/12/2023,2014180,NRS_SD-10477,NRS18_SD_10244,7/24/2019,1,SD,PROB,,Y,SPL,BERW,WSA,0,6.45,0,0.42,0,0,11.45,Poor
6/12/2023,2014181,NRS_CA-10844,NRS18_CA_10006,7/24/2019,1,CA,PROB,,Y,XER,BERW,WSA,8.26,5.91,5.71,7.61,7.65,8.75,73.15,Good
6/12/2023,2014182,NRS_ND-10372,NRS18_ND_10017,7/24/2019,1,ND,PROB,,Y,NPL,BERW,WSA,3.98,6.85,8,8.38,2.86,3.33,55.67,Fair
6/12/2023,2014183,NRS_NJ-10058,NRS18_NJ_10009,7/24/2019,1,NJ,PROB,,Y,CPL,BERW,WSA,9.82,2.49,3.75,1.71,4.38,6.48,47.72,Fair
6/12/2023,2014184,NRS_DE-10062,NRS18_DE_10006,7/24/2019,2,DE,PROB,,Y,CPL,BETB,WSA,2.44,5.8,2.5,4.46,1.88,1.98,31.77,Poor
6/12/2023,2014185,NRS_NJ-10071,NRS18_NJ_10034,7/25/2019,1,NJ,PROB,,Y,CPL,BERW,WSA,1.75,3.55,5,2.4,0,1.35,23.42,Poor
6/12/2023,2014186,NRS_UT-10369,NRS18_UT_10025,7/24/2019,1,UT,PROB,,Y,XER,BERW,WSA,3.37,5.08,4.29,5.93,2.94,1.4,38.35,Poor
6/12/2023,2014187,NRS_WI-10190,NRS18_WI_10042,7/25/2019,1,WI,PROB,,Y,UMW,BERW,WSA,3.92,1.29,1.43,6.78,1.11,2.21,27.9,Fair
6/12/2023,2014188,NRS_IA-10078,NRS18_IA_10006,7/25/2019,1,IA,PROB,,Y,TPL,BERW,WSA,6.49,5.91,0,0.59,7,10,49.98,Good
6/12/2023,2014189,NRS_TX-10336,NRS18_TX_10254,7/24/2019,1,TX,PROB,,Y,CPL,BERW,WSA,4.33,7.69,3.75,4.23,1.88,2.89,41.28,Fair
6/12/2023,2014190,NRS_TX-10166,NRS18_TX_10001,7/23/2019,1,TX,PROB,,Y,CPL,BERW,WSA,5.58,6.8,7.5,2.64,5.62,5.06,55.33,Good
6/12/2023,2014191,NRS_ND-10445,NRS18_ND_10045,7/25/2019,1,ND,PROB,,Y,TPL,BETB,WSA,10,6.25,1.25,5.88,8,7.36,64.57,Good
6/12/2023,2014192,NRS_OR-10530,NRS18_OR_10045,7/25/2019,1,OR,PROB,,Y,WMT,BERW,WSA,6.66,10,7.14,3.59,10,6.77,73.6,Good
6/12/2023,2014193,NRS_MT-10299,NRS18_MT_10025,7/24/2019,1,MT,PROB,,Y,NPL,BERW,WSA,2.99,7.36,4,7.14,2.86,4.58,48.22,Fair
6/12/2023,2014194,NRS_MT-10561,NRS18_MT_11470,7/24/2019,1,MT,PROB,,Y,NPL,BERW,WSA,10,7.36,6,5.57,10,5,73.22,Good
6/12/2023,2014195,NRS_GA-10063,NRS18_GA_10010,7/25/2019,1,GA,PROB,,Y,SAP,BETB,WSA,1.26,5.54,0,0,0,0,11.33,Poor
6/12/2023,2014196,NRS_KY-10028,NRS18_KY_10002,7/25/2019,2,KY,PROB,,Y,TPL,BETB,WSA,2.73,0,0,0,1,7.18,18.18,Poor
6/12/2023,2014197,NRS_ID-10237,NRS18_ID_10007,7/24/2019,1,ID,PROB,,Y,XER,BERW,WSA,6.33,4.37,4.29,2.55,4.12,0.64,37.17,Poor
6/12/2023,2014198,NRS_KY-10087,NRS18_KY_10018,7/25/2019,1,KY,PROB,,Y,SAP,BETB,WSA,7.98,5.4,4.44,0.51,5,4.92,47.08,Good
6/12/2023,2014199,NRS_MT-10354,NRS18_MT_10035,7/25/2019,1,MT,PROB,,Y,WMT,BERW,WSA,4.38,4.96,5.71,6.61,2.94,3.41,46.68,Fair
6/12/2023,2014200,NRS_CA-11354,NRS18_CA_10548,7/25/2019,1,CA,PROB,,Y,XER,BERW,WSA,8.16,1.95,4.29,4.84,2.94,3.78,43.27,Fair
6/12/2023,2014201,NRS_MT-10302,NRS18_MT_10087,7/25/2019,1,MT,PROB,,Y,NPL,BERW,WSA,2.63,10,8,3.92,7.14,8.33,66.7,Good
6/12/2023,2014202,NRS_TX-10365,NRS18_TX_10645,7/25/2019,1,TX,PROB,,Y,CPL,BERW,WSA,2.78,4.67,3.75,4.33,2.5,6.14,40.28,Poor
6/12/2023,2014203,NRS_ME-10325,NRS18_ME_10044,7/26/2019,1,ME,PROB,,Y,NAP,BERW,WSA,6.41,7.31,10,5.95,10,7.42,78.48,Good
6/12/2023,2014204,NRS_ME-10298,NRS18_ME_10008,7/25/2019,1,ME,PROB,,Y,NAP,BERW,WSA,3.47,3.37,0,0,3.81,3.34,23.32,Poor
6/12/2023,2014205,NRS_ND-10282,NRS18_ND_10002,7/26/2019,2,ND,PROB,,Y,TPL,BETB,WSA,0.08,4.32,3.75,0.59,0,0,14.57,Poor
6/12/2023,2014206,NRS_NE-10181,NRS18_NE_10052,7/24/2019,1,NE,PROB,,Y,SPL,BETB,WSA,4.1,5.02,0,4.46,4,1.43,31.68,Fair
6/12/2023,2014207,NRS_AL-10097,NRS18_AL_10025,7/25/2019,1,AL,PROB,,Y,SAP,BETB,WSA,5.41,2.01,6.67,4.46,4.5,3.84,44.82,Fair
6/12/2023,2014208,NRS_IA-10152,NRS18_IA_10356,7/26/2019,1,IA,PROB,,Y,TPL,BETB,WSA,1.84,7.27,0,1.76,2,1.14,23.35,Poor
6/12/2023,2014209,NRS_MT-10305,NRS18_MT_10006,7/26/2019,1,MT,PROB,,Y,WMT,BERW,WSA,5.77,5.36,8.57,4.71,5.29,5.82,59.2,Good
6/12/2023,2014210,NRS_NY-10085,NRS18_NY_10072,7/28/2019,1,NY,PROB,,Y,NAP,BERW,WSA,7.31,3.98,2.22,4.4,8.57,8.15,57.72,Good
6/12/2023,2014211,NRS_NY-10164,NRS18_NY_10055,7/25/2019,1,NY,PROB,,Y,NAP,BERW,WSA,3.35,7.07,0,0,3.33,3.2,28.25,Poor
6/12/2023,2014212,NRS_ND-10428,NRS18_ND_10028,7/25/2019,1,ND,PROB,,Y,NPL,BERW,WSA,4.22,8.53,4,5.3,4.29,4.17,50.85,Fair
6/12/2023,2014213,NRS_MN-10206,NRS18_MN_10069,7/28/2019,1,MN,PROB,,Y,TPL,BETB,WSA,6.68,8.41,2.5,6.47,9,5.62,64.47,Good
6/12/2023,2014214,NRS_MN-10139,NRS18_MN_10036,7/28/2019,1,MN,PROB,,Y,TPL,BETB,WSA,8.24,6.19,5,4.12,6,3.53,55.13,Good
6/12/2023,2014215,NRS_IN-10112,NRS18_IN_11547,7/28/2019,1,IN,PROB,,Y,TPL,BETB,WSA,3.45,7.44,2.5,2.35,3,0,31.23,Fair
6/12/2023,2014216,NRS_MT-10407,NRS18_MT_10030,7/27/2019,1,MT,PROB,,Y,WMT,BERW,WSA,6.47,5.63,7.14,6.05,6.47,3.66,59.03,Good
6/12/2023,2014217,NRS_MT-10517,NRS18_MT_10120,7/28/2019,1,MT,PROB,,Y,NPL,BERW,WSA,6.04,10,8,8.85,10,9.17,86.77,Good
6/12/2023,2014218,NRS_FL-10209,NRS18_FL_10183,7/29/2019,1,FL,PROB,,Y,CPL,BETB,WSA,5.91,6.21,2.5,3.52,1.88,2.68,37.83,Poor
6/12/2023,2014219,NRS_NY-10084,NRS18_NY_10071,7/29/2019,1,NY,PROB,,Y,NAP,BERW,WSA,6.09,4.94,8.89,6.89,7.62,6.83,68.77,Good
6/12/2023,2014220,NRS_ID-10485,NRS18_ID_10843,7/29/2019,1,ID,PROB,,Y,XER,BETB,WSA,6.84,5.73,5.71,6.54,7.65,6.47,64.9,Good
6/12/2023,2014221,NRS_MN-10135,NRS18_MN_10020,7/29/2019,2,MN,PROB,,Y,TPL,BETB,WSA,3.66,5.85,0,1.76,3,1.91,26.97,Fair
6/12/2023,2014222,NRS_ME-10312,NRS18_ME_10016,7/28/2019,1,ME,PROB,,Y,NAP,BETB,WSA,0,1.17,0,0,0,0,1.95,Poor
6/12/2023,2014223,NRS_CO-10505,NRS18_CO_RF007,7/29/2019,1,CO,HAND,,Y,WMT,BERW,WSA,4.55,7.2,5.71,4.26,3.53,3.9,48.58,Fair
6/12/2023,2014224,NRS_ME-10315,NRS18_ME_10019,7/29/2019,1,ME,PROB,,Y,NAP,BERW,WSA,2.64,2.03,2.22,1.68,3.33,4.02,26.53,Poor
6/12/2023,2014225,NRS_MN-10224,NRS18_MN_10405,7/29/2019,1,MN,PROB,,Y,TPL,BETB,WSA,2.01,0,0,0.59,2,0.59,8.65,Poor
6/12/2023,2014226,NRS_IN-10062,NRS18_IN_10009,7/29/2019,1,IN,PROB,,Y,TPL,BETB,WSA,8.43,5.8,0,1.76,5,6.39,45.63,Good
6/12/2023,2014227,NRS_NE-10031,NRS18_NE_10003,7/29/2019,1,NE,PROB,,Y,SPL,BERW,WSA,10,5.64,0,8.22,7.33,4.29,59.13,Good
6/12/2023,2014228,NRS_OK-10183,NRS18_OK_10031,7/29/2019,1,OK,PROB,,Y,SAP,BERW,WSA,6.29,0,0,0,0,7,22.15,Poor
6/12/2023,2014229,NRS_KS-10093,NRS18_KS_10012,7/29/2019,1,KS,PROB,,Y,TPL,BERW,WSA,1.58,6.82,1.25,2.35,4,7.18,38.63,Fair
6/12/2023,2014230,NRS_MI-10105,NRS18_MI_10024,7/29/2019,1,MI,PROB,,Y,UMW,BETB,WSA,2.4,5.1,4.29,7.14,5.56,4.49,48.3,Good
6/12/2023,2014231,NRS_NV-10484,NRS18_NV_10192,7/29/2019,1,NV,PROB,,Y,XER,BERW,WSA,8.98,6.2,4.29,3.51,7.06,4.32,57.27,Good
6/12/2023,2014232,NRS_MT-10401,NRS18_MT_10114,7/26/2019,1,MT,PROB,,Y,NPL,BERW,WSA,10,3.86,2,6.76,10,5,62.7,Good
6/12/2023,2014233,NRS_MT-10367,NRS18_MT_10108,7/28/2019,1,MT,PROB,,Y,NPL,BERW,WSA,1.23,4.92,2,3.98,2.86,0.42,25.68,Poor
6/12/2023,2014234,NRS_MT-10544,NRS18_MT_10589,7/28/2019,1,MT,PROB,,Y,NPL,BERW,WSA,4.58,6.7,6,8.52,4.29,3.33,55.7,Fair
6/12/2023,2014235,NRS_MT-10548,NRS18_MT_10593,7/29/2019,1,MT,PROB,,Y,NPL,BERW,WSA,1.23,1.83,6,5.63,2.86,1.25,31.33,Poor
6/12/2023,2014236,NRS_MT-10329,NRS18_MT_10083,7/29/2019,1,MT,PROB,,Y,NPL,BERW,WSA,8.2,4.21,8,7.9,7.14,5.83,68.8,Good
6/12/2023,2014237,NRS_NJ-10065,NRS18_NJ_10016,7/30/2019,1,NJ,PROB,,Y,CPL,BETB,WSA,0,0,2.5,1.41,0,2.25,10.27,Poor
6/12/2023,2014238,NRS_MN-10072,NRS18_MN_10017,7/30/2019,1,MN,PROB,,Y,UMW,BETB,WSA,3.12,3.87,2.86,2.22,0.56,0,21.05,Poor
6/12/2023,2014239,NRS_WI-10260,NRS18_WI_10992,7/30/2019,1,WI,PROB,,Y,TPL,BETB,WSA,0.88,0,0,1.76,0,0,4.4,Poor
6/12/2023,2014240,NRS_CO-10504,NRS18_CO_RF006,7/30/2019,1,CO,HAND,,Y,WMT,BERW,WSA,5.15,3.13,4.29,6.61,3.53,6.45,48.6,Fair
6/12/2023,2014241,NRS_ME-10284,NRS18_ME_10010,7/30/2019,1,ME,PROB,,Y,NAP,BETB,WSA,0.62,0,0,0,0,0,1.03,Poor
6/12/2023,2014242,NRS_TX-10116,NRS18_TX_10015,7/29/2019,1,TX,PROB,,Y,SPL,BETB,WSA,9.59,8.06,7.14,8.87,10,5.71,82.28,Good
6/12/2023,2014243,NRS_KS-10248,NRS18_KS_10099,7/30/2019,1,KS,PROB,,Y,SPL,BERW,WSA,4.44,6.49,5.71,0.89,4,4.29,43.03,Good
6/12/2023,2014244,NRS_IN-10067,NRS18_IN_10015,7/30/2019,1,IN,PROB,,Y,SAP,BETB,WSA,7.93,2.88,0,0.55,0.5,1.51,22.28,Poor
6/12/2023,2014245,NRS_WV-10028,NRS18_WV_10001,7/30/2019,1,WV,PROB,,Y,SAP,BERW,WSA,6.29,7.63,8.89,6.03,3.5,0.64,54.97,Good
6/12/2023,2014246,NRS_IA-10142,NRS18_IA_10027,7/30/2019,1,IA,PROB,,Y,TPL,BETB,WSA,10,4.89,1.25,2.35,9,10,62.48,Good
6/12/2023,2014247,NRS_OR-10511,NRS18_OR_10005,7/30/2019,1,OR,PROB,,Y,WMT,BERW,WSA,6.34,6.59,4.29,0.96,8.82,3.18,50.3,Good
6/12/2023,2014248,NRS_DE-10063,NRS18_DE_10009,7/30/2019,1,DE,PROB,,Y,CPL,BETB,WSA,8.39,1.66,1.25,1.22,0,0,20.87,Poor
6/12/2023,2014249,NRS_MT-10310,NRS18_MT_10010,7/30/2019,1,MT,PROB,,Y,NPL,BERW,WSA,4.06,4.67,2,4.41,8.57,3.75,45.77,Fair
6/12/2023,2014250,NRS_MT-10362,NRS18_MT_10040,7/30/2019,1,MT,PROB,,Y,NPL,BERW,WSA,0.97,8.22,4,5.02,2.86,0.42,35.82,Poor
6/12/2023,2014251,NRS_MT-10284,NRS18_MT_10003,7/30/2019,1,MT,PROB,,Y,NPL,BERW,WSA,7.64,10,10,9.22,10,10,94.77,Good
6/12/2023,2014252,NRS_NH-10102,NRS18_NH_10006,7/31/2019,2,NH,PROB,,Y,NAP,BERW,WSA,7.26,4.23,2.22,3.83,8.1,8.47,56.85,Good
6/12/2023,2014253,NRS_WI-10209,NRS18_WI_10061,7/31/2019,1,WI,PROB,,Y,TPL,BETB,WSA,0.13,2.44,3.75,0,2,0,13.87,Poor
6/12/2023,2014254,NRS_FL-10031,NRS18_FL_10002,7/31/2019,2,FL,PROB,,Y,CPL,BETB,WSA,8.62,1.95,2.5,2.64,3.12,4.82,39.42,Poor
6/12/2023,2014255,NRS_NY-10196,NRS18_NY_10268,7/31/2019,1,NY,PROB,,Y,NAP,BERW,WSA,1.22,3.64,0,0,1.43,1.27,12.6,Poor
6/12/2023,2014256,NRS_IN-10024,NRS18_IN_10002,7/31/2019,1,IN,PROB,,Y,TPL,BETB,WSA,8.29,3.92,0,1.18,2,10,42.32,Good
6/12/2023,2014257,NRS_IA-10059,NRS18_IA_10009,7/31/2019,1,IA,PROB,,Y,TPL,BETB,WSA,10,1.31,1.25,2.94,4,7,44.17,Good
6/12/2023,2014258,NRS_PA-10048,NRS18_PA_10011,7/31/2019,1,PA,PROB,,Y,NAP,BETB,WSA,4.32,0.86,3.33,4.8,3.33,4.37,35.02,Poor
6/12/2023,2014259,NRS_CA-11364,NRS18_CA_10889,7/31/2019,1,CA,PROB,,Y,WMT,,,,,,,,,,Not Assessed
6/12/2023,2014260,NRS_CO-10507,NRS18_CO_RF015,7/31/2019,1,CO,HAND,,Y,WMT,BERW,WSA,4.59,6.39,4.29,6.05,4.71,2.45,47.47,Fair
6/12/2023,2014261,NRS_MT-10437,NRS18_MT_10094,7/31/2019,1,MT,PROB,,Y,NPL,BERW,WSA,7.29,9.24,6,10,7.14,7.08,77.92,Good
6/12/2023,2014262,NRS_CA-10802,NRS18_CA_10013,7/30/2019,1,CA,PROB,,Y,WMT,BETB,WSA,10,0,4.29,7.53,5.29,7,56.85,Good
6/12/2023,2014263,NRS_CA-10782,NRS18_CA_10002,7/29/2019,2,CA,PROB,,Y,WMT,BETB,WSA,0.84,6.09,1.43,0.18,0,0,14.23,Poor
6/12/2023,2014264,NRS_NE-10209,NRS18_NE_10678,7/30/2019,1,NE,PROB,,Y,SPL,BERW,WSA,3.98,5.5,2.86,6.25,4.67,4.29,45.92,Good
6/12/2023,2014265,NRS_OR-10632,NRS18_OR_10069,7/31/2019,1,OR,PROB,,Y,WMT,BERW,WSA,6.56,6.01,5.71,5.96,8.24,6.81,65.48,Good
6/12/2023,2014266,NRS_MN-10216,NRS18_MN_10257,7/31/2019,1,MN,PROB,,Y,UMW,BERW,WSA,1.44,7.42,7.14,6.78,3.89,1.49,46.93,Good
6/12/2023,2014267,NRS_MT-10513,NRS18_MT_10072,7/31/2019,1,MT,PROB,,Y,NPL,BETB,WSA,7.94,9.04,6,6.46,10,8.75,80.32,Good
6/12/2023,2014268,NRS_MI-10156,NRS18_MI_10057,7/31/2019,1,MI,PROB,,Y,UMW,BETB,WSA,5.79,10,4.29,2.94,10,4.86,63.13,Good
6/12/2023,2014269,NRS_NV-10480,NRS18_NV_10188,7/31/2019,1,NV,PROB,,Y,XER,BERW,WSA,10,1.8,4.29,4.84,5.88,6.21,55.03,Fair
6/12/2023,2014270,NRS_NV-10341,NRS18_NV_10010,7/30/2019,1,NV,PROB,,Y,XER,BERW,WSA,6.53,6.53,5.71,3.98,1.18,0,39.88,Poor
6/12/2023,2014271,NRS_MI-10154,NRS18_MI_10055,7/31/2019,1,MI,PROB,,Y,UMW,BETB,WSA,3.74,4.71,0,6.69,0,2.04,28.63,Fair
6/12/2023,2014272,NRS_NJ-10038,NRS18_NJ_10008,8/1/2019,1,NJ,PROB,,Y,SAP,BETB,WSA,2.21,5.61,7.78,1.83,2,1.56,34.98,Fair
6/12/2023,2014273,NRS_UT-10348,NRS18_UT_10011,7/30/2019,1,UT,PROB,,Y,WMT,BERW,WSA,1.76,5.55,2.86,0.46,2.35,0,21.63,Poor
6/12/2023,2014274,NRS_ME-10272,NRS18_ME_10005,8/1/2019,1,ME,PROB,,Y,NAP,BETB,WSA,4.49,4.57,2.22,0.07,5.24,2.9,32.48,Poor
6/12/2023,2014275,NRS_ND-10432,NRS18_ND_10032,8/1/2019,1,ND,PROB,,Y,NPL,BERW,WSA,5.11,10,6,2.04,10,10,71.92,Good
6/12/2023,2014276,NRS_MN-10229,NRS18_MN_10556,8/1/2019,1,MN,PROB,,Y,UMW,BETB,WSA,7.78,2.97,1.43,8.83,3.33,1.05,42.32,Good
6/12/2023,2014277,NRS_IA-10160,NRS18_IA_10659,8/1/2019,1,IA,PROB,,Y,TPL,BETB,WSA,5.26,6.36,3.75,2.35,7,5.74,50.77,Good
6/12/2023,2014278,NRS_MT-10547,NRS18_MT_10592,8/1/2019,1,MT,PROB,,Y,NPL,BERW,WSA,2.12,2.49,2,7.51,2.86,3.75,34.55,Poor
6/12/2023,2014279,NRS_IN-10028,NRS18_IN_10007,8/1/2019,1,IN,PROB,,Y,TPL,BETB,WSA,5.3,2.22,0,0,1,10,30.87,Fair
6/12/2023,2014280,NRS_FL-10134,NRS18_FL_10007,8/1/2019,2,FL,PROB,,Y,CPL,BETB,WSA,7.19,5.03,3.75,1.76,3.75,6.43,46.52,Fair
6/12/2023,2014281,NRS_MT-10287,NRS18_MT_10019,8/1/2019,1,MT,PROB,,Y,NPL,BETB,WSA,2.63,5.43,4,3.92,1.43,2.08,32.48,Poor
6/12/2023,2014282,NRS_PA-10126,NRS18_PA_10045,8/1/2019,1,PA,PROB,,Y,SAP,BETB,WSA,5.69,7.19,3.33,0.81,4.5,1.72,38.73,Fair
6/12/2023,2014283,NRS_TX-10221,NRS18_TX_10018,8/1/2019,1,TX,PROB,,Y,CPL,BETB,WSA,9.64,3.25,2.5,1.25,4.38,6.9,46.53,Fair
6/12/2023,2014284,NRS_TX-10125,NRS18_TX_10085,7/31/2019,2,TX,PROB,,Y,SPL,BETB,WSA,4.27,1.52,0,0,0.67,0,10.77,Poor
6/12/2023,2014285,NRS_MI-10107,NRS18_MI_10021,8/1/2019,1,MI,PROB,,Y,UMW,BETB,WSA,4.41,6.65,0,4.8,3.89,4.75,40.83,Good
6/12/2023,2014286,NRS_ID-10260,NRS18_ID_10022,7/31/2019,1,ID,PROB,,Y,WMT,BERW,WSA,4.46,7.94,5.71,3.15,7.06,3.51,53.05,Good
6/12/2023,2014287,NRS_ID-10424,NRS18_ID_10117,8/1/2019,1,ID,PROB,,Y,WMT,BERW,WSA,7.09,3.64,7.14,7.2,4.12,4.23,55.7,Good
6/12/2023,2014288,NRS_IN-10090,NRS18_IN_10027,8/2/2019,1,IN,PROB,,Y,SAP,BETB,WSA,10,3.02,0,0,1.5,3.52,30.07,Poor
6/12/2023,2014289,NRS_NV-10569,NRS18_NV_10495,8/1/2019,1,NV,PROB,,Y,XER,BERW,WSA,2.65,3.39,0,4.17,5.29,2.96,30.77,Poor
6/12/2023,2014290,NRS_MT-10504,NRS18_MT_10063,8/2/2019,1,MT,PROB,,Y,XER,BERW,WSA,0,0,0,4.84,0,0,8.07,Poor
6/12/2023,2014291,NRS_ME-10283,NRS18_ME_10006,8/2/2019,1,ME,PROB,,Y,NAP,BERW,WSA,4.5,5.96,5.56,2.99,7.62,5.68,53.85,Fair
6/12/2023,2014292,NRS_MN-10150,NRS18_MN_10032,8/2/2019,1,MN,PROB,,Y,UMW,BETB,WSA,5.25,0,1.43,3.46,0,0,16.9,Poor
6/12/2023,2014293,NRS_MN-10149,NRS18_MN_10031,8/4/2019,1,MN,PROB,,Y,UMW,BETB,WSA,5.61,1.23,2.86,4.33,3.33,2.99,33.92,Fair
6/12/2023,2014294,NRS_CA-10779,NRS18_CA_10001,7/30/2019,2,CA,PROB,,Y,XER,BERW,WSA,7.86,6.79,8.57,7.61,10,8.75,82.63,Good
6/12/2023,2014295,NRS_MT-10379,NRS18_MT_10028,8/2/2019,1,MT,PROB,,Y,NPL,BERW,WSA,6.7,8.93,4,5.45,10,5.42,67.5,Good
6/12/2023,2014296,NRS_MT-10293,NRS18_MT_10021,8/4/2019,1,MT,PROB,,Y,NPL,BERW,WSA,10,7.72,8,10,10,7.92,89.4,Good
6/12/2023,2014297,NRS_MT-10524,NRS18_MT_10421,8/4/2019,1,MT,PROB,,Y,XER,BERW,WSA,1.53,6.75,4.29,3.74,3.53,5.84,42.8,Fair
6/12/2023,2014298,NRS_ME-10314,NRS18_ME_10018,8/5/2019,1,ME,PROB,,Y,NAP,BERW,WSA,5.99,4.15,4.44,1.83,7.14,7.62,51.95,Fair
6/12/2023,2014299,NRS_ME-10321,NRS18_ME_10025,8/4/2019,1,ME,PROB,,Y,NAP,BERW,WSA,5.78,8.2,6.67,4.14,9.05,4.56,64,Good
6/12/2023,2014300,NRS_MN-10137,NRS18_MN_10034,8/4/2019,1,MN,PROB,,Y,UMW,BETB,WSA,4.71,3.61,1.43,4.33,1.11,1.67,28.1,Fair
6/12/2023,2014301,NRS_MN-10128,NRS18_MN_10019,8/5/2019,2,MN,PROB,,Y,UMW,BERW,WSA,1.04,3.55,0,6.15,1.11,3.52,25.62,Fair
6/12/2023,2014302,NRS_MT-10405,NRS18_MT_10029,8/5/2019,1,MT,PROB,,Y,NPL,BERW,WSA,3.81,6.8,0,7.28,1.43,4.58,39.83,Poor
6/12/2023,2014303,NRS_MN-10057,NRS18_MN_10011,8/2/2019,1,MN,PROB,,Y,TPL,BETB,WSA,9.96,5.11,1.25,2.94,6,10,58.77,Good
6/12/2023,2014304,NRS_IA-10113,NRS18_IA_10012,8/5/2019,1,IA,PROB,,Y,UMW,BETB,WSA,8.88,3.29,5.71,7.74,5.56,2.82,56.67,Good
6/12/2023,2014305,NRS_VA-10119,NRS18_VA_10009,8/5/2019,1,VA,PROB,,Y,SAP,BERW,WSA,8.8,5.76,0,5.61,3.5,2,42.78,Fair
6/12/2023,2014306,NRS_OK-10123,NRS18_OK_10030,7/30/2019,1,OK,PROB,,Y,CPL,BETB,WSA,9.54,2.19,5,5.61,5,8.75,60.15,Good
6/12/2023,2014307,NRS_NE-10132,NRS18_NE_10073,8/5/2019,1,NE,PROB,,Y,TPL,BERW,WSA,0.17,1.65,0,2.35,2,4.59,17.93,Poor
6/12/2023,2014308,NRS_MT-10514,NRS18_MT_10073,8/4/2019,1,MT,PROB,,Y,NPL,BETB,WSA,1.57,6.65,0,2.61,2.86,0.83,24.2,Poor
6/12/2023,2014309,NRS_MT-10297,NRS18_MT_10024,8/4/2019,1,MT,PROB,,Y,NPL,BETB,WSA,3.81,7.82,4,2.33,5.71,3.75,45.7,Fair
6/12/2023,2014310,NRS_MT-10285,NRS18_MT_10017,8/5/2019,1,MT,PROB,,Y,NPL,BETB,WSA,3.11,7.51,4,4.36,4.29,2.5,42.95,Fair
6/12/2023,2014311,NRS_GA-10130,NRS18_GA_10017,8/6/2019,1,GA,PROB,,Y,CPL,BETB,WSA,0,1.42,0,0,0,2.25,6.12,Poor
6/12/2023,2014312,NRS_ME-10264,NRS18_ME_10002,8/6/2019,1,ME,PROB,,Y,NAP,BETB,WSA,0,0,0,0,0,6.65,11.08,Poor
6/12/2023,2014313,NRS_IA-10147,NRS18_IA_10032,8/6/2019,1,IA,PROB,,Y,UMW,BETB,WSA,6.77,2.32,4.29,1.85,3.33,0.56,31.87,Fair
6/12/2023,2014314,NRS_SD-10294,NRS18_SD_10011,8/6/2019,1,SD,PROB,,Y,NPL,BETB,WSA,3.98,5.84,2,6.46,4.29,2.5,41.78,Poor
6/12/2023,2014315,NRS_WI-10140,NRS18_WI_10024,8/6/2019,1,WI,PROB,,Y,TPL,BETB,WSA,0.5,5.8,2.5,1.18,1,0,18.3,Poor
6/12/2023,2014316,NRS_ND-10427,NRS18_ND_10027,8/6/2019,1,ND,PROB,,Y,NPL,BERW,WSA,4.06,5.33,4,3.29,4.29,3.33,40.5,Poor
6/12/2023,2014317,NRS_VA-10122,NRS18_VA_10010,8/6/2019,1,VA,PROB,,Y,CPL,BETB,WSA,6.41,10,3.75,1.76,5.62,4.82,53.93,Fair
6/12/2023,2014318,NRS_MN-10053,NRS18_MN_10002,8/6/2019,2,MN,PROB,,Y,UMW,BETB,WSA,8.44,0,0,1.01,1.11,2.88,22.4,Poor
6/12/2023,2014319,NRS_CA-11226,NRS18_CA_10108,8/6/2019,1,CA,PROB,,Y,WMT,BERW,WSA,9.08,8.68,2.86,3.33,8.24,9.71,69.83,Good
6/12/2023,2014320,NRS_MT-10313,NRS18_MT_10011,8/6/2019,1,MT,PROB,,Y,NPL,BERW,WSA,1.57,5.89,2,6.46,1.43,0,28.92,Poor
6/12/2023,2014321,NRS_CA-10818,NRS18_CA_10014,8/6/2019,1,CA,PROB,,Y,WMT,BETB,WSA,0,4.24,4.29,0.51,0,0,15.07,Poor
6/12/2023,2014322,NRS_KY-10075,NRS18_KY_10011,8/6/2019,2,KY,PROB,,Y,SAP,BERW,WSA,1.16,4.39,1.11,0.32,0,0,11.63,Poor
6/12/2023,2014323,NRS_MT-10309,NRS18_MT_10009,8/6/2019,1,MT,PROB,,Y,WMT,BERW,WSA,7.09,4.85,5.71,5.4,4.71,6.29,56.75,Good
6/12/2023,2014324,NRS_PA-10136,NRS18_PA_RF001,8/6/2019,1,PA,HAND,,Y,SAP,BETB,WSA,3.47,10,5.56,2.68,5,2.56,48.78,Good
6/12/2023,2014325,NRS_MI-10104,NRS18_MI_10014,8/7/2019,1,MI,PROB,,Y,UMW,BETB,WSA,8.52,5.42,1.43,6.6,5.56,0.09,46.03,Good
6/12/2023,2014326,NRS_NE-10026,NRS18_NE_10010,8/7/2019,1,NE,PROB,,Y,TPL,BERW,WSA,3.68,6.88,1.25,4.71,3,3.83,38.92,Fair
6/12/2023,2014327,NRS_ME-10295,NRS18_ME_10013,8/7/2019,1,ME,PROB,,Y,NAP,BETB,WSA,6.02,8,3.33,3.31,8.1,5.77,57.55,Good
6/12/2023,2014328,NRS_PA-10042,NRS18_PA_10046,8/7/2019,1,PA,PROB,,Y,SAP,BERW,WSA,0,7.05,3.33,3.65,0,0,23.38,Poor
6/12/2023,2014329,NRS_GA-10065,NRS18_GA_10035,8/7/2019,1,GA,PROB,,Y,CPL,BETB,WSA,5.35,5.68,2.5,0.88,3.12,4.02,35.92,Poor
6/12/2023,2014330,NRS_TX-10273,NRS18_TX_10099,8/7/2019,1,TX,PROB,,Y,CPL,BERW,WSA,8.31,7.34,2.5,3.81,1.88,3.34,45.3,Fair
6/12/2023,2014331,NRS_TX-10183,NRS18_TX_10093,8/6/2019,1,TX,PROB,,Y,CPL,BETB,WSA,5.49,4.08,1.25,0,0,0.66,19.13,Poor
6/12/2023,2014332,NRS_CA-10833,NRS18_CA_10005,8/7/2019,1,CA,PROB,,Y,WMT,BERW,WSA,8.35,9.29,1.43,4.62,10,8.06,69.58,Good
6/12/2023,2014333,NRS_OK-10168,NRS18_OK_10004,8/5/2019,1,OK,PROB,,Y,SPL,BETB,WSA,0,0,0,0,0,0,0,Poor
6/12/2023,2014334,NRS_WI-10204,NRS18_WI_10056,8/7/2019,1,WI,PROB,,Y,UMW,BETB,WSA,3.36,5.74,4.29,1.45,0.56,0.74,26.9,Fair
6/12/2023,2014335,NRS_ND-10458,NRS18_ND_10975,8/7/2019,1,ND,PROB,,Y,NPL,BERW,WSA,2.09,9.24,10,3.81,2.86,4.17,53.62,Fair
6/12/2023,2014336,NRS_MN-10233,NRS18_MN_RF002,8/6/2019,1,MN,HAND,,Y,UMW,BETB,WSA,4.2,6.52,2.86,2.68,3.89,3.7,39.75,Good
6/12/2023,2014337,NRS_IA-10056,NRS18_IA_10007,8/7/2019,2,IA,PROB,,Y,TPL,BETB,WSA,2.55,5.57,2.5,4.12,8,8.54,52.13,Good
6/12/2023,2014338,NRS_OR-10474,NRS18_OR_10001,8/7/2019,2,OR,PROB,,Y,WMT,BERW,WSA,5.39,6.16,2.86,3.62,4.71,1.67,40.68,Fair
6/12/2023,2014339,NRS_SD-10606,NRS18_SD_11899,8/7/2019,1,SD,PROB,,Y,NPL,BETB,WSA,10,4.97,0,10,4.29,0.42,49.47,Fair
6/12/2023,2014340,NRS_WI-10233,NRS18_WI_10691,8/8/2019,1,WI,PROB,,Y,TPL,BETB,WSA,0.71,6.82,3.75,1.76,0,0,21.73,Poor
6/12/2023,2014341,NRS_PA-10119,NRS18_PA_10038,8/8/2019,1,PA,PROB,,Y,NAP,BERW,WSA,9.58,5.29,1.11,8.52,8.1,6.52,65.2,Good
6/12/2023,2014342,NRS_MI-10045,NRS18_MI_10002,8/8/2019,1,MI,PROB,,Y,UMW,BETB,WSA,5.61,2.97,0,0.01,0,2.99,19.3,Poor
6/12/2023,2014343,NRS_WV-10081,NRS18_WV_RF001,8/8/2019,1,WV,HAND,,Y,SAP,BETB,WSA,5.33,7.19,2.22,4.38,4,0.37,39.15,Fair
6/12/2023,2014344,NRS_OR-10592,NRS18_OR_10017,8/8/2019,1,OR,PROB,,Y,WMT,BERW,WSA,6.56,3.27,4.29,3.72,8.24,4.71,51.32,Good
6/12/2023,2014345,NRS_ME-10271,NRS18_ME_10001,8/8/2019,1,ME,PROB,,Y,NAP,BERW,WSA,5.1,4.66,4.44,3.88,6.19,5.49,49.6,Fair
6/12/2023,2014346,NRS_MN-10234,NRS18_MN_RF003,8/7/2019,1,MN,HAND,,Y,UMW,BERW,WSA,8.7,7.48,4.29,4.94,10,4.88,67.15,Good
6/12/2023,2014347,NRS_SD-10374,NRS18_SD_10013,8/8/2019,1,SD,PROB,,Y,NPL,BERW,WSA,3.81,9.49,10,5.63,8.57,9.58,78.47,Good
6/12/2023,2014348,NRS_MN-10232,NRS18_MN_RF001,8/8/2019,1,MN,HAND,,Y,UMW,BERW,WSA,6.34,4.52,1.43,9.22,6.11,6.7,57.2,Good
6/12/2023,2014349,NRS_UT-10383,NRS18_UT_10285,8/8/2019,1,UT,PROB,,Y,WMT,BERW,WSA,5.59,1.09,4.29,5.4,4.12,2.2,37.82,Fair
6/12/2023,2014350,NRS_MT-10325,NRS18_MT_10080,8/8/2019,1,MT,PROB,,Y,NPL,BERW,WSA,0.97,6.8,2,5.02,1.43,1.67,29.82,Poor
6/12/2023,2014351,NRS_MT-10511,NRS18_MT_10070,8/7/2019,1,MT,PROB,,Y,NPL,BETB,WSA,7.55,9.04,2,4.41,10,5.42,64.03,Good
6/12/2023,2014352,NRS_MI-10110,NRS18_MI_10023,8/9/2019,1,MI,PROB,,Y,UMW,BETB,WSA,4.58,9.1,4.29,1.66,5,2.61,45.4,Good
6/12/2023,2014357,NRS_MI-10167,NRS18_MI_10532,8/11/2019,1,MI,PROB,,Y,UMW,BETB,WSA,2.73,4.39,4.29,3.46,0.56,1.4,28.05,Fair
6/12/2023,2014359,NRS_SD-10469,NRS18_SD_10055,8/11/2019,1,SD,PROB,,Y,NPL,BETB,WSA,10,2.64,0,2.33,2.86,0.83,31.1,Poor
6/12/2023,2014360,NRS_ID-10255,NRS18_ID_10015,8/5/2019,2,ID,PROB,,Y,WMT,BERW,WSA,1.98,6.34,4.29,3.8,3.53,1,34.9,Poor
6/12/2023,2014361,NRS_ID-10307,NRS18_ID_10024,8/7/2019,1,ID,PROB,,Y,XER,BERW,WSA,9.59,3.75,7.14,5.02,7.65,3.47,61.03,Good
6/12/2023,2014362,NRS_ID-10392,NRS18_ID_10037,8/8/2019,1,ID,PROB,,Y,WMT,BETB,WSA,4.68,0.83,2.86,2.04,2.94,0,22.25,Poor
6/12/2023,2014363,NRS_ID-10377,NRS18_ID_10056,8/6/2019,1,ID,PROB,,Y,WMT,BERW,WSA,8.87,3.11,5.71,7.25,2.94,8.68,60.93,Good
6/12/2023,2014364,NRS_IN-10111,NRS18_IN_11097,8/12/2019,1,IN,PROB,,Y,TPL,BETB,WSA,0.63,4.66,3.75,1.76,1,2.87,24.45,Poor
6/12/2023,2014365,NRS_WI-10262,NRS18_WI_11142,8/12/2019,1,WI,PROB,,Y,UMW,BETB,WSA,4.64,4.58,4.29,1.72,1.11,0.92,28.77,Fair
6/12/2023,2014366,NRS_CO-10508,NRS18_CO_RF016,8/12/2019,1,CO,HAND,,Y,WMT,BERW,WSA,4.02,7.62,4.29,7.18,3.53,8.33,58.28,Good
6/12/2023,2014367,NRS_MI-10117,NRS18_MI_10072,8/12/2019,1,MI,PROB,,Y,UMW,BERW,WSA,1.89,9.16,1.43,4.14,7.22,6.61,50.75,Good
6/12/2023,2014368,NRS_SD-10389,NRS18_SD_10025,8/12/2019,1,SD,PROB,,Y,NPL,BETB,WSA,10,4.62,0,0.68,5.71,0.42,35.72,Poor
6/12/2023,2014369,NRS_MS-10137,NRS18_MS_10010,8/12/2019,1,MS,PROB,,Y,CPL,BETB,WSA,5.16,2.49,0,0,0.62,1.25,15.87,Poor
6/12/2023,2014370,NRS_AL-10038,NRS18_AL_10004,8/11/2019,2,AL,PROB,,Y,CPL,BERW,WSA,9.25,2.6,2.5,0,0,1.61,26.6,Poor
6/12/2023,2014371,NRS_ID-10396,NRS18_ID_10041,8/12/2019,1,ID,PROB,,Y,WMT,BETB,WSA,3.14,7.48,7.14,4.45,3.53,2.67,47.35,Fair
6/12/2023,2014374,NRS_WI-10240,NRS18_WI_10843,8/13/2019,1,WI,PROB,,Y,UMW,BETB,WSA,9.13,6.45,5.71,7.59,5.56,5.51,66.58,Good
6/12/2023,2014375,NRS_PA-10117,NRS18_PA_10036,8/13/2019,1,PA,PROB,,Y,CPL,BETB,WSA,0,3.02,2.5,0,0,0,9.2,Poor
6/12/2023,2014376,NRS_MI-10099,NRS18_MI_10019,8/13/2019,1,MI,PROB,,Y,UMW,BETB,WSA,4.23,6.71,0,8.95,5.56,3.83,48.8,Good
6/12/2023,2014377,NRS_IN-10062,NRS18_IN_10009,8/13/2019,2,IN,PROB,,Y,TPL,BETB,WSA,1.09,1.36,0,0.59,5,5.5,22.57,Poor
6/12/2023,2014378,NRS_VA-10142,NRS18_VA_10017,8/13/2019,1,VA,PROB,,Y,SAP,BERW,WSA,7.47,5.11,1.11,3.16,5.5,7.36,49.52,Good
6/12/2023,2014379,NRS_NY-10152,NRS18_NY_10043,8/13/2019,1,NY,PROB,,Y,CPL,BERW,WSA,3.78,4.5,5,5.73,5,5.63,49.4,Fair
6/12/2023,2014380,NRS_OH-10070,NRS18_OH_10016,8/13/2019,1,OH,PROB,,Y,NAP,BERW,WSA,5.58,0,0,5.17,2.38,4.37,29.17,Poor
6/12/2023,2014381,NRS_MT-10312,NRS18_MT_10090,8/12/2019,1,MT,PROB,,Y,NPL,BETB,WSA,3.63,6.24,0,7.14,4.29,7.5,48,Fair
6/12/2023,2014382,NRS_SD-10456,NRS18_SD_10042,8/13/2019,1,SD,PROB,,Y,NPL,BETB,WSA,10,4.47,0,6.46,8.57,5,57.5,Good
6/12/2023,2014383,NRS_OR-10628,NRS18_OR_10041,8/13/2019,1,OR,PROB,,Y,XER,BETB,WSA,0,2.08,4.29,0,0.59,0,11.6,Poor
6/12/2023,2014384,NRS_ID-10198,NRS18_ID_10009,8/13/2019,1,ID,PROB,,Y,WMT,BETB,WSA,5.22,7.49,10,4.91,8.24,0.92,61.3,Good
6/12/2023,2014385,NRS_MT-10364,NRS18_MT_10106,8/13/2019,1,MT,PROB,,Y,WMT,BERW,WSA,5.32,7.24,8.57,3.55,5.88,4.05,57.68,Good
6/12/2023,2014386,NRS_SD-10454,NRS18_SD_10040,8/13/2019,1,SD,PROB,,Y,NPL,BETB,WSA,10,6.09,0,9.08,8.57,2.08,59.7,Good
6/12/2023,2014387,NRS_DE-10094,NRS18_DE_10020,8/13/2019,1,DE,PROB,,Y,SAP,BETB,WSA,1.42,1.37,1.11,3.53,0,0.6,13.38,Poor
6/12/2023,2014388,NRS_TX-10353,NRS18_TX_10599,8/13/2019,1,TX,PROB,,Y,CPL,BETB,WSA,0,4.79,1.25,0.96,0.62,3.07,17.82,Poor
6/12/2023,2014389,NRS_OK-10198,NRS18_OK_10055,8/12/2019,1,OK,PROB,,Y,SPL,BETB,WSA,9.77,7.11,0,3.89,8,1.43,50.33,Good
6/12/2023,2014390,NRS_CT-10098,NRS18_CT_10011,8/14/2019,1,CT,PROB,,Y,NAP,BETB,WSA,2.18,0,0,1.14,0,1.79,8.52,Poor
6/12/2023,2014391,NRS_FL-10107,NRS18_FL_10021,8/13/2019,1,FL,PROB,,Y,CPL,BERW,WSA,8.94,10,7.5,3.33,7.5,7.5,74.62,Good
6/12/2023,2014392,NRS_PA-10122,NRS18_PA_10041,8/14/2019,1,PA,PROB,,Y,CPL,BETB,WSA,0,0.65,1.25,3.52,0,2.68,13.5,Poor
6/12/2023,2014393,NRS_MS-10026,NRS18_MS_10004,8/14/2019,1,MS,PROB,,Y,CPL,BERW,WSA,4.54,5.86,1.25,0.21,0,0.34,20.33,Poor
6/12/2023,2014394,NRS_VA-10082,NRS18_VA_10007,8/14/2019,1,VA,PROB,,Y,SAP,BETB,WSA,2.55,6.33,7.78,2.84,6,4.97,50.78,Good
6/12/2023,2014395,NRS_MI-10144,NRS18_MI_10045,8/14/2019,1,MI,PROB,,Y,UMW,BERW,WSA,3.16,6.97,0,5.52,6.11,6.2,46.6,Good
6/12/2023,2014396,NRS_MS-10151,NRS18_MS_10019,8/13/2019,1,MS,PROB,,Y,CPL,BERW,WSA,8.46,3.14,1.25,4.19,0,5.63,37.78,Poor
6/12/2023,2014397,NRS_WI-10247,NRS18_WI_10850,8/14/2019,1,WI,PROB,,Y,UMW,BETB,WSA,1.74,2.39,1.43,3.66,4.44,2.8,27.43,Fair
6/12/2023,2014398,NRS_NC-10052,NRS18_NC_10003,8/14/2019,1,NC,PROB,,Y,SAP,BERW,WSA,4.69,6.83,3.33,1.89,4,5.43,43.62,Fair
6/12/2023,2014399,NRS_IN-10024,NRS18_IN_10002,8/14/2019,2,IN,PROB,,Y,TPL,BETB,WSA,0.32,0,0,1.18,2,4.1,12.67,Poor
6/12/2023,2014400,NRS_MT-10296,NRS18_MT_10023,8/14/2019,1,MT,PROB,,Y,WMT,BETB,WSA,1.57,10,7.14,0.49,4.71,0,39.85,Fair
6/12/2023,2014401,NRS_SD-10601,NRS18_SD_11894,8/14/2019,1,SD,PROB,,Y,NPL,BETB,WSA,7.29,3.96,0,3.57,2.86,0.42,30.17,Poor
6/12/2023,2014403,NRS_NY-10222,NRS18_NY_10402,8/15/2019,1,NY,PROB,,Y,SAP,BERW,WSA,0,4.1,1.11,0,0,0,8.68,Poor
6/12/2023,2014404,NRS_CO-10509,NRS18_CO_RF017,8/14/2019,1,CO,HAND,,Y,WMT,BERW,WSA,7.84,5.83,5.71,7.75,5.88,5.13,63.57,Good
6/12/2023,2014405,NRS_CO-10506,NRS18_CO_RF011,8/13/2019,1,CO,HAND,,Y,WMT,BERW,WSA,2.14,0,1.43,2.11,0.59,0.44,11.18,Poor
6/12/2023,2014406,NRS_PA-10096,NRS18_PA_10025,8/14/2019,1,PA,PROB,,Y,SAP,BETB,WSA,6.51,0.07,3.33,3.27,4,0.78,29.93,Poor
6/12/2023,2014407,NRS_ID-10281,NRS18_ID_10027,8/14/2019,1,ID,PROB,,Y,WMT,BETB,WSA,1.13,2.38,7.14,3.33,1.18,0.65,26.35,Poor
6/12/2023,2014408,NRS_NV-10558,NRS18_NV_10405,8/15/2019,1,NV,PROB,,Y,WMT,BERW,WSA,5.74,0.06,2.86,3.99,2.94,7.48,38.45,Fair
6/12/2023,2014409,NRS_NV-10575,NRS18_NV_10936,8/14/2019,1,NV,PROB,,Y,XER,BERW,WSA,10,6.09,2.86,3.51,5.29,9.96,62.85,Good
6/12/2023,2014410,NRS_MD-10052,NRS18_MD_10006,8/15/2019,1,MD,PROB,,Y,SAP,BETB,WSA,3.61,2.73,3.33,6.8,3.5,5.49,42.43,Fair
6/12/2023,2014411,NRS_MN-10202,NRS18_MN_10065,8/15/2019,1,MN,PROB,,Y,UMW,BETB,WSA,3.69,8.58,2.86,3.81,6.11,2.26,45.52,Good
6/12/2023,2014412,NRS_CT-10067,NRS18_CT_10005,8/15/2019,1,CT,PROB,,Y,NAP,BETB,WSA,0,0,1.11,0,0,1.61,4.53,Poor
6/12/2023,2014413,NRS_OR-10616,NRS18_OR_10029,8/15/2019,1,OR,PROB,,Y,WMT,BERW,WSA,6.84,7.09,5.71,3.57,9.41,5.13,62.92,Good
6/12/2023,2014414,NRS_OR-10599,NRS18_OR_10055,8/14/2019,1,OR,PROB,,Y,WMT,BERW,WSA,3.34,6.25,1.43,0,2.94,0,23.27,Poor
6/12/2023,2014415,NRS_NE-10174,NRS18_NE_10045,8/15/2019,1,NE,PROB,,Y,TPL,BETB,WSA,4.83,4.94,0,0,1,5.74,27.52,Fair
6/12/2023,2014416,NRS_FL-10193,NRS18_FL_10020,8/15/2019,1,FL,PROB,,Y,CPL,BETB,WSA,7.82,5.62,3.75,3.88,5,9,58.45,Good
6/12/2023,2014417,NRS_MT-10278,NRS18_MT_10015,8/15/2019,1,MT,PROB,,Y,WMT,BETB,WSA,0,4.58,7.14,0,0,0,19.53,Poor
6/12/2023,2014418,NRS_ID-10427,NRS18_ID_10120,8/15/2019,1,ID,PROB,,Y,WMT,BERW,WSA,8.42,5.72,5.71,6.78,7.65,5.82,66.83,Good
6/12/2023,2014419,NRS_ID-10236,NRS18_ID_10006,8/14/2019,1,ID,PROB,,Y,WMT,BERW,WSA,6.23,4.24,1.43,2.69,3.53,2.54,34.43,Poor
6/12/2023,2014420,NRS_IN-10091,NRS18_IN_10028,8/16/2019,1,IN,PROB,,Y,TPL,,,,,,,,,,Not Assessed
6/12/2023,2014424,NRS_WI-10231,NRS18_WI_10548,8/15/2019,1,WI,PROB,,Y,UMW,BERW,WSA,3.81,4.26,0,4.8,4.44,8.28,42.65,Good
6/12/2023,2014426,NRS_TX-10351,NRS18_TX_10504,8/15/2019,1,TX,PROB,,Y,CPL,BERW,WSA,2.31,1.6,1.25,2.87,3.12,3.75,24.83,Poor
6/12/2023,2014427,NRS_CT-10097,NRS18_CT_10007,8/16/2019,1,CT,PROB,,Y,NAP,BETB,WSA,0,7.12,2.22,0,0.48,0,16.37,Poor
6/12/2023,2014428,NRS_MS-10027,NRS18_MS_10005,8/16/2019,1,MS,PROB,,Y,CPL,BERW,WSA,6.55,6.39,3.75,5.88,5,6.96,57.55,Good
6/12/2023,2014429,NRS_NE-10220,NRS18_NE_10983,8/16/2019,1,NE,PROB,,Y,NPL,BETB,WSA,10,4.92,2,4.53,4.29,0.83,44.28,Fair
6/12/2023,2014430,NRS_MN-10071,NRS18_MN_10016,8/16/2019,1,MN,PROB,,Y,UMW,BETB,WSA,4.57,7.87,2.86,5.32,7.22,6.65,57.48,Good
6/12/2023,2014431,NRS_ND-10450,NRS18_ND_10377,8/15/2019,1,ND,PROB,,Y,NPL,BERW,WSA,0.71,6.55,6,3.57,2.86,2.08,36.28,Poor
6/12/2023,2014432,NRS_MA-10079,NRS18_MA_10010,8/18/2019,1,MA,PROB,,Y,NAP,BETB,WSA,1.73,3.22,4.44,0.86,0.95,0.95,20.25,Poor
6/12/2023,2014433,NRS_MT-10358,NRS18_MT_10037,8/18/2019,1,MT,PROB,,Y,NPL,BERW,WSA,1.49,5.08,2,8.52,2.86,2.08,36.72,Poor
6/12/2023,2014434,NRS_SD-10615,NRS18_SD_11908,8/18/2019,1,SD,PROB,,Y,NPL,BETB,WSA,10,6.85,2,1.84,10,2.08,54.62,Fair
6/12/2023,2014435,NRS_MT-10442,NRS18_MT_10096,8/18/2019,1,MT,PROB,,Y,WMT,BERW,WSA,5.07,7.65,4.29,3.29,5.88,1.98,46.93,Fair
6/12/2023,2014436,NRS_MT-10522,NRS18_MT_10274,8/16/2019,1,MT,PROB,,Y,WMT,BERW,WSA,6.34,7.27,2.86,3.57,8.82,1.22,50.13,Good
6/12/2023,2014437,NRS_MA-10109,NRS18_MA_10631,8/19/2019,1,MA,PROB,,Y,NAP,BETB,WSA,2.77,2.29,0,0,2.38,0.59,13.38,Poor
6/12/2023,2014438,NRS_NE-10226,NRS18_NE_11133,8/19/2019,1,NE,PROB,,Y,SPL,BERW,WSA,5,5.17,1.43,5.18,4,1.43,37.02,Good
6/12/2023,2014439,NRS_VA-10119,NRS18_VA_10009,8/19/2019,2,VA,PROB,,Y,SAP,BERW,WSA,5.06,3.09,2.22,3.65,2,1.88,29.83,Poor
6/12/2023,2014440,NRS_WI-10059,NRS18_WI_10009,8/19/2019,1,WI,PROB,,Y,UMW,BETB,WSA,6.77,0,0,1.85,0,2.04,17.77,Poor
6/12/2023,2014441,NRS_SD-10617,NRS18_SD_11910,8/19/2019,1,SD,PROB,,Y,NPL,BETB,WSA,6.39,2.74,0,0.68,2.86,0,21.12,Poor
6/12/2023,2014442,NRS_OK-10173,NRS18_OK_10011,8/19/2019,1,OK,PROB,,Y,SPL,BERW,WSA,1.55,5.83,0,2.68,2.67,1.43,23.6,Fair
6/12/2023,2014443,NRS_MS-10140,NRS18_MS_10018,8/19/2019,1,MS,PROB,,Y,CPL,BETB,WSA,9.54,7.87,2.5,4.4,6.88,6.43,62.7,Good
6/12/2023,2014444,NRS_MT-10384,NRS18_MT_10051,8/19/2019,1,MT,PROB,,Y,NPL,BETB,WSA,10,4.47,2,9.22,10,5.83,69.2,Good
6/12/2023,2014445,NRS_MT-10295,NRS18_MT_10022,8/19/2019,1,MT,PROB,,Y,NPL,BETB,WSA,10,8.88,8,5.57,10,6.25,81.17,Good
6/12/2023,2014446,NRS_KS-10199,NRS18_KS_10018,8/19/2019,1,KS,PROB,,Y,SPL,BERW,WSA,8.16,4.6,4.29,4.62,7.33,5.71,57.85,Good
6/12/2023,2014447,NRS_MT-10274,NRS18_MT_10001,8/19/2019,1,MT,PROB,,Y,WMT,BERW,WSA,8.8,8.33,5.71,5.76,7.65,8.33,74.3,Good
6/12/2023,2014448,NRS_IA-10057,NRS18_IA_10008,8/19/2019,1,IA,PROB,,Y,UMW,BETB,WSA,8.79,1.81,1.43,0,2.22,3.52,29.62,Fair
6/12/2023,2014449,NRS_WI-10063,NRS18_WI_10011,8/20/2019,1,WI,PROB,,Y,UMW,BETB,WSA,7.13,4.71,5.71,2.42,2.78,1.37,40.2,Good
6/12/2023,2014450,NRS_NY-10200,NRS18_NY_10272,8/20/2019,1,NY,PROB,,Y,NAP,BERW,WSA,0.1,0,1.11,0,0,0,2.02,Poor
6/12/2023,2014451,NRS_NE-10262,NRS18_NE_RF001,8/20/2019,1,NE,HAND,,Y,SPL,BERW,WSA,8.37,4.36,1.43,8.04,4,2.86,48.43,Good
6/12/2023,2014452,NRS_NE-10162,NRS18_NE_10033,8/20/2019,1,NE,PROB,,Y,SPL,BERW,WSA,2.33,4.17,0,1.71,0.67,0,14.8,Poor
6/12/2023,2014453,NRS_VA-10122,NRS18_VA_10010,8/20/2019,2,VA,PROB,,Y,CPL,BETB,WSA,7.98,1.01,0,2.91,0.62,4.4,28.2,Poor
6/12/2023,2014454,NRS_NV-10341,NRS18_NV_10010,8/19/2019,2,NV,PROB,,Y,XER,BERW,WSA,0.31,5.02,7.14,2.55,1.18,0,27,Poor
6/12/2023,2014455,NRS_MA-10052,NRS18_MA_10004,8/20/2019,1,MA,PROB,,Y,NAP,BETB,WSA,3.12,10,8.89,1.29,4.76,3.08,51.9,Fair
6/12/2023,2014456,NRS_TX-10283,NRS18_TX_10033,8/20/2019,1,TX,PROB,,Y,CPL,BERW,WSA,7.61,5.21,1.25,4.01,2.5,2.5,38.47,Poor
6/12/2023,2014457,NRS_MT-10393,NRS18_MT_10044,8/20/2019,1,MT,PROB,,Y,NPL,BETB,WSA,10,6.14,2,4.36,10,5.83,63.88,Good
6/12/2023,2014458,NRS_SD-10305,NRS18_SD_10002,8/20/2019,1,SD,PROB,,Y,TPL,BETB,WSA,2.15,4.2,1.25,1.18,2,7.18,29.93,Fair
6/12/2023,2014459,NRS_NH-10129,NRS18_NH_10018,8/20/2019,1,NH,PROB,,Y,NAP,BERW,WSA,5.49,3.08,4.44,7.34,5.24,8.98,57.62,Good
6/12/2023,2014460,NRS_WV-10079,NRS18_WV_10180,8/20/2019,1,WV,PROB,,Y,SAP,BERW,WSA,6.29,8.27,5.56,7.89,7.5,5.41,68.2,Good
6/12/2023,2014461,NRS_DE-10028,NRS18_DE_10021,8/20/2019,1,DE,PROB,,Y,SAP,BERW,WSA,0,3.74,1.11,2,0,1.38,13.72,Poor
6/12/2023,2014462,NRS_SD-10768,NRS18_SD_12194,8/20/2019,1,SD,PROB,,Y,TPL,BETB,WSA,1.67,6.42,5,3.53,2,1.97,34.32,Fair
6/12/2023,2014463,NRS_MT-10382,NRS18_MT_10049,8/20/2019,1,MT,PROB,,Y,WMT,BETB,WSA,2.2,7.23,10,2.85,4.12,0,44,Fair
6/12/2023,2014464,NRS_MT-10386,NRS18_MT_10117,8/20/2019,1,MT,PROB,,Y,WMT,BETB,WSA,1.24,1.39,7.14,0,0,0,16.28,Poor
6/12/2023,2014465,NRS_NE-10263,NRS18_NE_RF002,8/21/2019,1,NE,HAND,,Y,SPL,BERW,WSA,8.21,2.8,4.29,7.59,2,5.71,51,Good
6/12/2023,2014466,NRS_IA-10113,NRS18_IA_10012,8/21/2019,2,IA,PROB,,Y,UMW,BETB,WSA,8.02,2.32,4.29,3.85,1.11,0.34,33.22,Fair
6/12/2023,2014467,NRS_WI-10243,NRS18_WI_10846,8/21/2019,1,WI,PROB,,Y,UMW,BETB,WSA,7.51,6,4.29,7.28,6.67,7.03,64.63,Good
6/12/2023,2014468,NRS_NV-10471,NRS18_NV_10022,8/20/2019,1,NV,PROB,,Y,XER,BERW,WSA,9.39,7.13,8.57,6.28,7.65,6.01,75.05,Good
6/12/2023,2014469,NRS_WI-10265,NRS18_WI_RF003,8/20/2019,1,WI,HAND,,Y,UMW,BETB,WSA,5.06,4.65,1.43,4.29,1.67,1.43,30.88,Fair
6/12/2023,2014470,NRS_VA-10157,NRS18_VA_RF014,8/21/2019,1,VA,HAND,,Y,CPL,BETB,WSA,2.4,10,2.5,0.23,1.88,2.93,33.23,Poor
6/12/2023,2014471,NRS_GA-10131,NRS18_GA_10018,8/21/2019,1,GA,PROB,,Y,SAP,BETB,WSA,4.2,2.16,0,4.57,3,1.34,25.45,Poor
6/12/2023,2014472,NRS_MT-10505,NRS18_MT_10064,8/21/2019,1,MT,PROB,,Y,NPL,BETB,WSA,10,6.45,2,3.57,7.14,4.58,56.23,Fair
6/12/2023,2014473,NRS_KY-10109,NRS18_KY_10031,8/20/2019,1,KY,PROB,,Y,CPL,BETB,WSA,0.59,0,0,0.59,0,0,1.97,Poor
6/12/2023,2014474,NRS_TX-10183,NRS18_TX_10093,8/21/2019,2,TX,PROB,,Y,CPL,BETB,WSA,3.81,5.5,3.75,0.59,1.88,1.87,29,Poor
6/12/2023,2014475,NRS_MA-10049,NRS18_MA_10002,8/21/2019,1,MA,PROB,,Y,NAP,BETB,WSA,0,2.48,6.67,0.41,0,0.57,16.88,Poor
6/12/2023,2014476,NRS_WI-10120,NRS18_WI_10015,8/21/2019,2,WI,PROB,,Y,UMW,BERW,WSA,1.1,0,0,8.64,1.67,6.96,30.62,Fair
6/12/2023,2014477,NRS_SD-10348,NRS18_SD_10001,8/21/2019,1,SD,PROB,,Y,TPL,BERW,WSA,4.23,8.01,2.5,2.94,10,4.03,52.85,Good
6/12/2023,2014478,NRS_ID-10417,NRS18_ID_10110,8/20/2019,1,ID,PROB,,Y,WMT,BERW,WSA,6.68,8.65,8.57,5.83,10,4.48,73.68,Good
6/12/2023,2014479,NRS_OK-10120,NRS18_OK_10028,8/20/2019,2,OK,PROB,,Y,CPL,BETB,WSA,7.52,5.21,5,1.25,3.12,5.44,45.9,Fair
6/12/2023,2014480,NRS_UT-10336,NRS18_UT_10018,8/21/2019,1,UT,PROB,,Y,XER,BETB,WSA,6.53,6.41,2.86,4.17,4.71,6.01,51.15,Fair
6/12/2023,2014481,NRS_ID-10483,NRS18_ID_10547,8/19/2019,1,ID,PROB,,Y,XER,BERW,WSA,7.45,9.7,10,7.05,10,5.25,82.42,Good
6/12/2023,2014482,NRS_MI-10104,NRS18_MI_10014,8/22/2019,2,MI,PROB,,Y,UMW,BETB,WSA,7.15,4,0,6.48,6.11,4.45,46.98,Good
6/12/2023,2014483,NRS_NY-10042,NRS18_NY_10012,8/22/2019,2,NY,PROB,,Y,NAP,BETB,WSA,0,1.47,0,0,0,0,2.45,Poor
6/12/2023,2014484,NRS_KY-10032,NRS18_KY_10009,8/21/2019,1,KY,PROB,,Y,TPL,BETB,WSA,1.88,6.7,0,0.59,3,3.28,25.75,Poor
6/12/2023,2014485,NRS_VA-10145,NRS18_VA_10020,8/22/2019,1,VA,PROB,,Y,SAP,BERW,WSA,1.59,8.99,5.56,1.48,2,0.85,34.12,Fair
6/12/2023,2014486,NRS_WV-10028,NRS18_WV_10001,8/21/2019,2,WV,PROB,,Y,SAP,BERW,WSA,7.25,8.42,8.89,5.59,6.5,4.34,68.32,Good
6/12/2023,2014487,NRS_GA-10182,NRS18_GA_10950,8/22/2019,1,GA,PROB,,Y,CPL,BETB,WSA,4.7,5.38,6.25,3.73,5,5.29,50.58,Fair
6/12/2023,2014488,NRS_MT-10276,NRS18_MT_10002,8/21/2019,1,MT,PROB,,Y,WMT,BETB,WSA,4.5,7.28,10,4.5,5.29,5.36,61.55,Good
6/12/2023,2014489,NRS_IL-10160,NRS18_IL_11715,8/22/2019,1,IL,PROB,,Y,UMW,BETB,WSA,5.4,3.29,2.86,3.23,1.67,2.21,31.1,Fair
6/12/2023,2014490,NRS_ME-10316,NRS18_ME_10020,8/22/2019,1,ME,PROB,,Y,NAP,BERW,WSA,1.49,0,1.11,0.14,0.48,0,5.37,Poor
6/12/2023,2014491,NRS_WI-10261,NRS18_WI_11141,8/22/2019,1,WI,PROB,,Y,UMW,BETB,WSA,6.77,2.13,4.29,6.69,3.33,2.04,42.08,Good
6/12/2023,2014492,NRS_MS-10155,NRS18_MS_10031,8/21/2019,1,MS,PROB,,Y,CPL,BETB,WSA,8.39,0,3.75,0.13,0,2.08,23.92,Poor
6/12/2023,2014493,NRS_MT-10392,NRS18_MT_10043,8/22/2019,1,MT,PROB,,Y,WMT,BETB,WSA,5.79,8.31,8.57,4.58,7.65,5.88,67.97,Good
6/12/2023,2014494,NRS_MT-10563,NRS18_MT_11621,8/22/2019,1,MT,PROB,,Y,WMT,BETB,WSA,4.62,8.04,7.14,2.82,5.88,3.49,53.32,Good
6/12/2023,2014495,NRS_NY-10106,NRS18_NY_10040,8/23/2019,1,NY,PROB,,Y,NAP,BETB,WSA,0.99,0,0,3.44,0,0,7.38,Poor
6/12/2023,2014496,NRS_WI-10069,NRS18_WI_10013,8/22/2019,1,WI,PROB,,Y,UMW,BERW,WSA,0,4.26,0,1.12,0.56,4.95,18.15,Poor
6/12/2023,2014497,NRS_IA-10156,NRS18_IA_10507,8/23/2019,1,IA,PROB,,Y,UMW,BERW,WSA,3.12,6.65,0,4.29,0.56,1.43,26.75,Fair
6/12/2023,2014498,NRS_MT-10286,NRS18_MT_10018,8/22/2019,1,MT,PROB,,Y,NPL,BERW,WSA,10,6.8,0,6.46,10,4.58,63.07,Good
6/12/2023,2014499,NRS_ND-10429,NRS18_ND_10029,8/22/2019,1,ND,PROB,,Y,NPL,BERW,WSA,4.06,5.28,2,4.41,4.29,3.33,38.95,Poor
6/12/2023,2014500,NRS_ME-10290,NRS18_ME_10015,8/23/2019,1,ME,PROB,,Y,NAP,BETB,WSA,1.49,2.71,1.11,0,1.43,0.26,11.67,Poor
6/12/2023,2014501,NRS_MS-10141,NRS18_MS_10015,8/22/2019,1,MS,PROB,,Y,CPL,BETB,WSA,5.71,4.56,2.5,5.29,2.5,4.82,42.3,Fair
6/12/2023,2014502,NRS_NY-10108,NRS18_NY_10042,8/25/2019,1,NY,PROB,,Y,NAP,BETB,WSA,7.21,8.64,1.11,3.77,7.62,4.74,55.15,Good
6/12/2023,2014503,NRS_ME-10328,NRS18_ME_10493,8/25/2019,1,ME,PROB,,Y,NAP,BETB,WSA,0,4.24,2.22,0,0,2.62,15.13,Poor
6/12/2023,2014504,NRS_MN-10061,NRS18_MN_10001,8/25/2019,2,MN,PROB,,Y,TPL,BERW,WSA,3.68,4.2,5,2.94,3,3.94,37.93,Fair
6/12/2023,2014505,NRS_IN-10109,NRS18_IN_10649,8/25/2019,1,IN,PROB,,Y,TPL,BERW,WSA,0.71,2.56,2.5,2.35,2,3.21,22.22,Poor
6/12/2023,2014506,NRS_SD-10596,NRS18_SD_11294,8/25/2019,1,SD,PROB,,Y,NPL,BETB,WSA,10,6.85,4,7.51,10,6.25,74.35,Good
6/12/2023,2014507,NRS_MT-10434,NRS18_MT_10032,8/25/2019,1,MT,PROB,,Y,WMT,BERW,WSA,6.18,5.21,2.86,4.45,6.47,3.86,48.38,Fair
6/12/2023,2014508,NRS_NY-10049,NRS18_NY_10016,8/26/2019,1,NY,PROB,,Y,NAP,BETB,WSA,0.42,0.84,0,0.52,0,0,2.97,Poor
6/12/2023,2014509,NRS_ME-10289,NRS18_ME_10014,8/26/2019,1,ME,PROB,,Y,NAP,BETB,WSA,0,1.02,0,0,0,0,1.7,Poor
6/12/2023,2014510,NRS_KS-10289,NRS18_KS_10141,8/26/2019,1,KS,PROB,,Y,SAP,BERW,WSA,0,0.5,0,0,0,0,0.83,Poor
6/12/2023,2014511,NRS_IN-10072,NRS18_IN_10040,8/26/2019,1,IN,PROB,,Y,TPL,BERW,WSA,2.61,5,0,1.76,0,1.34,17.85,Poor
6/12/2023,2014512,NRS_SD-10374,NRS18_SD_10013,8/26/2019,2,SD,PROB,,Y,NPL,BERW,WSA,3.29,9.39,10,4.81,7.14,8.75,72.3,Good
6/12/2023,2014513,NRS_MT-10398,NRS18_MT_10112,8/26/2019,1,MT,PROB,,Y,NPL,BERW,WSA,10,4.87,8,10,7.14,6.25,77.1,Good
6/12/2023,2014514,NRS_MT-10353,NRS18_MT_10027,8/26/2019,1,MT,PROB,,Y,NPL,BERW,WSA,3.11,7.46,4,8.03,4.29,5.83,54.53,Fair
6/12/2023,2014515,NRS_DE-10092,NRS18_DE_10018,8/26/2019,1,DE,PROB,,Y,SAP,BERW,WSA,1.26,4.53,3.33,6.45,3,3.24,36.35,Fair
6/12/2023,2014516,NRS_NH-10137,NRS18_NH_10035,8/27/2019,1,NH,PROB,,Y,NAP,BERW,WSA,0.03,1.24,0,0,0,1.36,4.38,Poor
6/12/2023,2014517,NRS_VA-10144,NRS18_VA_10019,8/27/2019,1,VA,PROB,,Y,SAP,BETB,WSA,7.62,10,5.56,4.46,6.5,4.09,63.72,Good
6/12/2023,2014518,NRS_OK-10062,NRS18_OK_10013,8/26/2019,1,OK,PROB,,Y,SPL,BETB,WSA,9.08,2.56,0,0.89,1.33,0,23.1,Fair
6/12/2023,2014519,NRS_OK-10172,NRS18_OK_10010,8/27/2019,1,OK,PROB,,Y,TPL,BETB,WSA,5.5,1.53,0,0,0,0,11.72,Poor
6/12/2023,2014520,NRS_PA-10042,NRS18_PA_10046,8/27/2019,2,PA,PROB,,Y,SAP,BERW,WSA,0,4.46,0,1.45,0,0,9.85,Poor
6/12/2023,2014521,NRS_IN-10082,NRS18_IN_10019,8/27/2019,1,IN,PROB,,Y,TPL,BERW,WSA,1.09,0.8,5,1.76,0,1.14,16.32,Poor
6/12/2023,2014522,NRS_MT-10379,NRS18_MT_10028,8/27/2019,2,MT,PROB,,Y,NPL,BERW,WSA,5.98,6.4,6,4.31,10,4.17,61.43,Good
6/12/2023,2014523,NRS_NY-10232,NRS18_NY_10707,8/27/2019,1,NY,PROB,,Y,NAP,BETB,WSA,0.92,7.87,3.33,0,1.43,0,22.58,Poor
6/12/2023,2014524,NRS_SC-10104,NRS18_SC_RF002,8/27/2019,1,SC,HAND,,Y,SAP,BETB,WSA,6.29,1.44,2.22,0,1.5,3.02,24.12,Poor
6/12/2023,2014525,NRS_UT-10331,NRS18_UT_10010,8/27/2019,2,UT,PROB,,Y,XER,BETB,WSA,5.71,6.8,1.43,4.84,7.06,7.28,55.2,Fair
6/12/2023,2014526,NRS_NE-10046,NRS18_NE_10059,8/27/2019,1,NE,PROB,,Y,TPL,BETB,WSA,6.45,5.62,1.25,3.53,6,5.98,48.05,Good
6/12/2023,2014527,NRS_MO-10171,NRS18_MO_RF003,8/27/2019,1,MO,HAND,,Y,SAP,BETB,WSA,6.84,8.49,5.56,5.68,4,0.82,52.32,Good
6/12/2023,2014528,NRS_SD-10599,NRS18_SD_11446,8/27/2019,1,SD,PROB,,Y,SPL,BETB,WSA,5.78,2.75,0,5.93,6,0,34.1,Fair
6/12/2023,2014529,NRS_SD-10595,NRS18_SD_10959,8/26/2019,1,SD,PROB,,Y,SPL,BERW,WSA,8.02,6.68,2.86,5.93,4.67,1.43,49.32,Good
6/12/2023,2014530,NRS_ME-10322,NRS18_ME_10026,8/27/2019,1,ME,PROB,,Y,NAP,BETB,WSA,1.12,6.61,2.22,0,1.9,0.15,20,Poor
6/12/2023,2014531,NRS_SD-10380,NRS18_SD_10020,8/27/2019,1,SD,PROB,,Y,NPL,BERW,WSA,3.63,8.02,2,5.1,5.71,5.42,49.8,Fair
6/12/2023,2014532,NRS_OR-10479,NRS18_OR_10012,8/27/2019,1,OR,PROB,,Y,WMT,BETB,WSA,0.66,8.14,7.14,3.16,1.76,0,34.77,Poor
6/12/2023,2014533,NRS_MO-10173,NRS18_MO_RF005,8/28/2019,1,MO,HAND,,Y,SAP,BETB,WSA,5.33,6.83,3.33,4.38,4,0,39.78,Fair
6/12/2023,2014534,NRS_ND-10263,NRS18_ND_10009,8/27/2019,1,ND,PROB,,Y,NPL,BERW,WSA,3.73,8.48,6,6.76,7.14,4.58,61.15,Good
6/12/2023,2014535,NRS_WI-10236,NRS18_WI_10694,8/28/2019,1,WI,PROB,,Y,TPL,BETB,WSA,0.75,4.83,5,4.12,3,3.13,34.72,Fair
6/12/2023,2014536,NRS_SC-10105,NRS18_SC_RF003,8/28/2019,1,SC,HAND,,Y,SAP,BETB,WSA,8.45,6.76,0,1.45,2.5,0,31.93,Fair
6/12/2023,2014537,NRS_NE-10248,NRS18_NE_11433,8/28/2019,1,NE,PROB,,Y,NPL,BETB,WSA,2.99,4.11,6,6.12,1.43,0,34.42,Poor
6/12/2023,2014538,NRS_VA-10158,NRS18_VA_RF015,8/28/2019,1,VA,HAND,,Y,SAP,BETB,WSA,6.29,8.42,7.78,3.25,5.5,2.23,55.78,Good
6/12/2023,2014539,NRS_MO-10172,NRS18_MO_RF004,8/28/2019,1,MO,HAND,,Y,SAP,BETB,WSA,10,2.52,3.33,8.29,5,5.29,57.38,Good
6/12/2023,2014540,NRS_ND-10443,NRS18_ND_10043,8/27/2019,1,ND,PROB,,Y,NPL,BETB,WSA,4.72,9.44,10,5.13,7.14,6.25,71.13,Good
6/12/2023,2014541,NRS_IN-10056,NRS18_IN_10012,8/28/2019,1,IN,PROB,,Y,TPL,BERW,WSA,2.39,8.35,7.5,5.29,2,4.59,50.2,Good
6/12/2023,2014542,NRS_FL-10211,NRS18_FL_10334,8/28/2019,1,FL,PROB,,Y,CPL,BETB,WSA,8.07,5.68,1.25,4.7,1.88,3.75,42.22,Fair
6/12/2023,2014543,NRS_UT-10241,NRS18_UT_10002,8/28/2019,2,UT,PROB,,Y,XER,BETB,WSA,9.79,5.1,4.29,5.51,8.24,7.03,66.6,Good
6/12/2023,2014544,NRS_NC-10270,NRS18_NC_10155,8/28/2019,1,NC,PROB,,Y,CPL,BERW,WSA,6.22,6.63,2.5,2.64,0,3.22,35.35,Poor
6/12/2023,2014545,NRS_DE-10068,NRS18_DE_10007,8/28/2019,1,DE,PROB,,Y,SAP,BERW,WSA,0,6.33,7.78,2.32,1,0.04,29.12,Poor
6/12/2023,2014546,NRS_MI-10056,NRS18_MI_10011,8/29/2019,1,MI,PROB,,Y,UMW,BETB,WSA,8.02,5.16,4.29,9.6,7.78,5.64,67.48,Good
6/12/2023,2014547,NRS_WI-10074,NRS18_WI_10071,8/29/2019,1,WI,PROB,,Y,TPL,BETB,WSA,0.17,0.85,0,0.59,1,0,4.35,Poor
6/12/2023,2014548,NRS_NE-10118,NRS18_NE_10014,8/29/2019,1,NE,PROB,,Y,TPL,BETB,WSA,7.38,5.62,1.25,4.12,5,6.79,50.27,Good
6/12/2023,2014549,NRS_VA-10150,NRS18_VA_RF003,8/29/2019,1,VA,HAND,,Y,SAP,BETB,WSA,9.99,7.7,5.56,0.55,5,6.24,58.4,Good
6/12/2023,2014550,NRS_IN-10110,NRS18_IN_10650,8/29/2019,1,IN,PROB,,Y,TPL,BERW,WSA,1,8.86,8.75,7.65,5,3.83,58.48,Good
6/12/2023,2014551,NRS_ME-10288,NRS18_ME_10007,8/29/2019,1,ME,PROB,,Y,NAP,BETB,WSA,4.69,4.3,4.44,3.12,6.67,5.92,48.57,Fair
6/12/2023,2014552,NRS_KY-10120,NRS18_KY_10952,8/28/2019,1,KY,PROB,,Y,CPL,BETB,WSA,8.59,0,0,0,0,2.81,19,Poor
6/12/2023,2014553,NRS_FL-10107,NRS18_FL_10021,8/29/2019,2,FL,PROB,,Y,CPL,BERW,WSA,7.52,10,6.25,3.33,6.25,5,63.92,Good
6/12/2023,2014554,NRS_MT-10512,NRS18_MT_10071,8/29/2019,1,MT,PROB,,Y,NPL,BETB,WSA,10,7.06,6,7.76,10,6.67,79.15,Good
6/12/2023,2014555,NRS_KY-10108,NRS18_KY_10030,8/29/2019,1,KY,PROB,,Y,TPL,BETB,WSA,0.54,4.6,1.25,1.18,1,3.37,19.9,Poor
6/12/2023,2014556,NRS_ND-10439,NRS18_ND_10039,8/29/2019,1,ND,PROB,,Y,NPL,BERW,WSA,5.94,5.03,6,5.74,8.57,5.42,61.17,Good
6/12/2023,2014557,NRS_TN-10150,NRS18_TN_10489,8/29/2019,1,TN,PROB,,Y,SAP,BERW,WSA,0.36,7.91,3.33,0,2.5,1.03,25.22,Poor
6/12/2023,2014558,NRS_IN-10039,NRS18_IN_10036,8/30/2019,1,IN,PROB,,Y,UMW,BERW,WSA,6.71,5.23,1.43,6.64,2.78,4.19,44.97,Good
6/12/2023,2014559,NRS_ME-10327,NRS18_ME_10194,8/30/2019,1,ME,PROB,,Y,NAP,BERW,WSA,4.73,6.45,7.78,3.61,8.1,4.99,59.43,Good
6/12/2023,2014560,NRS_ME-10269,NRS18_ME_10003,9/2/2019,1,ME,PROB,,Y,NAP,BETB,WSA,1.39,2.25,3.33,0.93,1.43,0,15.55,Poor
6/12/2023,2014561,NRS_MT-10304,NRS18_MT_10089,9/1/2019,1,MT,PROB,,Y,NPL,BETB,WSA,6.81,6.5,10,10,8.57,7.5,82.3,Good
6/12/2023,2014562,NRS_MT-10319,NRS18_MT_10013,8/30/2019,1,MT,PROB,,Y,NPL,BERW,WSA,8.73,9.09,8,10,8.57,7.5,86.48,Good
6/12/2023,2014563,NRS_MT-10506,NRS18_MT_10065,9/2/2019,1,MT,PROB,,Y,NPL,BETB,WSA,3.68,6.14,0,9.35,1.43,5.83,44.05,Fair
6/12/2023,2014564,NRS_MI-10045,NRS18_MI_10002,9/3/2019,2,MI,PROB,,Y,UMW,BETB,WSA,6.14,4.13,2.86,2.04,0,4.39,32.6,Fair
6/12/2023,2014565,NRS_NH-10138,NRS18_NH_RF001,9/3/2019,1,NH,HAND,,Y,NAP,BERW,WSA,2.27,5.96,1.11,2.97,2.86,5.51,34.47,Poor
6/12/2023,2014566,NRS_MT-10508,NRS18_MT_10067,9/3/2019,1,MT,PROB,,Y,NPL,BERW,WSA,10,6.4,4,10,8.57,7.92,78.15,Good
6/12/2023,2014567,NRS_KS-10210,NRS18_KS_10029,9/3/2019,1,KS,PROB,,Y,TPL,BERW,WSA,1.49,2.84,0,0,0,6.57,18.17,Poor
6/12/2023,2014568,NRS_WI-10235,NRS18_WI_10693,9/3/2019,1,WI,PROB,,Y,TPL,BETB,WSA,0.29,6.42,5,2.35,1,0.36,25.7,Poor
6/12/2023,2014569,NRS_ND-10451,NRS18_ND_10378,9/3/2019,1,ND,PROB,,Y,NPL,BERW,WSA,1.99,4.37,4,7.72,1.43,1.25,34.6,Poor
6/12/2023,2014570,NRS_VA-10141,NRS18_VA_10016,9/3/2019,1,VA,PROB,,Y,SAP,BERW,WSA,5.88,4.46,6.67,3.87,4.5,1.51,44.82,Fair
6/12/2023,2014571,NRS_DE-10028,NRS18_DE_10021,9/3/2019,2,DE,PROB,,Y,SAP,BERW,WSA,0,3.24,0,0.46,0,3.02,11.2,Poor
6/12/2023,2014572,NRS_OK-10174,NRS18_OK_10014,9/3/2019,1,OK,PROB,,Y,SPL,BETB,WSA,0,4.69,1.43,0,0,0,10.2,Poor
6/12/2023,2014573,NRS_MI-10101,NRS18_MI_10075,9/4/2019,1,MI,PROB,,Y,UMW,BERW,WSA,1.69,6.39,0,2.04,2.78,5.48,30.63,Fair
6/12/2023,2014574,NRS_WI-10128,NRS18_WI_10016,9/4/2019,2,WI,PROB,,Y,UMW,BETB,WSA,2.97,2.06,5.71,5.63,2.78,1.89,35.07,Fair
6/12/2023,2014575,NRS_MO-10175,NRS18_MO_RF007,9/4/2019,1,MO,HAND,,Y,SAP,BETB,WSA,2.95,8.56,6.67,5.92,4,0.43,47.55,Good
6/12/2023,2014576,NRS_GA-10159,NRS18_GA_10029,9/4/2019,1,GA,PROB,,Y,SAP,BETB,WSA,0,2.3,0,0,0,0,3.83,Poor
6/12/2023,2014577,NRS_GA-10184,NRS18_GA_RF002,9/4/2019,1,GA,HAND,,Y,SAP,BETB,WSA,0,5.11,8.89,5.8,5.5,3.52,48.03,Good
6/12/2023,2014578,NRS_UT-10364,NRS18_UT_10020,9/4/2019,1,UT,PROB,,Y,WMT,BERW,WSA,4.21,6.38,7.14,2.94,5.88,3.84,50.65,Good
6/12/2023,2014579,NRS_WY-10529,NRS18_WY_10996,9/4/2019,1,WY,PROB,,Y,WMT,BERW,WSA,7.84,5.24,2.86,6.96,5.88,6.6,58.97,Good
6/12/2023,2014580,NRS_MI-10145,NRS18_MI_10046,9/5/2019,1,MI,PROB,,Y,UMW,BETB,WSA,4.41,3.87,5.71,8.42,5,6.18,55.98,Good
6/12/2023,2014581,NRS_MO-10174,NRS18_MO_RF006,9/5/2019,1,MO,HAND,,Y,SAP,BERW,WSA,10,3.24,5.56,10,6.5,6,68.83,Good
6/12/2023,2014582,NRS_NC-10343,NRS18_NC_10555,9/4/2019,1,NC,PROB,,Y,SAP,BERW,WSA,0,6.47,2.22,6.45,0,2.14,28.8,Poor
6/12/2023,2014583,NRS_SD-10600,NRS18_SD_11594,9/4/2019,1,SD,PROB,,Y,TPL,BERW,WSA,3.27,7.67,3.75,5.88,1,2.59,40.27,Fair
6/12/2023,2014584,NRS_AL-10034,NRS18_AL_10006,9/4/2019,1,AL,PROB,,Y,CPL,BERW,WSA,7.65,5.74,0,4.7,3.75,6.88,47.87,Fair
6/12/2023,2014585,NRS_MD-10052,NRS18_MD_10006,9/5/2019,2,MD,PROB,,Y,SAP,BETB,WSA,4.62,4.75,5.56,8.61,4.5,4.56,54.33,Good
6/12/2023,2014586,NRS_UT-10384,NRS18_UT_10396,9/5/2019,1,UT,PROB,,Y,XER,BERW,WSA,10,3.58,5.71,5.12,4.12,7.94,60.78,Good
6/12/2023,2014587,NRS_MT-10560,NRS18_MT_11320,9/5/2019,1,MT,PROB,,Y,XER,BETB,WSA,6.02,8.12,7.14,6.54,6.47,5.55,66.4,Good
6/12/2023,2014588,NRS_OR-10476,NRS18_OR_10010,9/5/2019,1,OR,PROB,,Y,WMT,BETB,WSA,1.8,6.08,2.86,2.64,1.76,1.94,28.47,Poor
6/12/2023,2014589,NRS_KY-10103,NRS18_KY_10025,9/5/2019,1,KY,PROB,,Y,SAP,BETB,WSA,6.47,8.49,8.89,4.02,5,0,54.78,Good
6/12/2023,2014590,NRS_WI-10258,NRS18_WI_10861,9/5/2019,1,WI,PROB,,Y,UMW,BETB,WSA,10,8.06,2.86,5.39,8.33,6.1,67.9,Good
6/12/2023,2014591,NRS_NY-10212,NRS18_NY_10284,9/8/2019,1,NY,PROB,,Y,NAP,BERW,WSA,0,0,0,0,0,0.45,0.75,Poor
6/12/2023,2014592,NRS_MI-10164,NRS18_MI_10236,9/9/2019,1,MI,PROB,,Y,UMW,BERW,WSA,7.22,0,0,7.04,0.56,2.7,29.2,Fair
6/12/2023,2014593,NRS_WI-10259,NRS18_WI_10991,9/9/2019,1,WI,PROB,,Y,TPL,BETB,WSA,1.72,9.2,6.25,3.53,3,3.83,45.88,Good
6/12/2023,2014594,NRS_CO-10510,NRS18_CO_RF018,9/9/2019,1,CO,HAND,,Y,WMT,BERW,WSA,4.28,7.33,8.57,4.23,5.29,3.3,55,Good
6/12/2023,2014595,NRS_KS-10046,NRS18_KS_10049,9/9/2019,1,KS,PROB,,Y,TPL,BETB,WSA,3.9,6.02,0,1.18,6,9.86,44.93,Good
6/12/2023,2014596,NRS_NY-10183,NRS18_NY_10255,9/9/2019,1,NY,PROB,,Y,NAP,BETB,WSA,3.96,5.12,8.89,3.01,6.19,4.98,53.58,Fair
6/12/2023,2014597,NRS_KS-10035,NRS18_KS_10002,9/9/2019,1,KS,PROB,,Y,TPL,BETB,WSA,9.21,3.01,1.25,1.76,5,10,50.38,Good
6/12/2023,2014598,NRS_NJ-10039,NRS18_NJ_10032,9/9/2019,1,NJ,PROB,,Y,NAP,BETB,WSA,2.82,0,5.56,1.45,1.43,1.92,21.97,Poor
6/12/2023,2014599,NRS_NE-10242,NRS18_NE_11149,9/9/2019,1,NE,PROB,,Y,SPL,BETB,WSA,0.51,6.82,5.71,3.57,1.33,0,29.9,Fair
6/12/2023,2014600,NRS_ID-10210,NRS18_ID_10014,8/26/2019,1,ID,PROB,,Y,WMT,BETB,WSA,4.16,5.61,10,2.85,6.47,1.43,50.87,Good
6/12/2023,2014601,NRS_WY-10528,NRS18_WY_10995,9/9/2019,1,WY,PROB,,Y,WMT,BETB,WSA,2.09,1.85,4.29,1.49,0,0,16.2,Poor
6/12/2023,2014602,NRS_MT-10324,NRS18_MT_10079,9/9/2019,1,MT,PROB,,Y,WMT,BETB,WSA,2.87,8.08,4.29,1.73,2.35,0,32.2,Poor
6/12/2023,2014603,NRS_MT-10385,NRS18_MT_10052,9/7/2019,1,MT,PROB,,Y,WMT,BETB,WSA,4.74,5.82,10,5.13,6.47,4.86,61.7,Good
6/12/2023,2014604,NRS_MT-10330,NRS18_MT_10084,9/6/2019,1,MT,PROB,,Y,NPL,BERW,WSA,9.28,10,10,8.38,10,9.58,95.4,Good
6/12/2023,2014605,NRS_ID-10205,NRS18_ID_10013,9/4/2019,1,ID,PROB,,Y,WMT,BETB,WSA,4.07,4.7,10,5.11,5.29,2.42,52.65,Good
6/12/2023,2014606,NRS_IA-10163,NRS18_IA_RF003,9/10/2019,1,IA,HAND,,Y,UMW,BERW,WSA,0.61,1.61,0,6.32,3.33,6.15,30.03,Fair
6/12/2023,2014607,NRS_NE-10172,NRS18_NE_10043,9/10/2019,1,NE,PROB,,Y,SPL,BETB,WSA,8.88,5.83,1.43,5.76,4,0,43.17,Good
6/12/2023,2014608,NRS_WI-10051,NRS18_WI_10002,9/10/2019,1,WI,PROB,,Y,UMW,BETB,WSA,7.78,0,2.86,1.85,0,0,20.82,Poor
6/12/2023,2014609,NRS_NY-10227,NRS18_NY_10702,9/10/2019,1,NY,PROB,,Y,NAP,BERW,WSA,6.82,6.43,6.67,2.85,9.05,4.81,61.05,Good
6/12/2023,2014610,NRS_NJ-10034,NRS18_NJ_10003,9/10/2019,1,NJ,PROB,,Y,CPL,BETB,WSA,0.65,3.31,1.25,0,0,3.07,13.8,Poor
6/12/2023,2014611,NRS_NJ-10057,NRS18_NJ_10006,9/10/2019,1,NJ,PROB,,Y,CPL,BETB,WSA,0.55,2.54,1.25,0,0,2.05,10.65,Poor
6/12/2023,2014612,NRS_CO-10511,NRS18_CO_RF019,9/10/2019,1,CO,HAND,,Y,WMT,BERW,WSA,7.09,6.6,4.29,4.67,5.88,4.13,54.43,Good
6/12/2023,2014613,NRS_AL-10051,NRS18_AL_10031,9/10/2019,1,AL,PROB,,Y,CPL,BERW,WSA,2.9,6.86,3.75,4.87,7.5,6.94,54.7,Fair
6/12/2023,2014614,NRS_MI-10051,NRS18_MI_10004,9/10/2019,1,MI,PROB,,Y,UMW,BETB,WSA,6.03,5.94,0,8.42,3.89,5.23,49.18,Good
6/12/2023,2014615,NRS_NH-10139,NRS18_NH_RF002,9/10/2019,1,NH,HAND,,Y,NAP,BERW,WSA,9.58,0,2.22,8.3,5.71,4.2,50.02,Fair
6/12/2023,2014616,NRS_SD-10348,NRS18_SD_10001,9/10/2019,2,SD,PROB,,Y,TPL,BERW,WSA,7.25,8.41,3.75,2.94,9,6.57,63.2,Good
6/12/2023,2014617,NRS_VA-10148,NRS18_VA_RF001,9/10/2019,1,VA,HAND,,Y,SAP,BETB,WSA,5.51,9.28,7.78,6.54,6.5,0.13,59.57,Good
6/12/2023,2014618,NRS_PA-10124,NRS18_PA_10043,9/10/2019,1,PA,PROB,,Y,SAP,BETB,WSA,5.65,9.06,10,5.59,10,5.08,75.63,Good
6/12/2023,2014619,NRS_MT-10503,NRS18_MT_10062,9/10/2019,1,MT,PROB,,Y,WMT,BERW,WSA,3.34,6.47,5.71,3.62,2.94,0,36.8,Fair
6/12/2023,2014620,NRS_MD-10054,NRS18_MD_10009,9/10/2019,1,MD,PROB,,Y,SAP,BETB,WSA,2.74,5.68,5.56,7.51,4,8.63,56.87,Good
6/12/2023,2014621,NRS_OK-10185,NRS18_OK_10033,9/10/2019,1,OK,PROB,,Y,SAP,BETB,WSA,2.89,7.48,0,0,0.5,1.34,20.35,Poor
6/12/2023,2014622,NRS_CA-10816,NRS18_CA_10004,9/10/2019,1,CA,PROB,,Y,XER,BERW,WSA,4.29,5.56,7.14,5.34,10,6.52,64.75,Good
6/12/2023,2014623,NRS_NY-10093,NRS18_NY_10028,9/11/2019,1,NY,PROB,,Y,NAP,BETB,WSA,4.14,9.74,2.22,1.14,5.71,4.15,45.17,Fair
6/12/2023,2014624,NRS_PA-10125,NRS18_PA_10044,9/11/2019,1,PA,PROB,,Y,NAP,BETB,WSA,6.83,10,10,4.14,10,4.56,75.88,Good
6/12/2023,2014625,NRS_IN-10095,NRS18_IN_10032,9/11/2019,1,IN,PROB,,Y,TPL,BETB,WSA,4.54,4.83,0,0.59,2,6.19,30.25,Fair
6/12/2023,2014626,NRS_IA-10162,NRS18_IA_RF002,9/11/2019,1,IA,HAND,,Y,UMW,BERW,WSA,2.61,6.97,0,7.68,1.67,0.34,32.12,Fair
6/12/2023,2014627,NRS_OR-10627,NRS18_OR_10040,9/11/2019,1,OR,PROB,,Y,WMT,BERW,WSA,6.73,5.87,8.57,7.29,5.29,8.16,69.85,Good
6/12/2023,2014628,NRS_NJ-10078,NRS18_NJ_11233,9/11/2019,1,NJ,PROB,,Y,CPL,BETB,WSA,2.49,0,0,0,0,0,4.15,Poor
6/12/2023,2014629,NRS_MS-10137,NRS18_MS_10010,9/11/2019,2,MS,PROB,,Y,CPL,BETB,WSA,8.74,5.03,2.5,2.64,3.12,5.63,46.1,Fair
6/12/2023,2014630,NRS_VA-10149,NRS18_VA_RF002,9/11/2019,1,VA,HAND,,Y,SAP,BETB,WSA,4.99,10,8.89,5.47,6.5,4.22,66.78,Good
6/12/2023,2014631,NRS_CO-10512,NRS18_CO_RF020,9/11/2019,1,CO,HAND,,Y,WMT,BERW,WSA,8.26,3.34,4.29,4.19,5.88,4.93,51.48,Good
6/12/2023,2014632,NRS_KS-10039,NRS18_KS_10009,9/17/2019,1,KS,PROB,,Y,TPL,BETB,WSA,8.5,5.17,1.25,3.53,6,9.93,57.3,Good
6/12/2023,2014633,NRS_KS-10262,NRS18_KS_10113,9/11/2019,1,KS,PROB,,Y,TPL,BETB,WSA,0.96,0.45,0,0,0,2.87,7.13,Poor
6/12/2023,2014634,NRS_MT-10365,NRS18_MT_10107,9/11/2019,1,MT,PROB,,Y,NPL,BERW,WSA,10,9.14,10,8.11,10,10,95.42,Good
6/12/2023,2014635,NRS_SD-10305,NRS18_SD_10002,9/11/2019,2,SD,PROB,,Y,TPL,BETB,WSA,6.19,1.93,0,1.18,0,10,32.17,Fair
6/12/2023,2014636,NRS_NY-10207,NRS18_NY_10279,9/12/2019,1,NY,PROB,,Y,NAP,BERW,WSA,5.1,6.02,3.33,2.86,6.19,3.88,45.63,Fair
6/12/2023,2014637,NRS_MT-10353,NRS18_MT_10027,9/12/2019,2,MT,PROB,,Y,NPL,BERW,WSA,5.46,5.84,2,5.53,2.86,6.67,47.27,Fair
6/12/2023,2014638,NRS_PA-10095,NRS18_PA_10024,9/12/2019,1,PA,PROB,,Y,NAP,BERW,WSA,10,5.52,7.78,7.05,10,7.36,79.52,Good
6/12/2023,2014639,NRS_MD-10082,NRS18_MD_10018,9/12/2019,1,MD,PROB,,Y,SAP,BETB,WSA,2.57,6.26,10,6.33,6.5,4.65,60.52,Good
6/12/2023,2014640,NRS_ME-10283,NRS18_ME_10006,9/12/2019,2,ME,PROB,,Y,NAP,BERW,WSA,8.82,8.33,7.78,6.1,10,7.7,81.22,Good
6/12/2023,2014641,NRS_NJ-10069,NRS18_NJ_10020,9/12/2019,1,NJ,PROB,,Y,SAP,BETB,WSA,2.29,1.65,8.89,4.97,3,0,34.67,Fair
6/12/2023,2014642,NRS_GA-10125,NRS18_GA_10020,9/12/2019,1,GA,PROB,,Y,SAP,BETB,WSA,5.1,2.95,3.33,3.6,1,0,26.63,Poor
6/12/2023,2014643,NRS_KS-10222,NRS18_KS_10041,9/18/2019,1,KS,PROB,,Y,TPL,BETB,WSA,7.12,4.83,0,2.35,3,5.22,37.53,Fair
6/12/2023,2014644,NRS_KS-10051,NRS18_KS_10051,9/19/2019,1,KS,PROB,,Y,TPL,BETB,WSA,6,5.74,0,2.94,6,10,51.13,Good
6/12/2023,2014645,NRS_NC-10277,NRS18_NC_10346,9/12/2019,1,NC,PROB,,Y,CPL,BERW,WSA,1.57,4.97,3.75,2.02,1.25,4.5,30.1,Poor
6/12/2023,2014646,NRS_NY-10211,NRS18_NY_10283,9/13/2019,1,NY,PROB,,Y,NAP,BERW,WSA,1.87,3.42,0,2.04,0.95,3.27,19.25,Poor
6/12/2023,2014647,NRS_NY-10214,NRS18_NY_10286,9/13/2019,1,NY,PROB,,Y,NAP,BERW,WSA,2.18,5.04,5.56,2.06,1.9,1.31,30.08,Poor
6/12/2023,2014648,NRS_ME-10264,NRS18_ME_10002,9/13/2019,2,ME,PROB,,Y,NAP,BETB,WSA,4.95,0,0,0,0,0,8.25,Poor
6/12/2023,2014649,NRS_NY-10116,NRS18_NY_10091,9/15/2019,1,NY,PROB,,Y,NAP,BETB,WSA,0.25,0,2.22,1.72,0,0,6.98,Poor
6/12/2023,2014650,NRS_MS-10134,NRS18_MS_10013,9/13/2019,1,MS,PROB,,Y,CPL,BERW,WSA,9.54,8.82,1.25,2.35,5,5.89,54.75,Fair
6/12/2023,2014651,NRS_ME-10271,NRS18_ME_10001,9/15/2019,2,ME,PROB,,Y,NAP,BERW,WSA,8.78,3.76,4.44,5.58,5.71,7.43,59.5,Good
6/12/2023,2014652,NRS_MT-10381,NRS18_MT_10048,9/13/2019,1,MT,PROB,,Y,WMT,BETB,WSA,4.41,8.58,10,3.72,5.88,2.62,58.68,Good
6/12/2023,2014653,NRS_MT-10276,NRS18_MT_10002,9/15/2019,2,MT,PROB,,Y,WMT,BETB,WSA,5.36,4.64,8.57,6.3,2.94,0,46.35,Fair
6/12/2023,2014654,NRS_MD-10096,NRS18_MD_10632,9/16/2019,1,MD,PROB,,Y,CPL,BETB,WSA,2.35,4.38,3.75,4.13,3.75,5.82,40.3,Poor
6/12/2023,2014655,NRS_VA-10143,NRS18_VA_10018,9/16/2019,1,VA,PROB,,Y,SAP,BERW,WSA,3.7,6.33,5.56,1.39,4,1.43,37.35,Fair
6/12/2023,2014656,NRS_AL-10106,NRS18_AL_10638,9/15/2019,1,AL,PROB,,Y,CPL,BERW,WSA,9.59,4.5,2.5,7.23,8.12,7.21,65.25,Good
6/12/2023,2014657,NRS_AL-10074,NRS18_AL_10017,9/16/2019,1,AL,PROB,,Y,CPL,BETB,WSA,3.27,3.43,1.25,3.33,1.25,6.25,31.3,Poor
6/12/2023,2014658,NRS_NY-10044,NRS18_NY_10013,9/16/2019,1,NY,PROB,,Y,NAP,BETB,WSA,7.15,8.55,4.44,5.46,7.14,4.31,61.75,Good
6/12/2023,2014659,NRS_KS-10093,NRS18_KS_10012,9/16/2019,2,KS,PROB,,Y,TPL,BERW,WSA,1.84,4.94,2.5,4.12,3,5.33,36.22,Fair
6/12/2023,2014660,NRS_NE-10046,NRS18_NE_10059,9/16/2019,2,NE,PROB,,Y,TPL,BETB,WSA,7.12,9.77,3.75,4.12,8,4.23,61.65,Good
6/12/2023,2014661,NRS_ME-10288,NRS18_ME_10007,9/16/2019,2,ME,PROB,,Y,NAP,BETB,WSA,5.72,7.57,6.67,5.17,8.1,4.2,62.38,Good
6/12/2023,2014662,NRS_UT-10247,NRS18_UT_10007,9/16/2019,1,UT,PROB,,Y,WMT,BERW,WSA,5.22,0,1.43,3.44,0,0,16.82,Poor
6/12/2023,2014663,NRS_NY-10218,NRS18_NY_10290,9/15/2019,1,NY,PROB,,Y,NAP,BERW,WSA,5.82,0,4.44,4.42,4.29,5.65,41.03,Fair
6/12/2023,2014664,NRS_NY-10179,NRS18_NY_10251,9/16/2019,1,NY,PROB,,Y,NAP,BERW,WSA,6.11,4.37,2.22,4.5,5.24,6.52,48.27,Fair
6/12/2023,2014665,NRS_MI-10153,NRS18_MI_10054,9/17/2019,1,MI,PROB,,Y,UMW,BETB,WSA,7,6.32,4.29,6.36,7.22,5.23,60.7,Good
6/12/2023,2014666,NRS_NE-10118,NRS18_NE_10014,9/17/2019,2,NE,PROB,,Y,TPL,BETB,WSA,4.52,3.3,0,0.59,2,8.36,31.28,Fair
6/12/2023,2014667,NRS_UT-10243,NRS18_UT_10006,9/17/2019,1,UT,PROB,,Y,XER,BERW,WSA,0,7.1,5.71,1.41,3.53,0.64,30.65,Poor
6/12/2023,2014668,NRS_OK-10052,NRS18_OK_10012,9/16/2019,1,OK,PROB,,Y,SPL,BETB,WSA,6.85,3.27,0,2.42,1.33,0,23.12,Fair
6/12/2023,2014669,NRS_NY-10233,NRS18_NY_11299,9/17/2019,1,NY,PROB,,Y,NAP,BETB,WSA,3.33,7.65,2.22,0,4.29,0,29.15,Poor
6/12/2023,2014670,NRS_KS-10210,NRS18_KS_10029,9/17/2019,2,KS,PROB,,Y,TPL,BERW,WSA,0.59,5.85,3.75,2.94,3,6.27,37.33,Fair
6/12/2023,2014671,NRS_SD-10334,NRS18_SD_10006,9/17/2019,1,SD,PROB,,Y,NPL,BERW,WSA,3.5,0,0,10,1.43,0,24.88,Poor
6/12/2023,2014672,NRS_MS-10059,NRS18_MS_10008,9/17/2019,1,MS,PROB,,Y,CPL,BETB,WSA,6.75,5.68,2.5,0.7,1.88,6.11,39.37,Poor
6/12/2023,2014673,NRS_DE-10013,NRS18_DE_10004,9/17/2019,1,DE,PROB,,Y,SAP,BETB,WSA,2.64,0,5.56,2.68,2,3.33,27.02,Poor
6/12/2023,2014674,NRS_MT-10518,NRS18_MT_10270,9/17/2019,1,MT,PROB,,Y,WMT,BERW,WSA,9.21,5.27,5.71,5.4,7.65,5.5,64.57,Good
6/12/2023,2014675,NRS_MT-10274,NRS18_MT_10001,9/16/2019,2,MT,PROB,,Y,WMT,BERW,WSA,8.7,4.36,5.71,5.73,8.24,8.49,68.72,Good
6/12/2023,2014676,NRS_CA-10907,NRS18_CA_10027,9/17/2019,1,CA,PROB,,Y,XER,BERW,WSA,10,4.71,10,10,8.82,9.96,89.15,Good
6/12/2023,2014677,NRS_NJ-10075,NRS18_NJ_10633,9/18/2019,1,NJ,PROB,,Y,NAP,BERW,WSA,4.81,7.77,7.78,5.91,6.19,5.3,62.93,Good
6/12/2023,2014678,NRS_WI-10220,NRS18_WI_10248,9/18/2019,1,WI,PROB,,Y,UMW,BERW,WSA,7.97,1.61,0,3.77,0,0.96,23.85,Fair
6/12/2023,2014679,NRS_ME-10285,NRS18_ME_10011,9/17/2019,1,ME,PROB,,Y,NAP,BETB,WSA,6.42,7.55,6.67,4.71,8.57,4.33,63.75,Good
6/12/2023,2014680,NRS_ME-10300,NRS18_ME_10009,9/17/2019,1,ME,PROB,,Y,NAP,BERW,WSA,4.78,7.61,6.67,2.75,4.76,3.46,50.05,Fair
6/12/2023,2014681,NRS_VA-10153,NRS18_VA_RF006,9/17/2019,1,VA,HAND,,Y,CPL,BETB,WSA,7.61,0.65,0,1.1,1.88,3.51,24.58,Poor
6/12/2023,2014682,NRS_MS-10139,NRS18_MS_10017,9/18/2019,1,MS,PROB,,Y,CPL,BETB,WSA,4.44,5.56,2.5,0.88,1.88,4.82,33.47,Poor
6/12/2023,2014683,NRS_ME-10317,NRS18_ME_10021,9/18/2019,1,ME,PROB,,Y,NAP,BETB,WSA,0.91,3.16,0,0,0.95,0.26,8.8,Poor
6/12/2023,2014684,NRS_MT-10447,NRS18_MT_10097,9/18/2019,1,MT,PROB,,Y,WMT,BERW,WSA,9.35,10,5.71,4.62,10,7.09,77.95,Good
6/12/2023,2014685,NRS_UT-10345,NRS18_UT_10039,9/18/2019,1,UT,PROB,,Y,XER,BERW,WSA,9.69,9.38,4.29,6.36,10,7.46,78.63,Good
6/12/2023,2014686,NRS_MD-10094,NRS18_MD_10481,9/19/2019,1,MD,PROB,,Y,SAP,BERW,WSA,4.38,8.92,7.78,5.42,4,5.67,60.28,Good
6/12/2023,2014687,NRS_MI-10171,NRS18_MI_10982,9/19/2019,1,MI,PROB,,Y,UMW,BETB,WSA,3.27,4.39,2.86,1.72,0,0.92,21.93,Poor
6/12/2023,2014688,NRS_MS-10143,NRS18_MS_10016,9/19/2019,1,MS,PROB,,Y,CPL,BERW,WSA,7.28,9.53,3.75,1.1,4.38,4.69,51.22,Fair
6/12/2023,2014689,NRS_NC-10136,NRS18_NC_10035,9/19/2019,1,NC,PROB,,Y,SAP,BERW,WSA,5.75,9.71,5.56,5.8,10,7.66,74.13,Good
6/12/2023,2014690,NRS_SD-10290,NRS18_SD_10009,9/18/2019,1,SD,PROB,,Y,NPL,BERW,WSA,10,7.16,8,10,8.57,5.42,81.92,Good
6/12/2023,2014691,NRS_MA-10049,NRS18_MA_10002,9/20/2019,2,MA,PROB,,Y,NAP,BETB,WSA,0.17,4.63,2.22,0,0,0,11.7,Poor
6/12/2023,2014692,NRS_CT-10097,NRS18_CT_10007,9/22/2019,2,CT,PROB,,Y,NAP,BETB,WSA,0.62,0,0,0,0,0,1.03,Poor
6/12/2023,2014693,NRS_MT-10558,NRS18_MT_10603,9/20/2019,1,MT,PROB,,Y,NPL,BERW,WSA,10,5.43,6,9.08,8.57,7.5,77.63,Good
6/12/2023,2014694,NRS_WI-10238,NRS18_WI_10841,9/23/2019,1,WI,PROB,,Y,UMW,BETB,WSA,6.13,5.74,10,2.48,7.78,3.37,59.17,Good
6/12/2023,2014695,NRS_KS-10255,NRS18_KS_10106,9/23/2019,1,KS,PROB,,Y,SPL,BERW,WSA,8.68,8.67,2.86,1.78,6.67,2.86,52.53,Good
6/12/2023,2014696,NRS_CT-10118,NRS18_CT_10020,9/23/2019,1,CT,PROB,,Y,NAP,BETB,WSA,0,0,1.11,0,0,0,1.85,Poor
6/12/2023,2014697,NRS_NJ-10039,NRS18_NJ_10032,9/23/2019,2,NJ,PROB,,Y,NAP,BETB,WSA,4.09,0,5.56,5.17,1.9,5.13,36.42,Poor
6/12/2023,2014698,NRS_NE-10208,NRS18_NE_10544,9/23/2019,1,NE,PROB,,Y,NPL,BERW,WSA,2.78,6.29,2,9.35,2.86,2.5,42.97,Fair
6/12/2023,2014699,NRS_WI-10157,NRS18_WI_10018,9/23/2019,1,WI,PROB,,Y,UMW,BERW,WSA,3.81,7.48,0,2.89,5,6.52,42.83,Good
6/12/2023,2014700,NRS_MI-10103,NRS18_MI_10077,9/24/2019,1,MI,PROB,,Y,TPL,BERW,WSA,3.27,7.61,3.75,2.35,2,1.04,33.37,Fair
6/12/2023,2014701,NRS_WI-10129,NRS18_WI_10026,9/24/2019,1,WI,PROB,,Y,UMW,BETB,WSA,7.99,6.77,8.57,7.23,7.22,5.41,71.98,Good
6/12/2023,2014702,NRS_PA-10051,NRS18_PA_10013,9/24/2019,1,PA,PROB,,Y,NAP,BERW,WSA,9.58,7.71,6.67,7.58,10,4.02,75.93,Good
6/12/2023,2014703,NRS_NV-10474,NRS18_NV_10025,9/23/2019,1,NV,PROB,,Y,WMT,BERW,WSA,1.03,7.85,2.86,3.89,1.76,3.1,34.15,Poor
6/12/2023,2014704,NRS_NJ-10034,NRS18_NJ_10003,9/24/2019,2,NJ,PROB,,Y,CPL,BETB,WSA,2.79,3.55,1.25,1.61,0,3.75,21.58,Poor
6/12/2023,2014705,NRS_NE-10135,NRS18_NE_10075,9/24/2019,1,NE,PROB,,Y,SPL,BETB,WSA,1.53,5.31,0,3.89,2.67,0,22.33,Fair
6/12/2023,2014706,NRS_MN-10138,NRS18_MN_10035,9/24/2019,1,MN,PROB,,Y,UMW,BETB,WSA,3.53,3.74,0,5.16,1.11,5.08,31.03,Fair
6/12/2023,2014707,NRS_ND-10457,NRS18_ND_10676,9/24/2019,1,ND,PROB,,Y,NPL,BERW,WSA,5.83,2.23,0,4.24,4.29,0,27.65,Poor
6/12/2023,2014708,NRS_PA-10045,NRS18_PA_10009,9/25/2019,1,PA,PROB,,Y,NAP,BERW,WSA,5.71,5.98,0,2.54,6.67,2.59,39.15,Poor
6/12/2023,2014709,NRS_WI-10051,NRS18_WI_10002,9/25/2019,2,WI,PROB,,Y,UMW,BETB,WSA,9.22,0.52,1.43,5.76,1.11,0,30.07,Fair
6/12/2023,2014710,NRS_SD-10608,NRS18_SD_11901,9/25/2019,1,SD,PROB,,Y,NPL,BETB,WSA,7.19,7.82,6,5.82,10,3.75,67.63,Good
6/12/2023,2014711,NRS_ND-10433,NRS18_ND_10033,9/24/2019,1,ND,PROB,,Y,NPL,BETB,WSA,10,3.71,4,7.9,8.57,2.5,61.13,Good
6/12/2023,2014712,NRS_KS-10250,NRS18_KS_10101,9/25/2019,1,KS,PROB,,Y,TPL,BETB,WSA,10,3.58,1.25,4.12,7,10,59.92,Good
6/12/2023,2014713,NRS_NC-10144,NRS18_NC_10016,9/25/2019,1,NC,PROB,,Y,SAP,BETB,WSA,1.07,6.26,1.11,0,0.5,0.51,15.75,Poor
6/12/2023,2014714,NRS_SD-10328,NRS18_SD_10005,9/25/2019,1,SD,PROB,,Y,NPL,BERW,WSA,2.42,6.5,0,3.57,1.43,2.5,27.37,Poor
6/12/2023,2014715,NRS_NC-10457,NRS18_NC_10897,9/24/2019,1,NC,PROB,,Y,SAP,BERW,WSA,2.8,7.27,5.56,0,1.5,0,28.55,Poor
6/12/2023,2014716,NRS_MN-10201,NRS18_MN_10064,9/25/2019,1,MN,PROB,,Y,UMW,BETB,WSA,3.69,5.87,0,8.09,5.56,5.41,47.7,Good
6/12/2023,2014717,NRS_WI-10143,NRS18_WI_10025,9/26/2019,1,WI,PROB,,Y,UMW,BETB,WSA,8.24,8.32,5.71,5.66,8.89,6.21,71.72,Good
6/12/2023,2014718,NRS_NC-10129,NRS18_NC_10038,9/26/2019,1,NC,PROB,,Y,CPL,BETB,WSA,6.96,8.93,1.25,3.45,5.62,5.87,53.47,Fair
6/12/2023,2014719,NRS_SD-10301,NRS18_SD_10065,9/26/2019,1,SD,PROB,,Y,NPL,BETB,WSA,10,1.22,0,4.81,5.71,2.92,41.1,Poor
6/12/2023,2014720,NRS_ND-10267,NRS18_ND_10049,9/27/2019,1,ND,PROB,,Y,NPL,BERW,WSA,2.93,8.27,10,5.45,4.29,7.5,64.07,Good
6/12/2023,2014721,NRS_NC-10126,NRS18_NC_10017,9/27/2019,1,NC,PROB,,Y,SAP,BETB,WSA,2.33,4.46,0,0,1.5,1.3,15.98,Poor
6/12/2023,2014722,NRS_NC-10050,NRS18_NC_10007,9/29/2019,1,NC,PROB,,Y,SAP,BETB,WSA,7.52,3.24,0,3.65,3.5,4.16,36.78,Fair
6/12/2023,2014723,NRS_KS-10208,NRS18_KS_10027,10/7/2019,1,KS,PROB,,Y,SPL,BETB,WSA,10,6.3,0,7.59,5.33,0,48.7,Good
6/12/2023,2014724,NRS_KS-10246,NRS18_KS_10097,10/1/2019,1,KS,PROB,,Y,TPL,BETB,WSA,0.08,4.89,1.25,1.18,0,0,12.33,Poor
6/12/2023,2014734,NRS_MN-10220,NRS18_MN_10261,10/2/2019,1,MN,PROB,,Y,UMW,BERW,WSA,5.67,9.55,7.14,4.14,10,4.14,67.73,Good
6/12/2023,2014736,NRS_KS-10051,NRS18_KS_10051,10/3/2019,2,KS,PROB,,Y,TPL,BETB,WSA,2.61,3.81,0,1.76,2,7.44,29.37,Fair
6/12/2023,2014737,NRS_OK-10090,NRS18_OK_10062,6/20/2018,1,OK,PROB,,Y,SPL,BERW,WSA,1.17,8.72,4.29,0.42,2.67,0,28.78,Fair
