UID,PHYLUM,CLASS,ORDER,FAMILY,GENUS,TARGET_TAXON,TAXA_ID,TOTAL300,IS_DISTINCT300,LAT_DD83,LON_DD83,STRAH_CAT,EPA_REG,SITE_ID,YEAR,DATE_COL,VISIT_NO,SAMPLE_TYPE,MMI_BENT,BENT_MMI_COND,nearest_station_id
2014737,ARTHROPODA,MALACOSTRACA,DECAPODA,CAMBARIDAE,FAXONIUS,FAXONIUS,5131,1,1,35.5453888599591,-99.72270533,SmallStreams,Region_06,NRS18_OK_10062,2018,6/20/2018,1,BERW,28.78,Fair,USC00341743
2012488,ARTHROPODA,INSECTA,DIPTERA,TABANIDAE,,TABANIDAE,4340,1,1,36.9021683891269,-95.16425506,SmallStreams,Region_06,NRS18_OK_10431,2018,6/25/2018,1,BERW,31.3,Fair,USC00344258
2012489,ARTHROPODA,INSECTA,DIPTERA,CHIRONOMIDAE,,CHIRONOMIDAE,3581,2,0,33.9294492359917,-96.0702418,LargeStreams,Region_06,NRS18_OK_10025,2018,7/2/2018,1,BERW,51.6,Fair,USC00340917
2012490,ARTHROPODA,INSECTA,DIPTERA,CHIRONOMIDAE,,CHIRONOMIDAE,3581,,,42.5368677046374,-89.39556013,SmallStreams,Region_05,NRS18_WI_10091,2018,7/2/2018,1,BERW,21.53,Poor,US1ILSP0027
2012491,ARTHROPODA,ARACHNIDA,TROMBIDIFORMES,TORRENTICOLIDAE,TORRENTICOLA,TORRENTICOLA,4371,,,45.4962572181728,-87.98249295,LargeStreams,Region_05,NRS18_WI_10006,2018,7/12/2018,1,BERW,61.55,Good,US1WIMR0003
2012492,ARTHROPODA,INSECTA,DIPTERA,CHIRONOMIDAE,POLYPEDILUM,POLYPEDILUM,4178,7,1,,,,Region_06,NRS18_OK_10001,,7/16/2018,2,BERW,47.75,,ACW00011604
2012493,ARTHROPODA,INSECTA,DIPTERA,CHIRONOMIDAE,,THIENEMANNIMYIA GENUS GR.,4362,2,1,36.7144156634049,-97.79295371,LargeStreams,Region_06,NRS18_OK_11085,2018,7/16/2018,1,BERW,26.73,Fair,US1OKGT0004
2012494,ARTHROPODA,INSECTA,DIPTERA,CHIRONOMIDAE,STICTOCHIRONOMUS,STICTOCHIRONOMUS,4315,4,1,44.558195944284,-90.32250897,LargeStreams,Region_05,NRS18_WI_10053,2018,7/16/2018,1,BERW,15.43,Poor,US1WIWD0021
2012495,ANNELIDA,OLIGOCHAETA,HAPLOTAXIDA,TUBIFICIDAE,,TUBIFICIDAE,4391,2,1,35.8853626051472,-97.61348318,RiversMajor,Region_06,NRS18_OK_10053,2018,7/17/2018,1,BERW,9,Poor,US1OKLG0007
2012496,ARTHROPODA,INSECTA,DIPTERA,CERATOPOGONIDAE,,CERATOPOGONIDAE,3566,1,0,,,,Region_06,NRS18_OK_10050,,7/17/2018,2,BERW,37.9,,ACW00011604
2012497,ARTHROPODA,ARACHNIDA,TROMBIDIFORMES,LEBERTIIDAE,LEBERTIA,LEBERTIA,3892,,,44.6891556898351,-91.36509269,SmallStreams,Region_05,NRS18_WI_10036,2018,7/17/2018,1,BERW,24.45,Fair,US1WIEC0002
2012498,ARTHROPODA,INSECTA,DIPTERA,EMPIDIDAE,HEMERODROMIA,HEMERODROMIA,3799,1,1,44.7900719047724,-92.52999391,LargeStreams,Region_05,NRS18_WI_10038,2018,7/18/2018,1,BERW,40.25,Fair,US1WIPC0007
2012499,ARTHROPODA,INSECTA,DIPTERA,CHIRONOMIDAE,POLYPEDILUM,POLYPEDILUM,4178,9,1,44.818435381892,-91.87926357,SmallStreams,Region_05,NRS18_WI_10019,2018,7/19/2018,1,BERW,18.18,Poor,US1WIDN0017
2012500,ARTHROPODA,INSECTA,EPHEMEROPTERA,HEPTAGENIIDAE,,HEPTAGENIIDAE,3802,5,0,36.2738953556503,-81.87095586,LargeStreams,Region_04,NRS18_NC_10014,2018,7/19/2018,1,BERW,76.68,Good,US1NCAV0002
2012501,ARTHROPODA,INSECTA,TRICHOPTERA,HYDROPTILIDAE,,HYDROPTILIDAE,3847,1,0,35.1481488020214,-94.70189843,RiversOther,Region_06,NRS18_OK_10023,2018,7/23/2018,1,BERW,50.93,Good,US1OKLF0003
2012502,ARTHROPODA,INSECTA,DIPTERA,CHIRONOMIDAE,TANYTARSUS,TANYTARSUS,4348,1,1,33.9122163262306,-95.54936002,RiversMajor,Region_06,NRS18_OK_10029,2018,7/24/2018,1,BETB,31.13,Poor,USC00410367
2012503,ARTHROPODA,INSECTA,TRICHOPTERA,HYDROPTILIDAE,HYDROPTILA,HYDROPTILA,3846,1,1,36.7601225147135,-96.2895561,SmallStreams,Region_06,NRS18_OK_10018,2018,8/28/2018,1,BERW,47.97,Good,US1OKOS0011
2012504,MOLLUSCA,GASTROPODA,BASOMMATOPHORA,ANCYLIDAE,FERRISSIA,FERRISSIA,3735,,,,,,Region_06,NRS18_OK_10022,,9/4/2018,2,BETB,55.75,,ACW00011604
2012506,ARTHROPODA,INSECTA,ODONATA,GOMPHIDAE,PROGOMPHUS,PROGOMPHUS,4194,12,1,35.9654531627316,-96.36807127,LargeStreams,Region_06,NRS18_OK_10003,2018,9/10/2018,1,BERW,45.93,Good,USC00344098
2012507,ARTHROPODA,INSECTA,EPHEMEROPTERA,BAETIDAE,PLAUDITUS,PLAUDITUS,4166,1,1,34.4509602772063,-94.68104222,RiversOther,Region_06,NRS18_OK_10830,2018,9/11/2018,1,BERW,58.13,Good,USC00348285
2012508,ARTHROPODA,INSECTA,TRICHOPTERA,HYDROPSYCHIDAE,CHEUMATOPSYCHE,CHEUMATOPSYCHE,3578,3,1,34.6357308491595,-95.1215903,RiversOther,Region_06,NRS18_OK_10034,2018,9/12/2018,1,BETB,37.95,Fair,USC00349023
2012510,ANNELIDA,OLIGOCHAETA,HAPLOTAXIDA,NAIDIDAE,OPHIDONAIS,OPHIDONAIS,4068,,,35.3731575004358,-98.67906497,SmallStreams,Region_06,NRS18_OK_11422,2019,6/3/2019,1,BERW,18.65,Poor,USC00342039
2012511,ARTHROPODA,INSECTA,EPHEMEROPTERA,BAETIDAE,BAETIS,BAETIS,3501,1,1,36.2702859426244,-95.72555906,RiversOther,Region_06,NRS18_OK_10340,2019,9/17/2019,1,BETB,49.15,Good,US1OKRG0025
2012512,ARTHROPODA,INSECTA,DIPTERA,CHIRONOMIDAE,LIMNOPHYES,LIMNOPHYES,3928,1,1,38.157451391189,-100.1897315,SmallStreams,Region_07,NRS18_KS_10098,2018,5/7/2018,1,BERW,5.95,Poor,US1KSHG0012
2012513,ARTHROPODA,INSECTA,DIPTERA,CHIRONOMIDAE,PARAMETRIOCNEMUS,PARAMETRIOCNEMUS,4112,,,39.8957684469827,-101.7077863,SmallStreams,Region_07,NRS18_KS_10086,2018,5/14/2018,1,BERW,29.57,Fair,US1KSCN0007
2012514,ARTHROPODA,INSECTA,DIPTERA,CHIRONOMIDAE,DICROTENDIPES,DICROTENDIPES,3658,6,1,39.9083852426482,-84.29816434,RiversOther,Region_05,NRS18_OH_10050,2018,5/29/2018,1,BETB,62.45,Good,US1OHMY0034
2012515,ANNELIDA,OLIGOCHAETA,HAPLOTAXIDA,NAIDIDAE,,NAIDIDAE,4003,6,0,38.6576711369321,-97.17331128,SmallStreams,Region_07,NRS18_KS_10103,2018,5/29/2018,1,BERW,14.08,Poor,USC00142478
2012516,ARTHROPODA,MALACOSTRACA,AMPHIPODA,CRANGONYCTIDAE,CRANGONYX,CRANGONYX,3622,,,39.2169141012594,-84.61572904,SmallStreams,Region_05,NRS18_OH_10023,2018,5/30/2018,1,BERW,20.97,Poor,USC00331574
2012517,ARTHROPODA,INSECTA,COLEOPTERA,PSEPHENIDAE,PSEPHENUS,PSEPHENUS,4209,4,1,38.6054480813249,-83.95593345,LargeStreams,Region_04,NRS18_KY_10006,2018,5/31/2018,1,BERW,28.07,Poor,US1KYBC0001
2012518,ANNELIDA,HIRUDINEA,RHYNCHOBDELLIDA,GLOSSIPHONIIDAE,HELOBDELLA,HELOBDELLA,3792,,,29.9104654367424,-95.49178127,SmallStreams,Region_06,NRS18_TX_10016,2018,6/4/2018,1,BERW,16.6,Poor,USC00414327
2012519,MOLLUSCA,BIVALVIA,VENEROIDA,PISIDIIDAE,,PISIDIIDAE,4158,11,0,41.3932650662287,-84.29579378,SmallStreams,Region_05,NRS18_OH_10014,2018,6/4/2018,1,BERW,20.93,Poor,US1OHDF0006
2012520,ARTHROPODA,INSECTA,DIPTERA,CHIRONOMIDAE,CRYPTOCHIRONOMUS,CRYPTOCHIRONOMUS,3625,1,1,37.6463654811375,-98.19185293,SmallStreams,Region_07,NRS18_KS_10100,2018,6/4/2018,1,BERW,31.42,Fair,USC00144313
2012521,ARTHROPODA,INSECTA,COLEOPTERA,GYRINIDAE,GYRINUS,GYRINUS,3774,1,1,42.9441791114345,-83.85332199,SmallStreams,Region_05,NRS18_MI_10033,2018,6/5/2018,1,BERW,4.53,Poor,US1MIGN0028
2012522,ARTHROPODA,INSECTA,EPHEMEROPTERA,BAETIDAE,ACENTRELLA,ACENTRELLA,3407,14,1,41.6076342885273,-77.50377625,SmallStreams,Region_03,NRS18_PA_10004,2018,6/5/2018,1,BERW,77.68,Good,USC00369340
2012523,ARTHROPODA,INSECTA,DIPTERA,CHIRONOMIDAE,PROCLADIUS,PROCLADIUS,4191,,,40.4535208720091,-88.44482322,SmallStreams,Region_05,NRS18_IL_10363,2018,6/5/2018,1,BERW,28.62,Fair,US1ILFD0012
2012524,ARTHROPODA,INSECTA,TRICHOPTERA,HYDROPSYCHIDAE,CHEUMATOPSYCHE,CHEUMATOPSYCHE,3578,8,1,33.926732736376,-85.05046408,SmallStreams,Region_04,NRS18_GA_10003,2018,6/5/2018,1,BERW,15.13,Poor,US1GAPG0008
2012525,NEMERTEA,ENOPLA,HOPLONEMERTEA,TETRASTEMMATIDAE,PROSTOMA,PROSTOMA,4199,,,41.5401303030311,-83.83336808,LargeStreams,Region_05,NRS18_OH_10029,2018,6/5/2018,1,BERW,43.73,Good,USC00335700
2012526,ARTHROPODA,INSECTA,TRICHOPTERA,,,TRICHOPTERA,4382,1,0,37.8560151108596,-97.14034423,SmallStreams,Region_07,NRS18_KS_10043,2018,6/5/2018,1,BERW,10.22,Poor,US1KSBU0030
2012527,ARTHROPODA,INSECTA,DIPTERA,CHIRONOMIDAE,POLYPEDILUM,POLYPEDILUM,4178,42,1,38.2627618885793,-81.22257444,LargeStreams,Region_03,NRS18_WV_10010,2018,6/5/2018,1,BERW,66.87,Good,USC00460661
2012528,MOLLUSCA,BIVALVIA,VENEROIDA,PISIDIIDAE,PISIDIUM,PISIDIUM,4159,8,1,35.7493094024648,-97.13433463,LargeStreams,Region_06,NRS18_OK_10001,2018,6/4/2018,1,BERW,31.27,Fair,US1OKLG0013
2012529,ARTHROPODA,INSECTA,PLECOPTERA,CHLOROPERLIDAE,,CHLOROPERLIDAE,3583,8,1,43.2995996383256,-72.49427176,SmallStreams,Region_01,NRS18_VT_10034,2018,6/4/2018,1,BERW,67.73,Good,USC00435977
2012530,ARTHROPODA,INSECTA,EPHEMEROPTERA,CAENIDAE,CAENIS,CAENIS,3542,24,1,35.7176878728481,-96.37697906,LargeStreams,Region_06,NRS18_OK_10002,2018,6/5/2018,1,BERW,42.55,Good,USC00341144
2012531,ARTHROPODA,INSECTA,DIPTERA,CHIRONOMIDAE,POLYPEDILUM,POLYPEDILUM,4178,15,1,42.876812535132,-72.69005327,SmallStreams,Region_01,NRS18_VT_10011,2018,6/5/2018,1,BERW,77.47,Good,USC00434942
2012532,ARTHROPODA,INSECTA,EPHEMEROPTERA,CAENIDAE,CAENIS,CAENIS,3542,93,1,35.9251264235397,-96.71988346,LargeStreams,Region_06,NRS18_OK_10045,2018,6/5/2018,1,BERW,38.22,Good,US1OKPY0019
2012533,ARTHROPODA,INSECTA,DIPTERA,CHIRONOMIDAE,RHEOCRICOTOPUS,RHEOCRICOTOPUS,4245,,,33.2665971743894,-116.8176623,RiversOther,Region_09,NRS18_CA_10048,2018,6/5/2018,1,BERW,9.75,Poor,USC00043914
2012534,ARTHROPODA,INSECTA,DIPTERA,CHIRONOMIDAE,THIENEMANNIELLA,THIENEMANNIELLA,4361,1,1,42.9232894325836,-89.1037515,SmallStreams,Region_05,NRS18_WI_10030,2018,6/5/2018,1,BERW,17.87,Poor,US1WIDA0017
2012535,ARTHROPODA,INSECTA,DIPTERA,CHIRONOMIDAE,PARACHIRONOMUS,PARACHIRONOMUS,4099,4,1,44.1353623946871,-100.8337449,RiversOther,Region_08,NRS18_SD_10038,2018,6/5/2018,1,BERW,37.85,Poor,USC00398572
2012536,ARTHROPODA,ARACHNIDA,,,,ARACHNIDA,3472,,,29.7336219381804,-96.66281509,RiversMajor,Region_06,NRS18_TX_10055,2018,6/5/2018,1,BETB,33.67,Fair,US1TXCLR013
2012537,ARTHROPODA,INSECTA,DIPTERA,CHIRONOMIDAE,TRIBELOS,TRIBELOS,4379,1,1,42.7412908146471,-84.54961724,RiversOther,Region_05,NRS18_MI_10056,2018,6/6/2018,1,BETB,20.18,Poor,USC00204631
2012538,ARTHROPODA,INSECTA,DIPTERA,CHIRONOMIDAE,PHAENOPSECTRA,PHAENOPSECTRA,4143,9,1,41.6558403138801,-76.78470344,LargeStreams,Region_03,NRS18_PA_10021,2018,6/6/2018,1,BERW,61.88,Good,USC00361212
2012539,ARTHROPODA,INSECTA,EPHEMEROPTERA,BAETIDAE,CALLIBAETIS,CALLIBAETIS,3544,1,1,34.3567132243174,-119.0198808,SmallStreams,Region_09,NRS18_CA_10011,2018,6/6/2018,1,BERW,54.43,Fair,USC00048349
2012540,ARTHROPODA,INSECTA,DIPTERA,CHIRONOMIDAE,PSEUDOCHIRONOMUS,PSEUDOCHIRONOMUS,4212,3,1,34.0695465516065,-84.53634847,LargeStreams,Region_04,NRS18_GA_10001,2018,6/6/2018,1,BERW,16.92,Poor,US1GACE0020
2012541,ARTHROPODA,INSECTA,DIPTERA,CHIRONOMIDAE,,CRICOTOPUS/ORTHOCLADIUS,3623,44,1,38.2759178788401,-80.83754816,SmallStreams,Region_03,NRS18_WV_10031,2018,6/6/2018,1,BERW,17.1,Poor,USC00468608
2012542,ARTHROPODA,INSECTA,DIPTERA,CHIRONOMIDAE,ABLABESMYIA,ABLABESMYIA,3406,1,1,35.1040103129021,-85.36090452,RiversMajor,Region_04,NRS18_TN_10006,2018,6/6/2018,1,BETB,8.07,Poor,USC00408315
2012543,ARTHROPODA,INSECTA,COLEOPTERA,HALIPLIDAE,PELTODYTES,PELTODYTES,4130,2,1,41.1350848025066,-84.43127542,RiversOther,Region_05,NRS18_OH_10033,2018,6/6/2018,1,BETB,11.73,Poor,US1OHPL0004
2012544,ARTHROPODA,INSECTA,EPHEMEROPTERA,HEPTAGENIIDAE,LEUCROCUTA,LEUCROCUTA,3911,,,40.1622966469912,-88.02743645,LargeStreams,Region_05,NRS18_IL_10054,2018,6/6/2018,1,BERW,28.37,Fair,US1ILCP0091
2012545,ARTHROPODA,MALACOSTRACA,AMPHIPODA,HYALELLIDAE,HYALELLA,HYALELLA,3821,2,1,32.9748016720671,-92.07643948,RiversMajor,Region_06,NRS18_LA_10002,2018,6/6/2018,1,BETB,24.77,Poor,USC00033556
2012546,ARTHROPODA,INSECTA,DIPTERA,CHIRONOMIDAE,CRYPTOCHIRONOMUS,CRYPTOCHIRONOMUS,3625,1,1,35.0988842519799,-85.35359135,RiversMajor,Region_04,NRS18_TN_10026,2018,6/6/2018,1,BETB,2.63,Poor,USC00408315
2012547,ARTHROPODA,INSECTA,DIPTERA,CHIRONOMIDAE,PARAMETRIOCNEMUS,PARAMETRIOCNEMUS,4112,41,1,42.2349250262574,-78.77276172,SmallStreams,Region_02,NRS18_NY_10010,2018,6/6/2018,1,BERW,51.43,Fair,USC00304808
2012548,ARTHROPODA,INSECTA,DIPTERA,CHIRONOMIDAE,CHIRONOMUS,CHIRONOMUS,3582,3,1,37.7409697567208,-81.57619751,SmallStreams,Region_03,NRS18_WV_10015,2018,6/7/2018,1,BERW,40.4,Fair,USC00464956
2012549,ARTHROPODA,MALACOSTRACA,AMPHIPODA,GAMMARIDAE,,GAMMARIDAE,3743,24,0,41.2337976087358,-84.5905211,RiversMajor,Region_05,NRS18_OH_10012,2018,6/7/2018,1,BETB,39.97,Fair,US1OHPL0001
2012550,ANNELIDA,OLIGOCHAETA,HAPLOTAXIDA,NAIDIDAE,OPHIDONAIS,OPHIDONAIS,4068,3,1,39.5483253330948,-89.43360244,SmallStreams,Region_05,NRS18_IL_10003,2018,6/7/2018,1,BERW,6.53,Poor,USC00114739
2012551,ARTHROPODA,MALACOSTRACA,AMPHIPODA,GAMMARIDAE,GAMMARUS,GAMMARUS,3744,3,1,32.2700996037104,-90.96073809,RiversMajor,Region_06,NRS18_LA_10010,2018,6/6/2018,1,BETB,23.65,Poor,USW00093999
2012552,ARTHROPODA,INSECTA,COLEOPTERA,ELMIDAE,STENELMIS,STENELMIS,4310,4,1,35.3969639413152,-84.27655927,LargeStreams,Region_04,NRS18_TN_10001,2018,6/7/2018,1,BERW,60.18,Good,USC00408891
2012553,ARTHROPODA,INSECTA,DIPTERA,CHIRONOMIDAE,,CRICOTOPUS/ORTHOCLADIUS,3623,3,1,39.4104590040426,-89.13140441,SmallStreams,Region_05,NRS18_IL_10001,2018,6/8/2018,1,BERW,24.5,Poor,US1ILCN0015
2012554,ARTHROPODA,INSECTA,TRICHOPTERA,LEPTOCERIDAE,NECTOPSYCHE,NECTOPSYCHE,4011,1,1,32.6163205866772,-93.83192406,RiversOther,Region_06,NRS18_LA_10021,2018,6/8/2018,1,BETB,36.7,Poor,US1LACD0026
2012555,ARTHROPODA,INSECTA,DIPTERA,CHIRONOMIDAE,LARSIA,LARSIA,3890,4,1,30.5777531906679,-91.52159023,LargeStreams,Region_06,NRS18_LA_10013,2018,6/10/2018,1,BERW,24.85,Poor,US1LAPC0004
2012556,ARTHROPODA,INSECTA,COLEOPTERA,ELMIDAE,MACRONYCHUS,MACRONYCHUS,3952,1,1,43.2970920061679,-83.854919,LargeStreams,Region_05,NRS18_MI_10381,2018,6/11/2018,1,BERW,14.65,Poor,USC00200781
2012557,ARTHROPODA,INSECTA,TRICHOPTERA,HYDROPTILIDAE,HYDROPTILA,HYDROPTILA,3846,1,1,37.5558766579209,-121.1504748,RiversMajor,Region_09,NRS18_CA_10035,2018,6/11/2018,1,BETB,28.7,Poor,USC00045741
2012558,ARTHROPODA,INSECTA,DIPTERA,CHIRONOMIDAE,CRYPTOCHIRONOMUS,CRYPTOCHIRONOMUS,3625,1,1,36.2653771560753,-82.31630717,LargeStreams,Region_04,NRS18_TN_10009,2018,6/11/2018,1,BERW,30.45,Poor,USC00404659
2012559,ARTHROPODA,MALACOSTRACA,ISOPODA,ASELLIDAE,CAECIDOTEA,CAECIDOTEA,3540,1,1,29.8973346456281,-90.68333669,LargeStreams,Region_06,NRS18_LA_10001,2018,6/10/2018,1,BETB,10.85,Poor,US1LALF0004
2012560,ARTHROPODA,INSECTA,DIPTERA,CHIRONOMIDAE,TANYTARSUS,TANYTARSUS,4348,2,1,37.0872538075318,-99.25331095,SmallStreams,Region_07,NRS18_KS_10126,2018,6/11/2018,1,BERW,35.62,Good,US1KSCM0009
2012561,ARTHROPODA,INSECTA,EPHEMEROPTERA,BAETIDAE,,BAETIDAE,3500,1,0,37.1619101695804,-88.71408115,LargeStreams,Region_05,NRS18_IL_10013,2018,6/11/2018,1,BERW,23.08,Poor,USC00113120
2012562,ARTHROPODA,INSECTA,DIPTERA,CHIRONOMIDAE,KLOOSIA,KLOOSIA,3875,2,1,35.9258186742867,-99.51524603,RiversMajor,Region_06,NRS18_OK_10050,2018,6/11/2018,1,BERW,25.03,Fair,USC00345090
2012563,MOLLUSCA,GASTROPODA,,,,GASTROPODA,3745,38,0,37.069523711458,-89.17324304,LargeStreams,Region_05,NRS18_IL_10030,2018,6/10/2018,1,BETB,25.52,Poor,USC00115880
2012564,ARTHROPODA,MALACOSTRACA,AMPHIPODA,GAMMARIDAE,GAMMARUS,GAMMARUS,3744,1,1,30.794801031892,-91.20538568,SmallStreams,Region_06,NRS18_LA_10012,2018,6/11/2018,1,BERW,34.92,Poor,USC00164573
2012565,MOLLUSCA,GASTROPODA,BASOMMATOPHORA,PLANORBIDAE,GYRAULUS,GYRAULUS,3771,1,1,39.1951946100098,-117.3464915,RiversOther,Region_09,NRS18_NV_10012,2018,6/11/2018,1,BERW,35.07,Poor,USR0000NWAS
2012566,MOLLUSCA,BIVALVIA,VENEROIDA,PISIDIIDAE,PISIDIUM,PISIDIUM,4159,3,1,43.1255579286456,-75.5838354,SmallStreams,Region_02,NRS18_NY_10025,2018,6/12/2018,1,BERW,14.05,Poor,US1NYOD0069
2012567,ARTHROPODA,INSECTA,LEPIDOPTERA,PYRALIDAE,PETROPHILA,PETROPHILA,4142,1,1,29.2389273320159,-98.45168436,RiversOther,Region_06,NRS18_TX_10009,2018,6/12/2018,1,BETB,53.02,Good,USC00417948
2012568,MOLLUSCA,GASTROPODA,BASOMMATOPHORA,PLANORBIDAE,GYRAULUS,GYRAULUS,3771,38,1,46.2485468252275,-101.5314637,LargeStreams,Region_08,NRS18_ND_10015,2018,6/12/2018,1,BERW,27.77,Poor,US1NDGT0009
2012569,ARTHROPODA,INSECTA,DIPTERA,CHIRONOMIDAE,CORYNONEURA,CORYNONEURA,3620,1,1,43.3109667640185,-83.96788191,RiversOther,Region_05,NRS18_MI_10010,2018,6/12/2018,1,BETB,26.73,Fair,US1MISG0010
2012570,ANNELIDA,OLIGOCHAETA,,,,OLIGOCHAETA,4061,115,1,38.1522024682039,-121.2840803,RiversOther,Region_09,NRS18_CA_10032,2018,6/12/2018,1,BETB,15.02,Poor,US1CASJ0020
2012571,ANNELIDA,OLIGOCHAETA,HAPLOTAXIDA,TUBIFICIDAE,SPIROSPERMA,SPIROSPERMA,4302,,,38.6382807745578,-79.19020318,SmallStreams,Region_03,NRS18_WV_10012,2018,6/12/2018,1,BERW,45.52,Good,USC00461091
2012572,ARTHROPODA,INSECTA,DIPTERA,CHIRONOMIDAE,,CRICOTOPUS/ORTHOCLADIUS,3623,,,41.7429186304748,-80.86951805,RiversOther,Region_05,NRS18_OH_10030,2018,6/12/2018,1,BETB,7.17,Poor,USC00333095
2012573,ARTHROPODA,INSECTA,DIPTERA,CHIRONOMIDAE,COELOTANYPUS,COELOTANYPUS,3604,,,29.679748534922,-91.28559159,RiversOther,Region_06,NRS18_LA_10014,2018,6/12/2018,1,BETB,45.92,Fair,US1LAMY0002
2012574,ARTHROPODA,INSECTA,PLECOPTERA,PERLIDAE,ACRONEURIA,ACRONEURIA,3412,6,1,,,,Region_05,NRS18_MN_RF001,,6/12/2018,1,BERW,47.75,,ACW00011604
2012575,ARTHROPODA,INSECTA,DIPTERA,CHIRONOMIDAE,PARATENDIPES,PARATENDIPES,4121,1,1,35.8145455194267,-98.70209368,RiversMajor,Region_06,NRS18_OK_10051,2018,6/12/2018,1,BERW,57.73,Good,USC00348815
2012576,ARTHROPODA,INSECTA,DIPTERA,DOLICHOPODIDAE,,DOLICHOPODIDAE,3671,1,1,37.510173798271,-112.0337049,LargeStreams,Region_08,NRS18_UT_10003,2018,6/12/2018,1,BERW,33.43,Poor,USC00424755
2012577,ARTHROPODA,INSECTA,HEMIPTERA,NEPIDAE,RANATRA,RANATRA,4239,1,1,29.9299768311603,-91.46407665,RiversMajor,Region_06,NRS18_LA_10022,2018,6/12/2018,1,BETB,17.32,Poor,US1LAMY0003
2012578,ARTHROPODA,INSECTA,COLEOPTERA,GYRINIDAE,,GYRINIDAE,3773,1,1,40.373148738011,-81.21326468,SmallStreams,Region_05,NRS18_OH_10005,2018,6/12/2018,1,BERW,25.82,Poor,USC00338240
2012579,ARTHROPODA,INSECTA,EPHEMEROPTERA,BAETIDAE,CENTROPTILUM,CENTROPTILUM,3564,22,1,38.1824514486721,-120.701042,RiversOther,Region_09,NRS18_CA_10031,2018,6/12/2018,1,BERW,52.08,Fair,USC00047702
2012580,MOLLUSCA,BIVALVIA,VENEROIDA,PISIDIIDAE,,PISIDIIDAE,4158,1,1,29.2015432653605,-98.91300267,SmallStreams,Region_06,NRS18_TX_10081,2018,6/13/2018,1,BERW,14.82,Poor,US1TXMDN039
2012581,ARTHROPODA,ARACHNIDA,TROMBIDIFORMES,TORRENTICOLIDAE,TORRENTICOLA,TORRENTICOLA,4371,1,1,43.9146165210406,-72.45774359,SmallStreams,Region_01,NRS18_VT_10006,2018,6/13/2018,1,BERW,57.53,Good,USC00438483
2012582,ARTHROPODA,ARACHNIDA,TROMBIDIFORMES,LEBERTIIDAE,LEBERTIA,LEBERTIA,3892,1,1,37.9097590797239,-121.3253004,RiversMajor,Region_09,NRS18_CA_10033,2018,6/13/2018,1,BETB,14.65,Poor,USC00048554
2012584,ARTHROPODA,INSECTA,DIPTERA,CHIRONOMIDAE,,CHIRONOMIDAE,3581,,,41.000490835181,-96.40578925,LargeStreams,Region_07,NRS18_NE_10035,2018,6/13/2018,1,BERW,38.03,Fair,USC00250375
2012585,ARTHROPODA,INSECTA,DIPTERA,CHIRONOMIDAE,DIPLOCLADIUS,DIPLOCLADIUS,3663,8,1,43.1833560665584,-82.90068569,SmallStreams,Region_05,NRS18_MI_10081,2018,6/13/2018,1,BERW,30.08,Fair,USC00208402
2012586,ARTHROPODA,INSECTA,ODONATA,COENAGRIONIDAE,ARGIA,ARGIA,3476,,,37.0769412359408,-113.5970206,SmallStreams,Region_08,NRS18_UT_10005,2018,6/13/2018,1,BERW,8.53,Poor,US1UTWG0012
2012587,ARTHROPODA,INSECTA,DIPTERA,CHIRONOMIDAE,PAGASTIA,PAGASTIA,4088,1,1,39.2941919584398,-119.9310072,SmallStreams,Region_09,NRS18_NV_10016,2018,6/13/2018,1,BERW,31.97,Poor,USS0019K07S
2012588,ARTHROPODA,MALACOSTRACA,DECAPODA,CAMBARIDAE,,CAMBARIDAE,3548,6,1,35.8290996848797,-83.48464238,SmallStreams,Region_04,NRS18_TN_10004,2018,6/13/2018,1,BERW,21.52,Poor,US1TNSV0005
2012589,ARTHROPODA,ARACHNIDA,TROMBIDIFORMES,LEBERTIIDAE,LEBERTIA,LEBERTIA,3892,1,1,35.9151334434889,-82.99069143,RiversOther,Region_04,NRS18_TN_10024,2018,6/12/2018,1,BETB,16.67,Poor,USC00409847
2012590,ARTHROPODA,INSECTA,TRICHOPTERA,PHILOPOTAMIDAE,CHIMARRA,CHIMARRA,3579,1,1,38.5806748354441,-79.51500414,SmallStreams,Region_03,NRS18_WV_10016,2018,6/13/2018,1,BERW,66.82,Good,USC00468433
2012591,ARTHROPODA,INSECTA,DIPTERA,CHIRONOMIDAE,ABLABESMYIA,ABLABESMYIA,3406,1,1,44.218997611469,-90.21632293,SmallStreams,Region_05,NRS18_WI_10001,2018,6/13/2018,1,BERW,5.88,Poor,USC00475236
2012592,ARTHROPODA,INSECTA,DIPTERA,CHIRONOMIDAE,GLYPTOTENDIPES,GLYPTOTENDIPES,3756,1,1,30.1213229866022,-90.91754477,RiversMajor,Region_06,NRS18_LA_10016,2018,6/13/2018,1,BETB,16.13,Poor,US1LAAS0015
2012593,ARTHROPODA,INSECTA,DIPTERA,TIPULIDAE,DICRANOTA,DICRANOTA,3657,1,1,40.7066287904526,-80.79917275,SmallStreams,Region_05,NRS18_OH_10001,2018,6/13/2018,1,BERW,20.48,Poor,US1OHCB0010
2012594,MOLLUSCA,BIVALVIA,VENEROIDA,CORBICULIDAE,CORBICULA,CORBICULA,3612,5,1,41.6930229742819,-88.45975941,SmallStreams,Region_05,NRS18_IL_10366,2018,6/13/2018,1,BERW,30.87,Fair,US1ILKD0111
2012595,ARTHROPODA,INSECTA,DIPTERA,CHIRONOMIDAE,PHAENOPSECTRA,PHAENOPSECTRA,4143,5,1,43.8207208737139,-72.54251143,RiversOther,Region_01,NRS18_VT_10335,2018,6/12/2018,1,BETB,90.23,Good,USC00430660
2012596,ARTHROPODA,INSECTA,DIPTERA,CHIRONOMIDAE,ZAVRELIMYIA,ZAVRELIMYIA,4433,,,43.0156685661783,-76.85464203,SmallStreams,Region_02,NRS18_NY_10009,2018,6/13/2018,1,BERW,2.4,Poor,USC00301580
2012597,ARTHROPODA,INSECTA,DIPTERA,CHIRONOMIDAE,BOREOCHLUS,BOREOCHLUS,3521,1,1,38.3423583940875,-120.2595173,SmallStreams,Region_09,NRS18_CA_10088,2018,6/13/2018,1,BERW,14.13,Poor,USC00041277
2012598,ARTHROPODA,INSECTA,DIPTERA,CHIRONOMIDAE,CHIRONOMUS,CHIRONOMUS,3582,25,1,40.370644112306,-96.88977412,RiversOther,Region_07,NRS18_NE_10044,2018,6/14/2018,1,BERW,19,Poor,US10gage020
2012599,ARTHROPODA,INSECTA,DIPTERA,CHIRONOMIDAE,CRYPTOTENDIPES,CRYPTOTENDIPES,3628,14,1,46.2786345724905,-100.2428553,LargeStreams,Region_08,NRS18_ND_10010,2018,6/14/2018,1,BERW,54.9,Fair,US1NDEM0006
2012600,ARTHROPODA,ARACHNIDA,TROMBIDIFORMES,PIONIDAE,PIONA,PIONA,4155,3,1,37.95233572,-121.339221,RiversMajor,Region_09,NRS18_CA_10054,2018,6/14/2018,1,BETB,10.6,Poor,USC00048554
2012601,ARTHROPODA,INSECTA,DIPTERA,CHIRONOMIDAE,,CHIRONOMIDAE,3581,2,0,42.6364276619761,-82.58948436,SmallStreams,Region_05,NRS18_MI_10015,2018,6/14/2018,1,BERW,16.6,Poor,USC00200106
2012602,ARTHROPODA,MALACOSTRACA,AMPHIPODA,GAMMARIDAE,GAMMARUS,GAMMARUS,3744,1,1,35.0689537737159,-85.33959599,RiversMajor,Region_04,NRS18_TN_10010,2018,6/14/2018,1,BETB,13.25,Poor,USW00053875
2012603,ARTHROPODA,INSECTA,ODONATA,GOMPHIDAE,,GOMPHIDAE,3759,10,1,38.8039369853409,-80.89188502,SmallStreams,Region_03,NRS18_WV_10003,2018,6/14/2018,1,BERW,39.52,Fair,USC00467743
2012604,ARTHROPODA,MALACOSTRACA,AMPHIPODA,CRANGONYCTIDAE,,CRANGONYCTIDAE,4616,1,0,39.0821588207562,-119.7573087,LargeStreams,Region_09,NRS18_NV_10002,2018,6/14/2018,1,BERW,47.83,Fair,US1NVDG0006
2012605,ARTHROPODA,INSECTA,DIPTERA,CHIRONOMIDAE,BRUNDINIELLA,BRUNDINIELLA,3536,,,37.4304179006247,-112.3516252,SmallStreams,Region_08,NRS18_UT_10012,2018,6/14/2018,1,BERW,19.82,Poor,USC00420086
2012606,ANNELIDA,OLIGOCHAETA,HAPLOTAXIDA,NAIDIDAE,DERO,DERO,3646,1,1,43.9282731504937,-89.90294537,LargeStreams,Region_05,NRS18_WI_10020,2018,6/14/2018,1,BERW,24.38,Fair,USC00472973
2012607,ARTHROPODA,INSECTA,DIPTERA,TIPULIDAE,ERIOPTERA,ERIOPTERA,3715,2,1,39.3300238547967,-82.26816993,LargeStreams,Region_05,NRS18_OH_10011,2018,6/11/2018,1,BERW,23.9,Poor,US1OHAT0007
2012608,ANNELIDA,OLIGOCHAETA,HAPLOTAXIDA,TUBIFICIDAE,RHYACODRILUS,RHYACODRILUS,4252,1,1,41.7962135789557,-80.9177645,SmallStreams,Region_05,NRS18_OH_10006,2018,6/14/2018,1,BERW,6.85,Poor,USC00333095
2012609,ARTHROPODA,INSECTA,EPHEMEROPTERA,HEPTAGENIIDAE,MACCAFFERTIUM,MACCAFFERTIUM,3948,14,1,41.8336988335023,-79.17311249,RiversMajor,Region_03,NRS18_PA_10028,2018,6/14/2018,1,BETB,67,Good,USC00369298
2012610,ARTHROPODA,INSECTA,DIPTERA,CERATOPOGONIDAE,,CERATOPOGONINAE,3567,1,1,30.3939768483243,-93.6423649,LargeStreams,Region_06,NRS18_LA_10020,2018,6/14/2018,1,BERW,4.95,Poor,USC00168750
2012611,ARTHROPODA,ARACHNIDA,,,,ARACHNIDA,3472,,,30.6203080332172,-89.85630536,SmallStreams,Region_06,NRS18_LA_10018,2018,6/14/2018,1,BERW,17.28,Poor,USC00167162
2012612,ARTHROPODA,INSECTA,DIPTERA,CHIRONOMIDAE,PARACHIRONOMUS,PARACHIRONOMUS,4099,2,1,30.6008304865749,-91.87677286,RiversOther,Region_06,NRS18_LA_10005,2018,6/17/2018,1,BETB,28.68,Poor,USC00166117
2012613,ARTHROPODA,MALACOSTRACA,DECAPODA,PALAEMONIDAE,PALAEMON,PALAEMON,5126,9,1,29.7636146012318,-91.44423666,RiversOther,Region_06,NRS18_LA_10015,2018,6/17/2018,1,BETB,40.28,Poor,USC00163313
2012624,ARTHROPODA,INSECTA,DIPTERA,CHIRONOMIDAE,RHEOTANYTARSUS,RHEOTANYTARSUS,4247,3,1,41.1477995224287,-88.8611122,RiversOther,Region_05,NRS18_IL_10041,2018,6/27/2018,1,BETB,61,Good,US1ILLS0045
2012625,ARTHROPODA,INSECTA,DIPTERA,CHIRONOMIDAE,DICROTENDIPES,DICROTENDIPES,3658,7,1,29.9042714337773,-92.11600351,RiversOther,Region_06,NRS18_LA_10003,2018,6/18/2018,1,BETB,6.33,Poor,US1LAVM0008
2012626,ANNELIDA,OLIGOCHAETA,HAPLOTAXIDA,TUBIFICIDAE,QUISTADRILUS,QUISTADRILUS,4235,23,1,43.0019509881864,-88.15254292,LargeStreams,Region_05,NRS18_WI_10039,2018,6/18/2018,1,BERW,15.62,Poor,US1WIWK0047
2012627,ARTHROPODA,MALACOSTRACA,DECAPODA,,,DECAPODA,3642,1,1,38.435007,-121.5249089,RiversMajor,Region_09,NRS18_CA_10036,2018,6/18/2018,1,BETB,7.88,Poor,USC00041784
2012628,ARTHROPODA,ARACHNIDA,TROMBIDIFORMES,SPERCHONIDAE,SPERCHON,SPERCHON,4296,1,1,36.7399087186253,-114.2059875,RiversMajor,Region_09,NRS18_NV_10008,2018,6/19/2018,1,BERW,27.9,Poor,USC00261324
2012631,ARTHROPODA,INSECTA,DIPTERA,CHIRONOMIDAE,RHEOTANYTARSUS,RHEOTANYTARSUS,4247,1,1,46.799314807785,-121.0911192,LargeStreams,Region_10,NRS18_WA_10043,2018,6/18/2018,1,BERW,75.07,Good,USC00451928
2012633,ARTHROPODA,INSECTA,EPHEMEROPTERA,BAETIDAE,,BAETIDAE,3500,1,0,35.5300004976254,-99.13021371,RiversMajor,Region_06,NRS18_OK_10056,2018,6/18/2018,1,BERW,39.6,Good,USC00341909
2012634,ARTHROPODA,INSECTA,DIPTERA,CHIRONOMIDAE,STICTOCHIRONOMUS,STICTOCHIRONOMUS,4315,1,1,,,,Region_07,NRS18_KS_RF001,,6/19/2018,1,BERW,63.2,,ACW00011604
2012635,ARTHROPODA,ARACHNIDA,TROMBIDIFORMES,LIMNESIIDAE,LIMNESIA,LIMNESIA,3920,3,1,38.2035883202042,-121.4779461,RiversOther,Region_09,NRS18_CA_10052,2018,6/19/2018,1,BETB,18.1,Poor,USC00049428
2012636,ARTHROPODA,INSECTA,EPHEMEROPTERA,EPHEMERIDAE,PENTAGENIA,PENTAGENIA,4133,1,1,31.4917797791757,-91.51728864,RiversMajor,Region_06,NRS18_LA_10481,2018,6/18/2018,1,BETB,11.7,Poor,USC00169355
2012637,ARTHROPODA,INSECTA,DIPTERA,DOLICHOPODIDAE,,DOLICHOPODIDAE,3671,1,1,35.005534759001,-99.86688863,LargeStreams,Region_06,NRS18_OK_11082,2018,6/18/2018,1,BERW,1.48,Poor,USC00349213
2012638,ARTHROPODA,INSECTA,DIPTERA,CHIRONOMIDAE,POTTHASTIA,POTTHASTIA,4187,4,1,47.0280903468924,-120.6529174,SmallStreams,Region_10,NRS18_WA_10211,2018,6/17/2018,1,BERW,30.22,Poor,USC00452507
2012639,ARTHROPODA,INSECTA,DIPTERA,CHIRONOMIDAE,,CHIRONOMIDAE,3581,26,0,39.5986288465637,-120.9971606,SmallStreams,Region_09,NRS18_CA_10009,2018,6/18/2018,1,BERW,64.58,Good,USC00044773
2012640,ARTHROPODA,INSECTA,COLEOPTERA,HALIPLIDAE,PELTODYTES,PELTODYTES,4130,,,38.2434528184374,-97.43661106,SmallStreams,Region_07,NRS18_KS_10123,2018,6/18/2018,1,BERW,23.45,Fair,USC00143134
2012641,MOLLUSCA,GASTROPODA,,,,GASTROPODA,3745,22,0,31.5511894370879,-91.80544935,RiversMajor,Region_06,NRS18_LA_10007,2018,6/19/2018,1,BETB,24.02,Poor,US1LACT0003
2012642,ARTHROPODA,INSECTA,DIPTERA,CHIRONOMIDAE,TANYTARSUS,TANYTARSUS,4348,3,1,45.508216032926,-120.3600376,RiversMajor,Region_10,NRS18_OR_10042,2018,6/19/2018,1,BETB,58.27,Good,USC00355545
2012643,MOLLUSCA,GASTROPODA,BASOMMATOPHORA,PLANORBIDAE,GYRAULUS,GYRAULUS,3771,5,1,39.788304053574,-111.1081376,LargeStreams,Region_08,NRS18_UT_10004,2018,6/18/2018,1,BERW,5.93,Poor,USC00427724
2012645,ARTHROPODA,INSECTA,DIPTERA,TIPULIDAE,ERIOPTERA,ERIOPTERA,3715,1,1,32.4033691009179,-84.84835929,LargeStreams,Region_04,NRS18_GA_10011,2018,6/19/2018,1,BERW,84.03,Good,USW00003874
2012646,ARTHROPODA,INSECTA,DIPTERA,CHIRONOMIDAE,POLYPEDILUM,POLYPEDILUM,4178,5,1,35.142581357281,-99.26381597,RiversOther,Region_06,NRS18_OK_10058,2018,6/19/2018,1,BERW,14.4,Poor,USC00347140
2012647,ARTHROPODA,INSECTA,DIPTERA,CHIRONOMIDAE,PROCLADIUS,PROCLADIUS,4191,3,1,38.6201426404561,-85.41853707,SmallStreams,Region_04,NRS18_KY_10001,2018,6/19/2018,1,BERW,16.05,Poor,US1KYTB0001
2012648,ARTHROPODA,INSECTA,DIPTERA,CHIRONOMIDAE,POLYPEDILUM,POLYPEDILUM,4178,2,1,42.2538625432931,-83.11887269,RiversOther,Region_05,NRS18_MI_10682,2018,6/19/2018,1,BETB,14.4,Poor,CA1ON000102
2012649,ARTHROPODA,INSECTA,DIPTERA,CERATOPOGONIDAE,,CERATOPOGONIDAE,3566,1,0,35.5431044014659,-99.02002774,RiversOther,Region_06,NRS18_OK_11329,2018,6/19/2018,1,BERW,21.05,Poor,USC00341909
2012650,ARTHROPODA,INSECTA,DIPTERA,CHIRONOMIDAE,CRYPTOCHIRONOMUS,CRYPTOCHIRONOMUS,3625,5,1,45.5968789199507,-103.9274727,RiversOther,Region_08,NRS18_SD_10039,2018,6/19/2018,1,BERW,79.25,Good,US1SDHR0017
2012651,MOLLUSCA,BIVALVIA,VENEROIDA,PISIDIIDAE,,PISIDIIDAE,4158,3,0,39.2076440124452,-75.74852691,LargeStreams,Region_03,NRS18_DE_10003,2018,6/19/2018,1,BERW,42.28,Fair,US1MDQA0014
2012652,ARTHROPODA,INSECTA,ODONATA,COENAGRIONIDAE,,COENAGRIONIDAE,3606,,,46.3105729010619,-120.3531807,RiversOther,Region_10,NRS18_WA_10021,2018,6/19/2018,1,BERW,54.22,Fair,USC00458530
2012653,ARTHROPODA,INSECTA,DIPTERA,CHIRONOMIDAE,EUKIEFFERIELLA,EUKIEFFERIELLA,3722,1,1,40.8751201003736,-74.59050843,SmallStreams,Region_02,NRS18_NJ_10183,2018,6/20/2018,1,BERW,36.95,Poor,US1NJMS0023
2012654,ARTHROPODA,INSECTA,DIPTERA,CHIRONOMIDAE,PSECTROTANYPUS,PSECTROTANYPUS,4207,,,43.0297094390319,-83.67384574,LargeStreams,Region_05,NRS18_MI_10048,2018,6/20/2018,1,BERW,0,Poor,US1MIGN0010
2012655,ARTHROPODA,INSECTA,DIPTERA,CHIRONOMIDAE,,CHIRONOMIDAE,3581,2,0,39.6610647469724,-120.8893134,SmallStreams,Region_09,NRS18_CA_10066,2018,6/19/2018,1,BERW,62.92,Good,USR0000CSDD
2012656,ARTHROPODA,INSECTA,EPHEMEROPTERA,CAENIDAE,CAENIS,CAENIS,3542,3,1,42.7933709275493,-72.52476969,RiversMajor,Region_01,NRS18_VT_10002,2018,6/19/2018,1,BETB,20.13,Poor,USC00438600
2012657,ANNELIDA,OLIGOCHAETA,ENCHYTRAEIDA,ENCHYTRAEIDAE,,ENCHYTRAEIDAE,3697,1,1,38.2634029189565,-121.647551,SmallStreams,Region_09,NRS18_CA_10322,2018,6/20/2018,1,BETB,13.62,Poor,USC00049428
2012658,ARTHROPODA,INSECTA,EPHEMEROPTERA,HEPTAGENIIDAE,,HEPTAGENIIDAE,3802,1,0,39.7857317314248,-110.1786367,LargeStreams,Region_08,NRS18_UT_10009,2018,6/20/2018,1,BERW,25.85,Poor,USC00426340
2012659,ANNELIDA,OLIGOCHAETA,HAPLOTAXIDA,TUBIFICIDAE,LIMNODRILUS,LIMNODRILUS,3925,24,1,37.9814999909152,-86.03398954,RiversMajor,Region_04,NRS18_KY_10008,2018,6/20/2018,1,BETB,2.65,Poor,USC00122725
2012660,ARTHROPODA,INSECTA,DIPTERA,CHIRONOMIDAE,CHIRONOMUS,CHIRONOMUS,3582,1,1,34.7096873545058,-82.46105293,RiversOther,Region_04,NRS18_SC_10011,2018,6/20/2018,1,BETB,8.27,Poor,US1SCGV0175
2012661,ARTHROPODA,INSECTA,DIPTERA,CHIRONOMIDAE,PARACLADOPELMA,PARACLADOPELMA,4101,1,1,34.9666354609102,-82.10084104,LargeStreams,Region_04,NRS18_SC_10007,2018,6/19/2018,1,BERW,6.38,Poor,US1SCSP0114
2012662,ARTHROPODA,INSECTA,DIPTERA,CHIRONOMIDAE,,CRICOTOPUS/ORTHOCLADIUS,3623,1,1,48.858650435211,-119.4147726,RiversOther,Region_10,NRS18_WA_10811,2018,6/20/2018,1,BETB,18.97,Poor,USC00456187
2012663,ARTHROPODA,INSECTA,DIPTERA,SIMULIIDAE,,SIMULIIDAE,4280,1,0,46.1317145441723,-121.5872985,LargeStreams,Region_10,NRS18_WA_10001,2018,6/20/2018,1,BERW,44.18,Fair,USS0021C13S
2012664,ARTHROPODA,INSECTA,EPHEMEROPTERA,HEPTAGENIIDAE,RHITHROGENA,RHITHROGENA,4249,1,1,43.1735047071992,-72.60710706,LargeStreams,Region_01,NRS18_VT_10016,2018,6/20/2018,1,BERW,73.65,Good,USC00433400
2012665,ARTHROPODA,ARACHNIDA,TROMBIDIFORMES,EYLAIDAE,EYLAIS,EYLAIS,3728,,,45.8782331545998,-102.6351794,RiversOther,Region_08,NRS18_SD_10037,2018,6/20/2018,1,BERW,32.65,Poor,US1SDPK0016
2012666,ARTHROPODA,INSECTA,EPHEMEROPTERA,SIPHLONURIDAE,,SIPHLONURIDAE,4282,1,1,42.9526863176754,-71.94205599,RiversOther,Region_01,NRS18_NH_10010,2018,6/20/2018,1,BETB,21.62,Poor,USC00273825
2012668,ARTHROPODA,MALACOSTRACA,AMPHIPODA,HYALELLIDAE,HYALELLA,HYALELLA,3821,4,1,,,,Region_07,NRS18_MO_RF001,,6/21/2018,1,BERW,27.78,,ACW00011604
2012669,ARTHROPODA,INSECTA,DIPTERA,TIPULIDAE,,TIPULIDAE,4369,1,1,35.9821003638512,-78.80607938,SmallStreams,Region_04,NRS18_NC_10020,2018,6/20/2018,1,BERW,7.05,Poor,US1NCDH0049
2012672,ARTHROPODA,INSECTA,EPHEMEROPTERA,LEPTOHYPHIDAE,TRICORYTHODES,TRICORYTHODES,4384,77,1,40.0592370243389,-101.7529555,SmallStreams,Region_07,NRS18_NE_10015,2018,6/21/2018,1,BERW,48.48,Good,US10dund010
2012673,ARTHROPODA,INSECTA,TRICHOPTERA,GLOSSOSOMATIDAE,PROTOPTILA,PROTOPTILA,4203,1,1,44.7394397289101,-120.3282472,RiversMajor,Region_10,NRS18_OR_10026,2018,6/20/2018,1,BETB,46.5,Fair,USC00351164
2012674,ARTHROPODA,INSECTA,LEPIDOPTERA,,,LEPIDOPTERA,3894,,,46.2638569638174,-99.89577992,RiversOther,Region_08,NRS18_ND_10030,2018,6/21/2018,1,BERW,36.22,Poor,US1NDEM0006
2012675,PLATYHELMINTHES,TURBELLARIA,,,,TURBELLARIA,4393,1,1,38.1211269083491,-121.5295529,RiversOther,Region_09,NRS18_CA_10029,2018,6/21/2018,1,BETB,12.73,Poor,USC00045296
2012676,MOLLUSCA,BIVALVIA,VENEROIDA,PISIDIIDAE,PISIDIUM,PISIDIUM,4159,,,47.18230382,-120.9080718,RiversMajor,Region_10,NRS18_WA_10014,2018,6/17/2018,1,BETB,64.82,Good,USC00451504
2012677,ARTHROPODA,INSECTA,EPHEMEROPTERA,EPHEMERELLIDAE,,EPHEMERELLIDAE,3706,1,0,48.9560815722461,-119.6933175,RiversOther,Region_10,NRS18_WA_10002,2018,6/21/2018,1,BETB,56.03,Fair,USC00455853
2012678,ARTHROPODA,INSECTA,DIPTERA,CHIRONOMIDAE,,CRICOTOPUS/ORTHOCLADIUS,3623,3,1,34.9301935499315,-80.86839803,RiversMajor,Region_04,NRS18_SC_10008,2018,6/21/2018,1,BETB,38.08,Fair,US1SCLN0010
2012679,ARTHROPODA,INSECTA,DIPTERA,TIPULIDAE,ANTOCHA,ANTOCHA,3465,2,1,46.8552035248706,-122.1764777,LargeStreams,Region_10,NRS18_WA_10013,2018,6/21/2018,1,BERW,73.37,Good,US1WAPR0103
2012680,ARTHROPODA,INSECTA,COLEOPTERA,HALIPLIDAE,HALIPLUS,HALIPLUS,3780,,,30.0508823000765,-92.43202412,LargeStreams,Region_06,NRS18_LA_10181,2018,6/19/2018,1,BETB,14.42,Poor,USC00163930
2012681,MOLLUSCA,BIVALVIA,VENEROIDA,PISIDIIDAE,PISIDIUM,PISIDIUM,4159,9,1,31.7798816147809,-93.58421432,SmallStreams,Region_06,NRS18_LA_10011,2018,6/21/2018,1,BERW,18.4,Poor,USC00162023
2012682,ARTHROPODA,INSECTA,DIPTERA,CHIRONOMIDAE,,THIENEMANNIMYIA GENUS GR.,4362,,,46.2711699934221,-119.5704723,RiversMajor,Region_10,NRS18_WA_10012,2018,6/18/2018,1,BETB,46.57,Fair,US1WABT0017
2012683,MOLLUSCA,GASTROPODA,,,,GASTROPODA,3745,40,0,31.562121275485,-93.50122363,SmallStreams,Region_06,NRS18_LA_10019,2018,6/22/2018,1,BERW,21.18,Poor,USC00165890
2012684,MOLLUSCA,BIVALVIA,VENEROIDA,PISIDIIDAE,PISIDIUM,PISIDIUM,4159,1,1,33.3328535511433,-85.21892406,LargeStreams,Region_04,NRS18_GA_10024,2018,6/20/2018,1,BERW,63.92,Good,USC00093567
2012685,ARTHROPODA,INSECTA,TRICHOPTERA,RHYACOPHILIDAE,RHYACOPHILA,RHYACOPHILA,4253,,,39.2142885702581,-114.5413427,LargeStreams,Region_09,NRS18_NV_10003,2018,6/21/2018,1,BERW,43.08,Fair,USS0014K08S
2012686,ARTHROPODA,INSECTA,DIPTERA,SIMULIIDAE,SIMULIUM,SIMULIUM,4281,1,1,48.5159856382254,-121.9798106,RiversOther,Region_10,NRS18_WA_10022,2018,6/22/2018,1,BETB,19.37,Poor,US1WASG0061
2012687,ANNELIDA,OLIGOCHAETA,HAPLOTAXIDA,NAIDIDAE,,NAIDIDAE,4003,6,1,35.9724076861698,-100.8243877,RiversMajor,Region_06,NRS18_TX_10012,2018,6/21/2018,1,BERW,13.47,Poor,USC00416952
2012688,ARTHROPODA,INSECTA,DIPTERA,CHIRONOMIDAE,POLYPEDILUM,POLYPEDILUM,4178,78,1,35.3909062468559,-101.8317588,SmallStreams,Region_06,NRS18_TX_10029,2018,6/19/2018,1,BERW,10.63,Poor,US1TXPT0018
2012689,MOLLUSCA,GASTROPODA,BASOMMATOPHORA,ANCYLIDAE,FERRISSIA,FERRISSIA,3735,1,1,35.2740490372657,-100.7661708,SmallStreams,Region_06,NRS18_TX_10030,2018,6/20/2018,1,BERW,38.25,Good,USC00415770
2012690,ARTHROPODA,ARACHNIDA,TROMBIDIFORMES,UNIONICOLIDAE,NEUMANIA,NEUMANIA,4038,2,1,31.3639856036338,-93.19880574,SmallStreams,Region_06,NRS18_LA_10004,2018,6/21/2018,1,BERW,11.07,Poor,USW00003949
2012691,ANNELIDA,OLIGOCHAETA,HAPLOTAXIDA,NAIDIDAE,PRISTINA,PRISTINA,4188,3,1,31.6265010107382,-92.90920881,RiversMajor,Region_06,NRS18_LA_10006,2018,6/20/2018,1,BETB,29.75,Poor,USC00166324
2012692,ANNELIDA,OLIGOCHAETA,ENCHYTRAEIDA,ENCHYTRAEIDAE,,ENCHYTRAEIDAE,3697,2,1,41.588683597452,-73.35208798,SmallStreams,Region_01,NRS18_CT_10031,2018,6/18/2018,1,BERW,49.25,Fair,USC00068859
2012693,ARTHROPODA,INSECTA,ODONATA,COENAGRIONIDAE,,COENAGRIONIDAE,3606,,,,,,Region_06,NRS18_LA_10001,,6/24/2018,2,BETB,2.08,,ACW00011604
2012694,ARTHROPODA,INSECTA,DIPTERA,CERATOPOGONIDAE,,CERATOPOGONINAE,3567,1,1,33.6437538529451,-99.80662537,LargeStreams,Region_06,NRS18_TX_10886,2018,6/24/2018,1,BERW,0,Poor,US1TXKX0002
2012697,ARTHROPODA,INSECTA,EPHEMEROPTERA,HEPTAGENIIDAE,EPEORUS,EPEORUS,3703,48,1,48.6813595146368,-121.7200308,SmallStreams,Region_10,NRS18_WA_10007,2018,6/24/2018,1,BERW,57.3,Good,USC00458718
2012698,ARTHROPODA,INSECTA,ODONATA,COENAGRIONIDAE,ARGIA,ARGIA,3476,,,41.6051040191013,-89.83284805,SmallStreams,Region_05,NRS18_IL_10017,2018,6/24/2018,1,BERW,28.87,Fair,US1ILWD0001
2012699,ANNELIDA,HIRUDINEA,RHYNCHOBDELLIDA,GLOSSIPHONIIDAE,HELOBDELLA,HELOBDELLA,3792,1,1,,,,Region_06,NRS18_LA_10013,,6/24/2018,2,BERW,16.07,,ACW00011604
2012702,ARTHROPODA,INSECTA,TRICHOPTERA,PHILOPOTAMIDAE,DOLOPHILODES,DOLOPHILODES,3672,13,1,41.3809184422442,-72.78024571,SmallStreams,Region_01,NRS18_CT_10001,2018,6/25/2018,1,BERW,59.82,Good,US1CTNH0072
2012703,ARTHROPODA,INSECTA,DIPTERA,CHIRONOMIDAE,STEMPELLINELLA,STEMPELLINELLA,4308,,,,,,Region_07,NRS18_MO_RF002,,6/25/2018,1,BERW,44.85,,ACW00011604
2012704,ARTHROPODA,INSECTA,DIPTERA,CHIRONOMIDAE,GLYPTOTENDIPES,GLYPTOTENDIPES,3756,,,42.4257765041244,-90.29068621,SmallStreams,Region_05,NRS18_IL_10514,2018,6/25/2018,1,BERW,3.82,Poor,US1ILJD0002
2012705,ARTHROPODA,INSECTA,DIPTERA,CHIRONOMIDAE,ABLABESMYIA,ABLABESMYIA,3406,1,1,,,,Region_06,NRS18_LA_10010,,6/25/2018,2,BETB,12.47,,ACW00011604
2012706,ARTHROPODA,ARACHNIDA,TROMBIDIFORMES,LIMNESIIDAE,CENTROLIMNESIA,CENTROLIMNESIA,3563,1,1,,,,Region_06,NRS18_LA_10002,,6/25/2018,2,BETB,13.45,,ACW00011604
2012707,ANNELIDA,OLIGOCHAETA,HAPLOTAXIDA,NAIDIDAE,NAIS,NAIS,4004,,,35.5491613148575,-86.95243071,LargeStreams,Region_04,NRS18_TN_10029,2018,6/25/2018,1,BERW,16.78,Poor,US1TNMY0010
2012708,ARTHROPODA,INSECTA,TRICHOPTERA,POLYCENTROPODIDAE,NYCTIOPHYLAX,NYCTIOPHYLAX,4049,3,1,44.2521809299784,-90.76170881,SmallStreams,Region_05,NRS18_WI_10005,2018,6/25/2018,1,BERW,27.28,Fair,USC00470851
2012709,MOLLUSCA,GASTROPODA,BASOMMATOPHORA,PLANORBIDAE,GYRAULUS,GYRAULUS,3771,23,1,47.7586289078656,-103.7374309,LargeStreams,Region_08,NRS18_ND_10014,2018,6/25/2018,1,BERW,34.22,Poor,USC00320096
2012710,ARTHROPODA,INSECTA,DIPTERA,CHIRONOMIDAE,POLYPEDILUM,POLYPEDILUM,4178,8,1,40.4766887309063,-91.36703638,RiversMajor,Region_05,NRS18_IL_10009,2018,6/25/2018,1,BETB,24.98,Poor,US1ILHN0005
2012711,ARTHROPODA,INSECTA,DIPTERA,CHIRONOMIDAE,CLADOTANYTARSUS,CLADOTANYTARSUS,3594,24,1,33.7189330330082,-99.47595505,RiversOther,Region_06,NRS18_TX_10062,2018,6/25/2018,1,BERW,8.37,Poor,USC00417499
2012712,ARTHROPODA,INSECTA,EPHEMEROPTERA,HEPTAGENIIDAE,EPEORUS,EPEORUS,3703,7,1,47.8435851899143,-121.6946012,RiversOther,Region_10,NRS18_WA_10011,2018,6/25/2018,1,BETB,65.65,Good,USC00453214
2012713,ARTHROPODA,ARACHNIDA,,,,ARACHNIDA,3472,1,0,44.9507590230511,-85.08357966,SmallStreams,Region_05,NRS18_MI_10034,2018,6/25/2018,1,BERW,37.42,Good,USC00205043
2012714,MOLLUSCA,BIVALVIA,VENEROIDA,PISIDIIDAE,,PISIDIIDAE,4158,1,1,40.8147022253233,-115.806146,RiversOther,Region_09,NRS18_NV_10005,2018,6/25/2018,1,BERW,56.95,Fair,USW00024121
2012715,ARTHROPODA,INSECTA,TRICHOPTERA,PSYCHOMYIIDAE,PSYCHOMYIA,PSYCHOMYIA,4225,1,1,42.0806514502865,-78.42363781,RiversOther,Region_02,NRS18_NY_10017,2018,6/25/2018,1,BETB,41.58,Fair,US1NYCT0006
2012717,ARTHROPODA,INSECTA,DIPTERA,CHIRONOMIDAE,,THIENEMANNIMYIA GENUS GR.,4362,3,1,40.5931813091365,-76.02771628,LargeStreams,Region_03,NRS18_PA_10015,2018,6/26/2018,1,BERW,38.22,Fair,USC00367116
2012718,ARTHROPODA,ARACHNIDA,TROMBIDIFORMES,ARRENURIDAE,ARRENURUS,ARRENURUS,3481,3,1,46.8375689366572,-123.3862687,SmallStreams,Region_10,NRS18_WA_10005,2018,6/24/2018,1,BERW,22.2,Poor,USC00450917
2012719,ARTHROPODA,INSECTA,COLEOPTERA,ELMIDAE,HETERLIMNIUS,HETERLIMNIUS,3809,46,1,40.6370457341548,-122.7464935,SmallStreams,Region_09,NRS18_CA_10022,2018,6/26/2018,1,BERW,75.92,Good,US1CATY0031
2012722,ARTHROPODA,INSECTA,TRICHOPTERA,HYDROPTILIDAE,HYDROPTILA,HYDROPTILA,3846,1,1,38.9633666102569,-90.41564701,RiversMajor,Region_07,NRS18_MO_10002,2018,6/26/2018,1,BETB,10.3,Poor,USC00113572
2012723,ARTHROPODA,INSECTA,DIPTERA,CHIRONOMIDAE,POLYPEDILUM,POLYPEDILUM,4178,1,1,33.3293091534716,-91.16314434,RiversMajor,Region_06,NRS18_AR_10017,2018,6/26/2018,1,BETB,6.83,Poor,USC00223611
2012724,ARTHROPODA,INSECTA,DIPTERA,CHIRONOMIDAE,CHIRONOMUS,CHIRONOMUS,3582,60,1,40.3196532994008,-84.63033676,SmallStreams,Region_05,NRS18_OH_10043,2018,6/25/2018,1,BERW,19.73,Poor,US1OHDR0012
2012725,ANNELIDA,HIRUDINEA,RHYNCHOBDELLIDA,GLOSSIPHONIIDAE,PLACOBDELLA,PLACOBDELLA,4160,1,1,36.9513482371778,-95.03539369,SmallStreams,Region_06,NRS18_OK_10017,2018,6/25/2018,1,BERW,12.97,Poor,USC00145200
2012726,ARTHROPODA,INSECTA,EPHEMEROPTERA,BAETIDAE,PROCLOEON,PROCLOEON,4192,6,1,35.9622829129798,-94.80113987,RiversOther,Region_06,NRS18_OK_10038,2018,6/26/2018,1,BERW,44.68,Fair,US1OKCH0009
2012727,ANNELIDA,OLIGOCHAETA,HAPLOTAXIDA,NAIDIDAE,DERO,DERO,3646,10,1,41.4408245882312,-83.03139877,RiversOther,Region_05,NRS18_OH_10049,2018,6/26/2018,1,BETB,20.13,Poor,US1OHOT0002
2012728,ARTHROPODA,INSECTA,EPHEMEROPTERA,SIPHLONURIDAE,SIPHLONURUS,SIPHLONURUS,4283,3,1,47.6921187210461,-121.9662585,RiversOther,Region_10,NRS18_WA_10047,2018,6/26/2018,1,BETB,16.62,Poor,USC00451146
2012729,ARTHROPODA,INSECTA,DIPTERA,CHIRONOMIDAE,NANOCLADIUS,NANOCLADIUS,4005,,,45.6536935593986,-84.99923728,SmallStreams,Region_05,NRS18_MI_10007,2018,6/26/2018,1,BERW,36.4,Fair,USC00201896
2012730,ANNELIDA,OLIGOCHAETA,HAPLOTAXIDA,NAIDIDAE,DERO,DERO,3646,3,1,39.3478119857694,-88.05272098,SmallStreams,Region_05,NRS18_IL_10005,2018,6/26/2018,1,BERW,32.52,Fair,USC00112330
2012731,ARTHROPODA,INSECTA,DIPTERA,EMPIDIDAE,HEMERODROMIA,HEMERODROMIA,3799,2,1,39.7407716512817,-75.71143409,SmallStreams,Region_03,NRS18_DE_10016,2018,6/25/2018,1,BERW,23.88,Poor,US1DENC0067
2012732,ARTHROPODA,INSECTA,TRICHOPTERA,BRACHYCENTRIDAE,BRACHYCENTRUS,BRACHYCENTRUS,3526,1,1,44.125903460893,-103.6531763,SmallStreams,Region_08,NRS18_SD_10544,2018,6/26/2018,1,BERW,29.53,Poor,USC00395929
2012733,ARTHROPODA,INSECTA,TRICHOPTERA,LEPTOCERIDAE,NECTOPSYCHE,NECTOPSYCHE,4011,4,1,40.6932535237445,-115.8337917,RiversOther,Region_09,NRS18_NV_10024,2018,6/26/2018,1,BERW,45.2,Fair,USC00262030
2012734,ARTHROPODA,INSECTA,EPHEMEROPTERA,HEPTAGENIIDAE,MACCAFFERTIUM,MACCAFFERTIUM,3948,1,1,40.7850590409315,-90.13890744,RiversOther,Region_05,NRS18_IL_10010,2018,8/28/2018,1,BETB,51.03,Good,USC00112397
2012735,ARTHROPODA,INSECTA,DIPTERA,CHIRONOMIDAE,CRYPTOCHIRONOMUS,CRYPTOCHIRONOMUS,3625,2,1,42.3186237295373,-90.2343133,RiversOther,Region_05,NRS18_IL_10021,2018,8/29/2018,1,BETB,5.8,Poor,USC00112745
2012736,ARTHROPODA,INSECTA,DIPTERA,CHIRONOMIDAE,EUKIEFFERIELLA,EUKIEFFERIELLA,3722,1,1,46.4544060444635,-120.4150557,SmallStreams,Region_10,NRS18_WA_10049,2018,6/26/2018,1,BERW,21.92,Poor,USC00458959
2012737,ARTHROPODA,INSECTA,DIPTERA,CHIRONOMIDAE,STICTOCHIRONOMUS,STICTOCHIRONOMUS,4315,117,1,47.7426445464763,-98.854387,SmallStreams,Region_08,NRS18_ND_10225,2018,6/26/2018,1,BERW,27.33,Fair,US1NDED0006
2012738,ARTHROPODA,INSECTA,PLECOPTERA,CAPNIIDAE,,CAPNIIDAE,3555,3,1,39.9187741958909,-80.79683477,RiversMajor,Region_03,NRS18_WV_10002,2018,6/26/2018,1,BETB,7.55,Poor,USC00466250
2012739,ARTHROPODA,INSECTA,TRICHOPTERA,UENOIDAE,NEOPHYLAX,NEOPHYLAX,4027,14,1,44.2185225369334,-72.26004236,SmallStreams,Region_01,NRS18_VT_10023,2018,6/27/2018,1,BERW,64.92,Good,US1VTCL0003
2012740,ARTHROPODA,ARACHNIDA,TROMBIDIFORMES,LEBERTIIDAE,LEBERTIA,LEBERTIA,3892,2,1,41.0623462768299,-76.85619616,RiversMajor,Region_03,NRS18_PA_10026,2018,6/27/2018,1,BETB,36.15,Fair,USC00369345
2012741,ARTHROPODA,INSECTA,DIPTERA,CHIRONOMIDAE,POLYPEDILUM,POLYPEDILUM,4178,1,1,39.2086467990911,-90.592919,RiversMajor,Region_05,NRS18_IL_10002,2018,6/27/2018,1,BETB,16.67,Poor,USC00113850
2012742,ARTHROPODA,INSECTA,COLEOPTERA,ELMIDAE,MICROCYLLOEPUS,MICROCYLLOEPUS,3980,1,1,,,,Region_07,NRS18_KS_RF003,,6/27/2018,1,BERW,43.23,,ACW00011604
2012743,ARTHROPODA,INSECTA,DIPTERA,CHIRONOMIDAE,PHAENOPSECTRA,PHAENOPSECTRA,4143,1,1,40.7001592722067,-74.78778261,SmallStreams,Region_02,NRS18_NJ_10005,2018,6/26/2018,1,BERW,57.35,Good,US1NJHN0021
2012746,ARTHROPODA,INSECTA,DIPTERA,CHIRONOMIDAE,PARAKIEFFERIELLA,PARAKIEFFERIELLA,4106,5,1,41.5524345512422,-116.196014,LargeStreams,Region_09,NRS18_NV_10007,2018,6/27/2018,1,BERW,51.47,Fair,USR0000NLON
2012747,ARTHROPODA,INSECTA,TRICHOPTERA,DIPSEUDOPSIDAE,PHYLOCENTROPUS,PHYLOCENTROPUS,4148,2,1,43.1931727211953,-71.5235048,RiversMajor,Region_01,NRS18_NH_10005,2018,6/27/2018,1,BETB,5.95,Poor,US1NHMR0009
2012748,ARTHROPODA,INSECTA,DIPTERA,TIPULIDAE,,TIPULIDAE,4369,1,1,35.6259809230087,-89.87932864,RiversMajor,Region_06,NRS18_AR_10002,2018,6/27/2018,1,BETB,49.03,Fair,USC00035480
2012749,ARTHROPODA,INSECTA,EPHEMEROPTERA,HEPTAGENIIDAE,,HEPTAGENIIDAE,3802,2,0,46.241495422819,-120.4127497,RiversOther,Region_10,NRS18_WA_10035,2018,6/27/2018,1,BERW,76.33,Good,USC00458530
2012750,ARTHROPODA,INSECTA,TRICHOPTERA,LEPIDOSTOMATIDAE,LEPIDOSTOMA,LEPIDOSTOMA,3895,1,1,43.8291807362089,-103.4590567,SmallStreams,Region_08,NRS18_SD_10016,2018,6/27/2018,1,BERW,9.1,Poor,USR0000SMRU
2012751,ARTHROPODA,INSECTA,DIPTERA,CHIRONOMIDAE,STEMPELLINELLA,STEMPELLINELLA,4308,7,1,45.6802121526392,-92.07057777,SmallStreams,Region_05,NRS18_WI_10069,2018,6/27/2018,1,BERW,49.73,Good,US1WIWB0019
2012752,ARTHROPODA,INSECTA,DIPTERA,STRATIOMYIDAE,ALLOGNOSTA,ALLOGNOSTA,4562,1,1,,,,Region_05,NRS18_OH_10001,,6/27/2018,2,BERW,30.75,,ACW00011604
2012753,MOLLUSCA,BIVALVIA,VENEROIDA,PISIDIIDAE,,PISIDIIDAE,4158,1,1,,,,Region_06,NRS18_TX_10016,,6/28/2018,2,BERW,19.15,,ACW00011604
2012754,ARTHROPODA,INSECTA,DIPTERA,CHIRONOMIDAE,CRYPTOTENDIPES,CRYPTOTENDIPES,3628,1,1,,,,Region_08,NRS18_ND_10010,,6/28/2018,2,BERW,44.23,,ACW00011604
2012755,ARTHROPODA,INSECTA,DIPTERA,CHIRONOMIDAE,POLYPEDILUM,POLYPEDILUM,4178,2,1,39.176052395627,-90.71722249,RiversMajor,Region_07,NRS18_MO_10011,2018,6/28/2018,1,BETB,29.38,Fair,USC00232591
2012756,ARTHROPODA,INSECTA,DIPTERA,CERATOPOGONIDAE,,CERATOPOGONINAE,3567,1,1,38.6858811389231,-85.17831438,RiversMajor,Region_04,NRS18_KY_10019,2018,6/28/2018,1,BETB,33.33,Fair,US1KYCR0002
2012757,MOLLUSCA,BIVALVIA,VENEROIDA,,,VENEROIDA,4412,3,0,42.1279397254416,-73.30680862,SmallStreams,Region_01,NRS18_MA_10013,2018,6/26/2018,1,BERW,27.3,Poor,US1MABE0023
2012758,ARTHROPODA,INSECTA,TRICHOPTERA,HYDROPTILIDAE,HYDROPTILA,HYDROPTILA,3846,2,1,43.3206731268853,-83.99699064,RiversOther,Region_05,NRS18_MI_10052,2018,6/28/2018,1,BETB,26.28,Fair,US1MISG0010
2012759,MOLLUSCA,BIVALVIA,VENEROIDA,PISIDIIDAE,,PISIDIIDAE,4158,,,42.0469130348351,-73.31172517,LargeStreams,Region_01,NRS18_CT_10018,2018,6/27/2018,1,BERW,53.15,Fair,US1CTLT0024
2012760,ARTHROPODA,INSECTA,DIPTERA,CHIRONOMIDAE,AXARUS,AXARUS,3498,7,1,40.8416577425513,-99.74437536,LargeStreams,Region_07,NRS18_NE_10018,2018,6/27/2018,1,BERW,31.5,Fair,USW00014994
2012761,ARTHROPODA,INSECTA,EPHEMEROPTERA,BAETIDAE,BAETIS,BAETIS,3501,47,1,41.5332791031382,-89.10372553,LargeStreams,Region_05,NRS18_IL_10020,2018,6/28/2018,1,BERW,27.1,Fair,USC00115562
2012762,ARTHROPODA,INSECTA,DIPTERA,CHIRONOMIDAE,,CHIRONOMIDAE,3581,1,0,48.4550540060767,-120.5661413,SmallStreams,Region_10,NRS18_WA_10065,2018,6/28/2018,1,BERW,63.32,Good,USS0020A09S
2012764,ARTHROPODA,INSECTA,TRICHOPTERA,UENOIDAE,NEOTHREMMA,NEOTHREMMA,4031,1,1,47.9906789462202,-123.5022942,SmallStreams,Region_10,NRS18_WA_10017,2018,6/28/2018,1,BERW,63.07,Good,USC00452548
2012765,ARTHROPODA,INSECTA,COLEOPTERA,ELMIDAE,NARPUS,NARPUS,4006,,,47.7289181576012,-121.427561,RiversOther,Region_10,NRS18_WA_10010,2018,6/27/2018,1,BETB,60.9,Good,USC00453386
2012766,ARTHROPODA,INSECTA,DIPTERA,CHIRONOMIDAE,MICROTENDIPES,MICROTENDIPES,3982,5,1,40.3076758634683,-121.8581376,SmallStreams,Region_09,NRS18_CA_10343,2018,6/27/2018,1,BERW,86.13,Good,USC00046761
2012767,ARTHROPODA,INSECTA,ODONATA,COENAGRIONIDAE,,COENAGRIONIDAE,3606,1,1,43.0348409372972,-83.93323098,LargeStreams,Region_05,NRS18_MI_10047,2018,6/29/2018,1,BERW,43.4,Good,US1MIGN0033
2012768,ARTHROPODA,INSECTA,COLEOPTERA,ELMIDAE,STENELMIS,STENELMIS,4310,1,1,44.9133476200517,-74.93946612,RiversOther,Region_02,NRS18_NY_10033,2018,6/29/2018,1,BETB,32.13,Poor,USW00094725
2012769,ARTHROPODA,INSECTA,DIPTERA,CHIRONOMIDAE,,CRICOTOPUS/ORTHOCLADIUS,3623,14,1,40.7412997622999,-115.554364,SmallStreams,Region_09,NRS18_NV_10001,2018,6/28/2018,1,BERW,35.9,Poor,US1NVEL0007
2012770,ARTHROPODA,INSECTA,PLECOPTERA,CHLOROPERLIDAE,PARAPERLA,PARAPERLA,4114,1,1,48.385003781209,-120.296423,LargeStreams,Region_10,NRS18_WA_10044,2018,6/28/2018,1,BERW,67.55,Good,US1WAOK0034
2012771,ARTHROPODA,INSECTA,TRICHOPTERA,HYDROPSYCHIDAE,HYDROPSYCHE,HYDROPSYCHE,3844,1,1,42.5402253439648,-72.86832966,SmallStreams,Region_01,NRS18_MA_10182,2018,6/29/2018,1,BERW,50.67,Fair,USC00190213
2012772,ARTHROPODA,INSECTA,TRICHOPTERA,HELICOPSYCHIDAE,HELICOPSYCHE,HELICOPSYCHE,3789,3,1,41.1519624157365,-87.91418338,RiversOther,Region_05,NRS18_IL_10011,2018,6/29/2018,1,BETB,47.8,Good,US1ILKK0011
2012773,ARTHROPODA,INSECTA,DIPTERA,CERATOPOGONIDAE,,CERATOPOGONIDAE,3566,2,0,44.6227940885212,-75.2269792,RiversOther,Region_02,NRS18_NY_10036,2018,7/1/2018,1,BETB,24.87,Poor,USW00014743
2012774,ANNELIDA,OLIGOCHAETA,HAPLOTAXIDA,NAIDIDAE,SLAVINA,SLAVINA,4288,1,1,39.1603984209763,-89.09546299,SmallStreams,Region_05,NRS18_IL_10364,2018,7/1/2018,1,BERW,41.55,Good,USC00117126
2012775,ARTHROPODA,INSECTA,TRICHOPTERA,HYDROPSYCHIDAE,HYDROPSYCHE,HYDROPSYCHE,3844,3,1,45.7653002292167,-117.7598806,RiversMajor,Region_10,NRS18_OR_10016,2018,6/29/2018,1,BETB,67.77,Good,US1ORUN0001
2012776,ARTHROPODA,INSECTA,DIPTERA,CHIRONOMIDAE,ZAVRELIMYIA,ZAVRELIMYIA,4433,2,1,,,,Region_01,NRS18_VT_10006,,7/2/2018,2,BERW,61.38,,ACW00011604
2012777,ARTHROPODA,INSECTA,DIPTERA,CHIRONOMIDAE,RHEOTANYTARSUS,RHEOTANYTARSUS,4247,,,44.2592816332544,-75.76743369,RiversOther,Region_02,NRS18_NY_10015,2018,7/2/2018,1,BETB,3.7,Poor,USC00308455
2012778,ARTHROPODA,INSECTA,DIPTERA,SIMULIIDAE,SIMULIUM,SIMULIUM,4281,,,47.1822664962841,-101.7942644,SmallStreams,Region_08,NRS18_ND_10054,2018,7/2/2018,1,BERW,30.45,Poor,USC00320313
2012779,ANNELIDA,OLIGOCHAETA,HAPLOTAXIDA,TUBIFICIDAE,AULODRILUS,AULODRILUS,3496,2,1,39.0066985107295,-95.29043901,SmallStreams,Region_07,NRS18_KS_10033,2018,7/2/2018,1,BERW,20.35,Poor,US1KSDG0003
2012780,ARTHROPODA,INSECTA,DIPTERA,CHIRONOMIDAE,TANYTARSUS,TANYTARSUS,4348,29,1,,,,Region_09,NRS18_NV_10002,,7/2/2018,2,BERW,43.23,,ACW00011604
2012781,ARTHROPODA,INSECTA,MEGALOPTERA,SIALIDAE,SIALIS,SIALIS,4276,,,45.7999436257261,-120.2141829,LargeStreams,Region_10,NRS18_WA_10519,2018,7/1/2018,1,BERW,51.42,Fair,USC00455958
2012782,ARTHROPODA,INSECTA,COLEOPTERA,ELMIDAE,STENELMIS,STENELMIS,4310,5,1,39.9272100832405,-87.84035006,LargeStreams,Region_05,NRS18_IL_10971,2018,7/2/2018,1,BERW,52.68,Good,USC00117952
2012783,ARTHROPODA,INSECTA,TRICHOPTERA,LIMNEPHILIDAE,LIMNEPHILUS,LIMNEPHILUS,3919,4,1,42.7091676357349,-72.45896964,SmallStreams,Region_01,NRS18_MA_10003,2018,7/2/2018,1,BERW,22.98,Poor,USC00438600
2012784,ARTHROPODA,INSECTA,COLEOPTERA,ELMIDAE,STENELMIS,STENELMIS,4310,1,1,,,,Region_03,NRS18_WV_10010,,7/2/2018,2,BERW,66.25,,ACW00011604
2012785,ARTHROPODA,INSECTA,DIPTERA,CHIRONOMIDAE,DEMICRYPTOCHIRONOMUS,DEMICRYPTOCHIRONOMUS,3644,1,1,42.5872694651643,-72.72401827,RiversOther,Region_01,NRS18_MA_10019,2018,7/1/2018,1,BETB,0,Poor,US1MAFR0017
2012786,ARTHROPODA,INSECTA,DIPTERA,CHIRONOMIDAE,SYNORTHOCLADIUS,SYNORTHOCLADIUS,4337,2,1,45.3314834779423,-115.9499493,SmallStreams,Region_10,NRS18_ID_10001,2018,7/2/2018,1,BERW,45.48,Fair,USS0015D01S
2012787,ARTHROPODA,ARACHNIDA,TROMBIDIFORMES,HYGROBATIDAE,HYGROBATES,HYGROBATES,3855,1,1,,,,Region_05,NRS18_OH_10012,,7/2/2018,2,BETB,37.37,,ACW00011604
2012788,MOLLUSCA,GASTROPODA,BASOMMATOPHORA,PLANORBIDAE,GYRAULUS,GYRAULUS,3771,8,1,43.0231306728731,-89.40096797,SmallStreams,Region_05,NRS18_WI_10029,2018,7/23/2018,1,BERW,18.83,Poor,US1WIDA0011
2012789,ARTHROPODA,INSECTA,DIPTERA,PSYCHODIDAE,MARUINA,MARUINA,3961,,,46.7626601904027,-123.4158518,SmallStreams,Region_10,NRS18_WA_10060,2018,7/4/2018,1,BERW,81,Good,USC00450917
2012790,ARTHROPODA,INSECTA,DIPTERA,CHIRONOMIDAE,STEMPELLINA,STEMPELLINA,4307,1,1,46.7885521983317,-123.4468025,LargeStreams,Region_10,NRS18_WA_10360,2018,7/4/2018,1,BERW,72.7,Good,USC00450917
2012791,ARTHROPODA,ARACHNIDA,TROMBIDIFORMES,HYGROBATIDAE,ATRACTIDES,ATRACTIDES,3490,1,1,47.5736458889072,-123.5832338,LargeStreams,Region_10,NRS18_WA_10018,2018,7/2/2018,1,BERW,57.52,Good,USS0023B18S
2012792,ARTHROPODA,INSECTA,EPHEMEROPTERA,BAETIDAE,DIPHETOR,DIPHETOR,3661,5,1,47.5824467002319,-124.2980591,LargeStreams,Region_10,NRS18_WA_10032,2018,7/1/2018,1,BERW,59.53,Good,USC00451496
2012793,ARTHROPODA,INSECTA,DIPTERA,CHIRONOMIDAE,,CRICOTOPUS/ORTHOCLADIUS,3623,5,1,39.6364870020544,-75.73171714,LargeStreams,Region_03,NRS18_DE_10005,2018,7/5/2018,1,BERW,41.08,Fair,US1DENC0084
2012794,ARTHROPODA,INSECTA,EPHEMEROPTERA,EPHEMERELLIDAE,TIMPANOGA,TIMPANOGA,4366,1,1,45.5644462345583,-123.5731021,LargeStreams,Region_10,NRS18_OR_10015,2018,7/5/2018,1,BERW,65.75,Good,US1ORTL0002
2012795,ARTHROPODA,INSECTA,TRICHOPTERA,HYDROPTILIDAE,HYDROPTILA,HYDROPTILA,3846,5,1,,,,Region_04,NRS18_KY_10001,,7/5/2018,2,BERW,36.35,,ACW00011604
2012796,ARTHROPODA,INSECTA,DIPTERA,CHIRONOMIDAE,DICROTENDIPES,DICROTENDIPES,3658,25,1,38.1234116927171,-83.55382563,RiversMajor,Region_04,NRS18_KY_10020,2018,7/5/2018,1,BETB,14.9,Poor,USC00152791
2012797,MOLLUSCA,GASTROPODA,BASOMMATOPHORA,PLANORBIDAE,,PLANORBIDAE,4162,,,,,,Region_05,NRS18_WI_10001,,7/5/2018,2,BERW,0.35,,ACW00011604
2012798,ARTHROPODA,MALACOSTRACA,AMPHIPODA,CRANGONYCTIDAE,CRANGONYX,CRANGONYX,3622,4,1,42.9393048306482,-115.7014411,RiversMajor,Region_10,NRS18_ID_10016,2018,7/5/2018,1,BETB,15.25,Poor,USC00101195
2012799,ARTHROPODA,INSECTA,DIPTERA,CHIRONOMIDAE,PARAMETRIOCNEMUS,PARAMETRIOCNEMUS,4112,3,1,41.912786764088,-71.44343649,SmallStreams,Region_01,NRS18_RI_10018,2018,7/4/2018,1,BERW,30.33,Poor,US1RIPR0008
2012800,ARTHROPODA,ARACHNIDA,TROMBIDIFORMES,LEBERTIIDAE,LEBERTIA,LEBERTIA,3892,,,41.9155174806143,-71.6669889,LargeStreams,Region_01,NRS18_RI_10019,2018,7/5/2018,1,BERW,65.23,Good,US1RIPR0132
2012801,ARTHROPODA,INSECTA,COLEOPTERA,ELMIDAE,MICROCYLLOEPUS,MICROCYLLOEPUS,3980,7,1,,,,Region_09,NRS18_NV_10012,,7/5/2018,2,BERW,35.28,,ACW00011604
2012802,ARTHROPODA,INSECTA,COLEOPTERA,ELMIDAE,NARPUS,NARPUS,4006,1,1,,,,Region_10,NRS18_WA_10013,,7/5/2018,2,BERW,67.63,,ACW00011604
2012803,ARTHROPODA,INSECTA,PLECOPTERA,NEMOURIDAE,VISOKA,VISOKA,4413,,,46.5207699340971,-121.2404181,SmallStreams,Region_10,NRS18_WA_10016,2018,7/6/2018,1,BERW,65.67,Good,USS0021C10S
2012804,ARTHROPODA,INSECTA,DIPTERA,CHIRONOMIDAE,NILOTHAUMA,NILOTHAUMA,4043,2,1,42.625805605211,-72.36068271,SmallStreams,Region_01,NRS18_MA_10014,2018,7/6/2018,1,BERW,50.27,Fair,USW00054756
2012805,ANNELIDA,OLIGOCHAETA,HAPLOTAXIDA,NAIDIDAE,PRISTINA,PRISTINA,4188,1,1,46.2289540843641,-123.3929511,LargeStreams,Region_10,NRS18_WA_10006,2018,7/5/2018,1,BETB,12.05,Poor,USC00451205
2012806,ARTHROPODA,ARACHNIDA,TROMBIDIFORMES,SPERCHONIDAE,SPERCHON,SPERCHON,4296,1,1,45.9308539554354,-122.7096299,RiversOther,Region_10,NRS18_WA_10034,2018,7/6/2018,1,BETB,17.05,Poor,US1WACW0006
2012807,ARTHROPODA,MALACOSTRACA,ISOPODA,ASELLIDAE,CAECIDOTEA,CAECIDOTEA,3540,1,1,41.9000168339752,-89.48215002,RiversMajor,Region_05,NRS18_IL_10012,2018,7/8/2018,1,BETB,8.65,Poor,US1ILLE0010
2012808,ARTHROPODA,INSECTA,COLEOPTERA,ELMIDAE,OULIMNIUS,OULIMNIUS,4082,13,1,41.478425971905,-71.68435454,SmallStreams,Region_01,NRS18_RI_10183,2018,7/8/2018,1,BERW,26.78,Poor,US1RIWS0051
2012809,MOLLUSCA,GASTROPODA,,,,GASTROPODA,3745,17,1,41.7137588658789,-89.90675067,RiversMajor,Region_05,NRS18_IL_10024,2018,7/9/2018,1,BETB,21.43,Poor,US1ILWD0001
2012810,ARTHROPODA,INSECTA,EPHEMEROPTERA,HEPTAGENIIDAE,ECDYONURUS,ECDYONURUS,3684,2,1,46.2593075828011,-117.3111025,SmallStreams,Region_10,NRS18_WA_10212,2018,7/8/2018,1,BERW,69.23,Good,USS0017C06S
2012811,ARTHROPODA,INSECTA,ODONATA,CORDULIIDAE,,CORDULIIDAE,3614,2,0,41.9792206370285,-71.70946408,SmallStreams,Region_01,NRS18_RI_10194,2018,7/9/2018,1,BERW,21.5,Poor,US1RIPR0012
2012812,ARTHROPODA,INSECTA,DIPTERA,CHIRONOMIDAE,ABLABESMYIA,ABLABESMYIA,3406,7,1,36.7790352351552,-120.233343,RiversMajor,Region_09,NRS18_CA_10056,2018,7/9/2018,1,BETB,33.9,Poor,USC00045526
2012813,ARTHROPODA,INSECTA,ODONATA,,,ODONATA,4056,1,0,33.4128126751064,-86.75189942,RiversMajor,Region_04,NRS18_AL_10007,2018,7/9/2018,1,BERW,10.68,Poor,US1ALSH0020
2012814,ARTHROPODA,INSECTA,DIPTERA,CHIRONOMIDAE,PROCLADIUS,PROCLADIUS,4191,9,1,34.9509217689235,-87.042028,RiversOther,Region_04,NRS18_AL_10002,2018,7/8/2018,1,BETB,9.5,Poor,USC00400661
2012815,ANNELIDA,HIRUDINEA,RHYNCHOBDELLIDA,GLOSSIPHONIIDAE,PLACOBDELLA,PLACOBDELLA,4160,2,1,40.0375352851504,-96.48889169,SmallStreams,Region_07,NRS18_NE_10029,2018,7/9/2018,1,BERW,24.75,Poor,US10gage018
2012816,ANNELIDA,HIRUDINEA,RHYNCHOBDELLIDA,GLOSSIPHONIIDAE,PLACOBDELLA,PLACOBDELLA,4160,,,37.7430629352927,-112.0985908,RiversOther,Region_08,NRS18_UT_10008,2018,7/9/2018,1,BERW,2.38,Poor,USW00023159
2012820,ANNELIDA,OLIGOCHAETA,HAPLOTAXIDA,TUBIFICIDAE,BRANCHIURA,BRANCHIURA,3532,9,1,37.8816469224817,-95.67600729,LargeStreams,Region_07,NRS18_KS_10005,2018,7/9/2018,1,BERW,22.38,Poor,USC00149080
2012821,ARTHROPODA,INSECTA,DIPTERA,CERATOPOGONIDAE,,CERATOPOGONINAE,3567,1,1,43.2411150712209,-99.18715736,LargeStreams,Region_08,NRS18_SD_10003,2018,7/9/2018,1,BERW,68.52,Good,US1SDGY0017
2012822,ARTHROPODA,INSECTA,EPHEMEROPTERA,BAETIDAE,FALLCEON,FALLCEON,3729,3,1,41.0254022187247,-115.5300398,RiversOther,Region_09,NRS18_NV_10638,2018,7/9/2018,1,BERW,48.93,Fair,US1NVEL0013
2012823,ANNELIDA,OLIGOCHAETA,HAPLOTAXIDA,TUBIFICIDAE,AULODRILUS,AULODRILUS,3496,,,,,,Region_10,NRS18_WA_10014,,7/9/2018,2,BETB,58.1,,ACW00011604
2012824,ARTHROPODA,INSECTA,DIPTERA,TIPULIDAE,HEXATOMA,HEXATOMA,3817,,,41.8480453989896,-71.78683775,SmallStreams,Region_01,NRS18_RI_10003,2018,7/10/2018,1,BERW,8.2,Poor,US1RIPR0020
2012825,ARTHROPODA,INSECTA,DIPTERA,CHIRONOMIDAE,EUKIEFFERIELLA,EUKIEFFERIELLA,3722,1,1,41.6481308742715,-75.78612077,LargeStreams,Region_03,NRS18_PA_10020,2018,7/10/2018,1,BERW,54.77,Fair,US1PALC0002
2012826,ARTHROPODA,INSECTA,MEGALOPTERA,CORYDALIDAE,CHAULIODES,CHAULIODES,3574,1,1,43.80096023,-75.46668635,RiversMajor,Region_02,NRS18_NY_10035,2018,7/10/2018,1,BETB,19.08,Poor,USC00304912
2012827,ARTHROPODA,INSECTA,TRICHOPTERA,HYDROPSYCHIDAE,,HYDROPSYCHIDAE,3845,1,0,35.6018383361105,-89.9021205,RiversMajor,Region_06,NRS18_AR_10010,2018,7/10/2018,1,BETB,54.67,Fair,USC00037912
2012828,ANNELIDA,OLIGOCHAETA,HAPLOTAXIDA,NAIDIDAE,,NAIDIDAE,4003,1,0,41.462900375102,-95.95535348,RiversMajor,Region_07,NRS18_NE_10021,2018,7/10/2018,1,BETB,27.93,Fair,US10wash001
2012829,ARTHROPODA,INSECTA,DIPTERA,CHIRONOMIDAE,TVETENIA,TVETENIA,4394,2,1,,,,Region_04,NRS18_GA_10001,,7/10/2018,2,BERW,24.83,,ACW00011604
2012830,MOLLUSCA,GASTROPODA,NEOTAENIOGLOSSA,PLEUROCERIDAE,,PLEUROCERIDAE,4170,1,1,33.5848310079361,-87.0957233,RiversOther,Region_04,NRS18_AL_10016,2018,7/10/2018,1,BETB,13.17,Poor,USC00013430
2012831,ARTHROPODA,INSECTA,COLEOPTERA,HYDROPHILIDAE,BEROSUS,BEROSUS,3511,2,1,46.0928561143404,-103.0352231,LargeStreams,Region_08,NRS18_ND_10023,2018,7/10/2018,1,BERW,21.23,Poor,USC00327450
2012832,ARTHROPODA,ARACHNIDA,TROMBIDIFORMES,LIMNESIIDAE,LIMNESIA,LIMNESIA,3920,1,1,43.0928619218584,-91.17658347,RiversMajor,Region_07,NRS18_IA_10019,2018,7/10/2018,1,BETB,38.55,Good,US1IAAL0007
2012833,ARTHROPODA,INSECTA,DIPTERA,CERATOPOGONIDAE,,CERATOPOGONINAE,3567,2,1,43.1097548064662,-91.17645261,RiversMajor,Region_07,NRS18_IA_10042,2018,7/10/2018,1,BETB,31.92,Fair,US1IAAL0007
2012834,ARTHROPODA,INSECTA,DIPTERA,CHIRONOMIDAE,STICTOCHIRONOMUS,STICTOCHIRONOMUS,4315,4,1,33.9682424844979,-94.74045919,SmallStreams,Region_06,NRS18_OK_10923,2018,7/10/2018,1,BERW,49.72,Fair,US1OKMN0003
2012835,ARTHROPODA,INSECTA,DIPTERA,CHIRONOMIDAE,POLYPEDILUM,POLYPEDILUM,4178,5,1,45.9143388811475,-88.7222433,SmallStreams,Region_05,NRS18_WI_10243,2018,7/9/2018,1,BERW,38.07,Good,USC00475863
2012836,ARTHROPODA,INSECTA,DIPTERA,CHIRONOMIDAE,PSEUDOCHIRONOMUS,PSEUDOCHIRONOMUS,4212,18,1,31.7624756613309,-100.1404817,RiversMajor,Region_06,NRS18_TX_10013,2018,7/10/2018,1,BERW,18.62,Poor,US1TXCKE004
2012837,ARTHROPODA,ARACHNIDA,TROMBIDIFORMES,SPERCHONIDAE,SPERCHON,SPERCHON,4296,1,1,,,,Region_08,NRS18_CO_RF002,,7/10/2018,1,BERW,50.58,,ACW00011604
2012838,ARTHROPODA,INSECTA,DIPTERA,CHIRONOMIDAE,PARAKIEFFERIELLA,PARAKIEFFERIELLA,4106,4,1,43.9634706649312,-116.1891543,RiversOther,Region_10,NRS18_ID_10012,2018,7/10/2018,1,BETB,45.05,Fair,USC00108630
2012839,ARTHROPODA,ARACHNIDA,TROMBIDIFORMES,TORRENTICOLIDAE,TORRENTICOLA,TORRENTICOLA,4371,1,1,41.9888991616303,-114.9959499,SmallStreams,Region_09,NRS18_NV_10195,2018,7/10/2018,1,BERW,41.85,Poor,USS0015G02S
2012840,ARTHROPODA,ARACHNIDA,TROMBIDIFORMES,UNIONICOLIDAE,UNIONICOLA,UNIONICOLA,4400,1,1,33.6358499489802,-93.90637938,RiversMajor,Region_06,NRS18_AR_10018,2018,7/10/2018,1,BETB,38.13,Poor,USC00032670
2012841,ARTHROPODA,INSECTA,TRICHOPTERA,HYDROPTILIDAE,HYDROPTILA,HYDROPTILA,3846,5,1,36.9088172487929,-119.776228,RiversMajor,Region_09,NRS18_CA_10020,2018,7/10/2018,1,BETB,28.1,Poor,USC00043251
2012842,ARTHROPODA,MALACOSTRACA,ISOPODA,ASELLIDAE,,ASELLIDAE,3482,2,0,,,,Region_01,NRS18_VT_10002,,7/10/2018,2,BETB,28.72,,ACW00011604
2012843,MOLLUSCA,BIVALVIA,VENEROIDA,PISIDIIDAE,,PISIDIIDAE,4158,3,1,37.7714994017066,-112.3894827,RiversMajor,Region_08,NRS18_UT_10027,2018,7/10/2018,1,BERW,26.15,Poor,USC00426601
2012845,ARTHROPODA,INSECTA,DIPTERA,CHIRONOMIDAE,PSEUDODIAMESA,PSEUDODIAMESA,4214,52,1,,,,Region_10,NRS18_WA_10001,,7/8/2018,2,BERW,59.98,,ACW00011604
2012846,ARTHROPODA,ARACHNIDA,TROMBIDIFORMES,PROTZIIDAE,PROTZIA,PROTZIA,4204,3,1,48.4699106641216,-120.1756803,RiversMajor,Region_10,NRS18_WA_10038,2018,7/10/2018,1,BETB,69.77,Good,USC00459376
2012847,ARTHROPODA,INSECTA,DIPTERA,CHIRONOMIDAE,SAETHERIA,SAETHERIA,4260,1,1,43.1795877743947,-99.0411692,LargeStreams,Region_08,NRS18_SD_10031,2018,7/10/2018,1,BERW,10.65,Poor,USC00390778
2012848,ARTHROPODA,INSECTA,DIPTERA,CHIRONOMIDAE,PSEUDODIAMESA,PSEUDODIAMESA,4214,3,1,37.4993519338459,-118.1412427,SmallStreams,Region_09,NRS18_CA_10324,2018,7/10/2018,1,BERW,13.73,Poor,USC00049632
2012849,ARTHROPODA,INSECTA,DIPTERA,CHIRONOMIDAE,BRILLIA,BRILLIA,3535,4,1,39.8174696433598,-75.64229325,SmallStreams,Region_03,NRS18_DE_10015,2018,7/10/2018,1,BERW,52.2,Good,US1PACH0027
2012850,ARTHROPODA,INSECTA,DIPTERA,CHIRONOMIDAE,PARACHIRONOMUS,PARACHIRONOMUS,4099,,,,,,Region_07,NRS18_IA_RF001,,7/11/2018,1,BERW,86.1,,ACW00011604
2012851,MOLLUSCA,GASTROPODA,BASOMMATOPHORA,PLANORBIDAE,GYRAULUS,GYRAULUS,3771,5,1,42.0100888109526,-72.63232541,SmallStreams,Region_01,NRS18_CT_10008,2018,7/10/2018,1,BERW,19.35,Poor,US1CTHR0099
2012852,ARTHROPODA,INSECTA,EPHEMEROPTERA,BAETIDAE,PSEUDOCENTROPTILOIDES,PSEUDOCENTROPTILOIDES,4211,3,1,45.6695942495157,-88.79086449,LargeStreams,Region_05,NRS18_WI_10043,2018,7/10/2018,1,BERW,44.05,Good,USC00473636
2012853,ARTHROPODA,INSECTA,EPHEMEROPTERA,HEPTAGENIIDAE,STENACRON,STENACRON,4309,3,1,,,,Region_01,NRS18_VT_10023,,7/11/2018,2,BERW,73.37,,ACW00011604
2012855,ARTHROPODA,INSECTA,MEGALOPTERA,CORYDALIDAE,,CORYDALIDAE,3618,5,0,43.580799225059,-75.95908256,SmallStreams,Region_02,NRS18_NY_10027,2018,7/11/2018,1,BERW,55.1,Good,USC00300608
2012856,ARTHROPODA,INSECTA,EPHEMEROPTERA,BAETIDAE,PROCLOEON,PROCLOEON,4192,1,1,34.6950009254007,-90.64588479,RiversOther,Region_06,NRS18_AR_10006,2018,7/11/2018,1,BETB,36.15,Poor,USC00037460
2012857,ARTHROPODA,INSECTA,DIPTERA,,,DIPTERA,3665,6,0,41.6447101364456,-96.09547295,RiversMajor,Region_07,NRS18_NE_10026,2018,7/11/2018,1,BETB,22.43,Poor,US1IAHR0007
2012858,ARTHROPODA,INSECTA,ODONATA,GOMPHIDAE,,GOMPHIDAE,3759,1,1,31.4845852356123,-100.3194119,RiversOther,Region_06,NRS18_TX_10056,2018,7/11/2018,1,BERW,22.82,Fair,US1TXTG0014
2012859,ARTHROPODA,INSECTA,DIPTERA,CHIRONOMIDAE,,THIENEMANNIMYIA GENUS GR.,4362,5,1,34.2803951665764,-94.44835594,SmallStreams,Region_06,NRS18_AR_10190,2018,7/11/2018,1,BERW,45.13,Good,USC00030814
2012860,ARTHROPODA,INSECTA,DIPTERA,CHIRONOMIDAE,TANYTARSUS,TANYTARSUS,4348,12,1,46.4179417798086,-103.5123707,LargeStreams,Region_08,NRS18_ND_10001,2018,7/11/2018,1,BERW,24.73,Poor,USR0000NSCK
2012861,ARTHROPODA,INSECTA,EPHEMEROPTERA,,,EPHEMEROPTERA,3708,4,0,37.6859590975402,-112.3996789,RiversOther,Region_08,NRS18_UT_10015,2018,7/11/2018,1,BERW,49.72,Fair,USC00423776
2012862,ARTHROPODA,INSECTA,DIPTERA,CHIRONOMIDAE,POLYPEDILUM,POLYPEDILUM,4178,65,1,,,,Region_04,NRS18_GA_10011,,7/11/2018,2,BERW,42.98,,ACW00011604
2012863,ARTHROPODA,INSECTA,TRICHOPTERA,LEPTOCERIDAE,MYSTACIDES,MYSTACIDES,4000,5,1,41.4199158458666,-78.7477514,RiversOther,Region_03,NRS18_PA_10002,2018,7/10/2018,1,BETB,23.48,Poor,USC00367477
2012864,ARTHROPODA,INSECTA,DIPTERA,CHIRONOMIDAE,DICROTENDIPES,DICROTENDIPES,3658,3,1,44.2430850867842,-72.04818615,RiversMajor,Region_01,NRS18_NH_10002,2018,7/11/2018,1,BETB,16.88,Poor,USC00435044
2012865,ARTHROPODA,INSECTA,DIPTERA,CHIRONOMIDAE,STENOCHIRONOMUS,STENOCHIRONOMUS,4311,1,1,42.6920610767561,-90.96287841,RiversMajor,Region_07,NRS18_IA_10035,2018,7/11/2018,1,BETB,39.77,Good,USC00130455
2012866,ARTHROPODA,INSECTA,PLECOPTERA,PERLODIDAE,,PERLODIDAE,4141,3,1,41.6964260671095,-115.8569028,RiversMajor,Region_09,NRS18_NV_10026,2018,7/11/2018,1,BERW,48.85,Fair,USC00265687
2012867,ARTHROPODA,INSECTA,PLECOPTERA,PERLIDAE,CALINEURIA,CALINEURIA,3543,,,40.7357903767168,-108.78052,RiversOther,Region_08,NRS18_CO_11276,2018,7/11/2018,1,BERW,51.12,Fair,USR0000CLAD
2012868,ARTHROPODA,INSECTA,COLEOPTERA,ELMIDAE,CLEPTELMIS,CLEPTELMIS,3597,7,1,37.0030969221004,-118.2945214,SmallStreams,Region_09,NRS18_CA_10352,2018,7/11/2018,1,BERW,78.7,Good,USR0000COCR
2012869,ARTHROPODA,INSECTA,COLEOPTERA,ELMIDAE,PROMORESIA,PROMORESIA,4196,,,,,,Region_03,NRS18_WV_RF003,,7/11/2018,1,BETB,90.4,,ACW00011604
2012870,ARTHROPODA,ARACHNIDA,TROMBIDIFORMES,OXIDAE,OXUS,OXUS,4084,1,1,34.0669912867825,-94.90528581,LargeStreams,Region_06,NRS18_OK_10022,2018,7/11/2018,1,BETB,62.77,Good,USC00340584
2012871,ARTHROPODA,INSECTA,EPHEMEROPTERA,LEPTOHYPHIDAE,TRICORYTHODES,TRICORYTHODES,4384,6,1,42.9782741695712,-74.82221319,LargeStreams,Region_02,NRS18_NY_10032,2018,7/12/2018,1,BERW,45.88,Fair,USC00304801
2012872,ARTHROPODA,INSECTA,TRICHOPTERA,RHYACOPHILIDAE,RHYACOPHILA,RHYACOPHILA,4253,10,1,,,,Region_08,NRS18_CO_RF001,,7/11/2018,1,BERW,49,,ACW00011604
2012873,ARTHROPODA,INSECTA,EPHEMEROPTERA,ISONYCHIIDAE,ISONYCHIA,ISONYCHIA,3866,1,1,43.9035059146211,-72.82532461,LargeStreams,Region_01,NRS18_VT_10001,2018,7/12/2018,1,BERW,70.82,Good,US1VTAD0020
2012874,ARTHROPODA,INSECTA,DIPTERA,CHIRONOMIDAE,PARATANYTARSUS,PARATANYTARSUS,4120,15,1,41.4430515802277,-75.66055884,LargeStreams,Region_03,NRS18_PA_10006,2018,7/12/2018,1,BERW,34.27,Fair,US1PALC0022
2012875,ARTHROPODA,INSECTA,TRICHOPTERA,PHILOPOTAMIDAE,DOLOPHILODES,DOLOPHILODES,3672,1,1,44.8077863466469,-115.9302059,SmallStreams,Region_10,NRS18_ID_10019,2018,7/11/2018,1,BERW,52.87,Good,US1IDVL0003
2012876,MOLLUSCA,GASTROPODA,BASOMMATOPHORA,LYMNAEIDAE,STAGNICOLA,STAGNICOLA,4304,17,1,45.9805120913758,-102.8497856,SmallStreams,Region_08,NRS18_ND_10013,2018,7/12/2018,1,BERW,23.97,Poor,USC00392614
2012877,ARTHROPODA,INSECTA,DIPTERA,CHIRONOMIDAE,ABLABESMYIA,ABLABESMYIA,3406,13,1,32.0661756141268,-93.41412514,RiversMajor,Region_06,NRS18_LA_10008,2018,7/12/2018,1,BETB,52.03,Fair,US1LARR0009
2012878,ARTHROPODA,INSECTA,EPHEMEROPTERA,BAETIDAE,BAETIS,BAETIS,3501,2,1,41.4624123533566,-97.68191539,LargeStreams,Region_07,NRS18_NE_10020,2018,7/12/2018,1,BERW,13.95,Poor,USC00253191
2012879,ARTHROPODA,INSECTA,DIPTERA,CHIRONOMIDAE,RHEOTANYTARSUS,RHEOTANYTARSUS,4247,,,34.6447329857751,-91.29251055,SmallStreams,Region_06,NRS18_AR_10040,2018,7/12/2018,1,BERW,53.75,Fair,US1ARMN0002
2012880,MOLLUSCA,GASTROPODA,BASOMMATOPHORA,PHYSIDAE,PHYSA,PHYSA,4149,1,1,31.4732968823737,-100.4694475,LargeStreams,Region_06,NRS18_TX_10025,2018,7/12/2018,1,BERW,5.95,Poor,US1TXTG0061
2012881,PLATYHELMINTHES,TURBELLARIA,NEOOPHORA,PLANARIIDAE,POLYCELIS,POLYCELIS,4173,,,47.6808621871149,-117.1576414,RiversOther,Region_10,NRS18_WA_10037,2018,7/12/2018,1,BETB,26.75,Poor,US1WASP0033
2012883,ARTHROPODA,INSECTA,EPHEMEROPTERA,BAETIDAE,ACENTRELLA,ACENTRELLA,3407,5,1,,,,Region_10,NRS18_WA_10002,,7/11/2018,2,BETB,72.6,,ACW00011604
2012884,ARTHROPODA,INSECTA,DIPTERA,CHIRONOMIDAE,PHAENOPSECTRA,PHAENOPSECTRA,4143,1,1,,,,Region_03,NRS18_WV_10002,,7/12/2018,2,BETB,11.58,,ACW00011604
2012885,ARTHROPODA,INSECTA,DIPTERA,CHIRONOMIDAE,PHAENOPSECTRA,PHAENOPSECTRA,4143,1,1,37.8901604469096,-118.7154419,LargeStreams,Region_09,NRS18_CA_10028,2018,7/12/2018,1,BERW,29.7,Poor,USC00040684
2012886,ARTHROPODA,INSECTA,TRICHOPTERA,LEPTOCERIDAE,MYSTACIDES,MYSTACIDES,4000,1,1,40.7600117769629,-79.54688849,RiversMajor,Region_03,NRS18_PA_10016,2018,7/11/2018,1,BETB,5.15,Poor,US1PAAR0017
2012887,ARTHROPODA,INSECTA,PLECOPTERA,PERLIDAE,NEOPERLA,NEOPERLA,4026,2,1,40.2661218722916,-81.87411506,RiversOther,Region_05,NRS18_OH_10037,2018,7/12/2018,1,BETB,45,Good,USC00331890
2012888,ARTHROPODA,MALACOSTRACA,AMPHIPODA,,,AMPHIPODA,3450,2,0,41.9582857416103,-115.8645252,SmallStreams,Region_09,NRS18_NV_10009,2018,7/12/2018,1,BERW,49.42,Fair,USS0015H20S
2012889,ARTHROPODA,INSECTA,TRICHOPTERA,HYDROPSYCHIDAE,DIPLECTRONA,DIPLECTRONA,3662,1,1,41.9050008795303,-71.50957817,SmallStreams,Region_01,NRS18_RI_10197,2018,7/13/2018,1,BERW,38.52,Poor,USW00064710
2012890,MOLLUSCA,BIVALVIA,VENEROIDA,,,VENEROIDA,4412,1,0,31.1197212099464,-86.15248721,LargeStreams,Region_04,NRS18_AL_10009,2018,7/13/2018,1,BERW,23.35,Poor,US1ALGV0005
2012891,ARTHROPODA,INSECTA,DIPTERA,CHIRONOMIDAE,CRYPTOCHIRONOMUS,CRYPTOCHIRONOMUS,3625,1,1,32.2286914930157,-87.14827743,RiversMajor,Region_04,NRS18_AL_10010,2018,7/12/2018,1,BETB,23.9,Poor,USC00016161
2012893,ARTHROPODA,INSECTA,DIPTERA,CHIRONOMIDAE,RHEOTANYTARSUS,RHEOTANYTARSUS,4247,1,1,33.1319281110368,-91.09571046,RiversMajor,Region_06,NRS18_AR_10026,2018,7/13/2018,1,BETB,43.92,Fair,USC00221623
2012894,ANNELIDA,OLIGOCHAETA,HAPLOTAXIDA,,,HAPLOTAXIDA,3783,3,0,37.9682966534887,-108.2534754,SmallStreams,Region_08,NRS18_CO_10028,2018,7/15/2018,1,BERW,9,Poor,USS0008M07S
2012895,ARTHROPODA,INSECTA,EPHEMEROPTERA,HEPTAGENIIDAE,MACCAFFERTIUM,MACCAFFERTIUM,3948,3,1,36.1148864824157,-91.96699076,SmallStreams,Region_06,NRS18_AR_10004,2018,7/15/2018,1,BERW,23.42,Poor,USC00034746
2012896,ARTHROPODA,INSECTA,DIPTERA,CHIRONOMIDAE,GLYPTOTENDIPES,GLYPTOTENDIPES,3756,10,1,37.986481198749,-89.94732731,RiversMajor,Region_05,NRS18_IL_10044,2018,7/15/2018,1,BETB,31.68,Fair,USC00114629
2012897,ARTHROPODA,INSECTA,DIPTERA,CHIRONOMIDAE,PROCLADIUS,PROCLADIUS,4191,,,33.5563044212589,-92.02261248,RiversMajor,Region_06,NRS18_AR_10008,2018,7/15/2018,1,BETB,41.37,Fair,USC00037582
2012898,ARTHROPODA,INSECTA,DIPTERA,CHIRONOMIDAE,MONODIAMESA,MONODIAMESA,3991,1,1,,,,Region_10,NRS18_OR_10016,,7/12/2018,2,BETB,72.33,,ACW00011604
2012899,ARTHROPODA,ARACHNIDA,TROMBIDIFORMES,ARRENURIDAE,ARRENURUS,ARRENURUS,3481,1,1,38.7335782118151,-77.03549819,RiversMajor,Region_03,NRS18_MD_10019,2018,7/16/2018,1,BETB,7.85,Poor,US1MDPG0049
2012900,ARTHROPODA,INSECTA,DIPTERA,CHIRONOMIDAE,NANOCLADIUS,NANOCLADIUS,4005,1,1,37.3921272795116,-120.7909185,RiversOther,Region_09,NRS18_CA_10030,2018,7/16/2018,1,BETB,28.97,Poor,USC00049073
2012901,ARTHROPODA,INSECTA,DIPTERA,CHIRONOMIDAE,PENTANEURA,PENTANEURA,4134,,,40.1440259996418,-110.7518441,RiversOther,Region_08,NRS18_UT_10026,2018,7/16/2018,1,BERW,48.08,Fair,USC00423063
2012902,ARTHROPODA,INSECTA,DIPTERA,CHIRONOMIDAE,PHAENOPSECTRA,PHAENOPSECTRA,4143,4,1,41.5550932556012,-85.78009263,LargeStreams,Region_05,NRS18_IN_10026,2018,7/16/2018,1,BERW,27.82,Fair,US1INEL0077
2012903,ARTHROPODA,INSECTA,DIPTERA,CHIRONOMIDAE,TANYTARSUS,TANYTARSUS,4348,3,1,36.0830038510762,-91.54011977,RiversOther,Region_06,NRS18_AR_10025,2018,7/16/2018,1,BERW,42.2,Fair,US1ARSH0020
2012904,ARTHROPODA,INSECTA,DIPTERA,CHIRONOMIDAE,,THIENEMANNIMYIA GENUS GR.,4362,,,46.0337849816374,-117.1125038,RiversMajor,Region_10,NRS18_WA_10025,2018,7/15/2018,1,BETB,54.43,Good,US1WAAS0004
2012905,ARTHROPODA,INSECTA,DIPTERA,CERATOPOGONIDAE,,CERATOPOGONIDAE,3566,7,0,31.4161801958361,-106.1008146,RiversOther,Region_06,NRS18_TX_10068,2018,7/15/2018,1,BERW,7.32,Poor,US1TXEP0022
2012906,ARTHROPODA,INSECTA,EPHEMEROPTERA,CAENIDAE,CAENIS,CAENIS,3542,12,1,37.5894781685453,-89.37419247,SmallStreams,Region_05,NRS18_IL_10027,2018,7/16/2018,1,BERW,20.53,Poor,US1ILUN0012
2012907,ARTHROPODA,INSECTA,TRICHOPTERA,HYDROPSYCHIDAE,HYDROPSYCHE,HYDROPSYCHE,3844,4,1,40.7057143168082,-116.5663401,RiversMajor,Region_09,NRS18_NV_10014,2018,7/16/2018,1,BERW,63.22,Good,USC00260795
2012908,ARTHROPODA,INSECTA,EPHEMEROPTERA,EPHEMERELLIDAE,,EPHEMERELLIDAE,3706,1,0,38.7323224997231,-120.4784002,SmallStreams,Region_09,NRS18_CA_10021,2018,7/16/2018,1,BERW,70.33,Good,USC00046597
2012909,ARTHROPODA,INSECTA,DIPTERA,CHIRONOMIDAE,PARACLADOPELMA,PARACLADOPELMA,4101,1,1,,,,Region_05,NRS18_OH_10011,,7/16/2018,2,BERW,32.2,,ACW00011604
2012912,ANNELIDA,OLIGOCHAETA,HAPLOTAXIDA,NAIDIDAE,,NAIDIDAE,4003,12,0,39.4735127533095,-95.60137918,SmallStreams,Region_07,NRS18_KS_10125,2018,7/16/2018,1,BERW,21.8,Poor,US1KSAT0003
2012913,MOLLUSCA,BIVALVIA,VENEROIDA,PISIDIIDAE,,PISIDIIDAE,4158,5,0,40.3642422616568,-75.27294934,SmallStreams,Region_03,NRS18_PA_10035,2018,7/17/2018,1,BERW,25.52,Poor,US1PABK0039
2012914,ARTHROPODA,INSECTA,DIPTERA,CHIRONOMIDAE,POLYPEDILUM,POLYPEDILUM,4178,2,1,31.1972336034249,-89.69055436,SmallStreams,Region_04,NRS18_MS_10001,2018,7/16/2018,1,BERW,41.83,Fair,US1MSLM0008
2012915,MOLLUSCA,GASTROPODA,,,,GASTROPODA,3745,2,0,30.8833906670899,-88.77355185,RiversMajor,Region_04,NRS18_MS_10002,2018,7/15/2018,1,BETB,34.48,Poor,US1MSGG0003
2012916,NEMERTEA,ENOPLA,HOPLONEMERTEA,TETRASTEMMATIDAE,PROSTOMA,PROSTOMA,4199,1,1,42.4490650531534,-102.9989588,RiversMajor,Region_07,NRS18_NE_10008,2018,7/17/2018,1,BERW,57,Good,US10dawe015
2012917,ARTHROPODA,INSECTA,PLECOPTERA,NEMOURIDAE,ZAPADA,ZAPADA,4430,8,1,,,,Region_10,NRS18_ID_10001,,7/16/2018,2,BERW,51.18,,ACW00011604
2012918,ARTHROPODA,INSECTA,EPHEMEROPTERA,LEPTOPHLEBIIDAE,,LEPTOPHLEBIIDAE,3904,14,0,,,,Region_10,NRS18_OR_10015,,7/17/2018,2,BERW,57.97,,ACW00011604
2012919,ARTHROPODA,INSECTA,EPHEMEROPTERA,BAETIDAE,CENTROPTILUM,CENTROPTILUM,3564,1,1,37.6678582401108,-120.4750645,RiversOther,Region_09,NRS18_CA_10788,2018,7/17/2018,1,BETB,35.45,Poor,US1CAMP0003
2012920,ARTHROPODA,INSECTA,ODONATA,GOMPHIDAE,PROGOMPHUS,PROGOMPHUS,4194,1,1,,,,Region_04,NRS18_SC_10007,,7/17/2018,2,BERW,0,,ACW00011604
2012921,ANNELIDA,HIRUDINEA,RHYNCHOBDELLIDA,GLOSSIPHONIIDAE,HELOBDELLA,HELOBDELLA,3792,1,1,42.1154688005051,-79.26636795,LargeStreams,Region_02,NRS18_NY_10007,2018,7/17/2018,1,BETB,1.33,Poor,USC00304206
2012922,ANNELIDA,HIRUDINEA,ARHYNCHOBDELLIDA,ERPOBDELLIDAE,ERPOBDELLA,ERPOBDELLA,3717,,,41.449043843358,-86.13924699,SmallStreams,Region_05,NRS18_IN_10347,2018,7/17/2018,1,BERW,19.53,Poor,US1INML0015
2012923,ARTHROPODA,INSECTA,EPHEMEROPTERA,LEPTOPHLEBIIDAE,,LEPTOPHLEBIIDAE,3904,15,1,37.3507602766532,-108.2957365,LargeStreams,Region_08,NRS18_CO_10825,2018,7/16/2018,1,BERW,43.7,Fair,USC00055327
2012924,ARTHROPODA,INSECTA,EPHEMEROPTERA,BAETIDAE,CALLIBAETIS,CALLIBAETIS,3544,3,1,40.8875330067943,-109.2213686,RiversMajor,Region_08,NRS18_UT_10434,2018,7/17/2018,1,BETB,32,Poor,USC00424322
2012925,ARTHROPODA,ARACHNIDA,TROMBIDIFORMES,LEBERTIIDAE,LEBERTIA,LEBERTIA,3892,3,1,35.5103415487155,-91.92887006,RiversOther,Region_06,NRS18_AR_10016,2018,7/17/2018,1,BETB,0.33,Poor,USC00036944
2012926,ARTHROPODA,ARACHNIDA,TROMBIDIFORMES,EYLAIDAE,EYLAIS,EYLAIS,3728,1,1,45.0014375781372,-98.63765836,RiversOther,Region_08,NRS18_SD_10010,2018,7/17/2018,1,BERW,22.73,Poor,USC00390350
2012927,ARTHROPODA,INSECTA,DIPTERA,CHIRONOMIDAE,EUKIEFFERIELLA,EUKIEFFERIELLA,3722,3,1,,,,Region_09,NRS18_NV_10001,,7/17/2018,2,BERW,45.42,,ACW00011604
2012928,ARTHROPODA,INSECTA,TRICHOPTERA,BRACHYCENTRIDAE,MICRASEMA,MICRASEMA,3977,1,1,39.0475023796106,-75.73149965,LargeStreams,Region_03,NRS18_DE_10008,2018,7/17/2018,1,BERW,50.88,Fair,US1MDCL0012
2012929,ANNELIDA,HIRUDINEA,RHYNCHOBDELLIDA,GLOSSIPHONIIDAE,HELOBDELLA,HELOBDELLA,3792,24,1,40.1711986708237,-74.8242077,SmallStreams,Region_03,NRS18_PA_10068,2018,7/18/2018,1,BERW,2.53,Poor,USC00364975
2012930,MOLLUSCA,GASTROPODA,BASOMMATOPHORA,LYMNAEIDAE,,LYMNAEIDAE,3945,1,1,,,,Region_10,NRS18_ID_10016,,7/17/2018,2,BETB,14.35,,ACW00011604
2012931,ARTHROPODA,INSECTA,DIPTERA,CHIRONOMIDAE,CRYPTOCHIRONOMUS,CRYPTOCHIRONOMUS,3625,2,1,43.8658079989664,-72.17821718,RiversMajor,Region_01,NRS18_NH_10004,2018,7/17/2018,1,BETB,5.9,Poor,US1NHGR0010
2012932,ARTHROPODA,INSECTA,DIPTERA,CHIRONOMIDAE,,THIENEMANNIMYIA GENUS GR.,4362,3,1,30.6544969344276,-97.92735606,LargeStreams,Region_06,NRS18_TX_10005,2018,7/17/2018,1,BERW,33.93,Fair,USC00415202
2012934,ANNELIDA,OLIGOCHAETA,HAPLOTAXIDA,NAIDIDAE,,NAIDIDAE,4003,6,0,39.0663686915898,-77.38957869,RiversMajor,Region_03,NRS18_MD_10002,2018,7/18/2018,1,BETB,36.77,Fair,US1VALD0041
2012935,ARTHROPODA,OSTRACODA,,,,OSTRACODA,4081,17,1,37.5963760615595,-121.1287613,RiversOther,Region_09,NRS18_CA_10016,2018,7/18/2018,1,BETB,30.85,Poor,USC00045741
2012936,ARTHROPODA,INSECTA,DIPTERA,CHIRONOMIDAE,PARALAUTERBORNIELLA,PARALAUTERBORNIELLA,4107,,,42.9772580983224,-102.8460361,RiversMajor,Region_07,NRS18_NE_10049,2018,7/18/2018,1,BERW,77.32,Good,USC00251578
2012937,MOLLUSCA,GASTROPODA,BASOMMATOPHORA,PLANORBIDAE,,PLANORBIDAE,4162,1,0,30.2388216511079,-81.7897025,SmallStreams,Region_04,NRS18_FL_10035,2018,7/17/2018,1,BERW,20.85,Poor,US1FLDV0042
2012938,ARTHROPODA,INSECTA,DIPTERA,CHIRONOMIDAE,CLADOTANYTARSUS,CLADOTANYTARSUS,3594,3,1,37.5778098750725,-88.65127462,SmallStreams,Region_05,NRS18_IL_10016,2018,7/18/2018,1,BERW,37.62,Fair,US1ILPP0005
2012939,ARTHROPODA,INSECTA,TRICHOPTERA,HYDROPSYCHIDAE,,HYDROPSYCHIDAE,3845,1,0,41.2886352158084,-72.86611382,SmallStreams,Region_01,NRS18_CT_10036,2018,7/17/2018,1,BERW,20,Poor,USC00062169
2012940,ANNELIDA,OLIGOCHAETA,HAPLOTAXIDA,NAIDIDAE,,NAIDIDAE,4003,1,1,34.8491527758539,-83.05363505,LargeStreams,Region_04,NRS18_SC_10479,2018,7/18/2018,1,BERW,32.65,Fair,US1SCOC0112
2012941,ARTHROPODA,INSECTA,ODONATA,CALOPTERYGIDAE,CALOPTERYX,CALOPTERYX,3547,,,41.2653042130403,-86.3162501,SmallStreams,Region_05,NRS18_IN_10021,2018,7/18/2018,1,BERW,24.6,Fair,US1INML0029
2012942,ARTHROPODA,INSECTA,DIPTERA,CHIRONOMIDAE,CLINOTANYPUS,CLINOTANYPUS,3600,6,1,43.1376675672706,-76.29550634,RiversOther,Region_02,NRS18_NY_10019,2018,7/18/2018,1,BETB,15.92,Poor,US1NYOG0014
2012943,ARTHROPODA,INSECTA,DIPTERA,EMPIDIDAE,HEMERODROMIA,HEMERODROMIA,3799,1,1,36.0964581024464,-92.11822359,SmallStreams,Region_06,NRS18_AR_10191,2018,7/18/2018,1,BERW,38.82,Fair,US1ARIZ0002
2012944,ARTHROPODA,MALACOSTRACA,AMPHIPODA,GAMMARIDAE,,GAMMARIDAE,3743,6,1,35.6287632412912,-90.9851249,SmallStreams,Region_06,NRS18_AR_10039,2018,7/18/2018,1,BERW,18.93,Poor,USC00035189
2012945,ANNELIDA,OLIGOCHAETA,HAPLOTAXIDA,NAIDIDAE,,NAIDIDAE,4003,2,1,40.5747126647748,-116.4404649,RiversOther,Region_09,NRS18_NV_10013,2018,7/18/2018,1,BERW,69.68,Good,US1NVEK0001
2012946,ANNELIDA,HIRUDINEA,,,,HIRUDINEA,3818,2,0,44.6848849549552,-98.29676552,SmallStreams,Region_08,NRS18_SD_10015,2018,7/18/2018,1,BERW,6.07,Poor,USC00393885
2012947,ARTHROPODA,ARACHNIDA,TROMBIDIFORMES,HYGROBATIDAE,HYGROBATES,HYGROBATES,3855,2,1,45.4621656188978,-122.9432564,RiversOther,Region_10,NRS18_OR_10059,2018,7/18/2018,1,BETB,2.38,Poor,US1ORWS0029
2012948,ANNELIDA,HIRUDINEA,RHYNCHOBDELLIDA,GLOSSIPHONIIDAE,HELOBDELLA,HELOBDELLA,3792,1,1,43.1665656217026,-75.97636262,LargeStreams,Region_02,NRS18_NY_10061,2018,7/19/2018,1,BETB,18.7,Poor,US1NYMD0008
2012949,ARTHROPODA,INSECTA,DIPTERA,CHIRONOMIDAE,RHEOTANYTARSUS,RHEOTANYTARSUS,4247,4,1,42.9239247104429,-84.98954692,LargeStreams,Region_05,NRS18_MI_10531,2018,7/19/2018,1,BERW,37.6,Good,USC00208746
2012950,ARTHROPODA,INSECTA,PLECOPTERA,PERLIDAE,,PERLIDAE,4138,,,,,,Region_03,NRS18_WV_RF002,,7/18/2018,1,BETB,69.67,,ACW00011604
2012952,ARTHROPODA,INSECTA,EPHEMEROPTERA,POLYMITARCYIDAE,EPHORON,EPHORON,3709,,,39.315119904402,-77.65539854,RiversMajor,Region_03,NRS18_MD_10010,2018,7/19/2018,1,BETB,50.98,Good,USC00463927
2012953,ANNELIDA,OLIGOCHAETA,ENCHYTRAEIDA,ENCHYTRAEIDAE,,ENCHYTRAEIDAE,3697,1,1,40.0573221526993,-111.4551488,LargeStreams,Region_08,NRS18_UT_10014,2018,7/19/2018,1,BERW,46.62,Fair,USC00428674
2012954,ARTHROPODA,INSECTA,EPHEMEROPTERA,LEPTOHYPHIDAE,TRICORYTHODES,TRICORYTHODES,4384,77,1,41.371900855366,-86.18941505,LargeStreams,Region_05,NRS18_IN_10008,2018,7/19/2018,1,BERW,30.53,Fair,US1INML0021
2012956,ARTHROPODA,INSECTA,DIPTERA,CHIRONOMIDAE,AXARUS,AXARUS,3498,4,1,42.949262409739,-102.9025938,RiversMajor,Region_07,NRS18_NE_10046,2018,7/19/2018,1,BETB,78.45,Good,USC00251578
2012958,ARTHROPODA,INSECTA,DIPTERA,SIMULIIDAE,SIMULIUM,SIMULIUM,4281,1,1,,,,Region_03,NRS18_PA_10015,,7/19/2018,2,BERW,63.15,,ACW00011604
2012961,ARTHROPODA,INSECTA,TRICHOPTERA,LEPTOCERIDAE,OECETIS,OECETIS,4060,1,1,35.5001172041443,-88.63773224,SmallStreams,Region_04,NRS18_TN_10005,2018,7/19/2018,1,BERW,38.92,Poor,US1TNCS0003
2012962,ARTHROPODA,INSECTA,ODONATA,COENAGRIONIDAE,ARGIA,ARGIA,3476,2,1,33.895730071333,-82.01937973,LargeStreams,Region_04,NRS18_SC_10010,2018,7/19/2018,1,BERW,37.2,Fair,US1SCED0018
2012963,ANNELIDA,OLIGOCHAETA,HAPLOTAXIDA,NAIDIDAE,PRISTINA,PRISTINA,4188,1,1,39.1862922579152,-108.9047683,RiversMajor,Region_08,NRS18_CO_10014,2018,7/18/2018,1,BETB,38.17,Poor,US1COME0024
2012964,MOLLUSCA,GASTROPODA,BASOMMATOPHORA,PLANORBIDAE,,PLANORBIDAE,4162,2,0,41.070745107578,-86.6206737,LargeStreams,Region_05,NRS18_IN_10025,2018,7/20/2018,1,BERW,23.6,Fair,USC00129670
2012965,ARTHROPODA,MALACOSTRACA,MYSIDA,MYSIDAE,,MYSIDAE,3999,2,1,29.8062427344324,-95.2141665,LargeStreams,Region_06,NRS18_TX_10046,2018,7/19/2018,1,BETB,9.87,Poor,US1TXHRR139
2012966,ARTHROPODA,INSECTA,DIPTERA,CHIRONOMIDAE,KRENOSMITTIA,KRENOSMITTIA,3881,2,1,44.2098648076683,-115.5467376,SmallStreams,Region_10,NRS18_ID_10008,2018,7/19/2018,1,BERW,47.35,Fair,USS0015E08S
2012967,ARTHROPODA,INSECTA,DIPTERA,CHIRONOMIDAE,PSEUDODIAMESA,PSEUDODIAMESA,4214,1,1,39.3693644795656,-106.4524344,SmallStreams,Region_08,NRS18_CO_10003,2018,7/19/2018,1,BERW,32.43,Poor,USC00058212
2012968,,,,,,NO INVERTEBRATES IN SAMPLE,999999,0,0,39.4257593378039,-106.4124235,LargeStreams,Region_08,NRS18_CO_10068,2018,7/19/2018,1,BERW,0,Poor,USC00056917
2012969,ARTHROPODA,INSECTA,EPHEMEROPTERA,BAETIDAE,,BAETIDAE,3500,3,0,39.2859439915892,-108.8335784,SmallStreams,Region_08,NRS18_CO_10374,2018,7/17/2018,1,BERW,20.87,Poor,US1COME0023
2012970,ANNELIDA,OLIGOCHAETA,HAPLOTAXIDA,NAIDIDAE,NAIS,NAIS,4004,,,41.7039734532346,-111.9194458,SmallStreams,Region_08,NRS18_UT_10044,2018,7/20/2018,1,BERW,9.63,Poor,USC00425183
2012971,ARTHROPODA,INSECTA,ODONATA,GOMPHIDAE,,GOMPHIDAE,3759,7,1,41.0056480668892,-117.3393376,RiversMajor,Region_09,NRS18_NV_10006,2018,7/19/2018,1,BERW,51.33,Fair,USC00263245
2012972,ARTHROPODA,INSECTA,DIPTERA,CHIRONOMIDAE,,CHIRONOMIDAE,3581,,,34.826529004669,-80.8152635,LargeStreams,Region_04,NRS18_SC_10004,2018,7/20/2018,1,BERW,5.33,Poor,US1NCUN0034
2012973,MOLLUSCA,BIVALVIA,VENEROIDA,PISIDIIDAE,,PISIDIIDAE,4158,8,0,35.0711778813674,-89.85614426,SmallStreams,Region_04,NRS18_TN_10011,2018,7/20/2018,1,BERW,4.3,Poor,US1TNSH0017
2012974,ARTHROPODA,INSECTA,ODONATA,LIBELLULIDAE,PACHYDIPLAX,PACHYDIPLAX,4086,,,35.865512194276,-90.84473388,SmallStreams,Region_06,NRS18_AR_10046,2018,7/20/2018,1,BERW,11.5,Poor,US1ARCG0002
2012975,ANNELIDA,OLIGOCHAETA,HAPLOTAXIDA,TUBIFICIDAE,BRANCHIURA,BRANCHIURA,3532,,,36.3554003367086,-90.95286554,LargeStreams,Region_06,NRS18_AR_10022,2018,7/19/2018,1,BETB,18.4,Poor,US1ARRN0011
2012976,ARTHROPODA,INSECTA,DIPTERA,CHIRONOMIDAE,LABRUNDINIA,LABRUNDINIA,3882,1,1,,,,Region_05,NRS18_IL_10013,,7/20/2018,2,BERW,34.68,,ACW00011604
2012977,ARTHROPODA,INSECTA,TRICHOPTERA,LEPTOCERIDAE,NECTOPSYCHE,NECTOPSYCHE,4011,9,1,37.9501320918071,-89.42697576,LargeStreams,Region_05,NRS18_IL_10019,2018,8/6/2018,1,BERW,39.68,Fair,USC00119275
2012978,ARTHROPODA,INSECTA,DIPTERA,CHIRONOMIDAE,CORYNONEURA,CORYNONEURA,3620,1,1,38.8653133213452,-108.398139,RiversMajor,Region_08,NRS18_CO_10002,2018,7/20/2018,1,BETB,30.32,Poor,US1COME0094
2012979,ANNELIDA,HIRUDINEA,RHYNCHOBDELLIDA,GLOSSIPHONIIDAE,ACTINOBDELLA,ACTINOBDELLA,3413,8,1,36.4294082090861,-90.75765669,RiversOther,Region_06,NRS18_AR_10024,2018,7/22/2018,1,BETB,35.73,Poor,US1ARRN0017
2012980,ARTHROPODA,INSECTA,EPHEMEROPTERA,EPHEMERELLIDAE,SERRATELLA,SERRATELLA,4272,,,39.6440598158494,-107.0192684,RiversOther,Region_08,NRS18_CO_11124,2018,7/22/2018,1,BETB,18.68,Poor,US1COEG0069
2012981,ARTHROPODA,INSECTA,PLECOPTERA,CAPNIIDAE,,CAPNIIDAE,3555,5,1,42.0191076074429,-70.97145746,SmallStreams,Region_01,NRS18_MA_10185,2018,7/22/2018,1,BERW,9.25,Poor,US1MAPL0022
2012982,ARTHROPODA,INSECTA,TRICHOPTERA,HYDROPTILIDAE,,HYDROPTILIDAE,3847,1,0,48.2217760594427,-105.121677,RiversOther,Region_08,NRS18_MT_10041,2018,7/26/2018,1,BERW,84.47,Good,USW00094060
2012983,ANNELIDA,OLIGOCHAETA,HAPLOTAXIDA,NAIDIDAE,DERO,DERO,3646,40,1,37.096309374856,-89.2934125,SmallStreams,Region_05,NRS18_IL_10026,2018,7/22/2018,1,BERW,2.08,Poor,USC00116383
2012984,ARTHROPODA,INSECTA,PLECOPTERA,PERLIDAE,NEOPERLA,NEOPERLA,4026,,,35.522036284218,-94.07139992,LargeStreams,Region_06,NRS18_AR_10489,2018,7/22/2018,1,BERW,14.32,Poor,USC00035072
2012985,ARTHROPODA,INSECTA,COLEOPTERA,ELMIDAE,NARPUS,NARPUS,4006,1,1,39.1639181087683,-107.8062132,LargeStreams,Region_08,NRS18_CO_10013,2018,7/18/2018,1,BERW,53.17,Good,US1COME0133
2012986,ARTHROPODA,INSECTA,DIPTERA,CHIRONOMIDAE,CLADOTANYTARSUS,CLADOTANYTARSUS,3594,2,1,39.8866702034677,-104.9310797,SmallStreams,Region_08,NRS18_CO_10016,2018,7/22/2018,1,BERW,13.92,Poor,US1COAD0119
2012987,ARTHROPODA,INSECTA,TRICHOPTERA,LEPTOCERIDAE,OECETIS,OECETIS,4060,1,1,,,,Region_04,NRS18_SC_10008,,7/22/2018,2,BETB,20.9,,ACW00011604
2012988,ARTHROPODA,INSECTA,DIPTERA,CHIRONOMIDAE,CLADOPELMA,CLADOPELMA,3593,4,1,46.8241386473192,-102.5020916,SmallStreams,Region_08,NRS18_ND_10075,2018,7/23/2018,1,BERW,31.05,Poor,US1NDSK0004
2012989,ARTHROPODA,INSECTA,TRICHOPTERA,LIMNEPHILIDAE,PSYCHOGLYPHA,PSYCHOGLYPHA,4224,2,1,42.4612110293472,-111.9125695,SmallStreams,Region_10,NRS18_ID_10003,2018,7/23/2018,1,BERW,61.55,Good,USS0011G30S
2012990,ARTHROPODA,INSECTA,DIPTERA,CHIRONOMIDAE,LIMNOPHYES,LIMNOPHYES,3928,,,40.7620910383815,-111.1798205,SmallStreams,Region_08,NRS18_UT_10046,2018,7/23/2018,1,BERW,24.98,Poor,USS0011J53S
2012991,ARTHROPODA,INSECTA,DIPTERA,CHIRONOMIDAE,PSEUDOCHIRONOMUS,PSEUDOCHIRONOMUS,4212,,,36.4341156285548,-90.34879978,LargeStreams,Region_06,NRS18_AR_10021,2018,7/23/2018,1,BERW,31.03,Poor,USC00235950
2012992,ANNELIDA,OLIGOCHAETA,HAPLOTAXIDA,,,HAPLOTAXIDA,3783,,,39.549230864657,-105.1317434,LargeStreams,Region_08,NRS18_CO_10053,2018,7/23/2018,1,BERW,6.87,Poor,US1COJF0489
2012993,ARTHROPODA,INSECTA,DIPTERA,CHIRONOMIDAE,PARACHIRONOMUS,PARACHIRONOMUS,4099,,,36.0889325654715,-94.02749288,RiversMajor,Region_06,NRS18_AR_10027,2018,7/23/2018,1,BETB,53.55,Good,US1ARWS0014
2012994,ARTHROPODA,INSECTA,DIPTERA,CHIRONOMIDAE,TRIBELOS,TRIBELOS,4379,1,1,32.6469600674004,-90.33467001,SmallStreams,Region_04,NRS18_MS_10003,2018,7/23/2018,1,BERW,39.45,Poor,USC00223069
2012995,ARTHROPODA,MALACOSTRACA,ISOPODA,ASELLIDAE,CAECIDOTEA,CAECIDOTEA,3540,4,1,33.3718168515431,-88.99623441,LargeStreams,Region_04,NRS18_MS_10014,2018,7/22/2018,1,BERW,15.25,Poor,US1MSOK0010
2012999,ARTHROPODA,INSECTA,LEPIDOPTERA,CRAMBIDAE,PARAPOYNX,PARAPOYNX,5127,1,1,41.5065393790248,-71.71228802,LargeStreams,Region_01,NRS18_RI_10004,2018,7/23/2018,1,BETB,29.27,Poor,US1RIWS0099
2013000,ARTHROPODA,INSECTA,DIPTERA,PSYCHODIDAE,,PSYCHODIDAE,4223,2,1,39.0738347560132,-108.4197432,RiversMajor,Region_08,NRS18_CO_10071,2018,7/23/2018,1,BETB,71.1,Good,US1COME0153
2013001,ARTHROPODA,INSECTA,EPHEMEROPTERA,LEPTOPHLEBIIDAE,PARALEPTOPHLEBIA,PARALEPTOPHLEBIA,4108,7,1,45.2628022214051,-118.3998338,LargeStreams,Region_10,NRS18_OR_10020,2018,7/23/2018,1,BERW,39.33,Fair,USC00354625
2013002,ARTHROPODA,INSECTA,TRICHOPTERA,LEPTOCERIDAE,OECETIS,OECETIS,4060,1,1,37.691715302758,-97.77541382,SmallStreams,Region_07,NRS18_KS_10091,2018,7/23/2018,1,BERW,46.88,Good,USC00141467
2013003,ARTHROPODA,INSECTA,DIPTERA,CHIRONOMIDAE,DICROTENDIPES,DICROTENDIPES,3658,7,1,,,,Region_05,NRS18_IL_10001,,7/23/2018,2,BERW,37.28,,ACW00011604
2013006,ARTHROPODA,INSECTA,DIPTERA,CHIRONOMIDAE,POLYPEDILUM,POLYPEDILUM,4178,1,1,42.4555564759163,-112.0018302,SmallStreams,Region_10,NRS18_ID_10245,2018,7/24/2018,1,BERW,76.72,Good,USS0011G30S
2013007,ARTHROPODA,ARACHNIDA,TROMBIDIFORMES,HYGROBATIDAE,HYGROBATES,HYGROBATES,3855,12,1,43.0384667962313,-90.25512316,LargeStreams,Region_05,NRS18_WI_10047,2018,7/24/2018,1,BERW,40.9,Good,US1WIIW0015
2013008,ARTHROPODA,INSECTA,COLEOPTERA,ELMIDAE,DUBIRAPHIA,DUBIRAPHIA,3678,1,1,40.0513459686986,-99.76749823,RiversOther,Region_07,NRS18_NE_10038,2018,7/24/2018,1,BERW,21.7,Fair,US10furn004
2013009,ANNELIDA,OLIGOCHAETA,HAPLOTAXIDA,NAIDIDAE,,NAIDIDAE,4003,6,0,40.4141104660928,-104.9936989,SmallStreams,Region_08,NRS18_CO_10063,2018,7/24/2018,1,BERW,26.75,Fair,US1COLR1125
2013010,ARTHROPODA,INSECTA,DIPTERA,TIPULIDAE,HEXATOMA,HEXATOMA,3817,,,33.6095935678906,-82.21193048,RiversOther,Region_04,NRS18_GA_10027,2018,7/24/2018,1,BERW,32.67,Fair,USC00385775
2013011,ARTHROPODA,INSECTA,DIPTERA,CHIRONOMIDAE,TANYTARSUS,TANYTARSUS,4348,9,1,41.4006488524029,-71.73109982,RiversOther,Region_01,NRS18_RI_10009,2018,7/24/2018,1,BETB,7.7,Poor,US1RIWS0046
2013012,ARTHROPODA,INSECTA,DIPTERA,CHIRONOMIDAE,AXARUS,AXARUS,3498,1,1,31.5862324947383,-90.8103525,LargeStreams,Region_04,NRS18_MS_10009,2018,7/24/2018,1,BERW,50.32,Fair,USC00229072
2013013,ARTHROPODA,INSECTA,DIPTERA,CHIRONOMIDAE,MACROPELOPIA,MACROPELOPIA,3953,,,29.8685747484276,-98.18765891,LargeStreams,Region_06,NRS18_TX_10038,2018,7/24/2018,1,BETB,35.42,Fair,US1TXCML125
2013014,ARTHROPODA,INSECTA,DIPTERA,ATHERICIDAE,ATHERIX,ATHERIX,3487,7,1,43.5104731807612,-73.24101049,LargeStreams,Region_01,NRS18_VT_10184,2018,7/24/2018,1,BERW,53.48,Fair,US1VTRT0023
2013015,ARTHROPODA,INSECTA,DIPTERA,CHIRONOMIDAE,NANOCLADIUS,NANOCLADIUS,4005,2,1,39.2162191555295,-89.02055726,LargeStreams,Region_05,NRS18_IL_10004,2018,7/24/2018,1,BERW,24.25,Poor,USC00117126
2013016,MOLLUSCA,GASTROPODA,BASOMMATOPHORA,PHYSIDAE,PHYSA,PHYSA,4149,2,1,43.9668824350713,-98.98077838,RiversOther,Region_08,NRS18_SD_10023,2018,7/24/2018,1,BERW,28.1,Poor,USC00393217
2013017,ARTHROPODA,INSECTA,EPHEMEROPTERA,CAENIDAE,,CAENIDAE,3541,2,0,35.6781747902362,-93.74408948,RiversOther,Region_06,NRS18_AR_10007,2018,7/24/2018,1,BERW,62.25,Good,USC00031574
2013018,ARTHROPODA,INSECTA,PLECOPTERA,CHLOROPERLIDAE,,CHLOROPERLIDAE,3583,2,1,38.3213138960559,-119.6740704,LargeStreams,Region_09,NRS18_CA_10389,2018,7/24/2018,1,BERW,51.87,Good,USS0019L07S
2013019,ARTHROPODA,INSECTA,TRICHOPTERA,BRACHYCENTRIDAE,BRACHYCENTRUS,BRACHYCENTRUS,3526,7,1,43.2383677785134,-73.24959885,SmallStreams,Region_01,NRS18_VT_10008,2018,7/25/2018,1,BERW,65.37,Good,US1NYWS0011
2013020,ARTHROPODA,INSECTA,DIPTERA,CHIRONOMIDAE,PARALAUTERBORNIELLA,PARALAUTERBORNIELLA,4107,26,1,42.879947494531,-112.4731285,RiversOther,Region_10,NRS18_ID_10842,2018,7/25/2018,1,BERW,50.25,Fair,USC00107210
2013021,ARTHROPODA,INSECTA,DIPTERA,CHIRONOMIDAE,,CRICOTOPUS/ORTHOCLADIUS,3623,12,1,40.3972645428835,-99.77148662,LargeStreams,Region_07,NRS18_NE_10034,2018,7/25/2018,1,BERW,45.17,Good,US10gosp002
2013022,ARTHROPODA,INSECTA,DIPTERA,CHIRONOMIDAE,PRODIAMESA,PRODIAMESA,4193,1,1,43.5329661357907,-90.62979488,SmallStreams,Region_05,NRS18_WI_10004,2018,7/25/2018,1,BERW,6.68,Poor,USC00474404
2013023,ARTHROPODA,INSECTA,TRICHOPTERA,LEPTOCERIDAE,OECETIS,OECETIS,4060,,,46.5037026340889,-102.7530186,RiversMajor,Region_08,NRS18_ND_10019,2018,7/25/2018,1,BERW,31.7,Poor,USC00326315
2013024,ARTHROPODA,INSECTA,DIPTERA,CHIRONOMIDAE,ZAVRELIMYIA,ZAVRELIMYIA,4433,3,1,42.1423504594639,-70.89254964,SmallStreams,Region_01,NRS18_MA_10007,2018,7/25/2018,1,BERW,2.58,Poor,USW00014790
2013025,ARTHROPODA,INSECTA,DIPTERA,CERATOPOGONIDAE,DASYHELEA,DASYHELEA,3641,225,1,29.6508672205244,-100.0203813,RiversMajor,Region_06,NRS18_TX_10040,2018,7/25/2018,1,BERW,19.95,Poor,USC00411398
2013026,MOLLUSCA,GASTROPODA,,,,GASTROPODA,3745,243,0,33.5094652463431,-90.41456407,SmallStreams,Region_04,NRS18_MS_10012,2018,7/25/2018,1,BERW,0,Poor,USC00226009
2013027,ANNELIDA,OLIGOCHAETA,HAPLOTAXIDA,TUBIFICIDAE,LIMNODRILUS,LIMNODRILUS,3925,1,1,38.7136426958427,-109.0093362,RiversOther,Region_08,NRS18_CO_11278,2018,7/24/2018,1,BERW,25.18,Poor,USC00053246
2013028,ARTHROPODA,INSECTA,ODONATA,GOMPHIDAE,,GOMPHIDAE,3759,1,1,,,,Region_06,NRS18_AR_10002,,7/24/2018,2,BETB,23.9,,ACW00011604
2013029,MOLLUSCA,BIVALVIA,VENEROIDA,DREISSENIDAE,DREISSENA,DREISSENA,3674,1,1,,,,Region_06,NRS18_AR_10010,,7/24/2018,2,BETB,38.6,,ACW00011604
2013030,ARTHROPODA,MALACOSTRACA,AMPHIPODA,,,AMPHIPODA,3450,4,0,36.4593301670873,-89.46806283,RiversMajor,Region_07,NRS18_MO_10014,2018,7/25/2018,1,BETB,48.32,Fair,USC00409020
2013031,ANNELIDA,OLIGOCHAETA,HAPLOTAXIDA,NAIDIDAE,HAEMONAIS,HAEMONAIS,3777,,,33.8439193643123,-96.29824697,SmallStreams,Region_06,NRS18_OK_10019,2018,7/25/2018,1,BERW,53.92,Fair,USC00349841
2013032,MOLLUSCA,GASTROPODA,BASOMMATOPHORA,PLANORBIDAE,,PLANORBIDAE,4162,2,0,42.9547515013517,-72.53091136,SmallStreams,Region_01,NRS18_NH_10020,2018,7/25/2018,1,BETB,2.68,Poor,US1VTWH0025
2013033,ARTHROPODA,INSECTA,EPHEMEROPTERA,BAETIDAE,BAETIS,BAETIS,3501,18,1,39.0335309763428,-84.50062278,LargeStreams,Region_04,NRS18_KY_10026,2018,7/25/2018,1,BERW,22.32,Poor,US1KYCB0010
2013036,ANNELIDA,OLIGOCHAETA,HAPLOTAXIDA,NAIDIDAE,DERO,DERO,3646,10,1,27.4121165975361,-81.14118759,LargeStreams,Region_04,NRS18_FL_10009,2018,7/25/2018,1,BETB,23.62,Poor,USC00081869
2013037,MOLLUSCA,GASTROPODA,BASOMMATOPHORA,LYMNAEIDAE,,LYMNAEIDAE,3945,3,1,39.6386557249504,-102.1136539,LargeStreams,Region_08,NRS18_CO_10050,2018,7/25/2018,1,BERW,16.82,Poor,USC00050834
2013038,ARTHROPODA,INSECTA,DIPTERA,CHIRONOMIDAE,CRYPTOCHIRONOMUS,CRYPTOCHIRONOMUS,3625,1,1,36.4984059712326,-90.27924365,LargeStreams,Region_07,NRS18_MO_10013,2018,7/26/2018,1,BERW,30.55,Poor,USC00236970
2013039,ARTHROPODA,INSECTA,DIPTERA,CHIRONOMIDAE,CHIRONOMUS,CHIRONOMUS,3582,9,1,46.458987527365,-102.6568372,RiversMajor,Region_08,NRS18_ND_10011,2018,7/26/2018,1,BERW,40.62,Poor,USC00327465
2013040,ANNELIDA,OLIGOCHAETA,HAPLOTAXIDA,TUBIFICIDAE,LIMNODRILUS,LIMNODRILUS,3925,1,1,40.3325741118461,-101.0525616,RiversOther,Region_07,NRS18_NE_10037,2018,7/26/2018,1,BERW,28.4,Fair,US10haye008
2013041,ANNELIDA,OLIGOCHAETA,HAPLOTAXIDA,TUBIFICIDAE,AULODRILUS,AULODRILUS,3496,5,1,41.6314672721842,-71.44787904,SmallStreams,Region_01,NRS18_RI_10017,2018,7/26/2018,1,BERW,57.63,Good,US1RIWS0007
2013043,ARTHROPODA,INSECTA,EPHEMEROPTERA,BAETIDAE,BAETIS,BAETIS,3501,4,1,44.9014943201021,-118.4770429,LargeStreams,Region_10,NRS18_OR_10004,2018,7/25/2018,1,BERW,60.88,Good,USC00353430
2013044,ARTHROPODA,INSECTA,DIPTERA,CHIRONOMIDAE,PAGASTIA,PAGASTIA,4088,,,44.8514580551858,-118.142916,SmallStreams,Region_10,NRS18_OR_10007,2018,7/26/2018,1,BERW,62.12,Good,USS0018E03S
2013045,MOLLUSCA,GASTROPODA,,,,GASTROPODA,3745,10,0,38.7353559044631,-108.1669674,RiversMajor,Region_08,NRS18_CO_11725,2018,7/25/2018,1,BETB,36.3,Poor,USC00052192
2013046,ARTHROPODA,INSECTA,DIPTERA,CHIRONOMIDAE,ABLABESMYIA,ABLABESMYIA,3406,4,1,40.9628349536427,-89.28942601,LargeStreams,Region_05,NRS18_IL_10033,2018,7/26/2018,1,BERW,49.75,Good,USC00118797
2013047,ARTHROPODA,INSECTA,COLEOPTERA,GYRINIDAE,GYRINUS,GYRINUS,3774,1,1,,,,Region_05,NRS18_MN_RF002,,7/26/2018,1,BETB,13.58,,ACW00011604
2013048,ARTHROPODA,INSECTA,EPHEMEROPTERA,LEPTOHYPHIDAE,TRICORYTHODES,TRICORYTHODES,4384,21,1,,,,Region_05,NRS18_OH_10037,,7/26/2018,2,BETB,31.02,,ACW00011604
2013049,ARTHROPODA,MALACOSTRACA,ISOPODA,ASELLIDAE,CAECIDOTEA,CAECIDOTEA,3540,17,1,,,,Region_03,NRS18_PA_10002,,7/24/2018,2,BETB,30.43,,ACW00011604
2013050,ANNELIDA,OLIGOCHAETA,HAPLOTAXIDA,TUBIFICIDAE,BRANCHIURA,BRANCHIURA,3532,2,1,,,,Region_03,NRS18_PA_10016,,7/25/2018,2,BETB,13.8,,ACW00011604
2013051,ARTHROPODA,INSECTA,DIPTERA,CHIRONOMIDAE,ABLABESMYIA,ABLABESMYIA,3406,2,1,29.4621369471899,-100.0014734,RiversMajor,Region_06,NRS18_TX_10039,2018,7/26/2018,1,BERW,66.1,Good,US1TXUV0016
2013052,ARTHROPODA,INSECTA,TRICHOPTERA,PHILOPOTAMIDAE,CHIMARRA,CHIMARRA,3579,2,1,35.6248353605418,-93.72112066,SmallStreams,Region_06,NRS18_AR_10192,2018,7/27/2018,1,BERW,23.83,Poor,US1ARFR0006
2013053,ARTHROPODA,INSECTA,DIPTERA,CHIRONOMIDAE,PARATENDIPES,PARATENDIPES,4121,18,1,39.9493704800852,-90.56089308,SmallStreams,Region_05,NRS18_IL_10015,2018,7/27/2018,1,BERW,5.12,Poor,USC00110497
2013054,ARTHROPODA,INSECTA,EPHEMEROPTERA,BAETIDAE,ACERPENNA,ACERPENNA,3408,1,1,42.9681722332306,-84.05173434,RiversOther,Region_05,NRS18_MI_10022,2018,7/27/2018,1,BERW,61.4,Good,USC00201818
2013055,ARTHROPODA,INSECTA,DIPTERA,CERATOPOGONIDAE,,CERATOPOGONINAE,3567,1,1,38.6961953346594,-104.7115425,RiversOther,Region_08,NRS18_CO_10021,2018,7/27/2018,1,BERW,27.27,Fair,US1COEP0212
2013056,ARTHROPODA,INSECTA,DIPTERA,CHIRONOMIDAE,PENTANEURA,PENTANEURA,4134,,,39.5646374686745,-104.2890967,LargeStreams,Region_08,NRS18_CO_10033,2018,7/26/2018,1,BERW,11.2,Poor,US1COAR0224
2013057,ANNELIDA,OLIGOCHAETA,HAPLOTAXIDA,TUBIFICIDAE,AULODRILUS,AULODRILUS,3496,1,1,41.7325038740293,-71.4937123,SmallStreams,Region_01,NRS18_RI_10192,2018,7/27/2018,1,BERW,0,Poor,US1RIKN0074
2013058,ARTHROPODA,INSECTA,DIPTERA,CHIRONOMIDAE,NANOCLADIUS,NANOCLADIUS,4005,1,1,33.5898619366445,-82.21196701,SmallStreams,Region_04,NRS18_GA_10022,2018,7/25/2018,1,BERW,27.67,Poor,US1GACU0029
2013059,ARTHROPODA,INSECTA,ODONATA,GOMPHIDAE,,GOMPHIDAE,3759,2,1,38.3501333083229,-104.6111431,RiversOther,Region_08,NRS18_CO_10070,2018,7/27/2018,1,BERW,12.72,Poor,US1COPU0117
2013060,ARTHROPODA,INSECTA,TRICHOPTERA,LEPTOCERIDAE,OECETIS,OECETIS,4060,,,38.5696115479404,-106.9424621,RiversMajor,Region_08,NRS18_CO_10024,2018,7/26/2018,1,BETB,13.98,Poor,US1COGN0052
2013061,ARTHROPODA,ARACHNIDA,TROMBIDIFORMES,LIMNESIIDAE,LIMNESIA,LIMNESIA,3920,1,1,34.3114328025322,-82.78739283,RiversMajor,Region_04,NRS18_SC_10020,2018,7/29/2018,1,BETB,11.75,Poor,US1SCAN0016
2013062,PLATYHELMINTHES,TURBELLARIA,,,,TURBELLARIA,4393,1,1,36.1022952373425,-91.61969827,LargeStreams,Region_06,NRS18_AR_10034,2018,7/29/2018,1,BERW,54.3,Good,USC00032366
2013063,ARTHROPODA,INSECTA,ODONATA,GOMPHIDAE,,GOMPHIDAE,3759,,,42.6544775282784,-72.46514205,RiversMajor,Region_01,NRS18_MA_10006,2018,7/29/2018,1,BETB,8.7,Poor,US1MAFR0001
2013071,MOLLUSCA,GASTROPODA,BASOMMATOPHORA,ANCYLIDAE,FERRISSIA,FERRISSIA,3735,6,1,44.9102851648039,-90.49366297,LargeStreams,Region_05,NRS18_WI_10007,2018,7/30/2018,1,BERW,31.2,Fair,USC00476358
2013072,ARTHROPODA,INSECTA,DIPTERA,CHIRONOMIDAE,TRIBELOS,TRIBELOS,4379,60,1,41.5218167998318,-71.59217352,LargeStreams,Region_01,NRS18_RI_10008,2018,7/30/2018,1,BERW,35.65,Poor,US1RIWS0095
2013073,ARTHROPODA,INSECTA,TRICHOPTERA,HYDROPSYCHIDAE,HYDROPSYCHE,HYDROPSYCHE,3844,4,1,39.6718467031065,-85.00230457,LargeStreams,Region_05,NRS18_IN_10013,2018,7/30/2018,1,BERW,65.08,Good,USC00125049
2013074,ARTHROPODA,INSECTA,ODONATA,GOMPHIDAE,OPHIOGOMPHUS,OPHIOGOMPHUS,4069,3,1,38.1432187627657,-104.6370915,LargeStreams,Region_08,NRS18_CO_10523,2018,7/29/2018,1,BERW,30,Fair,USC00056767
2013075,ARTHROPODA,INSECTA,DIPTERA,STRATIOMYIDAE,STRATIOMYS,STRATIOMYS,4319,2,1,36.051922957934,-90.32523631,SmallStreams,Region_07,NRS18_MO_10027,2018,7/30/2018,1,BERW,16.52,Poor,USC00231321
2013076,ARTHROPODA,INSECTA,EPHEMEROPTERA,LEPTOPHLEBIIDAE,,LEPTOPHLEBIIDAE,3904,3,1,37.1760795043494,-105.7310464,RiversMajor,Region_08,NRS18_CO_10011,2018,7/29/2018,1,BERW,43.28,Fair,US1COCS0010
2013077,ARTHROPODA,INSECTA,DIPTERA,CHIRONOMIDAE,XESTOCHIRONOMUS,XESTOCHIRONOMUS,4422,1,1,34.5078297086731,-81.51029334,RiversOther,Region_04,NRS18_SC_10781,2018,7/30/2018,1,BETB,15.72,Poor,USC00389218
2013078,ARTHROPODA,INSECTA,EPHEMEROPTERA,CAENIDAE,CAENIS,CAENIS,3542,3,1,39.4660277270724,-81.48058598,RiversOther,Region_05,NRS18_OH_10009,2018,7/30/2018,1,BETB,24.92,Poor,US1OHWS0014
2013079,ARTHROPODA,INSECTA,DIPTERA,CHIRONOMIDAE,STEMPELLINA,STEMPELLINA,4307,9,1,44.8639685574444,-71.54817245,RiversMajor,Region_01,NRS18_NH_10007,2018,7/30/2018,1,BETB,42.13,Fair,USC00271647
2013080,ARTHROPODA,INSECTA,ODONATA,GOMPHIDAE,,GOMPHIDAE,3759,1,1,38.0623777846736,-104.4110972,RiversOther,Region_08,NRS18_CO_10975,2018,7/30/2018,1,BERW,0,Poor,USC00051157
2013081,ARTHROPODA,INSECTA,DIPTERA,CHIRONOMIDAE,POLYPEDILUM,POLYPEDILUM,4178,2,1,44.3152156557795,-84.21130805,SmallStreams,Region_05,NRS18_MI_10005,2018,7/31/2018,1,BERW,44.95,Good,US1MIOG0002
2013082,ARTHROPODA,INSECTA,PLECOPTERA,PERLODIDAE,,PERLODIDAE,4141,2,1,,,,Region_01,NRS18_VT_10001,,7/31/2018,2,BERW,61.73,,ACW00011604
2013083,ARTHROPODA,INSECTA,DIPTERA,CHIRONOMIDAE,CHIRONOMUS,CHIRONOMUS,3582,1,1,47.1678874332294,-102.6457542,LargeStreams,Region_08,NRS18_ND_10004,2018,7/31/2018,1,BERW,40.17,Poor,USC00323446
2013084,ANNELIDA,POLYCHAETA,SABELLIDA,SABELLIDAE,,SABELLIDAE,4259,2,1,43.3050722238198,-73.59358931,RiversMajor,Region_02,NRS18_NY_10038,2018,7/31/2018,1,BETB,21.27,Poor,USW00014750
2013085,MOLLUSCA,GASTROPODA,BASOMMATOPHORA,PHYSIDAE,PHYSA,PHYSA,4149,4,1,40.7996551647927,-98.43775325,RiversOther,Region_07,NRS18_NE_10009,2018,7/31/2018,1,BETB,14.82,Poor,US10hall017
2013086,ARTHROPODA,ARACHNIDA,TROMBIDIFORMES,LEBERTIIDAE,LEBERTIA,LEBERTIA,3892,2,1,39.7146449004462,-85.18634092,SmallStreams,Region_05,NRS18_IN_10010,2018,7/31/2018,1,BERW,51.13,Good,US1INFY0003
2013087,ARTHROPODA,INSECTA,DIPTERA,CHIRONOMIDAE,LOPESCLADIUS,LOPESCLADIUS,3939,2,1,39.8543291326936,-82.95790904,RiversOther,Region_05,NRS18_OH_10032,2018,7/30/2018,1,BETB,45.75,Good,USC00331779
2013088,ARTHROPODA,INSECTA,EPHEMEROPTERA,LEPTOPHLEBIIDAE,,LEPTOPHLEBIIDAE,3904,11,1,37.0231192187461,-107.1671952,RiversMajor,Region_08,NRS18_CO_10046,2018,7/30/2018,1,BETB,61.97,Good,US1COAU0066
2013089,MOLLUSCA,BIVALVIA,VENEROIDA,PISIDIIDAE,,PISIDIIDAE,4158,4,1,34.3298847533045,-80.69510871,RiversMajor,Region_04,NRS18_SC_10012,2018,7/31/2018,1,BETB,18.35,Poor,USC00388979
2013090,ARTHROPODA,INSECTA,TRICHOPTERA,HYDROPSYCHIDAE,POTAMYIA,POTAMYIA,4186,1,1,36.6087019256978,-89.30583201,RiversMajor,Region_07,NRS18_MO_10009,2018,7/31/2018,1,BETB,20.08,Poor,USC00153816
2013091,ARTHROPODA,INSECTA,DIPTERA,CHIRONOMIDAE,GLYPTOTENDIPES,GLYPTOTENDIPES,3756,4,1,33.8636235341702,-97.00595407,RiversMajor,Region_06,NRS18_OK_10007,2018,7/31/2018,1,BETB,8.15,Poor,US1TXGA0015
2013092,ARTHROPODA,INSECTA,TRICHOPTERA,RHYACOPHILIDAE,RHYACOPHILA,RHYACOPHILA,4253,3,1,41.8684239102624,-72.08972479,LargeStreams,Region_01,NRS18_CT_10006,2018,7/31/2018,1,BERW,72.28,Good,USC00065125
2013093,ARTHROPODA,MALACOSTRACA,DECAPODA,PALAEMONIDAE,PALAEMON,PALAEMON,5126,85,1,33.8843292162294,-96.98814858,RiversMajor,Region_06,NRS18_OK_10009,2018,7/31/2018,1,BETB,16.37,Poor,US1TXGA0015
2013094,ARTHROPODA,INSECTA,COLEOPTERA,DYTISCIDAE,,DYTISCIDAE,3679,2,1,44.4907140878577,-122.8137147,RiversOther,Region_10,NRS18_OR_10002,2018,7/31/2018,1,BETB,23.13,Poor,US1ORLN0054
2013095,ARTHROPODA,INSECTA,DIPTERA,CHIRONOMIDAE,TANYTARSUS,TANYTARSUS,4348,7,1,43.3076253033567,-73.63244863,SmallStreams,Region_02,NRS18_NY_10026,2018,8/1/2018,1,BETB,17.52,Poor,USC00303289
2013096,ARTHROPODA,INSECTA,DIPTERA,EMPIDIDAE,,EMPIDIDAE,3695,9,0,44.5409514370486,-73.03445819,LargeStreams,Region_01,NRS18_VT_10015,2018,8/1/2018,1,BERW,31.93,Poor,US1VTCH0037
2013097,ARTHROPODA,INSECTA,DIPTERA,CHIRONOMIDAE,PHAENOPSECTRA,PHAENOPSECTRA,4143,5,1,39.187273908572,-85.34940479,SmallStreams,Region_05,NRS18_IN_10001,2018,8/1/2018,1,BERW,24.45,Poor,USC00126055
2013098,MOLLUSCA,GASTROPODA,BASOMMATOPHORA,LYMNAEIDAE,GALBA,GALBA,5117,1,1,47.1811504193222,-120.0244085,LargeStreams,Region_10,NRS18_WA_10522,2018,7/31/2018,1,BERW,64.45,Good,USC00458579
2013099,PLATYHELMINTHES,TURBELLARIA,,,,TURBELLARIA,4393,3,1,45.6986077500135,-120.4175269,RiversMajor,Region_10,NRS18_WA_10008,2018,7/27/2018,1,BETB,2.38,Poor,USC00350788
2013100,ARTHROPODA,INSECTA,EPHEMEROPTERA,BAETIDAE,CALLIBAETIS,CALLIBAETIS,3544,2,1,48.1394315625538,-119.0654186,RiversMajor,Region_10,NRS18_WA_10024,2018,7/30/2018,1,BETB,12.03,Poor,USC00455832
2013101,ARTHROPODA,MALACOSTRACA,AMPHIPODA,GAMMARIDAE,GAMMARUS,GAMMARUS,3744,2,1,46.6902134940879,-117.4968159,RiversMajor,Region_10,NRS18_WA_10026,2018,7/28/2018,1,BETB,10.28,Poor,USC00454835
2013102,ARTHROPODA,INSECTA,DIPTERA,CHIRONOMIDAE,PARATANYTARSUS,PARATANYTARSUS,4120,1,1,48.0873196054411,-119.0223688,RiversMajor,Region_10,NRS18_WA_10040,2018,7/30/2018,1,BETB,7.22,Poor,USC00455832
2013103,ARTHROPODA,INSECTA,DIPTERA,CHIRONOMIDAE,POTTHASTIA,POTTHASTIA,4187,2,1,47.4613894510131,-120.3168798,RiversMajor,Region_10,NRS18_WA_10039,2018,7/29/2018,1,BETB,7.65,Poor,US1WADG0011
2013104,ANNELIDA,OLIGOCHAETA,HAPLOTAXIDA,NAIDIDAE,,NAIDIDAE,4003,3,1,40.6785958028217,-99.48502099,RiversMajor,Region_07,NRS18_NE_10024,2018,8/1/2018,1,BETB,54.45,Good,US10daws014
2013105,ARTHROPODA,INSECTA,TRICHOPTERA,LIMNEPHILIDAE,PYCNOPSYCHE,PYCNOPSYCHE,4233,1,1,41.4884666813538,-78.13260722,SmallStreams,Region_03,NRS18_PA_10005,2018,8/1/2018,1,BERW,71.67,Good,USC00361180
2013106,ARTHROPODA,INSECTA,DIPTERA,CHIRONOMIDAE,TRIBELOS,TRIBELOS,4379,3,1,36.606373521468,-85.50504123,RiversMajor,Region_04,NRS18_TN_10002,2018,8/1/2018,1,BETB,0.12,Poor,US1TNCY0002
2013107,ARTHROPODA,ARACHNIDA,TROMBIDIFORMES,HYGROBATIDAE,HYGROBATES,HYGROBATES,3855,1,1,45.4940435030942,-90.96128054,SmallStreams,Region_05,NRS18_WI_10035,2018,8/1/2018,1,BERW,63.6,Good,USC00473090
2013108,ARTHROPODA,INSECTA,COLEOPTERA,ELMIDAE,STENELMIS,STENELMIS,4310,13,1,45.2691920335702,-92.49501632,LargeStreams,Region_05,NRS18_WI_10066,2018,7/31/2018,1,BERW,64.9,Good,US1WIPK0029
2013109,ARTHROPODA,INSECTA,DIPTERA,CHIRONOMIDAE,TRISSOPELOPIA,TRISSOPELOPIA,4386,2,1,37.4917628354756,-78.75646116,SmallStreams,Region_03,NRS18_VA_10003,2018,8/1/2018,1,BERW,50.97,Good,USC00444046
2013110,ARTHROPODA,INSECTA,TRICHOPTERA,HYDROPTILIDAE,LEUCOTRICHIA,LEUCOTRICHIA,3910,13,1,37.0710959497053,-107.6140928,LargeStreams,Region_08,NRS18_CO_10020,2018,7/31/2018,1,BERW,57.03,Good,USC00054250
2013111,ARTHROPODA,INSECTA,DIPTERA,CERATOPOGONIDAE,ATRICHOPOGON,ATRICHOPOGON,3491,1,1,40.1488700656835,-80.70355735,RiversMajor,Region_05,NRS18_OH_10019,2018,8/1/2018,1,BETB,9,Poor,USC00467018
2013112,ARTHROPODA,INSECTA,TRICHOPTERA,LEPTOCERIDAE,NECTOPSYCHE,NECTOPSYCHE,4011,1,1,34.1262214181086,-80.65031792,RiversMajor,Region_04,NRS18_SC_10005,2018,8/1/2018,1,BETB,43.93,Fair,US1SCKR0055
2013113,ARTHROPODA,INSECTA,DIPTERA,CHIRONOMIDAE,DICROTENDIPES,DICROTENDIPES,3658,33,1,36.509600452275,-90.40380405,RiversMajor,Region_07,NRS18_MO_10040,2018,8/1/2018,1,BETB,57.7,Good,USC00235950
2013114,ARTHROPODA,INSECTA,DIPTERA,CHIRONOMIDAE,POLYPEDILUM,POLYPEDILUM,4178,13,1,43.0441962350419,-97.36152662,SmallStreams,Region_08,NRS18_SD_10029,2018,8/1/2018,1,BERW,25.77,Poor,US1SDYN0011
2013115,ARTHROPODA,INSECTA,EPHEMEROPTERA,CAENIDAE,CAENIS,CAENIS,3542,1,1,37.6046199233321,-103.6059701,RiversOther,Region_08,NRS18_CO_10009,2018,8/1/2018,1,BERW,24.93,Fair,US1COLA0001
2013116,ARTHROPODA,INSECTA,DIPTERA,CHIRONOMIDAE,STENOCHIRONOMUS,STENOCHIRONOMUS,4311,1,1,41.1123126435263,-74.97563402,RiversMajor,Region_02,NRS18_NJ_10019,2018,8/1/2018,1,BETB,28.42,Poor,US1NJSS0040
2013117,ARTHROPODA,ARACHNIDA,TROMBIDIFORMES,PROTZIIDAE,PROTZIA,PROTZIA,4204,1,1,45.5191548429358,-115.9668094,SmallStreams,Region_10,NRS18_ID_10057,2018,7/31/2018,1,BERW,68.82,Good,USC00105429
2013118,ARTHROPODA,INSECTA,EPHEMEROPTERA,BAETIDAE,BAETIS,BAETIS,3501,7,1,45.5305645868909,-116.0130752,SmallStreams,Region_10,NRS18_ID_10095,2018,7/30/2018,1,BERW,40.62,Fair,USC00105429
2013119,ARTHROPODA,INSECTA,DIPTERA,TIPULIDAE,DICRANOTA,DICRANOTA,3657,1,1,45.9935763460971,-115.8989656,SmallStreams,Region_10,NRS18_ID_10280,2018,8/1/2018,1,BERW,89.08,Good,US1IDID0011
2013120,ARTHROPODA,INSECTA,TRICHOPTERA,ODONTOCERIDAE,PSILOTRETA,PSILOTRETA,4220,1,1,44.0094161421892,-72.4004584,SmallStreams,Region_01,NRS18_VT_10013,2018,8/2/2018,1,BERW,47.38,Fair,US1VTOG0015
2013121,ARTHROPODA,ARACHNIDA,TROMBIDIFORMES,ARRENURIDAE,ARRENURUS,ARRENURUS,3481,17,1,32.4610359923805,-94.70198022,SmallStreams,Region_06,NRS18_TX_10004,2018,7/31/2018,1,BERW,32.3,Poor,USC00415341
2013122,ARTHROPODA,INSECTA,DIPTERA,CHIRONOMIDAE,DICROTENDIPES,DICROTENDIPES,3658,2,1,33.587430873046,-94.45554905,RiversMajor,Region_06,NRS18_TX_10035,2018,8/1/2018,1,BETB,37.4,Poor,USC00415187
2013123,ARTHROPODA,INSECTA,DIPTERA,CHIRONOMIDAE,POLYPEDILUM,POLYPEDILUM,4178,10,1,43.2486611188534,-73.74077517,RiversMajor,Region_02,NRS18_NY_10014,2018,8/2/2018,1,BETB,10.7,Poor,USC00308104
2013124,ARTHROPODA,INSECTA,TRICHOPTERA,LEPTOCERIDAE,OECETIS,OECETIS,4060,1,1,35.691637365508,-87.22674783,RiversOther,Region_04,NRS18_TN_10016,2018,8/2/2018,1,BETB,16.2,Poor,US1TNMY0037
2013125,ANNELIDA,OLIGOCHAETA,HAPLOTAXIDA,NAIDIDAE,,NAIDIDAE,4003,,,44.1679536616252,-122.24967,RiversOther,Region_10,NRS18_OR_10011,2018,8/1/2018,1,BETB,35.9,Fair,USC00351914
2013127,ARTHROPODA,INSECTA,TRICHOPTERA,LEPTOCERIDAE,NECTOPSYCHE,NECTOPSYCHE,4011,3,1,,,,Region_05,NRS18_IN_10008,,8/2/2018,2,BERW,19.63,,ACW00011604
2013128,ARTHROPODA,INSECTA,DIPTERA,CHIRONOMIDAE,PARALAUTERBORNIELLA,PARALAUTERBORNIELLA,4107,1,1,,,,Region_08,NRS18_ND_10001,,8/2/2018,2,BERW,54.5,,ACW00011604
2013129,ARTHROPODA,ARACHNIDA,SARCOPTIFORMES,,,SARCOPTIFORMES,4263,,,41.4798270316434,-78.06973939,SmallStreams,Region_03,NRS18_PA_10017,2018,8/2/2018,1,BERW,68,Good,USC00368469
2013130,ARTHROPODA,INSECTA,COLEOPTERA,DRYOPIDAE,HELICHUS,HELICHUS,3788,1,1,37.6658283789822,-104.2322735,RiversOther,Region_08,NRS18_CO_10974,2018,8/2/2018,1,BERW,29.8,Fair,US1COLA0072
2013131,ARTHROPODA,ARACHNIDA,TROMBIDIFORMES,LEBERTIIDAE,LEBERTIA,LEBERTIA,3892,1,1,41.8455303026767,-70.61924261,SmallStreams,Region_01,NRS18_MA_10011,2018,8/2/2018,1,BERW,49.07,Fair,US1MAPL0052
2013132,ARTHROPODA,MALACOSTRACA,ISOPODA,ASELLIDAE,CAECIDOTEA,CAECIDOTEA,3540,3,1,40.0410916442885,-104.825239,RiversMajor,Region_08,NRS18_CO_11423,2018,8/1/2018,1,BETB,19.68,Poor,US1COWE0485
2013133,ARTHROPODA,INSECTA,EPHEMEROPTERA,BAETIDAE,,BAETIDAE,3500,4,1,40.5069035295173,-80.61779008,RiversMajor,Region_05,NRS18_OH_10034,2018,8/2/2018,1,BETB,1.32,Poor,USC00466442
2013134,ANNELIDA,OLIGOCHAETA,HAPLOTAXIDA,NAIDIDAE,,NAIDIDAE,4003,2,1,43.2777227097481,-97.29452776,LargeStreams,Region_08,NRS18_SD_10018,2018,8/2/2018,1,BERW,35.37,Fair,US1SDTR0002
2013135,MOLLUSCA,BIVALVIA,VENEROIDA,PISIDIIDAE,MUSCULIUM,MUSCULIUM,3997,1,1,39.4106518395422,-82.98479119,RiversMajor,Region_05,NRS18_OH_10020,2018,8/2/2018,1,BETB,57.92,Good,USR0000OCHL
2013136,ARTHROPODA,INSECTA,DIPTERA,CHIRONOMIDAE,RHEOTANYTARSUS,RHEOTANYTARSUS,4247,1,1,39.488266966081,-82.9948937,RiversMajor,Region_05,NRS18_OH_10035,2018,8/1/2018,1,BETB,25.32,Poor,US1OHRS0014
2013137,ARTHROPODA,INSECTA,COLEOPTERA,DRYOPIDAE,HELICHUS,HELICHUS,3788,2,1,39.7782351888594,-86.44708213,SmallStreams,Region_05,NRS18_IN_10005,2018,8/3/2018,1,BERW,43.43,Good,US1INHS0004
2013138,ARTHROPODA,INSECTA,DIPTERA,TIPULIDAE,DICRANOTA,DICRANOTA,3657,3,1,41.900603112775,-72.17456169,SmallStreams,Region_01,NRS18_CT_10030,2018,8/2/2018,1,BERW,79.42,Good,US1CTWN0012
2013139,ARTHROPODA,INSECTA,DIPTERA,TABANIDAE,,TABANIDAE,4340,1,1,,,,Region_01,NRS18_NH_10002,,8/2/2018,2,BETB,5.28,,ACW00011604
2013140,ARTHROPODA,INSECTA,ODONATA,CALOPTERYGIDAE,,CALOPTERYGIDAE,3546,3,1,34.6749771597024,-81.10775781,SmallStreams,Region_04,NRS18_SC_10180,2018,8/2/2018,1,BERW,31.73,Fair,US1SCCS0007
2013141,ARTHROPODA,INSECTA,DIPTERA,CHIRONOMIDAE,DICROTENDIPES,DICROTENDIPES,3658,,,44.7334934393195,-92.32639404,LargeStreams,Region_05,NRS18_WI_10543,2018,8/2/2018,1,BERW,45.92,Good,US1WIPC0001
2013142,ARTHROPODA,INSECTA,COLEOPTERA,PTILODACTYLIDAE,ANCHYTARSUS,ANCHYTARSUS,3457,1,1,30.7611014152122,-86.26432774,SmallStreams,Region_04,NRS18_FL_10008,2018,7/31/2018,1,BERW,46.77,Fair,US1FLWT0027
2013143,ARTHROPODA,INSECTA,COLEOPTERA,ELMIDAE,STENELMIS,STENELMIS,4310,1,1,35.6724137962101,-87.2633331,RiversOther,Region_04,NRS18_TN_10007,2018,8/3/2018,1,BETB,24.62,Poor,US1TNHM0009
2013144,ARTHROPODA,INSECTA,TRICHOPTERA,LEPTOCERIDAE,NECTOPSYCHE,NECTOPSYCHE,4011,2,1,40.6550539411411,-103.1684977,RiversMajor,Region_08,NRS18_CO_11424,2018,8/2/2018,1,BETB,44.5,Good,US1COLG0059
2013145,ARTHROPODA,INSECTA,DIPTERA,CHIRONOMIDAE,TANYPUS,TANYPUS,4347,3,1,33.482983031292,-97.17612376,SmallStreams,Region_06,NRS18_TX_10011,2018,8/3/2018,1,BERW,23.3,Fair,USC00419286
2013146,ARTHROPODA,INSECTA,TRICHOPTERA,ODONTOCERIDAE,,ODONTOCERIDAE,4057,1,1,41.9200414744181,-71.53041473,SmallStreams,Region_01,NRS18_RI_10022,2018,8/3/2018,1,BERW,15.78,Poor,US1RIPR0131
2013151,ARTHROPODA,INSECTA,ODONATA,CALOPTERYGIDAE,HETAERINA,HETAERINA,3807,,,42.4644575124082,-71.41567548,LargeStreams,Region_01,NRS18_MA_10017,2018,8/5/2018,1,BERW,35.25,Poor,US1MAMD0053
2013152,ARTHROPODA,INSECTA,TRICHOPTERA,LEPTOCERIDAE,,LEPTOCERIDAE,3897,,,40.9413152231007,-102.3414153,RiversMajor,Region_08,NRS18_CO_10010,2018,8/3/2018,1,BETB,45.95,Good,US1COSG0031
2013153,MOLLUSCA,GASTROPODA,BASOMMATOPHORA,PHYSIDAE,PHYSA,PHYSA,4149,4,1,32.7792409461036,-96.55448836,SmallStreams,Region_06,NRS18_TX_10010,2018,8/5/2018,1,BERW,35.78,Good,US1TXDA0026
2013154,ARTHROPODA,INSECTA,DIPTERA,CHIRONOMIDAE,CHIRONOMUS,CHIRONOMUS,3582,17,1,32.2164864421918,-85.51675754,LargeStreams,Region_04,NRS18_AL_10022,2018,8/6/2018,1,BERW,30.48,Poor,USC00014080
2013155,ARTHROPODA,INSECTA,TRICHOPTERA,PHILOPOTAMIDAE,CHIMARRA,CHIMARRA,3579,33,1,41.8326705940145,-71.46914114,LargeStreams,Region_01,NRS18_RI_10001,2018,8/6/2018,1,BERW,41.18,Fair,US1RIPR0016
2013156,PLATYHELMINTHES,TURBELLARIA,,,,TURBELLARIA,4393,3,1,37.1020524423802,-81.04268,LargeStreams,Region_03,NRS18_VA_10005,2018,8/6/2018,1,BERW,44.13,Fair,USC00440792
2013157,ARTHROPODA,INSECTA,MEGALOPTERA,CORYDALIDAE,CORYDALUS,CORYDALUS,3619,1,1,39.1886321814636,-76.85368602,LargeStreams,Region_03,NRS18_MD_10005,2018,8/6/2018,1,BERW,26.4,Poor,US1MDHW0006
2013158,ARTHROPODA,INSECTA,DIPTERA,CHIRONOMIDAE,STEMPELLINELLA,STEMPELLINELLA,4308,2,1,48.1757587130537,-97.69985563,RiversOther,Region_08,NRS18_ND_10008,2018,8/6/2018,1,BERW,22.65,Poor,US1NDWH0006
2013159,ARTHROPODA,ARACHNIDA,TROMBIDIFORMES,SPERCHONIDAE,SPERCHONOPSIS,SPERCHONOPSIS,4298,7,1,37.9574160947384,-108.8410129,RiversOther,Region_08,NRS18_CO_11274,2018,8/4/2018,1,BERW,43.23,Fair,US1COSM0008
2013160,ARTHROPODA,INSECTA,TRICHOPTERA,HYDROPSYCHIDAE,ARCTOPSYCHE,ARCTOPSYCHE,3475,8,1,37.714068674414,-106.8381694,LargeStreams,Region_08,NRS18_CO_10004,2018,8/5/2018,1,BERW,46.88,Fair,USC00058742
2013161,ARTHROPODA,INSECTA,DIPTERA,CHIRONOMIDAE,ABLABESMYIA,ABLABESMYIA,3406,21,1,34.4009847788115,-96.10731749,SmallStreams,Region_06,NRS18_OK_10921,2018,8/6/2018,1,BERW,9.42,Poor,USC00340391
2013162,ARTHROPODA,INSECTA,ODONATA,GOMPHIDAE,,GOMPHIDAE,3759,1,1,40.3945065854773,-103.4773326,RiversMajor,Region_08,NRS18_CO_10012,2018,8/5/2018,1,BETB,50.65,Good,US1COWA0023
2013163,ARTHROPODA,INSECTA,DIPTERA,CHIRONOMIDAE,CHIRONOMUS,CHIRONOMUS,3582,7,1,39.9220263450561,-97.28540999,SmallStreams,Region_07,NRS18_KS_10040,2018,8/6/2018,1,BERW,30.65,Fair,USC00143323
2013164,ARTHROPODA,ARACHNIDA,TROMBIDIFORMES,UNIONICOLIDAE,UNIONICOLA,UNIONICOLA,4400,4,1,31.3367795303723,-96.97263145,RiversMajor,Region_06,NRS18_TX_10026,2018,8/6/2018,1,BETB,13.38,Poor,US1TXFA0001
2013165,ARTHROPODA,INSECTA,DIPTERA,CHIRONOMIDAE,DICROTENDIPES,DICROTENDIPES,3658,4,1,41.9698967785838,-76.51192148,RiversMajor,Region_03,NRS18_PA_10012,2018,8/7/2018,1,BETB,26.58,Poor,US1PABF0020
2013166,ARTHROPODA,INSECTA,DIPTERA,SIMULIIDAE,,SIMULIIDAE,4280,1,0,41.6569858514094,-78.6114885,SmallStreams,Region_03,NRS18_PA_10007,2018,8/7/2018,1,BERW,61.15,Good,USC00361529
2013167,ARTHROPODA,INSECTA,COLEOPTERA,PSEPHENIDAE,ECTOPRIA,ECTOPRIA,3688,,,44.1889680852931,-87.88353587,LargeStreams,Region_05,NRS18_WI_10401,2018,8/7/2018,1,BERW,79.65,Good,US1WIBN0036
2013168,ARTHROPODA,ARACHNIDA,TROMBIDIFORMES,LEBERTIIDAE,LEBERTIA,LEBERTIA,3892,1,1,38.5723422087607,-121.3577452,RiversOther,Region_09,NRS18_CA_10018,2018,8/7/2018,1,BETB,27.8,Poor,US1CASA0082
2013169,ARTHROPODA,MALACOSTRACA,AMPHIPODA,HYALELLIDAE,HYALELLA,HYALELLA,3821,54,1,47.324716202361,-97.0365988,LargeStreams,Region_08,NRS18_ND_10005,2018,8/7/2018,1,BERW,18.8,Poor,USC00324626
2013172,ARTHROPODA,INSECTA,TRICHOPTERA,HYDROPTILIDAE,,HYDROPTILIDAE,3847,1,1,42.7225294723737,-96.87167402,RiversMajor,Region_07,NRS18_NE_10025,2018,8/7/2018,1,BETB,10.02,Poor,US1SDCY0004
2013173,ARTHROPODA,INSECTA,TRICHOPTERA,HYDROPTILIDAE,HYDROPTILA,HYDROPTILA,3846,4,1,37.5932827823398,-79.38320406,RiversMajor,Region_03,NRS18_VA_10002,2018,8/7/2018,1,BETB,56.75,Good,USC00443375
2013174,ARTHROPODA,MALACOSTRACA,ISOPODA,ASELLIDAE,CAECIDOTEA,CAECIDOTEA,3540,2,1,32.1242205648654,-87.52831805,SmallStreams,Region_04,NRS18_AL_10005,2018,8/7/2018,1,BERW,15.95,Poor,US1ALWX0003
2013175,ARTHROPODA,MALACOSTRACA,AMPHIPODA,GAMMARIDAE,GAMMARUS,GAMMARUS,3744,54,1,41.89122923,-72.66210156,RiversOther,Region_01,NRS18_CT_10002,2018,8/7/2018,1,BETB,26.9,Poor,US1CTHR0102
2013176,ARTHROPODA,INSECTA,DIPTERA,CHIRONOMIDAE,PARATANYTARSUS,PARATANYTARSUS,4120,1,1,43.8409965372461,-122.8207579,SmallStreams,Region_10,NRS18_OR_10054,2018,8/7/2018,1,BERW,69.2,Good,US1ORLA0100
2013177,MOLLUSCA,GASTROPODA,BASOMMATOPHORA,PLANORBIDAE,MENETUS,MENETUS,3967,2,1,34.3911616829434,-94.50889924,LargeStreams,Region_06,NRS18_OK_10026,2018,8/7/2018,1,BERW,35.32,Fair,USC00031666
2013178,MOLLUSCA,BIVALVIA,VENEROIDA,CORBICULIDAE,CORBICULA,CORBICULA,3612,9,1,37.2560167194006,-88.5102815,LargeStreams,Region_05,NRS18_IL_10031,2018,8/7/2018,1,BETB,6.82,Poor,US1ILMC0003
2013179,ARTHROPODA,INSECTA,DIPTERA,CHIRONOMIDAE,PROCLADIUS,PROCLADIUS,4191,2,1,43.6916534119698,-97.96683719,RiversMajor,Region_08,NRS18_SD_10024,2018,8/7/2018,1,BETB,20.12,Poor,US1SDDV0024
2013180,ARTHROPODA,INSECTA,DIPTERA,CHIRONOMIDAE,RHEOTANYTARSUS,RHEOTANYTARSUS,4247,4,1,,,,Region_03,NRS18_DE_10005,,8/7/2018,2,BERW,45.07,,ACW00011604
2013181,ARTHROPODA,INSECTA,DIPTERA,CHIRONOMIDAE,PARATANYTARSUS,PARATANYTARSUS,4120,2,1,42.0659050439803,-78.46921643,RiversMajor,Region_02,NRS18_NY_10018,2018,8/7/2018,1,BETB,25.75,Poor,USC00306196
2013182,ARTHROPODA,INSECTA,DIPTERA,PSYCHODIDAE,,PSYCHODIDAE,4223,3,1,,,,Region_08,NRS18_CO_10013,,8/7/2018,2,BERW,52.13,,ACW00011604
2013183,ARTHROPODA,INSECTA,DIPTERA,CHIRONOMIDAE,PARAKIEFFERIELLA,PARAKIEFFERIELLA,4106,2,1,44.396068955293,-116.0460788,RiversOther,Region_10,NRS18_ID_10049,2018,8/7/2018,1,BETB,14.48,Poor,USC00100199
2013184,ARTHROPODA,ARACHNIDA,TROMBIDIFORMES,SPERCHONIDAE,SPERCHON,SPERCHON,4296,2,1,39.6442594821613,-75.868082,LargeStreams,Region_03,NRS18_MD_10015,2018,8/7/2018,1,BERW,68.52,Good,US1MDCC0016
2013185,ARTHROPODA,INSECTA,PLECOPTERA,LEUCTRIDAE,,LEUCTRIDAE,3913,1,1,39.6901658253134,-76.93024368,SmallStreams,Region_03,NRS18_MD_10003,2018,8/8/2018,1,BERW,25.57,Poor,US1MDCR0012
2013186,ARTHROPODA,INSECTA,DIPTERA,CHIRONOMIDAE,PARACHIRONOMUS,PARACHIRONOMUS,4099,17,1,39.7549313120524,-97.55600515,SmallStreams,Region_07,NRS18_KS_10140,2018,8/7/2018,1,BERW,23.28,Fair,US1KSRP0013
2013187,ARTHROPODA,INSECTA,EPHEMEROPTERA,HEPTAGENIIDAE,,HEPTAGENIIDAE,3802,7,0,41.9999024160351,-76.62263816,RiversOther,Region_03,NRS18_PA_10023,2018,8/8/2018,1,BETB,60.83,Good,USC00301413
2013188,MOLLUSCA,GASTROPODA,,,,GASTROPODA,3745,3,1,,,,Region_04,NRS18_AL_10010,,8/8/2018,2,BETB,16.38,,ACW00011604
2013189,ARTHROPODA,INSECTA,TRICHOPTERA,LEPTOCERIDAE,OECETIS,OECETIS,4060,2,1,34.7880619763736,-91.87004886,LargeStreams,Region_06,NRS18_AR_10009,2018,8/8/2018,1,BERW,39.58,Poor,US1ARLK0011
2013190,ARTHROPODA,INSECTA,DIPTERA,CHIRONOMIDAE,CARDIOCLADIUS,CARDIOCLADIUS,3556,,,41.350000440327,-73.19197535,SmallStreams,Region_01,NRS18_CT_10017,2018,8/7/2018,1,BERW,32.12,Poor,US1CTFR0042
2013191,ARTHROPODA,MALACOSTRACA,DECAPODA,CAMBARIDAE,FAXONIUS,FAXONIUS,5131,1,1,34.4956631811137,-94.4735322,RiversOther,Region_06,NRS18_OK_10036,2018,8/8/2018,1,BERW,26.95,Poor,USC00031666
2013192,ARTHROPODA,MALACOSTRACA,AMPHIPODA,HYALELLIDAE,HYALELLA,HYALELLA,3821,2,1,25.9714392434668,-80.31460687,SmallStreams,Region_04,NRS18_FL_10042,2018,8/7/2018,1,BETB,18.18,Poor,US1FLMD0006
2013193,ARTHROPODA,INSECTA,DIPTERA,CHIRONOMIDAE,PHAENOPSECTRA,PHAENOPSECTRA,4143,1,1,41.7827042586172,-71.89588062,RiversOther,Region_01,NRS18_CT_10004,2018,8/8/2018,1,BETB,51.5,Fair,US1CTWN0016
2013194,ARTHROPODA,INSECTA,EPHEMEROPTERA,EPHEMERELLIDAE,DRUNELLA,DRUNELLA,3676,4,1,44.7983829103273,-122.4810694,LargeStreams,Region_10,NRS18_OR_10022,2018,8/8/2018,1,BERW,69.23,Good,US1ORMN0047
2013195,ANNELIDA,OLIGOCHAETA,HAPLOTAXIDA,,,HAPLOTAXIDA,3783,1,1,32.801159951838,-82.92292172,SmallStreams,Region_04,NRS18_GA_10004,2018,8/8/2018,1,BERW,68.73,Good,US1GAJH0001
2013196,ARTHROPODA,INSECTA,DIPTERA,CHIRONOMIDAE,POLYPEDILUM,POLYPEDILUM,4178,8,1,39.9122593324493,-104.8821446,RiversMajor,Region_08,NRS18_CO_10061,2018,8/6/2018,1,BETB,27.3,Fair,US1COAD0075
2013197,ARTHROPODA,INSECTA,DIPTERA,CHIRONOMIDAE,TANYTARSUS,TANYTARSUS,4348,1,1,38.1066020041808,-88.16383425,RiversOther,Region_05,NRS18_IL_10042,2018,8/7/2018,1,BETB,12.95,Poor,USC00111302
2013198,ARTHROPODA,INSECTA,DIPTERA,CHIRONOMIDAE,POLYPEDILUM,POLYPEDILUM,4178,6,1,,,,Region_03,NRS18_VA_RF005,,8/8/2018,1,BETB,78.95,,ACW00011604
2013199,ARTHROPODA,INSECTA,DIPTERA,CHIRONOMIDAE,,CHIRONOMIDAE,3581,2,0,43.5710787089705,-97.95400211,LargeStreams,Region_08,NRS18_SD_10034,2018,8/8/2018,1,BERW,27.7,Fair,US1SDDV0026
2013200,ARTHROPODA,INSECTA,DIPTERA,CHIRONOMIDAE,CLADOPELMA,CLADOPELMA,3593,,,39.1361919277625,-84.34205654,RiversOther,Region_05,NRS18_OH_10008,2018,8/8/2018,1,BETB,66.17,Good,USC00334824
2013201,ARTHROPODA,INSECTA,DIPTERA,CHIRONOMIDAE,,THIENEMANNIMYIA GENUS GR.,4362,,,46.6207914418859,-97.54318839,RiversOther,Region_08,NRS18_ND_10035,2018,8/8/2018,1,BERW,39.18,Fair,USC00322697
2013202,ARTHROPODA,INSECTA,TRICHOPTERA,LEPIDOSTOMATIDAE,LEPIDOSTOMA,LEPIDOSTOMA,3895,3,1,,,,Region_09,NRS18_CA_10020,,8/6/2018,2,BETB,23.03,,ACW00011604
2013203,ARTHROPODA,ARACHNIDA,TROMBIDIFORMES,LIMNESIIDAE,LIMNESIA,LIMNESIA,3920,1,1,38.6382310297853,-121.5636929,RiversMajor,Region_09,NRS18_CA_10055,2018,8/8/2018,1,BETB,6.93,Poor,US1CASA0071
2013204,ARTHROPODA,INSECTA,TRICHOPTERA,HYDROPTILIDAE,HYDROPTILA,HYDROPTILA,3846,1,1,38.9900369912213,-77.15981221,SmallStreams,Region_03,NRS18_MD_10014,2018,8/9/2018,1,BERW,23.92,Poor,US1MDMG0066
2013205,ARTHROPODA,INSECTA,DIPTERA,SIMULIIDAE,SIMULIUM,SIMULIUM,4281,3,1,31.8801760938746,-86.78361624,SmallStreams,Region_04,NRS18_AL_10019,2018,8/9/2018,1,BERW,43.92,Fair,US1ALBT0005
2013206,ARTHROPODA,INSECTA,DIPTERA,DIXIDAE,DIXA,DIXA,3667,3,1,44.79284508,-122.5357681,SmallStreams,Region_10,NRS18_OR_10071,2018,8/9/2018,1,BERW,67.92,Good,US1ORMN0036
2013207,ARTHROPODA,INSECTA,DIPTERA,CHIRONOMIDAE,RHEOCRICOTOPUS,RHEOCRICOTOPUS,4245,,,41.6834654224652,-78.45547253,SmallStreams,Region_03,NRS18_PA_10032,2018,8/8/2018,1,BERW,12.42,Poor,USC00361529
2013208,ARTHROPODA,INSECTA,DIPTERA,CHIRONOMIDAE,PSEUDOCHIRONOMUS,PSEUDOCHIRONOMUS,4212,,,44.5635375498858,-72.56501577,LargeStreams,Region_01,NRS18_VT_10018,2018,8/9/2018,1,BERW,59.07,Good,US1VTLM0016
2013209,ARTHROPODA,INSECTA,EPHEMEROPTERA,HEPTAGENIIDAE,LEUCROCUTA,LEUCROCUTA,3911,1,1,41.3946923188913,-71.84151595,RiversOther,Region_01,NRS18_RI_10006,2018,8/9/2018,1,BETB,69.93,Good,US1RIWS0030
2013210,ARTHROPODA,INSECTA,DIPTERA,CHIRONOMIDAE,PARACHAETOCLADIUS,PARACHAETOCLADIUS,4098,,,44.9264179444789,-72.08737253,SmallStreams,Region_01,NRS18_VT_10009,2018,8/7/2018,1,BERW,23.68,Poor,US1VTOL0005
2013211,ARTHROPODA,INSECTA,DIPTERA,CHIRONOMIDAE,NILOTANYPUS,NILOTANYPUS,4042,,,44.9436573930035,-72.04422356,SmallStreams,Region_01,NRS18_VT_10012,2018,8/7/2018,1,BERW,48.63,Fair,USC00431730
2013212,ARTHROPODA,INSECTA,TRICHOPTERA,HELICOPSYCHIDAE,HELICOPSYCHE,HELICOPSYCHE,3789,9,1,35.5623257716112,-93.28855047,LargeStreams,Region_06,NRS18_AR_10014,2018,8/9/2018,1,BERW,53.67,Good,USR0000ADVK
2013213,ANNELIDA,OLIGOCHAETA,HAPLOTAXIDA,NAIDIDAE,NAIS,NAIS,4004,1,1,37.2619901896386,-88.51406065,RiversOther,Region_05,NRS18_IL_10037,2018,8/9/2018,1,BETB,9.83,Poor,USC00115643
2013214,ARTHROPODA,INSECTA,DIPTERA,CHIRONOMIDAE,PARAMETRIOCNEMUS,PARAMETRIOCNEMUS,4112,3,1,41.0233478601786,-78.90571919,SmallStreams,Region_03,NRS18_PA_10019,2018,8/9/2018,1,BERW,37.22,Fair,USC00368610
2013215,ARTHROPODA,INSECTA,TRICHOPTERA,HYDROPSYCHIDAE,CHEUMATOPSYCHE,CHEUMATOPSYCHE,3578,4,1,45.0269185749912,-88.97934453,LargeStreams,Region_05,NRS18_WI_10046,2018,8/8/2018,1,BERW,80.97,Good,US1WISW0013
2013216,ARTHROPODA,INSECTA,TRICHOPTERA,PSYCHOMYIIDAE,LYPE,LYPE,3947,,,44.8782368578808,-88.6715616,SmallStreams,Region_05,NRS18_WI_10263,2018,8/9/2018,1,BERW,38.63,Good,US1WISW0016
2013217,ARTHROPODA,INSECTA,EPHEMEROPTERA,LEPTOHYPHIDAE,ASIOPLAX,ASIOPLAX,3485,33,1,40.5399774896961,-109.0681634,RiversMajor,Region_08,NRS18_UT_10435,2018,8/7/2018,1,BETB,79.25,Good,USR0000CDIN
2013218,ARTHROPODA,INSECTA,TRICHOPTERA,LEPTOCERIDAE,OECETIS,OECETIS,4060,2,1,30.3643454874431,-94.26185268,RiversOther,Region_06,NRS18_TX_10036,2018,8/9/2018,1,BETB,42.58,Fair,USC00414878
2013219,ARTHROPODA,INSECTA,DIPTERA,CHIRONOMIDAE,CLADOTANYTARSUS,CLADOTANYTARSUS,3594,4,1,43.3087915923993,-116.5772537,RiversMajor,Region_10,NRS18_ID_10042,2018,8/9/2018,1,BETB,18.45,Poor,USC00103894
2013220,ANNELIDA,OLIGOCHAETA,HAPLOTAXIDA,TUBIFICIDAE,BRANCHIURA,BRANCHIURA,3532,,,26.1797304839906,-81.67099279,SmallStreams,Region_04,NRS18_FL_10012,2018,8/9/2018,1,BETB,12.15,Poor,USC00086078
2013221,ARTHROPODA,INSECTA,MEGALOPTERA,CORYDALIDAE,CORYDALUS,CORYDALUS,3619,8,1,35.5423541837838,-93.16001748,RiversOther,Region_06,NRS18_AR_10015,2018,8/10/2018,1,BETB,50.83,Good,USC00034290
2013222,MOLLUSCA,BIVALVIA,VENEROIDA,,,VENEROIDA,4412,20,0,,,,Region_04,NRS18_AL_10009,,8/10/2018,2,BERW,18.15,,ACW00011604
2013223,ARTHROPODA,MALACOSTRACA,AMPHIPODA,GAMMARIDAE,GAMMARUS,GAMMARUS,3744,1,1,41.5428966811996,-71.6956366,SmallStreams,Region_01,NRS18_RI_10199,2018,8/10/2018,1,BERW,35.23,Poor,US1RIWS0064
2013225,ARTHROPODA,INSECTA,EPHEMEROPTERA,BAETIDAE,,BAETIDAE,3500,36,0,40.5153294299408,-107.2359869,RiversMajor,Region_08,NRS18_CO_10026,2018,8/8/2018,1,BETB,72.53,Good,USC00053867
2013226,MOLLUSCA,GASTROPODA,,,,GASTROPODA,3745,140,0,,,,Region_08,NRS18_CO_10002,,8/9/2018,2,BETB,23.4,,ACW00011604
2013227,ARTHROPODA,INSECTA,DIPTERA,CHIRONOMIDAE,,THIENEMANNIMYIA GENUS GR.,4362,13,1,,,,Region_08,NRS18_CO_10003,,8/10/2018,2,BERW,9.07,,ACW00011604
2013228,ARTHROPODA,INSECTA,EPHEMEROPTERA,LEPTOHYPHIDAE,TRICORYTHODES,TRICORYTHODES,4384,1,1,34.0648809084455,-93.44225956,SmallStreams,Region_06,NRS18_AR_10001,2018,8/12/2018,1,BERW,42.17,Fair,USC00030178
2013229,ARTHROPODA,INSECTA,DIPTERA,CHIRONOMIDAE,CRYPTOCHIRONOMUS,CRYPTOCHIRONOMUS,3625,1,1,37.8019830849711,-89.23035608,RiversOther,Region_05,NRS18_IL_11563,2018,8/12/2018,1,BETB,24.53,Poor,US1ILJK0014
2013230,ARTHROPODA,INSECTA,DIPTERA,CHIRONOMIDAE,RHEOTANYTARSUS,RHEOTANYTARSUS,4247,1,1,38.6045541818443,-106.4649269,SmallStreams,Region_08,NRS18_CO_10055,2018,8/12/2018,1,BERW,56.12,Good,US1COGN0059
2013231,ARTHROPODA,INSECTA,DIPTERA,CHIRONOMIDAE,PARATANYTARSUS,PARATANYTARSUS,4120,2,1,40.1597030611558,-105.1184267,LargeStreams,Region_08,NRS18_CO_10005,2018,8/13/2018,1,BERW,54.45,Good,US1COBO0256
2013232,ARTHROPODA,INSECTA,EPHEMEROPTERA,CAENIDAE,CAENIS,CAENIS,3542,41,1,28.9899363962658,-96.70226571,RiversOther,Region_06,NRS18_TX_10050,2018,8/13/2018,1,BERW,57.95,Good,USC00412768
2013233,ARTHROPODA,INSECTA,EPHEMEROPTERA,CAENIDAE,CAENIS,CAENIS,3542,1,1,,,,Region_04,NRS18_MS_10002,,8/13/2018,2,BETB,33.37,,ACW00011604
2013234,ARTHROPODA,INSECTA,DIPTERA,CHIRONOMIDAE,POLYPEDILUM,POLYPEDILUM,4178,5,1,41.0421198127447,-74.04730488,SmallStreams,Region_02,NRS18_NJ_10001,2018,8/13/2018,1,BERW,18.77,Poor,US1NJBG0060
2013235,ARTHROPODA,INSECTA,DIPTERA,CERATOPOGONIDAE,,CERATOPOGONINAE,3567,2,1,41.4156571474872,-98.08896794,LargeStreams,Region_07,NRS18_NE_10004,2018,8/13/2018,1,BERW,43.88,Good,USC00250734
2013236,ARTHROPODA,INSECTA,DIPTERA,CHIRONOMIDAE,TANYTARSUS,TANYTARSUS,4348,2,1,37.1387580765341,-89.26780319,RiversOther,Region_05,NRS18_IL_10036,2018,8/13/2018,1,BETB,32.08,Poor,USC00116383
2013237,ARTHROPODA,INSECTA,DIPTERA,CHIRONOMIDAE,HETEROTRISSOCLADIUS,HETEROTRISSOCLADIUS,3814,3,1,,,,Region_10,NRS18_OR_10002,,8/13/2018,2,BETB,35.75,,ACW00011604
2013238,MOLLUSCA,GASTROPODA,BASOMMATOPHORA,LYMNAEIDAE,GALBA,GALBA,5117,1,1,,,,Region_08,NRS18_CO_10014,,8/10/2018,2,BETB,28.07,,ACW00011604
2013239,ARTHROPODA,INSECTA,DIPTERA,CHIRONOMIDAE,PHAENOPSECTRA,PHAENOPSECTRA,4143,2,1,40.5799649844491,-105.0562722,RiversOther,Region_08,NRS18_CO_10977,2018,8/13/2018,1,BERW,56.92,Good,US1COLR1104
2013240,ARTHROPODA,INSECTA,DIPTERA,CHIRONOMIDAE,DICROTENDIPES,DICROTENDIPES,3658,2,1,39.4069302883391,-79.41190187,LargeStreams,Region_03,NRS18_MD_10008,2018,8/13/2018,1,BERW,40.15,Fair,USC00186620
2013241,ARTHROPODA,INSECTA,DIPTERA,CHIRONOMIDAE,MICROTENDIPES,MICROTENDIPES,3982,4,1,44.1128038977571,-73.09310954,LargeStreams,Region_01,NRS18_VT_10017,2018,8/14/2018,1,BERW,62.8,Good,US1VTAD0019
2013242,MOLLUSCA,GASTROPODA,BASOMMATOPHORA,PLANORBIDAE,HELISOMA,HELISOMA,3790,2,1,42.877610581736,-70.99176953,RiversOther,Region_01,NRS18_NH_10019,2018,8/14/2018,1,BETB,12.7,Poor,USC00275880
2013243,ARTHROPODA,INSECTA,DIPTERA,CHIRONOMIDAE,COELOTANYPUS,COELOTANYPUS,3604,1,1,28.8908909411463,-97.13556039,RiversMajor,Region_06,NRS18_TX_10023,2018,8/14/2018,1,BETB,24.58,Poor,US1TXVC0027
2013244,ARTHROPODA,MALACOSTRACA,AMPHIPODA,HYALELLIDAE,HYALELLA,HYALELLA,3821,87,1,,,,Region_08,NRS18_ND_10011,,8/14/2018,2,BERW,31.45,,ACW00011604
2013245,ARTHROPODA,INSECTA,DIPTERA,CHIRONOMIDAE,HYDROBAENUS,HYDROBAENUS,3831,1,1,39.1136859120679,-107.9785352,LargeStreams,Region_08,NRS18_CO_10034,2018,8/9/2018,1,BERW,71.2,Good,US1COME0042
2013246,ARTHROPODA,INSECTA,DIPTERA,CHIRONOMIDAE,PARAMETRIOCNEMUS,PARAMETRIOCNEMUS,4112,7,1,43.143229530181,-91.02181196,SmallStreams,Region_05,NRS18_WI_10003,2018,8/14/2018,1,BERW,36.68,Fair,US1WICR0007
2013247,ARTHROPODA,INSECTA,DIPTERA,CHIRONOMIDAE,STEMPELLINELLA,STEMPELLINELLA,4308,2,1,,,,Region_04,NRS18_NC_RF001,,8/14/2018,1,BERW,71.95,,ACW00011604
2013248,ARTHROPODA,INSECTA,DIPTERA,EMPIDIDAE,HEMERODROMIA,HEMERODROMIA,3799,1,1,,,,Region_04,NRS18_MS_10001,,8/14/2018,2,BERW,61.38,,ACW00011604
2013254,ARTHROPODA,INSECTA,ODONATA,GOMPHIDAE,,GOMPHIDAE,3759,7,1,43.2628460294827,-103.6068246,RiversMajor,Region_08,NRS18_SD_10058,2018,8/14/2018,1,BERW,71.82,Good,USC00394010
2013255,ANNELIDA,OLIGOCHAETA,HAPLOTAXIDA,,,HAPLOTAXIDA,3783,6,1,40.8794208679557,-74.17183043,SmallStreams,Region_02,NRS18_NJ_10334,2018,8/15/2018,1,BERW,17.17,Poor,US1NJPS0017
2013256,ARTHROPODA,INSECTA,PLECOPTERA,LEUCTRIDAE,,LEUCTRIDAE,3913,1,1,40.864463398973,-110.5393564,SmallStreams,Region_08,NRS18_UT_10032,2018,8/14/2018,1,BERW,45.47,Fair,USS0010J21S
2013257,ARTHROPODA,INSECTA,DIPTERA,CHIRONOMIDAE,DIPLOCLADIUS,DIPLOCLADIUS,3663,1,1,38.8733271731424,-75.47641458,SmallStreams,Region_03,NRS18_DE_10033,2018,8/14/2018,1,BERW,44.45,Fair,US1DESS0090
2013258,ARTHROPODA,INSECTA,EPHEMEROPTERA,EPHEMERELLIDAE,EPHEMERELLA,EPHEMERELLA,3705,2,1,45.1361876178704,-113.9096247,RiversMajor,Region_10,NRS18_ID_10992,2018,8/14/2018,1,BETB,49.98,Fair,USR0000ISAL
2013259,ARTHROPODA,INSECTA,DIPTERA,CHIRONOMIDAE,THIENEMANNIELLA,THIENEMANNIELLA,4361,1,1,45.1862177207305,-113.8928287,RiversMajor,Region_10,NRS18_ID_10026,2018,8/15/2018,1,BETB,35.13,Poor,US1IDLM0001
2013260,ARTHROPODA,INSECTA,EPHEMEROPTERA,HEPTAGENIIDAE,RHITHROGENA,RHITHROGENA,4249,1,1,44.2603759797561,-114.7981142,RiversMajor,Region_10,NRS18_ID_10028,2018,8/13/2018,1,BETB,52.2,Good,USC00108676
2013261,ARTHROPODA,INSECTA,DIPTERA,CHIRONOMIDAE,RHEOTANYTARSUS,RHEOTANYTARSUS,4247,1,1,42.9761116865867,-90.99134515,SmallStreams,Region_05,NRS18_WI_10008,2018,8/15/2018,1,BERW,20.23,Poor,US1WIGT0018
2013262,ARTHROPODA,INSECTA,COLEOPTERA,ELMIDAE,OULIMNIUS,OULIMNIUS,4082,2,1,41.3988661513132,-73.38664778,SmallStreams,Region_01,NRS18_CT_10003,2018,8/15/2018,1,BERW,31.82,Poor,US1CTFR0041
2013263,ARTHROPODA,INSECTA,COLEOPTERA,HYDROPHILIDAE,BEROSUS,BEROSUS,3511,1,1,28.8783961147352,-96.2871676,LargeStreams,Region_06,NRS18_TX_10006,2018,8/15/2018,1,BERW,57.87,Good,US1TXMTG004
2013264,ARTHROPODA,INSECTA,DIPTERA,CHIRONOMIDAE,LIMNOPHYES,LIMNOPHYES,3928,1,1,42.8075344057417,-98.83494417,SmallStreams,Region_07,NRS18_NE_10028,2018,8/15/2018,1,BERW,25.6,Fair,US10holt016
2013265,ARTHROPODA,INSECTA,DIPTERA,CHIRONOMIDAE,PARATANYTARSUS,PARATANYTARSUS,4120,4,1,42.770064899987,-97.11920616,RiversMajor,Region_07,NRS18_NE_10057,2018,8/8/2018,1,BETB,24.63,Poor,US10ceda010
2013266,ARTHROPODA,INSECTA,DIPTERA,CHIRONOMIDAE,PROCLADIUS,PROCLADIUS,4191,3,1,,,,Region_04,NRS18_MS_10009,,8/15/2018,2,BERW,61.45,,ACW00011604
2013267,ARTHROPODA,MALACOSTRACA,AMPHIPODA,HYALELLIDAE,HYALELLA,HYALELLA,3821,5,1,30.694847431155,-87.92434568,LargeStreams,Region_04,NRS18_AL_10014,2018,8/12/2018,1,BETB,17.25,Poor,US1ALBW0068
2013268,ARTHROPODA,INSECTA,ODONATA,COENAGRIONIDAE,ARGIA,ARGIA,3476,3,1,36.5355621108092,-90.7040699,RiversOther,Region_07,NRS18_MO_10035,2018,8/15/2018,1,BETB,48.72,Fair,USC00232289
2013269,ARTHROPODA,INSECTA,DIPTERA,CHIRONOMIDAE,PHAENOPSECTRA,PHAENOPSECTRA,4143,,,39.4989110365957,-105.0865186,RiversMajor,Region_08,NRS18_CO_10042,2018,8/14/2018,1,BERW,63.95,Good,USC00054452
2013270,ARTHROPODA,INSECTA,DIPTERA,CHIRONOMIDAE,NATARSIA,NATARSIA,4008,2,1,30.518846238835,-87.29779287,SmallStreams,Region_04,NRS18_FL_10003,2018,8/14/2018,1,BERW,40.45,Poor,US1FLES0063
2013271,ARTHROPODA,INSECTA,DIPTERA,CHIRONOMIDAE,PARATANYTARSUS,PARATANYTARSUS,4120,1,1,36.7847693080943,-93.71442822,RiversOther,Region_07,NRS18_MO_10012,2018,8/15/2018,1,BERW,67,Good,USC00233537
2013272,ARTHROPODA,INSECTA,PLECOPTERA,LEUCTRIDAE,,LEUCTRIDAE,3913,2,1,40.7496732984937,-105.8520428,SmallStreams,Region_08,NRS18_CO_10017,2018,8/15/2018,1,BERW,58.68,Good,USC00053340
2013273,ARTHROPODA,INSECTA,TRICHOPTERA,HYDROPSYCHIDAE,HYDROPSYCHE,HYDROPSYCHE,3844,20,1,,,,Region_04,NRS18_NC_RF002,,8/15/2018,1,BERW,84.58,,ACW00011604
2013274,PLATYHELMINTHES,TURBELLARIA,,,,TURBELLARIA,4393,2,1,44.8170409927285,-121.0957247,RiversOther,Region_10,NRS18_OR_10670,2018,8/15/2018,1,BETB,44.25,Fair,US1ORJF0001
2013275,ARTHROPODA,INSECTA,EPHEMEROPTERA,HEPTAGENIIDAE,,HEPTAGENIIDAE,3802,6,0,36.9681906393774,-80.64644699,SmallStreams,Region_03,NRS18_VA_10014,2018,8/16/2018,1,BERW,58.47,Good,US1VAPL0005
2013276,ARTHROPODA,INSECTA,DIPTERA,CHIRONOMIDAE,ZAVRELIELLA,ZAVRELIELLA,4432,1,1,33.91373784,-88.53107022,RiversMajor,Region_04,NRS18_MS_10007,2018,8/16/2018,1,BETB,14.6,Poor,US1MSMN0001
2013277,ARTHROPODA,INSECTA,TRICHOPTERA,HYDROPSYCHIDAE,HYDROPSYCHE,HYDROPSYCHE,3844,10,1,,,,Region_05,NRS18_WI_RF001,,8/16/2018,1,BERW,44.7,,ACW00011604
2013278,ARTHROPODA,INSECTA,DIPTERA,CHIRONOMIDAE,TANYPUS,TANYPUS,4347,1,1,36.9926675240836,-90.20508369,LargeStreams,Region_07,NRS18_MO_10030,2018,8/16/2018,1,BETB,34.35,Poor,USC00236934
2013279,ARTHROPODA,INSECTA,DIPTERA,CHIRONOMIDAE,LARSIA,LARSIA,3890,1,1,42.5896443723195,-97.87221792,LargeStreams,Region_07,NRS18_NE_10006,2018,8/16/2018,1,BERW,54.65,Good,US1NEKX0002
2013280,ARTHROPODA,INSECTA,DIPTERA,EMPIDIDAE,,EMPIDIDAE,3695,1,1,45.2842831237225,-121.0273292,RiversOther,Region_10,NRS18_OR_10819,2018,8/16/2018,1,BETB,51,Fair,USC00358712
2013281,MOLLUSCA,BIVALVIA,VENEROIDA,PISIDIIDAE,,PISIDIIDAE,4158,2,1,45.369484053369,-114.2899056,RiversMajor,Region_10,NRS18_ID_10010,2018,8/16/2018,1,BETB,40.37,Fair,USC00108395
2013282,ARTHROPODA,INSECTA,DIPTERA,CHIRONOMIDAE,CORYNONEURA,CORYNONEURA,3620,1,1,41.3821504156493,-107.2276038,SmallStreams,Region_08,NRS18_WY_10003,2018,8/16/2018,1,BERW,2.48,Poor,USS0007H06S
2013283,ARTHROPODA,INSECTA,COLEOPTERA,HYDRAENIDAE,OCHTHEBIUS,OCHTHEBIUS,4054,2,1,41.5962517429327,-109.1487648,RiversOther,Region_08,NRS18_WY_10010,2018,8/17/2018,1,BERW,28.78,Poor,US1WYSW0010
2013284,ARTHROPODA,INSECTA,DIPTERA,CHIRONOMIDAE,PLATYSMITTIA,PLATYSMITTIA,4165,5,1,30.2949162835691,-85.29384067,SmallStreams,Region_04,NRS18_FL_10004,2018,8/16/2018,1,BERW,24.97,Poor,US1FLCN0001
2013285,ARTHROPODA,INSECTA,TRICHOPTERA,POLYCENTROPODIDAE,,POLYCENTROPODIDAE,4174,,,37.2983489035849,-92.41283843,RiversMajor,Region_07,NRS18_MO_10041,2018,8/17/2018,1,BERW,58.4,Good,US1MOWT0014
2013286,ARTHROPODA,MALACOSTRACA,DECAPODA,CAMBARIDAE,,CAMBARIDAE,3548,1,1,42.898172945258,-100.4853861,LargeStreams,Region_07,NRS18_NE_10007,2018,8/14/2018,1,BERW,68.05,Good,US1NECH0003
2013287,ARTHROPODA,MALACOSTRACA,AMPHIPODA,HYALELLIDAE,HYALELLA,HYALELLA,3821,77,1,41.2965690658463,-80.60143851,LargeStreams,Region_05,NRS18_OH_10026,2018,8/14/2018,1,BERW,6.87,Poor,USC00336333
2013288,ARTHROPODA,INSECTA,DIPTERA,CHIRONOMIDAE,TANYTARSUS,TANYTARSUS,4348,26,1,41.5141255929982,-80.73366923,LargeStreams,Region_05,NRS18_OH_10015,2018,8/15/2018,1,BERW,44.05,Fair,USC00331755
2013289,ARTHROPODA,INSECTA,DIPTERA,CHIRONOMIDAE,PHAENOPSECTRA,PHAENOPSECTRA,4143,1,1,40.5215844316865,-79.39898471,LargeStreams,Region_03,NRS18_PA_10008,2018,8/16/2018,1,BERW,31.2,Fair,USC00368989
2013290,ARTHROPODA,INSECTA,DIPTERA,CHIRONOMIDAE,MICROPSECTRA,MICROPSECTRA,3981,,,41.0996763760431,-80.60824166,LargeStreams,Region_05,NRS18_OH_10025,2018,8/13/2018,1,BERW,49.02,Fair,US1OHMH0007
2013291,ARTHROPODA,INSECTA,DIPTERA,CERATOPOGONIDAE,,CERATOPOGONIDAE,3566,1,0,,,,Region_07,NRS18_MO_10013,,8/17/2018,2,BERW,37.05,,ACW00011604
2013292,ARTHROPODA,INSECTA,TRICHOPTERA,HYDROPSYCHIDAE,CHEUMATOPSYCHE,CHEUMATOPSYCHE,3578,1,1,42.1677998225241,-104.4644536,RiversMajor,Region_08,NRS18_WY_12048,2018,8/16/2018,1,BETB,56.1,Good,US1WYGS0013
2013293,ARTHROPODA,INSECTA,EPHEMEROPTERA,BAETIDAE,ANAFROPTILUM,ANAFROPTILUM,5112,,,42.841977684395,-105.5211615,RiversMajor,Region_08,NRS18_WY_11912,2018,8/17/2018,1,BETB,75.23,Good,US1WYCV0004
2013294,MOLLUSCA,BIVALVIA,VENEROIDA,,,VENEROIDA,4412,2,0,40.4813961945382,-92.68617538,RiversOther,Region_07,NRS18_MO_10023,2018,8/19/2018,1,BETB,44.72,Good,USC00235014
2013295,ARTHROPODA,ARACHNIDA,TROMBIDIFORMES,SPERCHONIDAE,SPERCHON,SPERCHON,4296,,,43.6547362610937,-109.9078766,SmallStreams,Region_08,NRS18_WY_10069,2018,8/19/2018,1,BERW,54.53,Good,USC00488158
2013296,ARTHROPODA,INSECTA,DIPTERA,TIPULIDAE,,TIPULIDAE,4369,3,0,40.4877357762595,-93.49836702,LargeStreams,Region_07,NRS18_MO_10020,2018,8/20/2018,1,BERW,22.38,Poor,US1MOMR0001
2013297,ARTHROPODA,INSECTA,DIPTERA,CHIRONOMIDAE,PARALAUTERBORNIELLA,PARALAUTERBORNIELLA,4107,27,1,43.7020848386317,-88.57194663,LargeStreams,Region_05,NRS18_WI_10040,2018,8/20/2018,1,BERW,41.87,Good,US1WIDL0029
2013298,ARTHROPODA,INSECTA,DIPTERA,CHIRONOMIDAE,POLYPEDILUM,POLYPEDILUM,4178,2,1,37.0001080782925,-89.26342226,RiversMajor,Region_05,NRS18_IL_10008,2018,8/19/2018,1,BETB,18.47,Poor,USC00111169
2013299,ARTHROPODA,INSECTA,DIPTERA,CHIRONOMIDAE,AXARUS,AXARUS,3498,2,1,37.19892748,-89.46155197,RiversMajor,Region_07,NRS18_MO_10024,2018,8/19/2018,1,BETB,16.22,Poor,US1MOSC0001
2013300,ARTHROPODA,INSECTA,DIPTERA,CHIRONOMIDAE,STICTOCHIRONOMUS,STICTOCHIRONOMUS,4315,1,1,37.9624363048959,-89.98442983,RiversMajor,Region_07,NRS18_MO_10042,2018,8/20/2018,1,BETB,9.6,Poor,USC00114629
2013301,ARTHROPODA,INSECTA,DIPTERA,,,DIPTERA,3665,2,1,37.9630115851605,-89.98239493,RiversMajor,Region_07,NRS18_MO_10025,2018,8/20/2018,1,BETB,0,Poor,USC00114629
2013302,ANNELIDA,OLIGOCHAETA,HAPLOTAXIDA,TUBIFICIDAE,BRANCHIURA,BRANCHIURA,3532,1,1,,,,Region_07,NRS18_MO_10014,,8/19/2018,2,BETB,38.88,,ACW00011604
2013303,ARTHROPODA,INSECTA,TRICHOPTERA,HYDROPSYCHIDAE,,HYDROPSYCHIDAE,3845,1,1,36.5347440889431,-89.46723242,RiversMajor,Region_07,NRS18_MO_10008,2018,8/19/2018,1,BETB,34.37,Poor,USC00236040
2013304,ARTHROPODA,INSECTA,DIPTERA,CHIRONOMIDAE,,CRICOTOPUS/ORTHOCLADIUS,3623,9,1,43.1212475377324,-124.1793596,RiversOther,Region_10,NRS18_OR_10023,2018,8/20/2018,1,BETB,6.77,Poor,US1ORCS0018
2013305,ARTHROPODA,INSECTA,DIPTERA,CHIRONOMIDAE,NATARSIA,NATARSIA,4008,29,1,35.6772784546635,-78.15344368,SmallStreams,Region_04,NRS18_NC_10030,2018,8/20/2018,1,BERW,17.18,Poor,US1NCJH0088
2013306,ARTHROPODA,INSECTA,DIPTERA,CHIRONOMIDAE,PROCLADIUS,PROCLADIUS,4191,1,1,,,,Region_07,NRS18_MO_10002,,8/21/2018,2,BETB,26.43,,ACW00011604
2013307,ARTHROPODA,INSECTA,DIPTERA,CHIRONOMIDAE,PARAKIEFFERIELLA,PARAKIEFFERIELLA,4106,10,1,38.3953278602896,-77.9554202,SmallStreams,Region_03,NRS18_VA_10001,2018,8/21/2018,1,BERW,31.28,Fair,USC00442155
2013308,ARTHROPODA,INSECTA,DIPTERA,CHIRONOMIDAE,POLYPEDILUM,POLYPEDILUM,4178,8,1,34.3031474213572,-84.47051375,SmallStreams,Region_04,NRS18_GA_10006,2018,8/21/2018,1,BERW,69.12,Good,USC00090603
2013309,ARTHROPODA,INSECTA,TRICHOPTERA,BRACHYCENTRIDAE,BRACHYCENTRUS,BRACHYCENTRUS,3526,,,44.1768184773611,-106.7335252,LargeStreams,Region_08,NRS18_WY_10697,2018,8/20/2018,1,BERW,91.88,Good,USC00486175
2013310,ARTHROPODA,MALACOSTRACA,AMPHIPODA,HYALELLIDAE,HYALELLA,HYALELLA,3821,1,1,44.0891217100143,-106.6736713,LargeStreams,Region_08,NRS18_WY_10084,2018,8/20/2018,1,BERW,74.12,Good,USC00481172
2013311,MOLLUSCA,GASTROPODA,BASOMMATOPHORA,LYMNAEIDAE,STAGNICOLA,STAGNICOLA,4304,1,1,43.7000833862929,-87.81661116,LargeStreams,Region_05,NRS18_WI_10041,2018,8/21/2018,1,BERW,71.18,Good,US1WISB0041
2013312,ARTHROPODA,INSECTA,EPHEMEROPTERA,BAETIDAE,CALLIBAETIS,CALLIBAETIS,3544,1,1,38.4644046350254,-97.88634393,SmallStreams,Region_07,NRS18_KS_10087,2018,8/20/2018,1,BERW,9.1,Poor,US1KSRC0010
2013313,ANNELIDA,OLIGOCHAETA,HAPLOTAXIDA,NAIDIDAE,DERO,DERO,3646,2,1,39.0282651450202,-93.68118785,LargeStreams,Region_07,NRS18_MO_10003,2018,8/21/2018,1,BETB,29.35,Fair,USC00233837
2013314,ARTHROPODA,INSECTA,COLEOPTERA,ELMIDAE,ZAITZEVIA,ZAITZEVIA,4428,,,43.2721722407804,-123.9293403,SmallStreams,Region_10,NRS18_OR_10068,2018,8/21/2018,1,BERW,77.68,Good,USC00352775
2013315,ANNELIDA,OLIGOCHAETA,BRANCHIOBDELLIDA,,,BRANCHIOBDELLIDA,3529,1,1,42.8581540892821,-105.9867823,RiversMajor,Region_08,NRS18_WY_11903,2018,8/20/2018,1,BETB,73.8,Good,US1WYCV0005
2013316,ARTHROPODA,INSECTA,DIPTERA,CHIRONOMIDAE,AXARUS,AXARUS,3498,1,1,31.4930898685774,-94.83198032,RiversOther,Region_06,NRS18_TX_10019,2018,8/21/2018,1,BETB,53.82,Fair,USC00415415
2013317,ARTHROPODA,INSECTA,PLECOPTERA,LEUCTRIDAE,,LEUCTRIDAE,3913,1,1,,,,Region_08,NRS18_UT_10009,,8/21/2018,2,BERW,17.58,,ACW00011604
2013318,ARTHROPODA,INSECTA,DIPTERA,CHIRONOMIDAE,POLYPEDILUM,POLYPEDILUM,4178,3,1,40.4535937797554,-103.3961287,RiversMajor,Region_08,NRS18_CO_11425,2018,8/19/2018,1,BETB,25.65,Fair,US1COWA0023
2013319,ARTHROPODA,INSECTA,DIPTERA,CHIRONOMIDAE,STENOCHIRONOMUS,STENOCHIRONOMUS,4311,,,42.6802951810064,-71.14519819,LargeStreams,Region_01,NRS18_MA_10005,2018,8/21/2018,1,BERW,26.22,Poor,USC00194105
2013320,MOLLUSCA,GASTROPODA,,,,GASTROPODA,3745,10,0,,,,Region_01,NRS18_MA_10006,,8/20/2018,2,BETB,4.75,,ACW00011604
2013321,ARTHROPODA,INSECTA,DIPTERA,CHIRONOMIDAE,TANYTARSUS,TANYTARSUS,4348,4,1,41.8801385953391,-71.38130481,RiversOther,Region_01,NRS18_RI_10002,2018,8/19/2018,1,BETB,1.95,Poor,USC00375882
2013322,ARTHROPODA,INSECTA,DIPTERA,CHIRONOMIDAE,TVETENIA,TVETENIA,4394,2,1,42.8288372939794,-106.3667892,RiversMajor,Region_08,NRS18_WY_10016,2018,8/21/2018,1,BETB,68.27,Good,US1WYNT0013
2013323,ARTHROPODA,INSECTA,COLEOPTERA,ELMIDAE,STENELMIS,STENELMIS,4310,5,1,39.5395534066352,-75.69163245,SmallStreams,Region_03,NRS18_DE_10010,2018,8/21/2018,1,BERW,25.12,Poor,US1DENC0007
2013324,ARTHROPODA,INSECTA,DIPTERA,CHIRONOMIDAE,PAGASTIA,PAGASTIA,4088,4,1,44.1583904202348,-106.9120155,SmallStreams,Region_08,NRS18_WY_10004,2018,8/21/2018,1,BERW,35.02,Poor,USC00481171
2013325,ARTHROPODA,INSECTA,DIPTERA,TIPULIDAE,TIPULA,TIPULA,4368,,,44.4367086476182,-89.22237607,SmallStreams,Region_05,NRS18_WI_10080,2018,8/22/2018,1,BERW,32.93,Fair,US1WIPT0019
2013326,ANNELIDA,OLIGOCHAETA,HAPLOTAXIDA,NAIDIDAE,,NAIDIDAE,4003,1,1,,,,Region_05,NRS18_IL_10002,,8/22/2018,2,BETB,6,,ACW00011604
2013327,MOLLUSCA,GASTROPODA,,,,GASTROPODA,3745,3,0,39.5374773661621,-90.57778564,RiversMajor,Region_05,NRS18_IL_10025,2018,8/22/2018,1,BETB,16.67,Poor,USC00116681
2013328,ARTHROPODA,INSECTA,EPHEMEROPTERA,BAETIDAE,LABIOBAETIS,LABIOBAETIS,4774,1,1,31.9345346313549,-95.43335988,RiversMajor,Region_06,NRS18_TX_10003,2018,8/22/2018,1,BETB,43.97,Fair,US1TXAN0003
2013329,ARTHROPODA,INSECTA,COLEOPTERA,ELMIDAE,CLEPTELMIS,CLEPTELMIS,3597,,,42.4741200793008,-124.3300903,RiversMajor,Region_10,NRS18_OR_10028,2018,8/22/2018,1,BETB,15.07,Poor,US1ORCY0021
2013330,ARTHROPODA,INSECTA,COLEOPTERA,PSEPHENIDAE,PSEPHENUS,PSEPHENUS,4209,74,1,37.9139847408022,-90.82499626,LargeStreams,Region_07,NRS18_MO_10019,2018,8/21/2018,1,BERW,49.68,Good,US1MOWS0002
2013331,ARTHROPODA,INSECTA,DIPTERA,CHIRONOMIDAE,STENOCHIRONOMUS,STENOCHIRONOMUS,4311,4,1,41.4165199248865,-71.79748593,RiversOther,Region_01,NRS18_RI_10020,2018,8/22/2018,1,BETB,26.67,Poor,US1RIWS0030
2013332,ANNELIDA,OLIGOCHAETA,HAPLOTAXIDA,TUBIFICIDAE,AULODRILUS,AULODRILUS,3496,3,1,,,,Region_03,NRS18_VA_RF004,,8/22/2018,1,BETB,55.73,,ACW00011604
2013333,ARTHROPODA,INSECTA,MEGALOPTERA,CORYDALIDAE,CHAULIODES,CHAULIODES,3574,1,1,43.5043621811373,-88.71859937,SmallStreams,Region_05,NRS18_WI_10032,2018,8/23/2018,1,BERW,46.48,Good,USC00471213
2013334,ARTHROPODA,INSECTA,EPHEMEROPTERA,BAETIDAE,ACENTRELLA,ACENTRELLA,3407,11,1,43.7929721901145,-72.67631186,RiversOther,Region_01,NRS18_VT_10005,2018,8/23/2018,1,BERW,72.02,Good,US1VTWR0036
2013335,ARTHROPODA,INSECTA,TRICHOPTERA,HYDROPTILIDAE,OXYETHIRA,OXYETHIRA,4085,1,1,42.7554625904354,-82.49398014,LargeStreams,Region_05,NRS18_MI_10013,2018,8/23/2018,1,BETB,29.37,Fair,CA0061219J1
2013336,MOLLUSCA,GASTROPODA,BASOMMATOPHORA,PHYSIDAE,PHYSA,PHYSA,4149,3,1,27.6430167970687,-81.13631515,RiversOther,Region_04,NRS18_FL_10333,2018,8/23/2018,1,BETB,8.77,Poor,USC00084621
2013337,ARTHROPODA,INSECTA,DIPTERA,CHIRONOMIDAE,POLYPEDILUM,POLYPEDILUM,4178,7,1,44.8036911381267,-105.368457,RiversOther,Region_08,NRS18_WY_10027,2018,8/22/2018,1,BERW,64.6,Good,USC00485686
2013338,ARTHROPODA,INSECTA,DIPTERA,CHIRONOMIDAE,TANYTARSUS,TANYTARSUS,4348,2,1,,,,Region_01,NRS18_NH_10007,,8/23/2018,2,BETB,35.17,,ACW00011604
2013339,ARTHROPODA,INSECTA,TRICHOPTERA,,,TRICHOPTERA,4382,2,0,,,,Region_01,NRS18_RI_10006,,8/23/2018,2,BETB,70.02,,ACW00011604
2013340,ARTHROPODA,INSECTA,DIPTERA,TIPULIDAE,HEXATOMA,HEXATOMA,3817,4,1,40.7687167636815,-110.7982492,LargeStreams,Region_08,NRS18_UT_10282,2018,8/23/2018,1,BERW,63.52,Good,USS0010J44S
2013341,ARTHROPODA,INSECTA,COLEOPTERA,ELMIDAE,DUBIRAPHIA,DUBIRAPHIA,3678,8,1,,,,Region_03,NRS18_VA_RF008,,8/23/2018,1,BETB,52.28,,ACW00011604
2013342,ARTHROPODA,INSECTA,EPHEMEROPTERA,BAETIDAE,LABIOBAETIS,LABIOBAETIS,4774,1,1,36.9910343043037,-77.27445076,RiversOther,Region_03,NRS18_VA_10021,2018,8/23/2018,1,BETB,66.52,Good,USC00448249
2013343,ARTHROPODA,INSECTA,DIPTERA,CHIRONOMIDAE,STICTOCHIRONOMUS,STICTOCHIRONOMUS,4315,1,1,34.6669067621162,-84.94212879,LargeStreams,Region_04,NRS18_GA_10025,2018,8/22/2018,1,BERW,32.65,Fair,US1GAWF0004
2013344,ARTHROPODA,INSECTA,DIPTERA,CHIRONOMIDAE,NANOCLADIUS,NANOCLADIUS,4005,,,44.6339234010626,-105.3049705,RiversOther,Region_08,NRS18_WY_11306,2018,8/23/2018,1,BERW,25.22,Poor,USC00489580
2013345,ARTHROPODA,MALACOSTRACA,AMPHIPODA,,,AMPHIPODA,3450,1,0,42.5694989709306,-84.59279596,SmallStreams,Region_05,NRS18_MI_10001,2018,8/24/2018,1,BERW,39.28,Good,US1MIIH0016
2013346,ARTHROPODA,INSECTA,DIPTERA,CHIRONOMIDAE,POLYPEDILUM,POLYPEDILUM,4178,1,1,31.8947458033373,-95.09106182,LargeStreams,Region_06,NRS18_TX_10034,2018,8/23/2018,1,BETB,16.35,Poor,US1TXCHK009
2013347,ARTHROPODA,INSECTA,EPHEMEROPTERA,BAETIDAE,PARACLOEODES,PARACLOEODES,4102,1,1,42.9083997292983,-106.5568563,SmallStreams,Region_08,NRS18_WY_10035,2018,8/23/2018,1,BERW,34.23,Poor,USW00024089
2013348,ARTHROPODA,INSECTA,EPHEMEROPTERA,BAETIDAE,BAETIS,BAETIS,3501,28,1,42.8254103855932,-105.4350037,RiversMajor,Region_08,NRS18_WY_11896,2018,8/22/2018,1,BETB,67.63,Good,US1WYCV0004
2013349,ARTHROPODA,INSECTA,EPHEMEROPTERA,HEPTAGENIIDAE,,HEPTAGENIIDAE,3802,3,0,42.821520694113,-105.4057413,RiversMajor,Region_08,NRS18_WY_11908,2018,8/22/2018,1,BETB,70.02,Good,USW00094057
2013350,ARTHROPODA,INSECTA,COLEOPTERA,ELMIDAE,DUBIRAPHIA,DUBIRAPHIA,3678,1,1,,,,Region_01,NRS18_CT_10002,,8/24/2018,2,BETB,49.17,,ACW00011604
2013351,ARTHROPODA,INSECTA,DIPTERA,CHIRONOMIDAE,ABLABESMYIA,ABLABESMYIA,3406,1,1,47.696447648031,-116.9152781,RiversMajor,Region_10,NRS18_ID_10011,2018,8/21/2018,1,BETB,10.13,Poor,US1IDKT0038
2013352,ARTHROPODA,INSECTA,PLECOPTERA,CAPNIIDAE,,CAPNIIDAE,3555,2,1,48.8200187624521,-116.1500278,LargeStreams,Region_10,NRS18_ID_10035,2018,8/22/2018,1,BETB,71.68,Good,US1IDBD0004
2013353,MOLLUSCA,BIVALVIA,VENEROIDA,PISIDIIDAE,SPHAERIUM,SPHAERIUM,4300,1,1,38.0149386278269,-91.79721698,LargeStreams,Region_07,NRS18_MO_10031,2018,8/24/2018,1,BERW,26.03,Poor,US1MOPH0010
2013354,ARTHROPODA,INSECTA,COLEOPTERA,HALIPLIDAE,PELTODYTES,PELTODYTES,4130,4,1,38.28136274,-91.37650313,RiversOther,Region_07,NRS18_MO_10021,2018,8/23/2018,1,BERW,40.77,Fair,US1MOGS0004
2013355,ARTHROPODA,INSECTA,DIPTERA,TIPULIDAE,ANTOCHA,ANTOCHA,3465,1,1,,,,Region_01,NRS18_CT_10006,,8/26/2018,2,BERW,70.63,,ACW00011604
2013356,MOLLUSCA,GASTROPODA,BASOMMATOPHORA,PLANORBIDAE,MENETUS,MENETUS,3967,1,1,38.24012139,-91.80404806,RiversMajor,Region_07,NRS18_MO_10010,2018,8/26/2018,1,BETB,45.53,Good,USC00230536
2013357,ARTHROPODA,INSECTA,TRICHOPTERA,HYDROPTILIDAE,HYDROPTILA,HYDROPTILA,3846,4,1,42.722994792601,-88.3110742,LargeStreams,Region_05,NRS18_WI_10021,2018,8/27/2018,1,BERW,60.4,Good,US1WIWW0037
2013358,ARTHROPODA,INSECTA,EPHEMEROPTERA,BAETIDAE,,BAETIDAE,3500,1,0,44.0742265497036,-105.2545973,RiversOther,Region_08,NRS18_WY_10029,2018,8/27/2018,1,BERW,24.97,Poor,USC00482580
2013359,ARTHROPODA,INSECTA,EPHEMEROPTERA,CAENIDAE,CAENIS,CAENIS,3542,2,1,44.7168387409638,-105.039555,LargeStreams,Region_08,NRS18_WY_10701,2018,8/26/2018,1,BERW,31,Poor,USC00486960
2013360,ARTHROPODA,INSECTA,DIPTERA,CHIRONOMIDAE,,CRICOTOPUS/ORTHOCLADIUS,3623,1,1,35.7427806714003,-97.19597867,LargeStreams,Region_06,NRS18_OK_10005,2018,8/27/2018,1,BERW,42.12,Good,US1OKLG0013
2013361,ARTHROPODA,INSECTA,DIPTERA,CHIRONOMIDAE,ABLABESMYIA,ABLABESMYIA,3406,3,1,38.350947374002,-86.61831615,SmallStreams,Region_05,NRS18_IN_10003,2018,8/27/2018,1,BERW,15.2,Poor,US1INDB0018
2013362,ARTHROPODA,INSECTA,DIPTERA,CHIRONOMIDAE,PARACLADOPELMA,PARACLADOPELMA,4101,,,44.739664156563,-108.607171,RiversOther,Region_08,NRS18_WY_10090,2018,8/26/2018,1,BETB,21.9,Poor,US1WYPK0041
2013363,ARTHROPODA,INSECTA,DIPTERA,CHIRONOMIDAE,PHAENOPSECTRA,PHAENOPSECTRA,4143,9,1,41.96621452,-110.0007263,RiversMajor,Region_08,NRS18_WY_10076,2018,8/27/2018,1,BETB,43.22,Fair,USC00483396
2013364,ANNELIDA,OLIGOCHAETA,ENCHYTRAEIDA,ENCHYTRAEIDAE,,ENCHYTRAEIDAE,3697,,,44.695841021351,-106.3382579,RiversOther,Region_08,NRS18_WY_10014,2018,8/24/2018,1,BETB,67.48,Good,US1WYSH0010
2013365,ARTHROPODA,INSECTA,DIPTERA,CHIRONOMIDAE,SYNORTHOCLADIUS,SYNORTHOCLADIUS,4337,,,,,,Region_03,NRS18_VA_10002,,8/27/2018,2,BETB,62.18,,ACW00011604
2013366,ARTHROPODA,INSECTA,ODONATA,COENAGRIONIDAE,,COENAGRIONIDAE,3606,2,1,41.9703940884795,-110.0168622,RiversMajor,Region_08,NRS18_WY_10068,2018,8/27/2018,1,BETB,39.13,Poor,USC00483396
2013367,ARTHROPODA,ARACHNIDA,TROMBIDIFORMES,UNIONICOLIDAE,UNIONICOLA,UNIONICOLA,4400,5,1,39.2198723275566,-91.92117072,LargeStreams,Region_07,NRS18_MO_10001,2018,8/27/2018,1,BERW,6.82,Poor,USC00235541
2013368,ANNELIDA,OLIGOCHAETA,HAPLOTAXIDA,NAIDIDAE,,NAIDIDAE,4003,42,1,39.5762948733567,-98.51414655,SmallStreams,Region_07,NRS18_KS_10015,2018,8/27/2018,1,BERW,27.85,Fair,USC00142204
2013369,MOLLUSCA,GASTROPODA,BASOMMATOPHORA,PHYSIDAE,PHYSA,PHYSA,4149,1,1,40.5768065938547,-89.29380386,RiversOther,Region_05,NRS18_IL_11565,2018,8/27/2018,1,BERW,49.5,Good,USC00111836
2013370,ARTHROPODA,INSECTA,EPHEMEROPTERA,HEPTAGENIIDAE,MACCAFFERTIUM,MACCAFFERTIUM,3948,1,1,42.1789591174186,-72.36887881,RiversOther,Region_01,NRS18_MA_10009,2018,8/27/2018,1,BETB,51.77,Fair,USC00199093
2013371,ARTHROPODA,INSECTA,DIPTERA,SIMULIIDAE,SIMULIUM,SIMULIUM,4281,,,48.26628188,-116.8604859,RiversOther,Region_10,NRS18_ID_10023,2018,8/23/2018,1,BETB,66.85,Good,US1IDBR0026
2013372,ARTHROPODA,INSECTA,COLEOPTERA,HYDROPHILIDAE,BEROSUS,BEROSUS,3511,7,1,29.7539600233985,-82.94205564,RiversMajor,Region_04,NRS18_FL_10011,2018,8/27/2018,1,BETB,42.35,Fair,USC00080598
2013373,MOLLUSCA,GASTROPODA,BASOMMATOPHORA,PLANORBIDAE,PLANORBELLA,PLANORBELLA,4161,1,1,26.360214313732,-98.79562648,LargeStreams,Region_06,NRS18_TX_10073,2018,8/28/2018,1,BETB,25.75,Fair,USC00417622
2013374,MOLLUSCA,GASTROPODA,BASOMMATOPHORA,PLANORBIDAE,MENETUS,MENETUS,3967,68,1,,,,Region_01,NRS18_RI_10001,,8/28/2018,2,BERW,33.58,,ACW00011604
2013375,ARTHROPODA,INSECTA,EPHEMEROPTERA,,,EPHEMEROPTERA,3708,3,0,38.8335548058873,-91.55991845,RiversOther,Region_07,NRS18_MO_10038,2018,8/28/2018,1,BETB,38.5,Fair,US1MOMY0003
2013376,ARTHROPODA,INSECTA,EPHEMEROPTERA,POTAMANTHIDAE,ANTHOPOTAMUS,ANTHOPOTAMUS,3463,4,1,42.0127830940293,-75.77945713,RiversMajor,Region_02,NRS18_NY_10022,2018,8/28/2018,1,BETB,49.62,Fair,USC00301700
2013377,ANNELIDA,OLIGOCHAETA,HAPLOTAXIDA,TUBIFICIDAE,LIMNODRILUS,LIMNODRILUS,3925,1,1,38.6257451432784,-86.42670129,LargeStreams,Region_05,NRS18_IN_10498,2018,8/28/2018,1,BERW,19.23,Poor,US1INOR0001
2013378,ARTHROPODA,INSECTA,EPHEMEROPTERA,CAENIDAE,CAENIS,CAENIS,3542,1,1,39.2879678663448,-97.41126316,SmallStreams,Region_07,NRS18_KS_10006,2018,8/28/2018,1,BERW,36.13,Good,US1KSCD0013
2013379,ARTHROPODA,INSECTA,EPHEMEROPTERA,LEPTOHYPHIDAE,ASIOPLAX,ASIOPLAX,3485,3,1,42.2878954928238,-110.1877438,RiversMajor,Region_08,NRS18_WY_12347,2018,8/28/2018,1,BETB,79.62,Good,USC00485252
2013380,ARTHROPODA,INSECTA,TRICHOPTERA,HYDROPTILIDAE,HYDROPTILA,HYDROPTILA,3846,2,1,42.1557089958691,-84.17461787,LargeStreams,Region_05,NRS18_MI_10042,2018,8/28/2018,1,BERW,69.28,Good,USC00203561
2013381,ARTHROPODA,INSECTA,DIPTERA,CHIRONOMIDAE,CORYNONEURA,CORYNONEURA,3620,1,1,,,,Region_08,NRS18_CO_RF003,,8/27/2018,1,BERW,35.62,,ACW00011604
2013382,ARTHROPODA,INSECTA,EPHEMEROPTERA,HEPTAGENIIDAE,EPEORUS,EPEORUS,3703,1,1,,,,Region_08,NRS18_CO_RF005,,8/28/2018,1,BERW,57.8,,ACW00011604
2013383,ARTHROPODA,INSECTA,ODONATA,GOMPHIDAE,,GOMPHIDAE,3759,5,0,42.9489628318618,-104.2071641,LargeStreams,Region_08,NRS18_WY_10696,2018,8/28/2018,1,BERW,62.17,Good,USC00489644
2013384,ARTHROPODA,INSECTA,DIPTERA,CHIRONOMIDAE,PARATANYTARSUS,PARATANYTARSUS,4120,8,1,39.1406928381273,-86.53345714,SmallStreams,Region_05,NRS18_IN_10053,2018,8/29/2018,1,BERW,20.97,Poor,US1INMN0009
2013385,ARTHROPODA,INSECTA,DIPTERA,CHIRONOMIDAE,CRYPTOTENDIPES,CRYPTOTENDIPES,3628,1,1,,,,Region_04,NRS18_TN_10002,,8/29/2018,2,BETB,6.35,,ACW00011604
2013386,ARTHROPODA,INSECTA,DIPTERA,CHIRONOMIDAE,STICTOCHIRONOMUS,STICTOCHIRONOMUS,4315,1,1,41.8747950013474,-84.7893984,SmallStreams,Region_05,NRS18_MI_10032,2018,8/29/2018,1,BERW,36,Fair,US1MIHL0005
2013387,ARTHROPODA,INSECTA,EPHEMEROPTERA,,,EPHEMEROPTERA,3708,3,0,26.3264480089324,-98.77887147,RiversMajor,Region_06,NRS18_TX_10077,2018,8/29/2018,1,BETB,14.52,Poor,MXN00028014
2013388,PLATYHELMINTHES,TURBELLARIA,,,,TURBELLARIA,4393,1,1,42.4229693207937,-75.63216966,RiversOther,Region_02,NRS18_NY_10002,2018,8/29/2018,1,BETB,51.72,Fair,US1NYCN0014
2013389,ARTHROPODA,INSECTA,DIPTERA,CHIRONOMIDAE,PARAKIEFFERIELLA,PARAKIEFFERIELLA,4106,1,1,42.031989168303,-71.60830093,LargeStreams,Region_01,NRS18_MA_10008,2018,8/29/2018,1,BETB,46.77,Fair,US1MAWR0103
2013390,ARTHROPODA,INSECTA,EPHEMEROPTERA,HEPTAGENIIDAE,MACCAFFERTIUM,MACCAFFERTIUM,3948,1,1,39.5594012956421,-79.98095209,LargeStreams,Region_03,NRS18_WV_10181,2018,8/29/2018,1,BERW,40.7,Fair,US1WVMG0016
2013391,ARTHROPODA,INSECTA,DIPTERA,CHIRONOMIDAE,,CHIRONOMIDAE,3581,5,0,44.7129620962533,-71.1726973,RiversMajor,Region_01,NRS18_NH_10011,2018,8/29/2018,1,BETB,28.9,Poor,USC00275400
2013392,ARTHROPODA,INSECTA,DIPTERA,CHIRONOMIDAE,BRILLIA,BRILLIA,3535,2,1,44.0616173272185,-103.6927357,LargeStreams,Region_08,NRS18_SD_10019,2018,8/28/2018,1,BERW,30.78,Poor,USC00395929
2013393,ARTHROPODA,INSECTA,DIPTERA,CHIRONOMIDAE,TANYPUS,TANYPUS,4347,2,1,44.2381767307292,-103.3686096,LargeStreams,Region_08,NRS18_SD_10035,2018,8/29/2018,1,BERW,23.03,Poor,USC00396596
2013394,ARTHROPODA,INSECTA,DIPTERA,EMPIDIDAE,OREOGETON,OREOGETON,4075,1,1,,,,Region_08,NRS18_CO_RF004,,8/29/2018,1,BERW,53.85,,ACW00011604
2013395,ARTHROPODA,INSECTA,TRICHOPTERA,HYDROPTILIDAE,MAYATRICHIA,MAYATRICHIA,3963,3,1,43.9656083164978,-106.1714276,RiversOther,Region_08,NRS18_WY_10015,2018,8/29/2018,1,BERW,67.77,Good,USC00488805
2013396,ANNELIDA,OLIGOCHAETA,HAPLOTAXIDA,NAIDIDAE,,NAIDIDAE,4003,3,0,35.4689854378541,-94.95436269,SmallStreams,Region_06,NRS18_OK_10920,2018,8/29/2018,1,BERW,29.88,Poor,USC00348720
2013397,ARTHROPODA,MALACOSTRACA,MYSIDA,MYSIDAE,,MYSIDAE,3999,9,0,26.1050244682949,-98.29839048,RiversMajor,Region_06,NRS18_TX_10048,2018,8/30/2018,1,BETB,29.32,Poor,USC00414139
2013398,ARTHROPODA,INSECTA,PLECOPTERA,PERLIDAE,,PERLIDAE,4138,1,0,42.0708603174849,-75.80974005,RiversMajor,Region_02,NRS18_NY_10066,2018,8/30/2018,1,BETB,49.2,Fair,USC00301702
2013399,ARTHROPODA,INSECTA,TRICHOPTERA,APATANIIDAE,APATANIA,APATANIA,3466,,,41.4211113005656,-71.79528015,LargeStreams,Region_01,NRS18_RI_10005,2018,8/30/2018,1,BERW,46.6,Fair,US1RIWS0030
2013400,MOLLUSCA,BIVALVIA,VENEROIDA,PISIDIIDAE,SPHAERIUM,SPHAERIUM,4300,1,1,41.8907650502532,-79.99304337,RiversOther,Region_03,NRS18_PA_10042,2018,8/28/2018,1,BERW,69.83,Good,USC00369041
2013401,ARTHROPODA,INSECTA,TRICHOPTERA,HYDROPSYCHIDAE,HYDROPSYCHE,HYDROPSYCHE,3844,4,1,41.0241931669761,-80.16322399,RiversOther,Region_03,NRS18_PA_10014,2018,8/29/2018,1,BERW,55.02,Good,US1PALW0010
2013402,NEMERTEA,ENOPLA,HOPLONEMERTEA,TETRASTEMMATIDAE,PROSTOMA,PROSTOMA,4199,2,1,,,,Region_05,NRS18_IN_10001,,8/30/2018,2,BERW,40.68,,ACW00011604
2013404,ARTHROPODA,INSECTA,DIPTERA,CERATOPOGONIDAE,,CERATOPOGONINAE,3567,1,1,,,,Region_04,NRS18_TN_10001,,8/30/2018,2,BERW,65.4,,ACW00011604
2013405,ARTHROPODA,INSECTA,DIPTERA,CHIRONOMIDAE,POLYPEDILUM,POLYPEDILUM,4178,7,1,40.1951810131664,-96.22861468,LargeStreams,Region_07,NRS18_NE_10013,2018,8/30/2018,1,BERW,36.37,Fair,US1Pawn4071
2013406,ARTHROPODA,INSECTA,DIPTERA,CHIRONOMIDAE,POLYPEDILUM,POLYPEDILUM,4178,2,1,,,,Region_04,NRS18_SC_RF001,,8/30/2018,1,BERW,79.53,,ACW00011604
2013407,ARTHROPODA,INSECTA,DIPTERA,CHIRONOMIDAE,,CRICOTOPUS/ORTHOCLADIUS,3623,3,1,46.0741300366845,-116.9562342,RiversMajor,Region_10,NRS18_ID_10080,2018,8/30/2018,1,BETB,33.13,Poor,US1WAAS0003
2013408,ARTHROPODA,INSECTA,COLEOPTERA,ELMIDAE,OPTIOSERVUS,OPTIOSERVUS,4071,7,1,39.9253768775067,-80.50520104,LargeStreams,Region_03,NRS18_PA_10039,2018,8/30/2018,1,BERW,40.4,Fair,US1PAGR0004
2013409,ARTHROPODA,MALACOSTRACA,AMPHIPODA,HYALELLIDAE,HYALELLA,HYALELLA,3821,2,1,,,,Region_04,NRS18_TN_10010,,8/31/2018,2,BETB,6.65,,ACW00011604
2013410,ARTHROPODA,INSECTA,DIPTERA,CHIRONOMIDAE,PARAMETRIOCNEMUS,PARAMETRIOCNEMUS,4112,1,1,39.4632264742388,-91.13030742,LargeStreams,Region_07,NRS18_MO_10034,2018,8/30/2018,1,BERW,29.95,Fair,USC00235093
2013411,ARTHROPODA,INSECTA,DIPTERA,SIMULIIDAE,SIMULIUM,SIMULIUM,4281,3,1,44.3461859573299,-106.7024292,LargeStreams,Region_08,NRS18_WY_10085,2018,8/30/2018,1,BERW,80.17,Good,US1WYJN0026
2013412,ARTHROPODA,INSECTA,PLECOPTERA,PERLIDAE,HESPEROPERLA,HESPEROPERLA,3805,1,1,41.1260788560491,-106.4326716,RiversMajor,Region_08,NRS18_WY_12197,2018,8/30/2018,1,BETB,69.25,Good,USC00480655
2013413,ARTHROPODA,INSECTA,DIPTERA,CHIRONOMIDAE,MICROTENDIPES,MICROTENDIPES,3982,,,42.2565666568257,-104.7365833,RiversMajor,Region_08,NRS18_WY_12046,2018,8/31/2018,1,BETB,72.78,Good,US1WYPT0035
2013414,ARTHROPODA,INSECTA,EPHEMEROPTERA,BAETIDAE,ACERPENNA,ACERPENNA,3408,3,1,42.5024558606177,-108.2566083,RiversOther,Region_08,NRS18_WY_10089,2018,8/29/2018,1,BERW,84.08,Good,USC00486875
2013415,ARTHROPODA,INSECTA,DIPTERA,CHIRONOMIDAE,POLYPEDILUM,POLYPEDILUM,4178,6,1,39.3101110558549,-80.27189457,SmallStreams,Region_03,NRS18_WV_10013,2018,8/30/2018,1,BERW,31.02,Fair,US1WVHS0006
2013416,ARTHROPODA,INSECTA,DIPTERA,CHIRONOMIDAE,NILOTHAUMA,NILOTHAUMA,4043,2,1,41.8383236462461,-71.61173317,SmallStreams,Region_01,NRS18_RI_10201,2018,8/31/2018,1,BERW,60.58,Good,US1RIPR0130
2013417,ARTHROPODA,INSECTA,DIPTERA,CHIRONOMIDAE,POLYPEDILUM,POLYPEDILUM,4178,2,1,42.3636919872797,-104.9080902,RiversMajor,Region_08,NRS18_WY_10065,2018,9/3/2018,1,BETB,43.47,Good,USC00483944
2013418,ARTHROPODA,INSECTA,TRICHOPTERA,HYDROPSYCHIDAE,,HYDROPSYCHIDAE,3845,1,0,41.6051261677059,-104.633556,LargeStreams,Region_08,NRS18_WY_10845,2018,9/3/2018,1,BERW,71.68,Good,US1WYPT0046
2013419,ARTHROPODA,INSECTA,TRICHOPTERA,HYDROPSYCHIDAE,CHEUMATOPSYCHE,CHEUMATOPSYCHE,3578,3,1,43.492475395197,-106.6606345,LargeStreams,Region_08,NRS18_WY_10073,2018,9/2/2018,1,BERW,42.28,Poor,USC00480237
2013420,NEMERTEA,ENOPLA,HOPLONEMERTEA,TETRASTEMMATIDAE,PROSTOMA,PROSTOMA,4199,1,1,41.6004875930499,-72.75885445,SmallStreams,Region_01,NRS18_CT_10032,2018,8/30/2018,1,BERW,40.67,Poor,US1CTHR0018
2013421,ANNELIDA,OLIGOCHAETA,,,,OLIGOCHAETA,4061,8,1,38.8083623719349,-121.6352071,RiversOther,Region_09,NRS18_CA_10012,2018,9/4/2018,1,BETB,28.15,Poor,USC00044591
2013422,ARTHROPODA,INSECTA,TRICHOPTERA,HYDROPSYCHIDAE,,HYDROPSYCHIDAE,3845,1,0,43.4246023674675,-97.08474691,RiversOther,Region_08,NRS18_SD_10045,2018,9/4/2018,1,BERW,41.38,Good,US1SDMC0013
2013423,ANNELIDA,OLIGOCHAETA,HAPLOTAXIDA,TUBIFICIDAE,AULODRILUS,AULODRILUS,3496,,,35.7308382495682,-84.32573156,RiversMajor,Region_04,NRS18_TN_11090,2018,9/4/2018,1,BETB,14.17,Poor,USC00405451
2013424,ARTHROPODA,INSECTA,TRICHOPTERA,HYDROPSYCHIDAE,CHEUMATOPSYCHE,CHEUMATOPSYCHE,3578,3,1,43.6733448728752,-106.5306621,RiversOther,Region_08,NRS18_WY_11299,2018,8/31/2018,1,BERW,27.88,Poor,US1WYJN0001
2013425,MOLLUSCA,GASTROPODA,BASOMMATOPHORA,PLANORBIDAE,MENETUS,MENETUS,3967,1,1,37.7866242962126,-96.42997002,LargeStreams,Region_07,NRS18_KS_10001,2018,9/4/2018,1,BERW,58.63,Good,US1KSGW0001
2013426,ANNELIDA,OLIGOCHAETA,HAPLOTAXIDA,,,HAPLOTAXIDA,3783,1,1,38.8012729053296,-105.1697687,SmallStreams,Region_08,NRS18_CO_10224,2018,9/4/2018,1,BERW,39.3,Fair,USC00051977
2013428,ARTHROPODA,INSECTA,DIPTERA,CHIRONOMIDAE,,CHIRONOMIDAE,3581,1,0,28.3021048474044,-98.05815346,RiversMajor,Region_06,NRS18_TX_10014,2018,9/5/2018,1,BETB,13.05,Poor,US1TXLO0011
2013429,ARTHROPODA,INSECTA,DIPTERA,CHIRONOMIDAE,NANOCLADIUS,NANOCLADIUS,4005,1,1,38.8512995781994,-121.6304411,RiversOther,Region_09,NRS18_CA_10795,2018,9/5/2018,1,BETB,21.53,Poor,USC00046193
2013430,MOLLUSCA,BIVALVIA,VENEROIDA,CORBICULIDAE,CORBICULA,CORBICULA,3612,142,1,33.3135750551657,-84.17306649,LargeStreams,Region_04,NRS18_GA_10005,2018,9/5/2018,1,BERW,14.82,Poor,US1GASP0006
2013431,ARTHROPODA,INSECTA,ODONATA,COENAGRIONIDAE,ARGIA,ARGIA,3476,1,1,43.4799640651245,-97.13014341,RiversOther,Region_08,NRS18_SD_10021,2018,9/5/2018,1,BERW,49.97,Good,US1SDMC0013
2013432,ARTHROPODA,INSECTA,DIPTERA,CHIRONOMIDAE,POLYPEDILUM,POLYPEDILUM,4178,3,1,36.1250756561568,-83.18162197,RiversOther,Region_04,NRS18_TN_10008,2018,9/5/2018,1,BETB,6.83,Poor,US1TNJF0004
2013433,ARTHROPODA,INSECTA,EPHEMEROPTERA,LEPTOPHLEBIIDAE,,LEPTOPHLEBIIDAE,3904,1,1,42.083662649277,-76.29192789,RiversMajor,Region_02,NRS18_NY_10041,2018,9/5/2018,1,BETB,52.35,Fair,USC00306356
2013434,MOLLUSCA,GASTROPODA,BASOMMATOPHORA,PLANORBIDAE,GYRAULUS,GYRAULUS,3771,,,41.2724226226825,-74.84021528,RiversMajor,Region_02,NRS18_NJ_10002,2018,9/5/2018,1,BETB,71.45,Good,USC00284735
2013435,ARTHROPODA,INSECTA,EPHEMEROPTERA,LEPTOPHLEBIIDAE,NEOLEPTOPHLEBIA,NEOLEPTOPHLEBIA,5124,5,1,,,,Region_08,NRS18_UT_10032,,9/5/2018,2,BERW,47.65,,ACW00011604
2013436,ARTHROPODA,INSECTA,DIPTERA,CHIRONOMIDAE,,THIENEMANNIMYIA GENUS GR.,4362,1,1,,,,Region_03,NRS18_MD_10002,,9/6/2018,2,BETB,33.48,,ACW00011604
2013437,ARTHROPODA,MALACOSTRACA,AMPHIPODA,GAMMARIDAE,GAMMARUS,GAMMARUS,3744,40,1,42.0289548425636,-76.39830205,RiversMajor,Region_02,NRS18_NY_10020,2018,9/6/2018,1,BETB,59.92,Good,US1NYTG0018
2013438,ARTHROPODA,INSECTA,DIPTERA,CHIRONOMIDAE,,CRICOTOPUS/ORTHOCLADIUS,3623,1,1,,,,Region_08,NRS18_WY_10010,,9/5/2018,2,BERW,34.92,,ACW00011604
2013439,ARTHROPODA,INSECTA,DIPTERA,CHIRONOMIDAE,,CRICOTOPUS/ORTHOCLADIUS,3623,55,1,42.546894801745,-109.1163941,SmallStreams,Region_08,NRS18_WY_10071,2018,9/6/2018,1,BERW,70.7,Good,USS0009G06S
2013440,ARTHROPODA,INSECTA,PLECOPTERA,NEMOURIDAE,SOYEDINA,SOYEDINA,4293,1,1,36.4465831689799,-81.73968862,SmallStreams,Region_04,NRS18_TN_10019,2018,9/6/2018,1,BERW,37.07,Fair,USC00406292
2013441,ARTHROPODA,INSECTA,DIPTERA,CHIRONOMIDAE,,CRICOTOPUS/ORTHOCLADIUS,3623,20,1,41.3950922752112,-73.42907896,LargeStreams,Region_01,NRS18_CT_10009,2018,9/6/2018,1,BERW,31.38,Poor,USC00061762
2013442,ARTHROPODA,INSECTA,DIPTERA,CHIRONOMIDAE,RHEOCRICOTOPUS,RHEOCRICOTOPUS,4245,3,1,43.101181707114,-122.8297435,SmallStreams,Region_10,NRS18_OR_10006,2018,9/6/2018,1,BERW,67.67,Good,USR0000OTAF
2013443,ARTHROPODA,INSECTA,ODONATA,COENAGRIONIDAE,ISCHNURA,ISCHNURA,3863,1,1,43.2174780178184,-70.65012175,SmallStreams,Region_01,NRS18_ME_10017,2018,9/6/2018,1,BERW,27.57,Poor,USC00171131
2013444,ARTHROPODA,INSECTA,EPHEMEROPTERA,HEPTAGENIIDAE,STENACRON,STENACRON,4309,1,1,,,,Region_05,NRS18_MI_10001,,9/7/2018,2,BERW,52.33,,ACW00011604
2013445,ARTHROPODA,INSECTA,DIPTERA,CHIRONOMIDAE,CRYPTOCHIRONOMUS,CRYPTOCHIRONOMUS,3625,1,1,28.2750516380675,-97.98394783,SmallStreams,Region_06,NRS18_TX_10080,2018,9/6/2018,1,BETB,15.72,Poor,US1TXLO0017
2013446,ARTHROPODA,INSECTA,PLECOPTERA,PERLODIDAE,SKWALA,SKWALA,4287,2,1,46.8368000145355,-115.4679038,LargeStreams,Region_10,NRS18_ID_10021,2018,9/5/2018,1,BERW,71.08,Good,USR0000IEAG
2013447,ARTHROPODA,INSECTA,TRICHOPTERA,LEPTOCERIDAE,OECETIS,OECETIS,4060,1,1,41.2925654992327,-74.47550692,LargeStreams,Region_02,NRS18_NY_10021,2018,9/6/2018,1,BERW,18.65,Poor,US1NYOR0023
2013448,ARTHROPODA,INSECTA,EPHEMEROPTERA,BAETIDAE,,BAETIDAE,3500,2,0,42.4567527053427,-75.57029949,RiversOther,Region_02,NRS18_NY_10064,2018,9/7/2018,1,BETB,44.57,Fair,US1NYCN0014
2013449,ARTHROPODA,MALACOSTRACA,AMPHIPODA,GAMMARIDAE,GAMMARUS,GAMMARUS,3744,1,1,42.8543568843497,-70.92492707,LargeStreams,Region_01,NRS18_MA_10016,2018,9/7/2018,1,BETB,8.83,Poor,US1MAES0027
2013450,ARTHROPODA,INSECTA,EPHEMEROPTERA,BAETIDAE,BAETIS,BAETIS,3501,12,1,,,,Region_04,NRS18_TN_10009,,9/7/2018,2,BERW,43.82,,ACW00011604
2013451,ANNELIDA,HIRUDINEA,RHYNCHOBDELLIDA,GLOSSIPHONIIDAE,,GLOSSIPHONIIDAE,3751,2,1,,,,Region_01,NRS18_MA_10005,,9/9/2018,2,BERW,11.05,,ACW00011604
2013452,ARTHROPODA,INSECTA,DIPTERA,CHIRONOMIDAE,PARAKIEFFERIELLA,PARAKIEFFERIELLA,4106,2,1,,,,Region_06,NRS18_AR_10001,,9/9/2018,2,BERW,33.87,,ACW00011604
2013453,ANNELIDA,OLIGOCHAETA,HAPLOTAXIDA,NAIDIDAE,,NAIDIDAE,4003,1,0,33.5432525128851,-83.50925108,SmallStreams,Region_04,NRS18_GA_10014,2018,9/6/2018,1,BERW,9.13,Poor,US1GAMG0004
2013454,ARTHROPODA,INSECTA,DIPTERA,CHIRONOMIDAE,,CHIRONOMIDAE,3581,2,0,42.7705211113356,-109.2570498,SmallStreams,Region_08,NRS18_WY_10021,2018,9/7/2018,1,BERW,8.18,Poor,USS0009G09S
2013455,ARTHROPODA,INSECTA,PLECOPTERA,PERLODIDAE,ISOPERLA,ISOPERLA,3867,4,1,,,,Region_08,NRS18_WY_10069,,9/8/2018,2,BERW,52.58,,ACW00011604
2013456,MOLLUSCA,GASTROPODA,BASOMMATOPHORA,PLANORBIDAE,,PLANORBIDAE,4162,2,0,,,,Region_01,NRS18_RI_10002,,9/10/2018,2,BETB,6.85,,ACW00011604
2013457,ARTHROPODA,INSECTA,TRICHOPTERA,HYDROPSYCHIDAE,CHEUMATOPSYCHE,CHEUMATOPSYCHE,3578,10,1,43.9802273854454,-88.29780865,SmallStreams,Region_05,NRS18_WI_10113,2018,9/10/2018,1,BERW,18.3,Poor,US1WICT0001
2013458,ANNELIDA,OLIGOCHAETA,ENCHYTRAEIDA,ENCHYTRAEIDAE,,ENCHYTRAEIDAE,3697,1,1,40.6322426161454,-81.70202657,SmallStreams,Region_05,NRS18_OH_10021,2018,9/10/2018,1,BERW,26.97,Poor,US1OHWN0014
2013459,ARTHROPODA,INSECTA,DIPTERA,CHIRONOMIDAE,SAETHERIA,SAETHERIA,4260,18,1,42.0572593292772,-93.73743341,LargeStreams,Region_07,NRS18_IA_10016,2018,9/10/2018,1,BERW,36.33,Fair,US1IASR0053
2013460,ARTHROPODA,INSECTA,EPHEMEROPTERA,LEPTOPHLEBIIDAE,,LEPTOPHLEBIIDAE,3904,,,48.0872032317321,-118.6915789,RiversOther,Region_10,NRS18_WA_10023,2018,9/9/2018,1,BERW,42.25,Fair,US1WAFY0002
2013461,ARTHROPODA,ARACHNIDA,TROMBIDIFORMES,UNIONICOLIDAE,NEUMANIA,NEUMANIA,4038,2,1,45.1917378725923,-101.6904958,RiversMajor,Region_08,NRS18_SD_10057,2018,9/10/2018,1,BERW,51.4,Fair,US1SDZB0014
2013462,ARTHROPODA,INSECTA,DIPTERA,CHIRONOMIDAE,CORYNONEURA,CORYNONEURA,3620,1,1,43.1524293116488,-85.96651416,LargeStreams,Region_05,NRS18_MI_10039,2018,9/11/2018,1,BERW,29.1,Fair,USC00207590
2013463,ARTHROPODA,INSECTA,COLEOPTERA,ELMIDAE,DUBIRAPHIA,DUBIRAPHIA,3678,7,1,44.05945899,-101.2161095,RiversOther,Region_08,NRS18_SD_10041,2018,9/11/2018,1,BERW,27.1,Poor,USC00395506
2013464,MOLLUSCA,BIVALVIA,VENEROIDA,PISIDIIDAE,PISIDIUM,PISIDIUM,4159,35,1,40.8737329030158,-95.59770401,SmallStreams,Region_07,NRS18_IA_10001,2018,9/11/2018,1,BERW,33.72,Fair,USC00136891
2013465,ARTHROPODA,INSECTA,EPHEMEROPTERA,BAETIDAE,LABIOBAETIS,LABIOBAETIS,4774,,,45.7402602971184,-88.07920209,LargeStreams,Region_05,NRS18_WI_10541,2018,9/11/2018,1,BERW,83,Good,USC00204090
2013466,ARTHROPODA,INSECTA,DIPTERA,CHIRONOMIDAE,EUKIEFFERIELLA,EUKIEFFERIELLA,3722,1,1,35.8430762362561,-81.96907489,LargeStreams,Region_04,NRS18_NC_10023,2018,9/11/2018,1,BERW,41.43,Fair,USR0000NNCP
2013467,ARTHROPODA,INSECTA,DIPTERA,CHIRONOMIDAE,HYDROBAENUS,HYDROBAENUS,3831,2,1,,,,Region_07,NRS18_MO_10001,,9/11/2018,2,BERW,7.77,,ACW00011604
2013468,ARTHROPODA,INSECTA,EPHEMEROPTERA,ISONYCHIIDAE,ISONYCHIA,ISONYCHIA,3866,1,1,,,,Region_01,NRS18_RI_10005,,9/11/2018,2,BERW,51.05,,ACW00011604
2013469,ARTHROPODA,INSECTA,TRICHOPTERA,HYDROPSYCHIDAE,,HYDROPSYCHIDAE,3845,3,0,40.7153894993333,-81.71384549,SmallStreams,Region_05,NRS18_OH_10022,2018,9/11/2018,1,BERW,11.93,Poor,US1OHWN0014
2013470,ARTHROPODA,INSECTA,DIPTERA,CHIRONOMIDAE,NANOCLADIUS,NANOCLADIUS,4005,1,1,45.221844205238,-101.533231,RiversMajor,Region_08,NRS18_SD_10053,2018,9/11/2018,1,BERW,31.78,Poor,US1SDZB0014
2013471,ARTHROPODA,ARACHNIDA,TROMBIDIFORMES,TORRENTICOLIDAE,TORRENTICOLA,TORRENTICOLA,4371,4,1,43.5585507398104,-110.2491438,LargeStreams,Region_08,NRS18_WY_10026,2018,9/11/2018,1,BERW,45.22,Fair,USC00482375
2013472,ARTHROPODA,MALACOSTRACA,DECAPODA,PALAEMONIDAE,PALAEMON,PALAEMON,5126,2,1,27.2060330737806,-80.57422881,SmallStreams,Region_04,NRS18_FL_10037,2018,9/11/2018,1,BETB,23.27,Poor,US1FLMT0013
2013473,ARTHROPODA,INSECTA,DIPTERA,CHIRONOMIDAE,TANYTARSUS,TANYTARSUS,4348,11,1,,,,Region_01,NRS18_CT_10001,,9/12/2018,2,BERW,66.48,,ACW00011604
2013474,MOLLUSCA,BIVALVIA,VENEROIDA,PISIDIIDAE,SPHAERIUM,SPHAERIUM,4300,1,1,40.036283747707,-92.54790307,SmallStreams,Region_07,NRS18_MO_10029,2018,9/12/2018,1,BERW,21.88,Poor,USC00234640
2013475,ARTHROPODA,INSECTA,TRICHOPTERA,POLYCENTROPODIDAE,,POLYCENTROPODIDAE,4174,,,43.3414737622918,-83.62441072,RiversOther,Region_05,NRS18_MI_10008,2018,9/12/2018,1,BERW,74.63,Good,USC00208438
2013476,ARTHROPODA,INSECTA,EPHEMEROPTERA,HEPTAGENIIDAE,STENACRON,STENACRON,4309,15,1,37.2756016018005,-92.44534107,RiversMajor,Region_07,NRS18_MO_10026,2018,9/12/2018,1,BERW,58.85,Good,USC00233661
2013477,ARTHROPODA,ARACHNIDA,TROMBIDIFORMES,MIDEOPSIDAE,MIDEOPSIS,MIDEOPSIS,3986,1,1,37.3109560975927,-82.28885525,SmallStreams,Region_03,NRS18_VA_10013,2018,9/11/2018,1,BERW,30.85,Fair,USC00440982
2013478,ARTHROPODA,INSECTA,TRICHOPTERA,HYDROPSYCHIDAE,CHEUMATOPSYCHE,CHEUMATOPSYCHE,3578,3,1,35.0818989637222,-85.27878753,RiversMajor,Region_04,NRS18_TN_11089,2018,9/12/2018,1,BETB,32,Fair,US1TNHL0061
2013479,MOLLUSCA,BIVALVIA,VENEROIDA,PISIDIIDAE,PISIDIUM,PISIDIUM,4159,48,1,30.3973598022868,-99.34755081,SmallStreams,Region_06,NRS18_TX_10445,2018,9/11/2018,1,BETB,30.73,Fair,US1TXKM0007
2013480,ARTHROPODA,INSECTA,DIPTERA,SIMULIIDAE,SIMULIUM,SIMULIUM,4281,2,1,30.5773207802864,-99.86389486,LargeStreams,Region_06,NRS18_TX_10021,2018,9/12/2018,1,BETB,41.33,Good,USW00013973
2013481,ARTHROPODA,ARACHNIDA,TROMBIDIFORMES,SPERCHONIDAE,SPERCHONOPSIS,SPERCHONOPSIS,4298,1,1,40.6249236915654,-100.5745604,RiversOther,Region_07,NRS18_NE_10012,2018,9/12/2018,1,BERW,11.62,Poor,US1Fron4026
2013482,ARTHROPODA,INSECTA,DIPTERA,CHIRONOMIDAE,PARAMETRIOCNEMUS,PARAMETRIOCNEMUS,4112,1,1,48.2672399966707,-118.5072669,SmallStreams,Region_10,NRS18_WA_10029,2018,9/10/2018,1,BERW,41.05,Fair,USS0018A19S
2013483,ARTHROPODA,INSECTA,DIPTERA,CHIRONOMIDAE,CRYPTOCHIRONOMUS,CRYPTOCHIRONOMUS,3625,1,1,41.9407961734336,-95.46332634,RiversOther,Region_07,NRS18_IA_10656,2018,9/12/2018,1,BETB,30.4,Fair,US1IACF0006
2013484,ARTHROPODA,INSECTA,DIPTERA,CHIRONOMIDAE,,THIENEMANNIMYIA GENUS GR.,4362,4,1,41.8504242425005,-78.82659517,SmallStreams,Region_03,NRS18_PA_10218,2018,9/12/2018,1,BERW,47.05,Fair,USC00365435
2013485,ARTHROPODA,INSECTA,DIPTERA,CHIRONOMIDAE,CLADOTANYTARSUS,CLADOTANYTARSUS,3594,1,1,45.1550934162648,-102.752592,RiversMajor,Region_08,NRS18_SD_10014,2018,9/12/2018,1,BERW,17.35,Poor,USC00390706
2013486,ARTHROPODA,INSECTA,DIPTERA,CHIRONOMIDAE,PARAKIEFFERIELLA,PARAKIEFFERIELLA,4106,1,1,44.5756472500098,-109.1051816,LargeStreams,Region_08,NRS18_WY_11151,2018,9/12/2018,1,BERW,23.1,Poor,US1WYPK0038
2013487,MOLLUSCA,GASTROPODA,NEOTAENIOGLOSSA,HYDROBIIDAE,,HYDROBIIDAE,3832,22,1,37.2293781431992,-86.77924889,RiversMajor,Region_04,NRS18_KY_10033,2018,9/11/2018,1,BETB,20.02,Poor,USC00150012
2013488,MOLLUSCA,GASTROPODA,BASOMMATOPHORA,PHYSIDAE,PHYSA,PHYSA,4149,1,1,37.1848126998236,-88.23837008,RiversMajor,Region_04,NRS18_KY_10032,2018,9/12/2018,1,BETB,0,Poor,US1KYLV0001
2013489,ARTHROPODA,ARACHNIDA,TROMBIDIFORMES,ARRENURIDAE,ARRENURUS,ARRENURUS,3481,1,1,38.7644370404341,-75.73555877,SmallStreams,Region_03,NRS18_MD_10007,2018,9/13/2018,1,BERW,43.88,Fair,US1DESS0094
2013490,ARTHROPODA,INSECTA,DIPTERA,CHIRONOMIDAE,CRYPTOTENDIPES,CRYPTOTENDIPES,3628,2,1,43.2457379795625,-97.64923729,RiversMajor,Region_08,NRS18_SD_10060,2018,9/12/2018,1,BETB,8.15,Poor,USC00395481
2013491,ARTHROPODA,INSECTA,DIPTERA,PSYCHODIDAE,,PSYCHODIDAE,4223,,,42.4643262039383,-84.04812975,SmallStreams,Region_05,NRS18_MI_10231,2018,9/13/2018,1,BERW,33.52,Fair,US1MILV0015
2013492,ARTHROPODA,INSECTA,DIPTERA,CHIRONOMIDAE,PARALAUTERBORNIELLA,PARALAUTERBORNIELLA,4107,,,46.7605250813758,-100.7203535,RiversOther,Region_08,NRS18_ND_10026,2018,9/13/2018,1,BERW,42.68,Fair,US1NDBH0043
2013493,ARTHROPODA,INSECTA,DIPTERA,SIMULIIDAE,SIMULIUM,SIMULIUM,4281,22,1,44.3209340614938,-89.09305848,LargeStreams,Region_05,NRS18_WI_10569,2018,9/13/2018,1,BERW,54.78,Good,USC00478951
2013494,ARTHROPODA,INSECTA,PLECOPTERA,CAPNIIDAE,PARACAPNIA,PARACAPNIA,4097,,,45.3280889164477,-88.42995944,LargeStreams,Region_05,NRS18_WI_10050,2018,9/12/2018,1,BERW,68.07,Good,USC00474523
2013495,ARTHROPODA,INSECTA,DIPTERA,CHIRONOMIDAE,ABLABESMYIA,ABLABESMYIA,3406,11,1,34.7555821044846,-85.68075739,LargeStreams,Region_04,NRS18_AL_10023,2018,9/13/2018,1,BERW,13.88,Poor,USC00012945
2013496,ARTHROPODA,INSECTA,DIPTERA,SIMULIIDAE,SIMULIUM,SIMULIUM,4281,3,1,42.4043895350324,-95.87348016,SmallStreams,Region_07,NRS18_IA_10004,2018,9/13/2018,1,BERW,23.48,Poor,USC00131838
2013497,ARTHROPODA,INSECTA,EPHEMEROPTERA,LEPTOPHLEBIIDAE,HABROPHLEBIA,HABROPHLEBIA,3775,2,1,41.7465558334785,-79.30664962,SmallStreams,Region_03,NRS18_PA_10018,2018,9/13/2018,1,BERW,72.88,Good,US1PAWR0003
2013498,ARTHROPODA,INSECTA,DIPTERA,CHIRONOMIDAE,MICROPSECTRA,MICROPSECTRA,3981,2,1,44.5077105935811,-108.4333775,RiversOther,Region_08,NRS18_WY_10078,2018,9/13/2018,1,BERW,48.8,Fair,USC00483031
2013499,ARTHROPODA,INSECTA,TRICHOPTERA,LIMNEPHILIDAE,,LIMNEPHILIDAE,3918,5,1,44.4585947299704,-108.6400312,RiversOther,Region_08,NRS18_WY_11746,2018,9/13/2018,1,BERW,34.4,Poor,USC00489660
2013500,ARTHROPODA,INSECTA,DIPTERA,CHIRONOMIDAE,TANYPUS,TANYPUS,4347,1,1,30.5000976830021,-99.68645313,RiversOther,Region_06,NRS18_TX_10042,2018,9/13/2018,1,BETB,39.4,Good,USW00013973
2013501,ARTHROPODA,INSECTA,DIPTERA,CHIRONOMIDAE,DICROTENDIPES,DICROTENDIPES,3658,11,1,,,,Region_04,NRS18_AL_10002,,9/14/2018,2,BETB,7.73,,ACW00011604
2013502,ARTHROPODA,INSECTA,TRICHOPTERA,HYDROPSYCHIDAE,CHEUMATOPSYCHE,CHEUMATOPSYCHE,3578,4,1,36.6592557496441,-92.63412036,LargeStreams,Region_07,NRS18_MO_10665,2018,9/14/2018,1,BERW,42.93,Fair,US1MOOZ0008
2013503,ARTHROPODA,INSECTA,DIPTERA,CHIRONOMIDAE,ABLABESMYIA,ABLABESMYIA,3406,9,1,38.9023856239271,-93.01374945,RiversOther,Region_07,NRS18_MO_10039,2018,9/14/2018,1,BETB,34.7,Fair,US1MOSN0003
2013504,ARTHROPODA,INSECTA,TRICHOPTERA,HYDROPSYCHIDAE,HYDROPSYCHE,HYDROPSYCHE,3844,9,1,42.5473345977114,-96.47690097,RiversMajor,Region_07,NRS18_IA_10034,2018,9/14/2018,1,BETB,56.37,Good,USC00137717
2013505,ARTHROPODA,INSECTA,EPHEMEROPTERA,CAENIDAE,CAENIS,CAENIS,3542,5,1,38.4064788146756,-90.38821011,SmallStreams,Region_07,NRS18_MO_10051,2018,9/17/2018,1,BERW,24.98,Poor,US1MOJF0011
2013506,ARTHROPODA,INSECTA,EPHEMEROPTERA,HEPTAGENIIDAE,,HEPTAGENIIDAE,3802,7,0,39.0658511124341,-92.52016586,SmallStreams,Region_07,NRS18_MO_10361,2018,9/16/2018,1,BERW,21.23,Poor,US1MOBN0021
2013507,MOLLUSCA,GASTROPODA,,,,GASTROPODA,3745,15,0,40.9072273901245,-72.73717806,LargeStreams,Region_02,NRS18_NY_10549,2018,9/16/2018,1,BETB,38.5,Poor,USC00300364
2013508,ARTHROPODA,INSECTA,DIPTERA,CHIRONOMIDAE,PHAENOPSECTRA,PHAENOPSECTRA,4143,1,1,42.1833760856131,-90.19425335,LargeStreams,Region_05,NRS18_IL_10035,2018,9/16/2018,1,BETB,46.57,Good,US1ILCR0017
2013509,MOLLUSCA,GASTROPODA,,,,GASTROPODA,3745,2,0,36.7979585903887,-92.82411663,RiversOther,Region_07,NRS18_MO_11111,2018,9/16/2018,1,BETB,41.8,Fair,US1MODG0004
2013510,ARTHROPODA,INSECTA,ODONATA,COENAGRIONIDAE,,COENAGRIONIDAE,3606,17,1,43.414023145765,-106.2859759,RiversOther,Region_08,NRS18_WY_10011,2018,9/16/2018,1,BERW,9.1,Poor,USC00486195
2013511,ANNELIDA,OLIGOCHAETA,HAPLOTAXIDA,TUBIFICIDAE,AULODRILUS,AULODRILUS,3496,5,1,45.1801892112662,-83.63260681,LargeStreams,Region_05,NRS18_MI_10044,2018,9/17/2018,1,BERW,41.77,Good,USC00200166
2013512,ANNELIDA,OLIGOCHAETA,HAPLOTAXIDA,TUBIFICIDAE,AULODRILUS,AULODRILUS,3496,4,1,47.1895948305973,-102.6300471,RiversOther,Region_08,NRS18_ND_10031,2018,9/17/2018,1,BERW,57.83,Good,USC00323446
2013513,ARTHROPODA,INSECTA,DIPTERA,CHIRONOMIDAE,PARAMETRIOCNEMUS,PARAMETRIOCNEMUS,4112,,,44.4703152601972,-90.86880828,LargeStreams,Region_05,NRS18_WI_10049,2018,9/17/2018,1,BERW,57.23,Good,USC00473471
2013514,ARTHROPODA,MALACOSTRACA,ISOPODA,ASELLIDAE,CAECIDOTEA,CAECIDOTEA,3540,2,1,42.2585032722233,-90.28275489,RiversOther,Region_05,NRS18_IL_10023,2018,9/17/2018,1,BETB,17.67,Poor,US1ILJD0006
2013515,ANNELIDA,OLIGOCHAETA,ENCHYTRAEIDA,ENCHYTRAEIDAE,,ENCHYTRAEIDAE,3697,59,1,32.4995892120619,-90.80185682,RiversMajor,Region_04,NRS18_MS_10022,2018,9/17/2018,1,BETB,0,Poor,US1MSWR0004
2013516,ANNELIDA,OLIGOCHAETA,HAPLOTAXIDA,NAIDIDAE,,NAIDIDAE,4003,1,1,40.7579639084296,-74.16350611,RiversOther,Region_02,NRS18_NJ_10007,2018,9/17/2018,1,BETB,0,Poor,USC00283704
2013517,ARTHROPODA,INSECTA,DIPTERA,CHIRONOMIDAE,PHAENOPSECTRA,PHAENOPSECTRA,4143,1,1,40.8589025272934,-74.11904238,RiversOther,Region_02,NRS18_NJ_11083,2018,9/17/2018,1,BETB,2.15,Poor,US1NJBG0033
2013518,ARTHROPODA,ARACHNIDA,TROMBIDIFORMES,UNIONICOLIDAE,NEUMANIA,NEUMANIA,4038,9,1,39.2481192299184,-94.91314785,SmallStreams,Region_07,NRS18_KS_10137,2018,9/17/2018,1,BERW,31.63,Fair,US1KSLV0009
2013519,ARTHROPODA,INSECTA,TRICHOPTERA,HYDROPSYCHIDAE,CHEUMATOPSYCHE,CHEUMATOPSYCHE,3578,13,1,43.6183459760442,-104.2088301,RiversOther,Region_08,NRS18_WY_10052,2018,9/17/2018,1,BERW,14.9,Poor,US1WYWS0009
2013520,ARTHROPODA,INSECTA,DIPTERA,CHIRONOMIDAE,PHAENOPSECTRA,PHAENOPSECTRA,4143,,,43.8330022330649,-104.4068878,RiversOther,Region_08,NRS18_WY_11308,2018,9/17/2018,1,BERW,36.47,Poor,USC00486662
2013521,MOLLUSCA,BIVALVIA,VENEROIDA,PISIDIIDAE,,PISIDIIDAE,4158,4,0,38.7238378825921,-89.49259979,RiversOther,Region_05,NRS18_IL_10022,2018,9/18/2018,1,BETB,55.32,Good,US1ILCT0006
2013522,ARTHROPODA,INSECTA,TRICHOPTERA,HYDROPSYCHIDAE,CHEUMATOPSYCHE,CHEUMATOPSYCHE,3578,1,1,,,,Region_06,NRS18_AR_10009,,9/18/2018,2,BERW,35.55,,ACW00011604
2013523,ARTHROPODA,ARACHNIDA,TROMBIDIFORMES,SPERCHONIDAE,SPERCHON,SPERCHON,4296,8,1,45.3644615216341,-84.5085825,LargeStreams,Region_05,NRS18_MI_10040,2018,9/18/2018,1,BERW,49.93,Good,US1MICB0006
2013524,ANNELIDA,HIRUDINEA,RHYNCHOBDELLIDA,GLOSSIPHONIIDAE,HELOBDELLA,HELOBDELLA,3792,1,1,45.5451488655309,-84.45337414,SmallStreams,Region_05,NRS18_MI_10030,2018,9/18/2018,1,BERW,17.05,Poor,US1MICB0001
2013525,ANNELIDA,OLIGOCHAETA,HAPLOTAXIDA,,,HAPLOTAXIDA,3783,1,0,39.3143738100931,-83.33566716,LargeStreams,Region_05,NRS18_OH_10028,2018,9/17/2018,1,BERW,62.3,Good,USC00333356
2013526,ARTHROPODA,INSECTA,TRICHOPTERA,HYDROPSYCHIDAE,CHEUMATOPSYCHE,CHEUMATOPSYCHE,3578,,,39.6767701299048,-83.23122949,SmallStreams,Region_05,NRS18_OH_10024,2018,9/18/2018,1,BERW,26.6,Fair,USC00332090
2013527,ARTHROPODA,INSECTA,DIPTERA,CHIRONOMIDAE,POLYPEDILUM,POLYPEDILUM,4178,10,1,32.2411885009781,-90.58898349,RiversOther,Region_04,NRS18_MS_10021,2018,9/18/2018,1,BERW,36.35,Poor,USC00226476
2013528,ARTHROPODA,INSECTA,ODONATA,AESHNIDAE,BOYERIA,BOYERIA,3524,1,1,,,,Region_02,NRS18_NJ_10001,,9/18/2018,2,BERW,24.42,,ACW00011604
2013529,ARTHROPODA,INSECTA,DIPTERA,SIMULIIDAE,SIMULIUM,SIMULIUM,4281,3,1,43.4224423735225,-103.9918046,RiversMajor,Region_08,NRS18_SD_10012,2018,9/18/2018,1,BERW,52.38,Fair,US1SDFR0024
2013530,ARTHROPODA,INSECTA,COLEOPTERA,ELMIDAE,,ELMIDAE,3694,17,0,42.5542838491939,-120.8997093,LargeStreams,Region_10,NRS18_OR_10035,2018,9/18/2018,1,BERW,49.48,Fair,USS0020G12S
2013531,ARTHROPODA,INSECTA,DIPTERA,CHIRONOMIDAE,TANYTARSUS,TANYTARSUS,4348,,,41.2332841950364,-105.2928902,SmallStreams,Region_08,NRS18_WY_10022,2018,9/18/2018,1,BERW,35.63,Poor,USC00482233
2013532,MOLLUSCA,BIVALVIA,VENEROIDA,CORBICULIDAE,CORBICULA,CORBICULA,3612,16,1,,,,Region_04,NRS18_AL_RF001,,9/18/2018,1,BERW,55.77,,ACW00011604
2013533,ARTHROPODA,INSECTA,TRICHOPTERA,HYDROPSYCHIDAE,HYDROPSYCHE,HYDROPSYCHE,3844,15,1,43.2059500505077,-90.74092242,LargeStreams,Region_05,NRS18_WI_10051,2018,9/19/2018,1,BERW,38.07,Good,US1WICR0001
2013534,ARTHROPODA,INSECTA,DIPTERA,CHIRONOMIDAE,LABRUNDINIA,LABRUNDINIA,3882,,,47.1295783974407,-102.2341882,RiversOther,Region_08,NRS18_ND_10007,2018,9/18/2018,1,BERW,42.05,Poor,USC00325582
2013535,ARTHROPODA,INSECTA,DIPTERA,CHIRONOMIDAE,,CRICOTOPUS/ORTHOCLADIUS,3623,2,1,36.5608835086625,-94.14868317,SmallStreams,Region_07,NRS18_MO_10213,2018,9/19/2018,1,BERW,26.08,Poor,USC00236834
2013536,ARTHROPODA,INSECTA,DIPTERA,CHIRONOMIDAE,STEMPELLINELLA,STEMPELLINELLA,4308,1,1,33.2220059538637,-89.32785941,LargeStreams,Region_04,NRS18_MS_10020,2018,9/19/2018,1,BERW,40.53,Poor,USC00229475
2013537,ARTHROPODA,INSECTA,TRICHOPTERA,HYDROPTILIDAE,,HYDROPTILIDAE,3847,1,1,40.5812822715589,-81.39514041,RiversOther,Region_05,NRS18_OH_10007,2018,9/18/2018,1,BETB,20.93,Poor,USC00332272
2013538,ARTHROPODA,INSECTA,EPHEMEROPTERA,EPHEMERIDAE,HEXAGENIA,HEXAGENIA,3816,10,1,32.8930545377469,-83.27685531,LargeStreams,Region_04,NRS18_GA_10023,2018,9/19/2018,1,BERW,44.28,Fair,USC00095696
2013539,ARTHROPODA,INSECTA,DIPTERA,TABANIDAE,,TABANIDAE,4340,1,1,,,,Region_02,NRS18_NJ_10002,,9/19/2018,2,BETB,11.77,,ACW00011604
2013540,ARTHROPODA,INSECTA,TRICHOPTERA,HYDROPTILIDAE,HYDROPTILA,HYDROPTILA,3846,1,1,41.3178145499028,-74.47483104,RiversOther,Region_02,NRS18_NY_10065,2018,9/19/2018,1,BETB,41.55,Fair,USC00303144
2013541,ARTHROPODA,INSECTA,DIPTERA,CHIRONOMIDAE,TANYTARSUS,TANYTARSUS,4348,1,1,41.2752371744654,-90.79014197,LargeStreams,Region_05,NRS18_IL_10968,2018,9/19/2018,1,BERW,31,Fair,US1ILMR0002
2013542,ARTHROPODA,INSECTA,DIPTERA,CHIRONOMIDAE,ROBACKIA,ROBACKIA,4257,2,1,43.2780341440764,-103.7201563,RiversMajor,Region_08,NRS18_SD_10026,2018,9/19/2018,1,BERW,19.58,Poor,US1SDFR0020
2013543,ARTHROPODA,INSECTA,EPHEMEROPTERA,LEPTOPHLEBIIDAE,PARALEPTOPHLEBIA,PARALEPTOPHLEBIA,4108,4,1,46.8162269375232,-88.2020265,LargeStreams,Region_05,NRS18_MI_10041,2018,9/20/2018,1,BERW,58.12,Good,USC00207580
2013544,ANNELIDA,OLIGOCHAETA,HAPLOTAXIDA,TUBIFICIDAE,LIMNODRILUS,LIMNODRILUS,3925,,,30.6796337994935,-99.02698714,RiversOther,Region_06,NRS18_TX_10022,2018,9/19/2018,1,BETB,51.45,Good,US1TXMSN012
2013545,ANNELIDA,OLIGOCHAETA,HAPLOTAXIDA,NAIDIDAE,,NAIDIDAE,4003,3,0,31.1318176253106,-99.32020964,LargeStreams,Region_06,NRS18_TX_10007,2018,9/20/2018,1,BETB,23.1,Fair,US1TXMCC008
2013546,ARTHROPODA,INSECTA,TRICHOPTERA,HYDROPSYCHIDAE,CHEUMATOPSYCHE,CHEUMATOPSYCHE,3578,10,1,,,,Region_03,NRS18_MD_10005,,9/20/2018,2,BERW,27.3,,ACW00011604
2013547,NEMERTEA,ENOPLA,HOPLONEMERTEA,TETRASTEMMATIDAE,PROSTOMA,PROSTOMA,4199,1,1,42.4663899187133,-121.4395592,RiversOther,Region_10,NRS18_OR_10024,2018,9/19/2018,1,BETB,22.92,Poor,USC00358007
2013548,ARTHROPODA,INSECTA,DIPTERA,CHIRONOMIDAE,ABLABESMYIA,ABLABESMYIA,3406,1,1,34.0016578133697,-88.51833179,RiversMajor,Region_04,NRS18_MS_10006,2018,9/20/2018,1,BETB,57.17,Good,USC00220173
2013549,ARTHROPODA,INSECTA,ODONATA,AESHNIDAE,ANAX,ANAX,3455,1,1,,,,Region_03,NRS18_VA_10001,,9/20/2018,2,BERW,30.65,,ACW00011604
2013550,ARTHROPODA,INSECTA,DIPTERA,CHIRONOMIDAE,LABRUNDINIA,LABRUNDINIA,3882,1,1,39.7114498820277,-94.15728298,LargeStreams,Region_07,NRS18_MO_10006,2018,9/20/2018,1,BERW,47.27,Good,US1MOCL0002
2013551,ARTHROPODA,INSECTA,DIPTERA,CHIRONOMIDAE,NILOTHAUMA,NILOTHAUMA,4043,1,1,32.2973038855688,-84.04997461,LargeStreams,Region_04,NRS18_GA_10016,2018,9/20/2018,1,BERW,38.67,Poor,USC00095979
2013552,ARTHROPODA,ARACHNIDA,TROMBIDIFORMES,UNIONICOLIDAE,NEUMANIA,NEUMANIA,4038,1,1,39.0681128650257,-88.60513041,RiversOther,Region_05,NRS18_IL_10040,2018,9/19/2018,1,BERW,32.98,Fair,US1ILEF0001
2013553,ARTHROPODA,INSECTA,DIPTERA,CERATOPOGONIDAE,,CERATOPOGONINAE,3567,2,1,41.1590554729145,-81.81774278,LargeStreams,Region_05,NRS18_OH_10004,2018,9/19/2018,1,BERW,40.65,Poor,US1OHMD0006
2013554,ARTHROPODA,INSECTA,EPHEMEROPTERA,BAETIDAE,,BAETIDAE,3500,1,0,,,,Region_07,NRS18_NE_10013,,9/19/2018,2,BERW,30,,ACW00011604
2013555,MOLLUSCA,GASTROPODA,BASOMMATOPHORA,LYMNAEIDAE,,LYMNAEIDAE,3945,1,1,44.1564304018129,-103.2286963,LargeStreams,Region_08,NRS18_SD_10004,2018,9/20/2018,1,BERW,55.53,Fair,US1SDMD0036
2013556,ARTHROPODA,INSECTA,COLEOPTERA,ELMIDAE,,ELMIDAE,3694,2,0,41.0190560936978,-108.8249439,LargeStreams,Region_08,NRS18_WY_11145,2018,9/20/2018,1,BERW,32.3,Poor,USC00053975
2013557,ARTHROPODA,INSECTA,TRICHOPTERA,HYDROPSYCHIDAE,,HYDROPSYCHIDAE,3845,1,1,41.6960598374757,-110.9799158,SmallStreams,Region_08,NRS18_WY_10546,2018,9/20/2018,1,BERW,3.78,Poor,US1UTRC0001
2013558,ARTHROPODA,INSECTA,DIPTERA,TIPULIDAE,HEXATOMA,HEXATOMA,3817,1,1,41.5104391378839,-72.49660533,SmallStreams,Region_01,NRS18_CT_10037,2018,9/20/2018,1,BERW,79.62,Good,US1CTMD0041
2013559,ARTHROPODA,INSECTA,DIPTERA,CHIRONOMIDAE,STENOCHIRONOMUS,STENOCHIRONOMUS,4311,1,1,30.7703831593067,-81.78635437,LargeStreams,Region_04,NRS18_FL_10017,2018,9/20/2018,1,BETB,46.97,Fair,USC00090840
2013560,ARTHROPODA,INSECTA,DIPTERA,CHIRONOMIDAE,CORYNONEURA,CORYNONEURA,3620,31,1,39.097485221639,-94.3516643,SmallStreams,Region_07,NRS18_MO_10004,2018,9/21/2018,1,BERW,19.23,Poor,US1MOJC0024
2013561,ARTHROPODA,INSECTA,DIPTERA,CHIRONOMIDAE,,THIENEMANNIMYIA GENUS GR.,4362,,,40.0163561593032,-83.25296419,LargeStreams,Region_05,NRS18_OH_10038,2018,9/20/2018,1,BERW,74.67,Good,US1OHFR0158
2013562,ARTHROPODA,INSECTA,ODONATA,GOMPHIDAE,,GOMPHIDAE,3759,3,0,33.7948473749528,-87.85932001,SmallStreams,Region_04,NRS18_AL_10020,2018,9/21/2018,1,BERW,36.1,Poor,US1ALFY0010
2013563,ARTHROPODA,ARACHNIDA,TROMBIDIFORMES,UNIONICOLIDAE,NEUMANIA,NEUMANIA,4038,1,1,,,,Region_02,NRS18_NY_10021,,9/20/2018,2,BERW,15.85,,ACW00011604
2013564,ARTHROPODA,ARACHNIDA,TROMBIDIFORMES,ARRENURIDAE,ARRENURUS,ARRENURUS,3481,7,1,39.6922182479462,-75.43711061,LargeStreams,Region_02,NRS18_NJ_10013,2018,9/21/2018,1,BETB,29.23,Poor,USC00282209
2013565,MOLLUSCA,GASTROPODA,,,,GASTROPODA,3745,1,0,38.4349664629861,-77.52442813,LargeStreams,Region_03,NRS18_VA_10011,2018,9/21/2018,1,BERW,33.37,Fair,US1VASF0009
2013566,ARTHROPODA,INSECTA,DIPTERA,CHIRONOMIDAE,NANOCLADIUS,NANOCLADIUS,4005,4,1,37.2519777902421,-89.66008891,LargeStreams,Region_07,NRS18_MO_10053,2018,9/21/2018,1,BETB,45.62,Fair,USW00003935
2013567,ARTHROPODA,INSECTA,DIPTERA,CHIRONOMIDAE,GLYPTOTENDIPES,GLYPTOTENDIPES,3756,5,1,37.2149376288278,-89.74896151,RiversOther,Region_07,NRS18_MO_10055,2018,9/20/2018,1,BETB,49.8,Fair,US1MOCG0002
2013568,ARTHROPODA,INSECTA,DIPTERA,CHIRONOMIDAE,CORYNONEURA,CORYNONEURA,3620,3,1,46.3029588221367,-94.5370565,RiversOther,Region_05,NRS18_MN_10063,2018,9/21/2018,1,BETB,21.5,Poor,US1MNMR0021
2013569,ARTHROPODA,INSECTA,COLEOPTERA,PSEPHENIDAE,PSEPHENUS,PSEPHENUS,4209,1,1,40.4728576010748,-95.31541125,LargeStreams,Region_07,NRS18_MO_10033,2018,9/23/2018,1,BETB,51.35,Good,US1MOAT0007
2013570,ARTHROPODA,INSECTA,DIPTERA,CHIRONOMIDAE,CORYNONEURA,CORYNONEURA,3620,4,1,45.5516467313519,-94.26643898,RiversOther,Region_05,NRS18_MN_10066,2018,9/23/2018,1,BETB,42.37,Good,US1MNSR0117
2013571,ARTHROPODA,INSECTA,EPHEMEROPTERA,BAETIDAE,CALLIBAETIS,CALLIBAETIS,3544,2,1,42.2477730426658,-109.4265564,RiversOther,Region_08,NRS18_WY_11747,2018,9/22/2018,1,BERW,21.37,Poor,US1WYSW0007
2013572,ARTHROPODA,INSECTA,DIPTERA,CHIRONOMIDAE,PROCLADIUS,PROCLADIUS,4191,3,1,42.3426403099437,-109.5151102,RiversOther,Region_08,NRS18_WY_10060,2018,9/21/2018,1,BERW,53.7,Fair,US1WYSW0007
2013573,ARTHROPODA,ARACHNIDA,TROMBIDIFORMES,UNIONICOLIDAE,NEUMANIA,NEUMANIA,4038,1,1,41.5202005873936,-94.50593786,LargeStreams,Region_07,NRS18_IA_10024,2018,9/24/2018,1,BERW,58.18,Good,USC00130046
2013574,ARTHROPODA,INSECTA,EPHEMEROPTERA,BAETIDAE,FALLCEON,FALLCEON,3729,1,1,39.3194503802802,-94.63354357,LargeStreams,Region_07,NRS18_MO_10812,2018,9/23/2018,1,BERW,40.63,Good,USC00234377
2013575,ARTHROPODA,INSECTA,COLEOPTERA,ELMIDAE,STENELMIS,STENELMIS,4310,22,1,42.854810159667,-90.52929038,SmallStreams,Region_05,NRS18_WI_10017,2018,9/24/2018,1,BERW,34.48,Fair,US1WIGT0020
2013576,ARTHROPODA,INSECTA,COLEOPTERA,ELMIDAE,PROMORESIA,PROMORESIA,4196,1,1,39.2938681900431,-79.46484146,SmallStreams,Region_03,NRS18_MD_10013,2018,9/24/2018,1,BERW,39.57,Fair,USC00188670
2013577,ARTHROPODA,INSECTA,DIPTERA,CHIRONOMIDAE,,CRICOTOPUS/ORTHOCLADIUS,3623,9,1,,,,Region_07,NRS18_KS_10001,,9/24/2018,2,BERW,63.05,,ACW00011604
2013578,ARTHROPODA,INSECTA,EPHEMEROPTERA,BAETIDAE,PROCLOEON,PROCLOEON,4192,3,1,45.3222072446464,-93.8161004,RiversMajor,Region_05,NRS18_MN_10033,2018,9/24/2018,1,BETB,32.07,Fair,US1MNSH0081
2013579,ARTHROPODA,INSECTA,DIPTERA,CHIRONOMIDAE,PROCLADIUS,PROCLADIUS,4191,3,1,38.0766729061627,-93.67149884,SmallStreams,Region_07,NRS18_MO_10214,2018,9/24/2018,1,BERW,15.82,Poor,USC00236407
2013580,ARTHROPODA,INSECTA,TRICHOPTERA,PHRYGANEIDAE,PTILOSTOMIS,PTILOSTOMIS,4230,3,1,43.4247421713076,-89.93750094,LargeStreams,Region_05,NRS18_WI_10542,2018,9/25/2018,1,BERW,61.37,Good,USC00477319
2013581,ARTHROPODA,INSECTA,DIPTERA,CHIRONOMIDAE,NILOTHAUMA,NILOTHAUMA,4043,1,1,,,,Region_04,NRS18_GA_RF001,,9/25/2018,1,BETB,48.37,,ACW00011604
2013582,ARTHROPODA,INSECTA,DIPTERA,CHIRONOMIDAE,RHEOTANYTARSUS,RHEOTANYTARSUS,4247,3,1,45.2972886600874,-93.57205141,RiversOther,Region_05,NRS18_MN_10013,2018,9/25/2018,1,BETB,41.23,Good,US1MNSH0025
2013583,ARTHROPODA,INSECTA,DIPTERA,CHIRONOMIDAE,,CRICOTOPUS/ORTHOCLADIUS,3623,5,1,40.4268122521482,-94.94433466,SmallStreams,Region_07,NRS18_MO_10362,2018,9/25/2018,1,BERW,13.15,Poor,USC00235345
2013584,MOLLUSCA,GASTROPODA,BASOMMATOPHORA,PLANORBIDAE,,PLANORBIDAE,4162,2,0,42.8094719503118,-86.17005076,SmallStreams,Region_05,NRS18_MI_10062,2018,9/26/2018,1,BERW,18.53,Poor,USC00203860
2013585,ARTHROPODA,INSECTA,DIPTERA,CHIRONOMIDAE,PARAKIEFFERIELLA,PARAKIEFFERIELLA,4106,67,1,,,,Region_07,NRS18_IA_10001,,9/26/2018,2,BERW,25.6,,ACW00011604
2013586,ARTHROPODA,INSECTA,DIPTERA,CHIRONOMIDAE,CHIRONOMUS,CHIRONOMUS,3582,1,1,30.5797300012904,-94.99791386,RiversMajor,Region_06,NRS18_TX_10002,2018,9/25/2018,1,BETB,37.78,Poor,USC00418265
2013587,ANNELIDA,OLIGOCHAETA,HAPLOTAXIDA,NAIDIDAE,NAIS,NAIS,4004,2,1,,,,Region_04,NRS18_FL_RF001,,9/26/2018,1,BERW,56.52,,ACW00011604
2013588,ARTHROPODA,INSECTA,EPHEMEROPTERA,CAENIDAE,CAENIS,CAENIS,3542,44,1,45.2226742138561,-96.2737006,RiversMajor,Region_05,NRS18_MN_10071,2018,9/26/2018,1,BETB,28.7,Fair,USC00211812
2013589,MOLLUSCA,BIVALVIA,VENEROIDA,PISIDIIDAE,PISIDIUM,PISIDIUM,4159,54,1,45.6021959487218,-90.95854245,SmallStreams,Region_05,NRS18_WI_10245,2018,9/26/2018,1,BERW,24.07,Fair,USC00470773
2013590,ARTHROPODA,INSECTA,DIPTERA,CHIRONOMIDAE,CRYPTOCHIRONOMUS,CRYPTOCHIRONOMUS,3625,1,1,37.9655763924095,-76.9600031,LargeStreams,Region_03,NRS18_VA_10015,2018,9/26/2018,1,BERW,58.52,Good,USC00448331
2013591,ARTHROPODA,INSECTA,DIPTERA,CHIRONOMIDAE,ROBACKIA,ROBACKIA,4257,16,1,40.1650873290343,-97.42809165,RiversOther,Region_07,NRS18_NE_10042,2018,9/26/2018,1,BERW,30.2,Fair,US10thay012
2013593,ARTHROPODA,INSECTA,DIPTERA,CHIRONOMIDAE,DICROTENDIPES,DICROTENDIPES,3658,11,1,,,,Region_05,NRS18_MI_10013,,9/27/2018,2,BETB,35.47,,ACW00011604
2013594,ARTHROPODA,INSECTA,ODONATA,COENAGRIONIDAE,ARGIA,ARGIA,3476,2,1,,,,Region_08,NRS18_SD_10014,,9/26/2018,2,BERW,25.17,,ACW00011604
2013595,MOLLUSCA,BIVALVIA,VENEROIDA,PISIDIIDAE,,PISIDIIDAE,4158,5,0,45.4476078597816,-91.87864283,LargeStreams,Region_05,NRS18_WI_10022,2018,9/27/2018,1,BERW,41.28,Good,USC00470565
2013596,ARTHROPODA,INSECTA,DIPTERA,CHIRONOMIDAE,LOPESCLADIUS,LOPESCLADIUS,3939,1,1,40.357430774636,-98.13043778,RiversOther,Region_07,NRS18_NE_10011,2018,9/27/2018,1,BERW,33.82,Fair,US10nuck008
2013597,MOLLUSCA,BIVALVIA,VENEROIDA,PISIDIIDAE,PISIDIUM,PISIDIUM,4159,,,41.8046360698793,-77.49244816,SmallStreams,Region_03,NRS18_PA_10217,2018,9/26/2018,1,BERW,78.65,Good,USC00367730
2013598,ARTHROPODA,INSECTA,EPHEMEROPTERA,EPHEMERELLIDAE,DRUNELLA,DRUNELLA,3676,10,1,42.7236694348526,-118.832975,LargeStreams,Region_10,NRS18_OR_10519,2018,9/26/2018,1,BERW,84.85,Good,USC00356853
2013599,ANNELIDA,OLIGOCHAETA,HAPLOTAXIDA,NAIDIDAE,TELMATODRILUS,TELMATODRILUS,4973,,,42.562811638436,-118.7504256,SmallStreams,Region_10,NRS18_OR_10231,2018,9/25/2018,1,BERW,33.1,Poor,USC00350189
2013600,ANNELIDA,HIRUDINEA,RHYNCHOBDELLIDA,GLOSSIPHONIIDAE,PLACOBDELLA,PLACOBDELLA,4160,1,1,40.3156412656813,-91.50354157,RiversOther,Region_07,NRS18_MO_10037,2018,9/26/2018,1,BETB,20.5,Poor,USC00114292
2013601,ARTHROPODA,INSECTA,EPHEMEROPTERA,ISONYCHIIDAE,ISONYCHIA,ISONYCHIA,3866,11,1,45.8481710233195,-92.05125217,LargeStreams,Region_05,NRS18_WI_10083,2018,10/1/2018,1,BERW,70.37,Good,US1WIBT0007
2013602,ARTHROPODA,INSECTA,EPHEMEROPTERA,BAETIDAE,BAETIS,BAETIS,3501,5,1,46.2497694516653,-91.64108564,SmallStreams,Region_05,NRS18_WI_10324,2018,10/2/2018,1,BERW,68.25,Good,US1WIDG0037
2013603,ARTHROPODA,ARACHNIDA,TROMBIDIFORMES,LEBERTIIDAE,LEBERTIA,LEBERTIA,3892,,,36.7215773381469,-81.47754244,SmallStreams,Region_03,NRS18_VA_10022,2018,10/3/2018,1,BERW,51.83,Good,USC00448200
2013604,ARTHROPODA,INSECTA,PLECOPTERA,PTERONARCYIDAE,PTERONARCYS,PTERONARCYS,4229,1,1,36.9653019734801,-82.05179538,RiversOther,Region_03,NRS18_VA_10006,2018,10/4/2018,1,BETB,66.13,Good,US1VARS0002
2013605,ARTHROPODA,INSECTA,DIPTERA,CERATOPOGONIDAE,DASYHELEA,DASYHELEA,3641,1,1,34.8699501892025,-112.0693494,LargeStreams,Region_09,NRS18_AZ_10011,2019,4/25/2019,1,BERW,11.52,Poor,USC00028904
2013606,ANNELIDA,OLIGOCHAETA,HAPLOTAXIDA,NAIDIDAE,BRATISLAVIA,BRATISLAVIA,3533,,,32.4088212166625,-111.1606295,RiversOther,Region_09,NRS18_AZ_10001,2019,4/25/2019,1,BERW,48.73,Fair,US1AZPM0393
2013607,ARTHROPODA,INSECTA,DIPTERA,CHIRONOMIDAE,THIENEMANNIELLA,THIENEMANNIELLA,4361,1,1,36.5749222533711,-106.0471804,LargeStreams,Region_06,NRS18_NM_10007,2019,4/26/2019,1,BERW,31.08,Poor,US1NMTS0051
2013608,ARTHROPODA,INSECTA,DIPTERA,CHIRONOMIDAE,DIAMESA,DIAMESA,3654,71,1,36.5972930930139,-106.0635088,LargeStreams,Region_06,NRS18_NM_10645,2019,4/25/2019,1,BERW,40.95,Fair,US1NMTS0051
2013609,ARTHROPODA,INSECTA,TRICHOPTERA,HYDROPTILIDAE,HYDROPTILA,HYDROPTILA,3846,1,1,31.5146621966666,-110.1281584,LargeStreams,Region_09,NRS18_AZ_10010,2019,4/26/2019,1,BERW,34.57,Poor,US1AZCH0002
2013610,ARTHROPODA,INSECTA,DIPTERA,CHIRONOMIDAE,BRILLIA,BRILLIA,3535,51,1,34.9098811193669,-111.7278663,RiversOther,Region_09,NRS18_AZ_10021,2019,4/26/2019,1,BERW,15.68,Poor,USR0000AOAK
2013611,ARTHROPODA,INSECTA,EPHEMEROPTERA,BAETIDAE,LABIOBAETIS,LABIOBAETIS,4774,109,1,36.7009792654654,-110.5255705,LargeStreams,Region_09,NRS18_AZ_10006,2019,4/28/2019,1,BERW,37,Poor,USW00053169
2013612,ARTHROPODA,INSECTA,DIPTERA,CHIRONOMIDAE,EUKIEFFERIELLA,EUKIEFFERIELLA,3722,4,1,36.1106040005529,-105.7319394,SmallStreams,Region_06,NRS18_NM_10001,2019,4/27/2019,1,BERW,53.88,Good,US1NMTS0056
2013613,ARTHROPODA,INSECTA,DIPTERA,CHIRONOMIDAE,EUKIEFFERIELLA,EUKIEFFERIELLA,3722,6,1,35.7171257848855,-105.4943247,SmallStreams,Region_06,NRS18_NM_10038,2019,4/28/2019,1,BERW,14.37,Poor,USC00293840
2013614,ARTHROPODA,INSECTA,DIPTERA,CHIRONOMIDAE,,CRICOTOPUS/ORTHOCLADIUS,3623,2,1,36.8776223188796,-103.8756484,LargeStreams,Region_06,NRS18_NM_10511,2019,4/29/2019,1,BERW,49.13,Good,USC00293242
2013615,ARTHROPODA,INSECTA,EPHEMEROPTERA,BAETIDAE,CAMELOBAETIDIUS,CAMELOBAETIDIUS,3551,1,1,33.4763421236492,-114.6053022,RiversMajor,Region_09,NRS18_AZ_10002,2019,4/28/2019,1,BETB,30.15,Poor,US1CARV0076
2013616,ARTHROPODA,INSECTA,EPHEMEROPTERA,BAETIDAE,FALLCEON,FALLCEON,3729,6,1,33.4870175253068,-114.5986041,RiversMajor,Region_09,NRS18_AZ_12837,2019,4/28/2019,1,BETB,24.9,Poor,US1CARV0076
2013617,ARTHROPODA,INSECTA,DIPTERA,CHIRONOMIDAE,EUKIEFFERIELLA,EUKIEFFERIELLA,3722,4,1,36.8544572681586,-109.2076534,SmallStreams,Region_09,NRS18_AZ_10016,2019,4/29/2019,1,BERW,2.43,Poor,USC00028468
2013618,ARTHROPODA,INSECTA,DIPTERA,CHIRONOMIDAE,GOELDICHIRONOMUS,GOELDICHIRONOMUS,3757,1,1,27.5677687659905,-97.79458829,SmallStreams,Region_06,NRS18_TX_10024,2019,4/30/2019,1,BERW,14.18,Poor,USC00410805
2013619,ARTHROPODA,INSECTA,DIPTERA,CERATOPOGONIDAE,,CERATOPOGONINAE,3567,2,1,33.6683987544748,-114.5312724,RiversMajor,Region_09,NRS18_AZ_10007,2019,4/29/2019,1,BETB,12.93,Poor,USC00022787
2013620,ARTHROPODA,INSECTA,DIPTERA,CHIRONOMIDAE,EUKIEFFERIELLA,EUKIEFFERIELLA,3722,,,35.0742417919114,-114.6042903,RiversMajor,Region_09,NRS18_NV_10004,2019,4/30/2019,1,BETB,10.87,Poor,US1AZMH0036
2013621,MOLLUSCA,BIVALVIA,VENEROIDA,PISIDIIDAE,PISIDIUM,PISIDIUM,4159,,,35.1562932755937,-114.5706815,LargeStreams,Region_09,NRS18_AZ_10020,2019,4/30/2019,1,BETB,9.07,Poor,USC00264480
2013622,ARTHROPODA,INSECTA,ODONATA,COENAGRIONIDAE,,COENAGRIONIDAE,3606,27,0,36.953930671216,-103.5030799,RiversOther,Region_06,NRS18_NM_10968,2019,4/30/2019,1,BERW,38.3,Good,USC00299304
2013623,ARTHROPODA,ARACHNIDA,TROMBIDIFORMES,UNIONICOLIDAE,KOENIKEA,KOENIKEA,3876,3,1,36.1747698488648,-103.3193983,LargeStreams,Region_06,NRS18_NM_10507,2019,5/1/2019,1,BERW,30.53,Fair,US1NMUN0011
2013624,ARTHROPODA,INSECTA,TRICHOPTERA,GLOSSOSOMATIDAE,PROTOPTILA,PROTOPTILA,4203,1,1,27.5254038380715,-99.4485389,LargeStreams,Region_06,NRS18_TX_10074,2019,5/1/2019,1,BERW,21.98,Fair,US1TXWB0037
2013625,ARTHROPODA,INSECTA,EPHEMEROPTERA,BAETIDAE,PARACLOEODES,PARACLOEODES,4102,1,1,28.509316495464,-99.76235329,RiversOther,Region_06,NRS18_TX_10079,2019,5/2/2019,1,BETB,40.68,Good,USC00410380
2013626,ANNELIDA,OLIGOCHAETA,HAPLOTAXIDA,TUBIFICIDAE,LIMNODRILUS,LIMNODRILUS,3925,2,1,36.0454096813617,-104.3744102,RiversMajor,Region_06,NRS18_NM_11409,2019,5/2/2019,1,BERW,46.45,Good,USW00003095
2013627,ARTHROPODA,INSECTA,DIPTERA,SIMULIIDAE,SIMULIUM,SIMULIUM,4281,139,1,35.9910719592466,-104.3426529,RiversMajor,Region_06,NRS18_NM_11401,2019,5/2/2019,1,BERW,36.75,Good,USW00003095
2013628,ARTHROPODA,INSECTA,DIPTERA,CHIRONOMIDAE,,CHIRONOMIDAE,3581,1,0,33.9015511727047,-112.6718023,RiversOther,Region_09,NRS18_AZ_12038,2019,5/2/2019,1,BERW,30.13,Poor,US1AZMR0200
2013629,ARTHROPODA,ARACHNIDA,TROMBIDIFORMES,HYGROBATIDAE,ATRACTIDES,ATRACTIDES,3490,1,1,33.9779217942639,-111.3062761,RiversOther,Region_09,NRS18_AZ_10012,2019,5/3/2019,1,BERW,52.05,Fair,USC00028647
2013630,ARTHROPODA,INSECTA,DIPTERA,CHIRONOMIDAE,,CRICOTOPUS/ORTHOCLADIUS,3623,18,1,33.3519351608784,-105.67545,SmallStreams,Region_06,NRS18_NM_10014,2019,5/6/2019,1,BERW,9.17,Poor,USC00297651
2013631,ARTHROPODA,INSECTA,DIPTERA,CHIRONOMIDAE,THIENEMANNIELLA,THIENEMANNIELLA,4361,2,1,33.7712288144677,-106.9013376,RiversOther,Region_06,NRS18_NM_11246,2019,5/5/2019,1,BERW,22.95,Poor,USC00291138
2013632,ARTHROPODA,INSECTA,DIPTERA,CHIRONOMIDAE,PARALAUTERBORNIELLA,PARALAUTERBORNIELLA,4107,1,1,32.9203804992606,-109.8384095,RiversMajor,Region_09,NRS18_AZ_10027,2019,5/6/2019,1,BERW,53.12,Fair,US1AZGH0002
2013633,ARTHROPODA,INSECTA,DIPTERA,CHIRONOMIDAE,THIENEMANNIELLA,THIENEMANNIELLA,4361,1,1,33.2963716724585,-109.1921199,RiversOther,Region_09,NRS18_AZ_10013,2019,5/5/2019,1,BERW,26.18,Poor,USC00023258
2013634,ARTHROPODA,INSECTA,EPHEMEROPTERA,CAENIDAE,CAENIS,CAENIS,3542,25,1,30.9226987619986,-99.43732159,RiversOther,Region_06,NRS18_TX_10041,2019,5/6/2019,1,BERW,78.87,Good,USC00414123
2013635,ARTHROPODA,INSECTA,TRICHOPTERA,HYDROPSYCHIDAE,HYDROPSYCHE,HYDROPSYCHE,3844,1,1,33.1144762843002,-105.9352895,LargeStreams,Region_06,NRS18_NM_10809,2019,5/7/2019,1,BERW,35,Poor,US1NMOT0051
2013636,ARTHROPODA,INSECTA,DIPTERA,CHIRONOMIDAE,PARAMETRIOCNEMUS,PARAMETRIOCNEMUS,4112,1,1,32.912151865308,-110.477373,RiversOther,Region_09,NRS18_AZ_12037,2019,5/7/2019,1,BERW,41.8,Poor,USR0000AHOR
2013637,ARTHROPODA,INSECTA,EPHEMEROPTERA,EPHEMERELLIDAE,EPHEMERELLA,EPHEMERELLA,3705,1,1,33.3007677595228,-108.1255044,RiversOther,Region_06,NRS18_NM_10035,2019,5/8/2019,1,BERW,18.92,Poor,USC00293315
2013638,ANNELIDA,OLIGOCHAETA,ENCHYTRAEIDA,ENCHYTRAEIDAE,,ENCHYTRAEIDAE,3697,2,1,35.9166017752222,-113.3346624,RiversMajor,Region_09,NRS18_AZ_10014,2019,5/7/2019,1,BETB,1.4,Poor,USR0000AFRA
2013639,ANNELIDA,OLIGOCHAETA,HAPLOTAXIDA,NAIDIDAE,,NAIDIDAE,4003,1,0,36.0876646112729,-111.8706113,RiversMajor,Region_09,NRS18_AZ_10004,2019,5/3/2019,1,BETB,2.38,Poor,USC00023584
2013640,ARTHROPODA,ARACHNIDA,,,,ARACHNIDA,3472,1,1,36.4334622290285,-111.8640926,RiversMajor,Region_09,NRS18_AZ_10005,2019,5/2/2019,1,BETB,2.38,Poor,USC00021042
2013641,ARTHROPODA,INSECTA,EPHEMEROPTERA,LEPTOHYPHIDAE,HOMOLEPTOHYPHES,HOMOLEPTOHYPHES,3820,1,1,33.0747512548583,-108.4969982,RiversMajor,Region_06,NRS18_NM_11545,2019,5/9/2019,1,BERW,51.17,Good,USC00293528
2013642,ARTHROPODA,INSECTA,DIPTERA,CHIRONOMIDAE,,CHIRONOMIDAE,3581,,,32.6509325314496,-114.6933435,SmallStreams,Region_09,NRS18_AZ_10457,2019,5/9/2019,1,BETB,20.18,Poor,MXN00002037
2013643,ARTHROPODA,INSECTA,DIPTERA,CHIRONOMIDAE,MICROTENDIPES,MICROTENDIPES,3982,2,1,34.7653819984473,-112.0304064,RiversMajor,Region_09,NRS18_AZ_10024,2019,5/10/2019,1,BERW,16.37,Poor,USC00028904
2013644,ARTHROPODA,INSECTA,EPHEMEROPTERA,BAETIDAE,CLOEODES,CLOEODES,3601,2,1,34.226934056027,-111.4564145,LargeStreams,Region_09,NRS18_AZ_10843,2019,5/10/2019,1,BERW,5.2,Poor,US1AZGL0020
2013645,MOLLUSCA,GASTROPODA,BASOMMATOPHORA,LYMNAEIDAE,,LYMNAEIDAE,3945,5,1,32.7209241569761,-114.5657563,RiversMajor,Region_09,NRS18_AZ_12844,2019,5/9/2019,1,BETB,38.6,Poor,USW00093145
2013646,ARTHROPODA,INSECTA,ODONATA,GOMPHIDAE,,GOMPHIDAE,3759,,,33.5238413420432,-108.8793589,RiversOther,Region_06,NRS18_NM_11094,2019,5/10/2019,1,BERW,32.4,Poor,USC00290275
2013647,ARTHROPODA,INSECTA,EPHEMEROPTERA,BAETIDAE,ANAFROPTILUM,ANAFROPTILUM,5112,1,1,33.675880010707,-109.0840924,LargeStreams,Region_09,NRS18_AZ_10003,2019,5/12/2019,1,BERW,21.17,Poor,US1AZGN0002
2013648,ARTHROPODA,INSECTA,DIPTERA,CHIRONOMIDAE,PARALAUTERBORNIELLA,PARALAUTERBORNIELLA,4107,1,1,33.9084067981696,-104.2725551,RiversMajor,Region_06,NRS18_NM_11437,2019,5/12/2019,1,BERW,38.47,Good,US1NMCH0037
2013649,ARTHROPODA,INSECTA,DIPTERA,SIMULIIDAE,SIMULIUM,SIMULIUM,4281,5,1,32.8502219506966,-111.7177095,SmallStreams,Region_09,NRS18_AZ_10456,2019,5/12/2019,1,BERW,24.23,Poor,US1AZPN0051
2013650,ARTHROPODA,INSECTA,DIPTERA,CHIRONOMIDAE,DICROTENDIPES,DICROTENDIPES,3658,3,1,35.0452905576941,-104.7159392,RiversMajor,Region_06,NRS18_NM_11434,2019,5/13/2019,1,BERW,34.9,Fair,USC00298107
2013651,ARTHROPODA,INSECTA,DIPTERA,CHIRONOMIDAE,STICTOCHIRONOMUS,STICTOCHIRONOMUS,4315,6,1,34.1618251009568,-109.3017426,RiversMajor,Region_09,NRS18_AZ_10015,2019,5/13/2019,1,BERW,23.1,Poor,US1AZAP0014
2013652,ARTHROPODA,INSECTA,EPHEMEROPTERA,SIPHLONURIDAE,SIPHLONURUS,SIPHLONURUS,4283,1,1,33.8901935047138,-109.4719997,SmallStreams,Region_09,NRS18_AZ_10008,2019,5/13/2019,1,BERW,4.92,Poor,USS0009S02S
2013653,ARTHROPODA,INSECTA,DIPTERA,CHIRONOMIDAE,HELENIELLA,HELENIELLA,3787,,,36.4192976128732,-109.1022501,SmallStreams,Region_09,NRS18_AZ_10009,2019,5/14/2019,1,BERW,6.93,Poor,USS0009N05S
2013654,ARTHROPODA,INSECTA,DIPTERA,CHIRONOMIDAE,,CHIRONOMIDAE,3581,2,0,31.877132022213,-103.9497315,LargeStreams,Region_06,NRS18_TX_11093,2019,5/14/2019,1,BERW,22.45,Poor,USC00417481
2013655,ARTHROPODA,INSECTA,EPHEMEROPTERA,BAETIDAE,BAETIS,BAETIS,3501,80,1,,,,Region_06,NRS18_NM_10001,,5/14/2019,2,BERW,60.67,,ACW00011604
2013657,ARTHROPODA,INSECTA,DIPTERA,CERATOPOGONIDAE,,CERATOPOGONIDAE,3566,1,0,,,,Region_06,NRS18_NM_11401,,5/16/2019,2,BERW,42.78,,ACW00011604
2013658,MOLLUSCA,GASTROPODA,BASOMMATOPHORA,ANCYLIDAE,FERRISSIA,FERRISSIA,3735,8,1,,,,Region_06,NRS18_NM_11409,,5/17/2019,2,BERW,37.35,,ACW00011604
2013659,ARTHROPODA,INSECTA,DIPTERA,CHIRONOMIDAE,CLADOTANYTARSUS,CLADOTANYTARSUS,3594,7,1,31.3974169796667,-106.0552077,SmallStreams,Region_06,NRS18_TX_11224,2019,5/19/2019,1,BERW,21.4,Poor,USC00419088
2013660,ARTHROPODA,INSECTA,DIPTERA,CHIRONOMIDAE,DICROTENDIPES,DICROTENDIPES,3658,9,1,31.4966479471267,-106.1567775,LargeStreams,Region_06,NRS18_TX_11086,2019,5/19/2019,1,BERW,10.15,Poor,USC00413033
2013661,ARTHROPODA,INSECTA,DIPTERA,CHIRONOMIDAE,,CRICOTOPUS/ORTHOCLADIUS,3623,15,1,31.6025349202017,-106.2254934,LargeStreams,Region_06,NRS18_TX_11101,2019,5/19/2019,1,BERW,2.38,Poor,US1TXEP0015
2013662,MOLLUSCA,BIVALVIA,VENEROIDA,PISIDIIDAE,,PISIDIIDAE,4158,4,1,36.7213582872757,-107.9249131,SmallStreams,Region_06,NRS18_NM_10397,2019,5/19/2019,1,BERW,24.97,Poor,US1NMSJ0046
2013663,ARTHROPODA,INSECTA,DIPTERA,CHIRONOMIDAE,PARAKIEFFERIELLA,PARAKIEFFERIELLA,4106,2,1,36.7017635493964,-107.9728319,RiversMajor,Region_06,NRS18_NM_11701,2019,5/20/2019,1,BETB,52.98,Fair,US1NMSJ0046
2013664,ARTHROPODA,INSECTA,ODONATA,COENAGRIONIDAE,ENALLAGMA,ENALLAGMA,3696,,,28.5686336555865,-99.79815854,RiversOther,Region_06,NRS18_TX_11369,2019,5/19/2019,1,BETB,46.98,Good,US1TXDM0002
2013665,MOLLUSCA,GASTROPODA,BASOMMATOPHORA,ANCYLIDAE,FERRISSIA,FERRISSIA,3735,1,1,28.1714087601211,-99.04033334,RiversMajor,Region_06,NRS18_TX_11330,2019,5/19/2019,1,BETB,50.58,Good,USC00412051
2013666,ARTHROPODA,INSECTA,DIPTERA,CHIRONOMIDAE,MICROTENDIPES,MICROTENDIPES,3982,1,1,35.2711741671816,-105.3679025,SmallStreams,Region_06,NRS18_NM_10013,2019,5/15/2019,1,BETB,62.72,Good,USC00299496
2013667,ARTHROPODA,INSECTA,DIPTERA,CHIRONOMIDAE,POLYPEDILUM,POLYPEDILUM,4178,7,1,35.5747384249024,-100.9219224,SmallStreams,Region_06,NRS18_TX_11028,2019,5/21/2019,1,BERW,1.73,Poor,USC00416777
2013668,ARTHROPODA,INSECTA,EPHEMEROPTERA,LEPTOHYPHIDAE,TRICORYTHODES,TRICORYTHODES,4384,2,1,36.7505179051814,-108.4181794,RiversMajor,Region_06,NRS18_NM_10042,2019,5/21/2019,1,BETB,45.88,Fair,USC00293340
2013669,ARTHROPODA,INSECTA,TRICHOPTERA,ODONTOCERIDAE,MARILIA,MARILIA,3959,1,1,29.2601801415562,-100.6195226,LargeStreams,Region_06,NRS18_TX_11270,2019,5/21/2019,1,BETB,65.58,Good,US1TXKY0015
2013670,ARTHROPODA,MALACOSTRACA,AMPHIPODA,,,AMPHIPODA,3450,1,0,36.6112081608966,-107.9798543,SmallStreams,Region_06,NRS18_NM_10381,2019,5/23/2019,1,BETB,15.43,Poor,USC00291063
2013671,ARTHROPODA,INSECTA,EPHEMEROPTERA,BAETIDAE,BAETIS,BAETIS,3501,5,1,36.8840033468841,-108.8141525,RiversMajor,Region_06,NRS18_NM_10031,2019,5/22/2019,1,BETB,35.3,Poor,USC00298284
2013672,ANNELIDA,OLIGOCHAETA,HAPLOTAXIDA,NAIDIDAE,DERO,DERO,3646,2,1,35.4166983412808,-100.7931772,LargeStreams,Region_06,NRS18_TX_10887,2019,5/22/2019,1,BERW,25.97,Fair,USC00415127
2013673,ARTHROPODA,INSECTA,DIPTERA,CHIRONOMIDAE,DIAMESA,DIAMESA,3654,,,,,,Region_06,NRS18_NM_10007,,5/27/2019,2,BERW,21.05,,ACW00011604
2013674,ARTHROPODA,INSECTA,PLECOPTERA,NEMOURIDAE,MALENKA,MALENKA,3956,5,1,36.7888587412574,-106.2404726,SmallStreams,Region_06,NRS18_NM_10003,2019,5/26/2019,1,BERW,25.23,Poor,USS0006N14S
2013675,ARTHROPODA,INSECTA,DIPTERA,CHIRONOMIDAE,PARAPHAENOCLADIUS,PARAPHAENOCLADIUS,4115,1,1,35.5649786149105,-107.484687,LargeStreams,Region_06,NRS18_NM_10805,2019,5/24/2019,1,BERW,11.78,Poor,USC00291303
2013676,ARTHROPODA,INSECTA,ODONATA,AESHNIDAE,,AESHNIDAE,3418,,,36.9793947625327,-103.1849313,RiversOther,Region_06,NRS18_NM_11002,2019,5/28/2019,1,BERW,29.45,Fair,USC00297689
2013677,ARTHROPODA,INSECTA,DIPTERA,CHIRONOMIDAE,PARAMETRIOCNEMUS,PARAMETRIOCNEMUS,4112,1,1,31.6543207383337,-84.93768636,SmallStreams,Region_04,NRS18_GA_10057,2019,5/29/2019,1,BERW,44.15,Fair,US1GACY0002
2013678,ARTHROPODA,INSECTA,DIPTERA,CHIRONOMIDAE,CHIRONOMUS,CHIRONOMUS,3582,7,1,36.5065861492274,-104.5975793,RiversOther,Region_06,NRS18_NM_10951,2019,5/29/2019,1,BERW,23.33,Fair,USC00295490
2013679,ARTHROPODA,INSECTA,EPHEMEROPTERA,EPHEMERELLIDAE,EURYLOPHELLA,EURYLOPHELLA,3726,1,1,33.9256191790424,-85.34711959,SmallStreams,Region_04,NRS18_GA_10036,2019,5/30/2019,1,BERW,58.22,Good,US1GAPL0005
2013680,ARTHROPODA,INSECTA,EPHEMEROPTERA,BAETIDAE,,BAETIDAE,3500,2,0,29.7715125014269,-101.7318187,RiversMajor,Region_06,NRS18_TX_10017,2019,5/29/2019,1,BETB,26.58,Poor,US1TXVV0014
2013681,ARTHROPODA,INSECTA,DIPTERA,CHIRONOMIDAE,PENTANEURA,PENTANEURA,4134,1,1,36.8459035931165,-104.9293274,LargeStreams,Region_06,NRS18_NM_10019,2019,5/30/2019,1,BERW,46.48,Fair,USC00299448
2013682,ARTHROPODA,INSECTA,DIPTERA,CHIRONOMIDAE,PENTANEURA,PENTANEURA,4134,1,1,29.3240370856788,-103.5543228,RiversOther,Region_06,NRS18_TX_11185,2019,5/31/2019,1,BERW,14.25,Poor,USC00418714
2013683,MOLLUSCA,BIVALVIA,VENEROIDA,CORBICULIDAE,CORBICULA,CORBICULA,3612,1,1,31.2275671598883,-105.8161481,RiversMajor,Region_06,NRS18_TX_11144,2019,6/2/2019,1,BERW,0,Poor,USC00413266
2013684,ANNELIDA,OLIGOCHAETA,HAPLOTAXIDA,TUBIFICIDAE,AULODRILUS,AULODRILUS,3496,1,1,33.3469749056711,-79.35510056,LargeStreams,Region_04,NRS18_SC_10332,2019,6/2/2019,1,BETB,23.38,Poor,USC00383470
2013685,ANNELIDA,OLIGOCHAETA,HAPLOTAXIDA,NAIDIDAE,NAIS,NAIS,4004,1,1,37.3366878167343,-87.13760526,RiversMajor,Region_04,NRS18_KY_10012,2019,6/3/2019,1,BETB,22.75,Poor,USC00153426
2013686,ARTHROPODA,ARACHNIDA,TROMBIDIFORMES,ARRENURIDAE,ARRENURUS,ARRENURUS,3481,1,1,36.3859619900557,-104.648788,RiversOther,Region_06,NRS18_NM_10947,2019,5/31/2019,1,BERW,21.95,Fair,US1NMCL0018
2013687,ARTHROPODA,INSECTA,DIPTERA,CHIRONOMIDAE,PROCLADIUS,PROCLADIUS,4191,1,1,33.936303740826,-81.06483719,RiversOther,Region_04,NRS18_SC_10017,2019,6/3/2019,1,BERW,56.35,Good,US1SCLX0096
2013688,ARTHROPODA,INSECTA,DIPTERA,CHIRONOMIDAE,LOPESCLADIUS,LOPESCLADIUS,3939,,,34.7501453788601,-106.7424914,RiversMajor,Region_06,NRS18_NM_10002,2019,6/3/2019,1,BETB,44.03,Fair,US1NMVL0058
2013689,MOLLUSCA,BIVALVIA,VENEROIDA,PISIDIIDAE,PISIDIUM,PISIDIUM,4159,1,1,35.7329894730028,-78.97088818,SmallStreams,Region_04,NRS18_NC_10012,2019,6/3/2019,1,BERW,0,Poor,US1NCWK0281
2013690,ARTHROPODA,INSECTA,DIPTERA,CHIRONOMIDAE,THIENEMANNIELLA,THIENEMANNIELLA,4361,4,1,37.0559498251853,-80.29942914,SmallStreams,Region_03,NRS18_VA_10004,2019,6/4/2019,1,BERW,6.45,Poor,USC00446723
2013691,ARTHROPODA,INSECTA,DIPTERA,CHIRONOMIDAE,CHIRONOMUS,CHIRONOMUS,3582,,,40.9297269825596,-78.26004861,SmallStreams,Region_03,NRS18_PA_10003,2019,6/4/2019,1,BERW,0,Poor,USC00366921
2013692,ANNELIDA,OLIGOCHAETA,ENCHYTRAEIDA,ENCHYTRAEIDAE,,ENCHYTRAEIDAE,3697,1,1,41.4969302470037,-73.54893502,SmallStreams,Region_02,NRS18_NY_10250,2019,6/4/2019,1,BERW,53.32,Fair,USC00061093
2013693,ARTHROPODA,INSECTA,EPHEMEROPTERA,LEPTOPHLEBIIDAE,,LEPTOPHLEBIIDAE,3904,7,0,43.0499904258671,-72.72147657,SmallStreams,Region_01,NRS18_VT_10003,2019,6/3/2019,1,BERW,56.82,Good,USC00438428
2013694,ARTHROPODA,INSECTA,EPHEMEROPTERA,AMELETIDAE,AMELETUS,AMELETUS,3439,,,,,,Region_01,NRS18_VT_RF001,,6/4/2019,1,BERW,64.47,,ACW00011604
2013695,MOLLUSCA,BIVALVIA,VENEROIDA,,,VENEROIDA,4412,7,0,47.6067829980929,-91.46974952,SmallStreams,Region_05,NRS18_MN_10253,2019,6/4/2019,1,BERW,26.6,Fair,USR0000MISA
2013696,ARTHROPODA,INSECTA,DIPTERA,CHIRONOMIDAE,,THIENEMANNIMYIA GENUS GR.,4362,1,1,37.7813970463298,-88.03819225,RiversMajor,Region_04,NRS18_KY_10002,2019,6/4/2019,1,BETB,10,Poor,USC00128967
2013697,ARTHROPODA,INSECTA,DIPTERA,CHIRONOMIDAE,POLYPEDILUM,POLYPEDILUM,4178,144,1,34.122757207436,-85.73654963,RiversMajor,Region_04,NRS18_AL_11088,2019,6/4/2019,1,BETB,1.88,Poor,USC00011512
2013698,ARTHROPODA,INSECTA,EPHEMEROPTERA,CAENIDAE,CERCOBRACHYS,CERCOBRACHYS,3568,1,1,30.7022682605802,-83.0338573,RiversOther,Region_04,NRS18_GA_10002,2019,6/4/2019,1,BERW,45.68,Fair,USC00098271
2013699,ARTHROPODA,INSECTA,EPHEMEROPTERA,LEPTOPHLEBIIDAE,,LEPTOPHLEBIIDAE,3904,10,0,44.3729258846984,-123.8363514,RiversOther,Region_10,NRS18_OR_10013,2019,6/4/2019,1,BETB,58.77,Good,USC00354252
2013700,ARTHROPODA,INSECTA,DIPTERA,CHIRONOMIDAE,ABLABESMYIA,ABLABESMYIA,3406,42,1,33.8236248815075,-80.06803079,SmallStreams,Region_04,NRS18_SC_10001,2019,6/4/2019,1,BERW,39.2,Poor,USC00385580
2013701,ARTHROPODA,INSECTA,DIPTERA,CHIRONOMIDAE,,CRICOTOPUS/ORTHOCLADIUS,3623,1,1,33.1533682205241,-100.4903948,RiversOther,Region_06,NRS18_TX_10987,2019,6/4/2019,1,BERW,1.48,Poor,USC00414570
2013702,ARTHROPODA,INSECTA,DIPTERA,CHIRONOMIDAE,PARACHIRONOMUS,PARACHIRONOMUS,4099,5,1,48.9636327943998,-96.22927292,SmallStreams,Region_05,NRS18_MN_10038,2019,6/4/2019,1,BERW,12.15,Poor,CA005022798
2013703,ARTHROPODA,INSECTA,EPHEMEROPTERA,LEPTOHYPHIDAE,TRICORYTHODES,TRICORYTHODES,4384,1,1,34.3542528839881,-106.8531592,RiversMajor,Region_06,NRS18_NM_10008,2019,6/4/2019,1,BETB,42.63,Poor,USW00003048
2013704,MOLLUSCA,GASTROPODA,,,,GASTROPODA,3745,2,0,48.1091248742172,-96.11105552,SmallStreams,Region_05,NRS18_MN_10022,2019,6/5/2019,1,BERW,11.92,Poor,US1MNPG0004
2013705,ARTHROPODA,INSECTA,DIPTERA,CHIRONOMIDAE,,THIENEMANNIMYIA GENUS GR.,4362,2,1,35.4630461063543,-97.45968433,SmallStreams,Region_06,NRS18_OK_11427,2019,6/5/2019,1,BERW,3.73,Poor,USC00346663
2013706,ARTHROPODA,INSECTA,DIPTERA,CHIRONOMIDAE,ABLABESMYIA,ABLABESMYIA,3406,,,37.5413609113232,-82.03360839,RiversOther,Region_03,NRS18_WV_10005,2019,6/4/2019,1,BETB,43.5,Fair,USC00153046
2013707,ARTHROPODA,INSECTA,DIPTERA,CHIRONOMIDAE,MICROPSECTRA,MICROPSECTRA,3981,,,41.2463137866459,-74.16997129,LargeStreams,Region_02,NRS18_NY_10700,2019,6/5/2019,1,BETB,26.57,Poor,US1NYOR0006
2013708,ARTHROPODA,ARACHNIDA,TROMBIDIFORMES,UNIONICOLIDAE,UNIONICOLA,UNIONICOLA,4400,,,33.883906443013,-78.78473647,RiversOther,Region_04,NRS18_SC_10002,2019,6/5/2019,1,BETB,21.82,Poor,US1SCHR0137
2013709,ARTHROPODA,ARACHNIDA,TROMBIDIFORMES,SPERCHONIDAE,SPERCHON,SPERCHON,4296,1,1,37.4728075230488,-88.07670869,LargeStreams,Region_04,NRS18_KY_10027,2019,6/5/2019,1,BETB,15.03,Poor,USC00152961
2013710,MOLLUSCA,GASTROPODA,BASOMMATOPHORA,PLANORBIDAE,,PLANORBIDAE,4162,,,47.7550167533213,-91.53362421,SmallStreams,Region_05,NRS18_MN_10005,2019,6/5/2019,1,BETB,30.73,Fair,US1MNLK0049
2013711,ARTHROPODA,INSECTA,TRICHOPTERA,LEPTOCERIDAE,OECETIS,OECETIS,4060,,,30.8643593587999,-83.35412582,RiversOther,Region_04,NRS18_GA_10026,2019,6/5/2019,1,BETB,59.52,Good,US1GALW0019
2013712,ARTHROPODA,INSECTA,DIPTERA,CHIRONOMIDAE,CHIRONOMUS,CHIRONOMUS,3582,5,1,33.4336247092363,-114.7177604,SmallStreams,Region_09,NRS18_CA_10247,2019,6/5/2019,1,BETB,32.62,Poor,USW00023158
2013713,ARTHROPODA,INSECTA,ODONATA,CORDULIIDAE,,CORDULIIDAE,3614,1,1,32.9138301412244,-87.5326477,SmallStreams,Region_04,NRS18_AL_10004,2019,6/5/2019,1,BERW,34.57,Poor,USC00015658
2013714,ARTHROPODA,INSECTA,EPHEMEROPTERA,LEPTOHYPHIDAE,TRICORYTHODES,TRICORYTHODES,4384,1,1,43.6501937837097,-123.6632718,RiversMajor,Region_10,NRS18_OR_10968,2019,6/5/2019,1,BETB,26.03,Poor,USR0000OELK
2013715,ARTHROPODA,INSECTA,DIPTERA,CHIRONOMIDAE,HYDROBAENUS,HYDROBAENUS,3831,1,1,32.5827818386896,-100.8733019,SmallStreams,Region_06,NRS18_TX_11022,2019,6/5/2019,1,BERW,32.82,Fair,US1TXSY0001
2013716,ANNELIDA,OLIGOCHAETA,LUMBRICULIDA,LUMBRICULIDAE,,LUMBRICULIDAE,3941,5,1,35.6332271234725,-79.53601686,LargeStreams,Region_04,NRS18_NC_10037,2019,6/5/2019,1,BERW,27.32,Poor,US1NCCH0006
2013717,ARTHROPODA,INSECTA,DIPTERA,CHIRONOMIDAE,BRILLIA,BRILLIA,3535,2,1,42.9463887307875,-72.87177843,SmallStreams,Region_01,NRS18_VT_10004,2019,6/5/2019,1,BERW,55.87,Good,USC00439190
2013718,ANNELIDA,OLIGOCHAETA,HAPLOTAXIDA,NAIDIDAE,,NAIDIDAE,4003,2,0,41.8557383436048,-86.26981234,RiversOther,Region_05,NRS18_MI_10025,2019,6/6/2019,1,BETB,25.97,Fair,USC00205892
2013719,MOLLUSCA,GASTROPODA,BASOMMATOPHORA,LYMNAEIDAE,,LYMNAEIDAE,3945,1,1,37.8425366388902,-86.74629606,SmallStreams,Region_04,NRS18_KY_10023,2019,6/6/2019,1,BERW,23.47,Poor,US1KYHN0003
2013720,ARTHROPODA,INSECTA,DIPTERA,CHIRONOMIDAE,TANYTARSUS,TANYTARSUS,4348,1,1,31.1589878551715,-85.07890755,RiversMajor,Region_04,NRS18_GA_10008,2019,6/6/2019,1,BETB,46.43,Fair,USC00010125
2013721,ARTHROPODA,INSECTA,DIPTERA,CHIRONOMIDAE,PHAENOPSECTRA,PHAENOPSECTRA,4143,1,1,41.2532707452475,-74.37718333,LargeStreams,Region_02,NRS18_NY_10063,2019,6/6/2019,1,BERW,23.3,Poor,USC00308967
2013722,ARTHROPODA,INSECTA,DIPTERA,CHIRONOMIDAE,LABRUNDINIA,LABRUNDINIA,3882,2,1,47.8896703080075,-90.7971327,LargeStreams,Region_05,NRS18_MN_10026,2019,6/6/2019,1,BETB,36.17,Fair,USC00217533
2013723,ARTHROPODA,INSECTA,DIPTERA,CHIRONOMIDAE,MICROPSECTRA,MICROPSECTRA,3981,7,1,43.9912726188426,-123.6643343,RiversOther,Region_10,NRS18_OR_10009,2019,6/6/2019,1,BETB,59.7,Good,US1ORLA0135
2013724,ARTHROPODA,INSECTA,EPHEMEROPTERA,BAETIDAE,BAETIS,BAETIS,3501,6,1,42.7860268221144,-92.78998822,SmallStreams,Region_07,NRS18_IA_10020,2019,6/6/2019,1,BERW,27.58,Fair,USC00130157
2013725,ARTHROPODA,INSECTA,DIPTERA,CHIRONOMIDAE,TANYTARSUS,TANYTARSUS,4348,8,1,37.8026704895179,-82.79124437,RiversOther,Region_04,NRS18_KY_10029,2019,6/5/2019,1,BETB,24.95,Poor,USC00156136
2013726,ARTHROPODA,INSECTA,DIPTERA,CHIRONOMIDAE,GLYPTOTENDIPES,GLYPTOTENDIPES,3756,3,1,38.8266823085646,-83.01768675,RiversMajor,Region_05,NRS18_OH_10010,2019,6/6/2019,1,BETB,25.88,Poor,US1OHSC0004
2013727,ARTHROPODA,INSECTA,COLEOPTERA,ELMIDAE,MICROCYLLOEPUS,MICROCYLLOEPUS,3980,5,1,37.310280692773,-80.68118682,RiversOther,Region_03,NRS18_VA_10008,2019,6/6/2019,1,BERW,78.83,Good,USC00448022
2013728,ARTHROPODA,INSECTA,EPHEMEROPTERA,CAENIDAE,CAENIS,CAENIS,3542,28,1,42.5416670621369,-84.62802707,RiversOther,Region_05,NRS18_MI_10012,2019,6/7/2019,1,BETB,24.25,Fair,USC00202437
2013729,ARTHROPODA,INSECTA,EPHEMEROPTERA,HEPTAGENIIDAE,,HEPTAGENIIDAE,3802,2,1,38.158166937382,-104.699869,SmallStreams,Region_08,NRS18_CO_10135,2019,6/7/2019,1,BERW,41.28,Good,USC00056767
2013730,ANNELIDA,OLIGOCHAETA,ENCHYTRAEIDA,ENCHYTRAEIDAE,,ENCHYTRAEIDAE,3697,1,1,35.8515006447865,-106.9701314,RiversOther,Region_06,NRS18_NM_11252,2019,6/6/2019,1,BERW,23.87,Poor,USC00294684
2013731,ARTHROPODA,INSECTA,EPHEMEROPTERA,BAETIDAE,ISWAEON,ISWAEON,3869,48,1,47.8930651835317,-96.32798959,RiversOther,Region_05,NRS18_MN_10029,2019,6/6/2019,1,BETB,62.67,Good,USC00216787
2013732,MOLLUSCA,GASTROPODA,BASOMMATOPHORA,PLANORBIDAE,MENETUS,MENETUS,3967,1,1,41.444383064417,-74.38130514,SmallStreams,Region_02,NRS18_NY_10399,2019,6/7/2019,1,BERW,17.42,Poor,USC00306562
2013733,ARTHROPODA,INSECTA,EPHEMEROPTERA,BAETIDAE,LABIOBAETIS,LABIOBAETIS,4774,107,1,43.4728335049435,-92.2803351,LargeStreams,Region_07,NRS18_IA_10011,2019,6/7/2019,1,BETB,31.7,Fair,US1IAHW0002
2013734,MOLLUSCA,BIVALVIA,VENEROIDA,,,VENEROIDA,4412,2,0,47.2931086090366,-91.5662546,SmallStreams,Region_05,NRS18_MN_10021,2019,6/7/2019,1,BERW,57.33,Good,USC00217937
2013735,ARTHROPODA,INSECTA,DIPTERA,CHIRONOMIDAE,MICROTENDIPES,MICROTENDIPES,3982,2,1,43.1672148428592,-91.67862376,SmallStreams,Region_07,NRS18_IA_10046,2019,6/9/2019,1,BERW,11.63,Poor,US1IAWH0005
2013736,ARTHROPODA,INSECTA,DIPTERA,TIPULIDAE,LIMNOPHILA,LIMNOPHILA,3926,1,1,41.8269227153601,-74.77446161,SmallStreams,Region_02,NRS18_NY_10054,2019,6/9/2019,1,BERW,51.67,Fair,US1NYSV0001
2013737,ARTHROPODA,INSECTA,DIPTERA,CHIRONOMIDAE,PARATENDIPES,PARATENDIPES,4121,1,1,47.054972493452,-95.21715676,LargeStreams,Region_05,NRS18_MN_10061,2019,6/9/2019,1,BERW,48.3,Good,US1MNBK0016
2013738,ARTHROPODA,INSECTA,DIPTERA,CHIRONOMIDAE,CHIRONOMUS,CHIRONOMUS,3582,50,1,41.2150594920665,-105.7961256,SmallStreams,Region_08,NRS18_WY_10039,2019,6/9/2019,1,BERW,13.92,Poor,US1WYAB0103
2013739,ARTHROPODA,INSECTA,DIPTERA,CHIRONOMIDAE,,THIENEMANNIMYIA GENUS GR.,4362,,,42.5443304521468,-74.95157006,RiversMajor,Region_02,NRS18_NY_10039,2019,6/10/2019,1,BETB,8.48,Poor,US1NYOT0031
2013740,ANNELIDA,OLIGOCHAETA,HAPLOTAXIDA,NAIDIDAE,NAIS,NAIS,4004,26,1,43.0223391608138,-86.02397235,RiversOther,Region_05,NRS18_MI_10009,2019,6/10/2019,1,BETB,14.63,Poor,US1MIOW0064
2013741,ARTHROPODA,INSECTA,DIPTERA,CHIRONOMIDAE,STEMPELLINA,STEMPELLINA,4307,13,1,46.9870156412847,-92.81150143,RiversOther,Region_05,NRS18_MN_10014,2019,6/10/2019,1,BETB,48.68,Good,USC00215298
2013742,ARTHROPODA,INSECTA,DIPTERA,CHIRONOMIDAE,,CHIRONOMIDAE,3581,1,0,47.1247311853038,-92.5521249,SmallStreams,Region_05,NRS18_MN_10044,2019,6/9/2019,1,BERW,34.05,Fair,USC00211840
2013743,MOLLUSCA,GASTROPODA,BASOMMATOPHORA,PHYSIDAE,PHYSA,PHYSA,4149,7,1,41.1010234192568,-102.5202142,RiversOther,Region_07,NRS18_NE_10041,2019,6/10/2019,1,BERW,14.77,Poor,US10deue021
2013744,ARTHROPODA,INSECTA,DIPTERA,CHIRONOMIDAE,,CRICOTOPUS/ORTHOCLADIUS,3623,85,1,43.7904462269568,-117.8541173,RiversOther,Region_10,NRS18_OR_10817,2019,6/10/2019,1,BETB,61.22,Good,USC00354357
2013745,ARTHROPODA,INSECTA,DIPTERA,CHIRONOMIDAE,PARACRICOTOPUS,PARACRICOTOPUS,4103,1,1,35.3660333790125,-88.97789349,SmallStreams,Region_04,NRS18_TN_10040,2019,6/10/2019,1,BERW,22.33,Poor,US1TNHR0002
2013746,ARTHROPODA,INSECTA,DIPTERA,CHIRONOMIDAE,THIENEMANNIELLA,THIENEMANNIELLA,4361,2,1,43.3591496493498,-93.86842916,SmallStreams,Region_07,NRS18_IA_10005,2019,6/10/2019,1,BERW,40.57,Good,US1IAHN0008
2013747,ARTHROPODA,INSECTA,TRICHOPTERA,HYDROPTILIDAE,,HYDROPTILIDAE,3847,2,0,34.4433728621876,-99.65264394,LargeStreams,Region_06,NRS18_OK_10046,2019,6/10/2019,1,BERW,24.03,Fair,USC00342836
2013748,ARTHROPODA,INSECTA,PLECOPTERA,PTERONARCYIDAE,PTERONARCYS,PTERONARCYS,4229,2,1,,,,Region_01,NRS18_VT_RF002,,6/10/2019,1,BERW,63.07,,ACW00011604
2013749,ARTHROPODA,INSECTA,DIPTERA,CHIRONOMIDAE,METRIOCNEMUS,METRIOCNEMUS,3976,1,1,41.4879484115907,-107.1787199,SmallStreams,Region_08,NRS18_WY_10549,2019,6/10/2019,1,BERW,34.67,Poor,USS0007H06S
2013750,ARTHROPODA,INSECTA,DIPTERA,CHIRONOMIDAE,MICROTENDIPES,MICROTENDIPES,3982,3,1,35.8788049460087,-82.07960048,SmallStreams,Region_04,NRS18_NC_10032,2019,6/11/2019,1,BERW,75.52,Good,USC00318225
2013751,ARTHROPODA,INSECTA,DIPTERA,CHIRONOMIDAE,PARATANYTARSUS,PARATANYTARSUS,4120,11,1,41.8504603875685,-94.0261349,LargeStreams,Region_07,NRS18_IA_10003,2019,6/11/2019,1,BETB,70.03,Good,US1IADL0040
2013752,ARTHROPODA,INSECTA,TRICHOPTERA,HYDROPSYCHIDAE,HYDROPSYCHE,HYDROPSYCHE,3844,1,1,46.9723674804242,-95.055888,LargeStreams,Region_05,NRS18_MN_10025,2019,6/11/2019,1,BETB,33.67,Fair,US1MNHB0042
2013753,ARTHROPODA,MALACOSTRACA,AMPHIPODA,HYALELLIDAE,HYALELLA,HYALELLA,3821,20,1,35.3596334721378,-99.40267777,LargeStreams,Region_06,NRS18_OK_10049,2019,6/11/2019,1,BERW,8.82,Poor,US1OKBC0009
2013754,ARTHROPODA,INSECTA,EPHEMEROPTERA,BAETIDAE,,BAETIDAE,3500,1,0,42.4821651757664,-102.60076,RiversMajor,Region_07,NRS18_NE_10053,2019,6/11/2019,1,BERW,16.67,Poor,US10sher021
2013755,ARTHROPODA,INSECTA,DIPTERA,CHIRONOMIDAE,PARAMETRIOCNEMUS,PARAMETRIOCNEMUS,4112,1,1,46.921184405195,-93.02606272,LargeStreams,Region_05,NRS18_MN_10062,2019,6/11/2019,1,BERW,7.88,Poor,USC00212826
2013756,ARTHROPODA,INSECTA,DIPTERA,CHIRONOMIDAE,PENTANEURA,PENTANEURA,4134,1,1,38.1484152340579,-82.210465,SmallStreams,Region_03,NRS18_WV_10009,2019,6/11/2019,1,BERW,45.27,Good,USC00461075
2013757,ARTHROPODA,INSECTA,EPHEMEROPTERA,LEPTOHYPHIDAE,TRICORYTHODES,TRICORYTHODES,4384,2,1,38.9644677576052,-109.2467861,RiversMajor,Region_08,NRS18_UT_10432,2019,6/11/2019,1,BETB,27.18,Poor,USC00421440
2013758,ARTHROPODA,INSECTA,DIPTERA,CHIRONOMIDAE,,CRICOTOPUS/ORTHOCLADIUS,3623,2,1,39.2952489057286,-82.43440894,RiversOther,Region_05,NRS18_OH_10031,2019,6/11/2019,1,BETB,22.75,Poor,USR0000OZAL
2013759,ARTHROPODA,INSECTA,COLEOPTERA,DYTISCIDAE,,DYTISCIDAE,3679,,,43.3572278384175,-71.42338173,SmallStreams,Region_01,NRS18_NH_10014,2019,6/11/2019,1,BERW,33.68,Poor,USC00272250
2013760,MOLLUSCA,GASTROPODA,BASOMMATOPHORA,LYMNAEIDAE,,LYMNAEIDAE,3945,4,1,42.0661065812477,-105.1126825,RiversOther,Region_08,NRS18_WY_11452,2019,6/11/2019,1,BERW,50.75,Good,US1WYPT0007
2013761,ANNELIDA,OLIGOCHAETA,ENCHYTRAEIDA,ENCHYTRAEIDAE,,ENCHYTRAEIDAE,3697,5,1,44.6312085753891,-103.694434,SmallStreams,Region_08,NRS18_SD_10094,2019,6/11/2019,1,BERW,11.93,Poor,USC00397418
2013762,ARTHROPODA,INSECTA,PLECOPTERA,TAENIOPTERYGIDAE,TAENIOPTERYX,TAENIOPTERYX,4344,,,47.2055163470668,-92.80054005,RiversOther,Region_05,NRS18_MN_10030,2019,6/12/2019,1,BETB,65.73,Good,US1MNSL0007
2013763,ARTHROPODA,INSECTA,COLEOPTERA,ELMIDAE,MICROCYLLOEPUS,MICROCYLLOEPUS,3980,1,1,36.3949466989398,-99.00499315,LargeStreams,Region_06,NRS18_OK_11579,2019,6/12/2019,1,BERW,16.27,Poor,US1OKWW0002
2013764,ARTHROPODA,INSECTA,DIPTERA,CHIRONOMIDAE,TANYTARSUS,TANYTARSUS,4348,2,1,31.9799084858934,-104.1233041,RiversOther,Region_06,NRS18_TX_11175,2019,6/11/2019,1,BERW,24.47,Poor,USC00417481
2013765,ARTHROPODA,INSECTA,DIPTERA,CHIRONOMIDAE,LABRUNDINIA,LABRUNDINIA,3882,,,,,,Region_03,NRS18_VA_RF013,,6/12/2019,1,BETB,66.1,,ACW00011604
2013766,MOLLUSCA,BIVALVIA,VENEROIDA,PISIDIIDAE,PISIDIUM,PISIDIUM,4159,2,1,42.4333222459711,-103.7026537,RiversMajor,Region_07,NRS18_NE_11590,2019,6/12/2019,1,BERW,26.35,Fair,USC00250030
2013767,ARTHROPODA,INSECTA,DIPTERA,CHIRONOMIDAE,ODONTOMESA,ODONTOMESA,4058,1,1,42.4201289461923,-103.5414199,RiversMajor,Region_07,NRS18_NE_11578,2019,6/12/2019,1,BERW,24,Fair,US10siou006
2013768,ARTHROPODA,INSECTA,DIPTERA,CHIRONOMIDAE,PARALAUTERBORNIELLA,PARALAUTERBORNIELLA,4107,79,1,46.706911963289,-94.81103949,LargeStreams,Region_05,NRS18_MN_10057,2019,6/12/2019,1,BERW,19.03,Poor,US1MNCS0064
2013769,ARTHROPODA,INSECTA,DIPTERA,CHIRONOMIDAE,,THIENEMANNIMYIA GENUS GR.,4362,1,1,38.6127150403755,-109.5583912,RiversMajor,Region_08,NRS18_UT_10017,2019,6/12/2019,1,BETB,44.32,Fair,US1UTGR0005
2013770,ARTHROPODA,INSECTA,DIPTERA,TABANIDAE,CHRYSOPS,CHRYSOPS,3587,1,1,32.8463743484392,-81.44289005,RiversMajor,Region_04,NRS18_SC_10019,2019,6/12/2019,1,BETB,30.65,Poor,USC00095896
2013771,ARTHROPODA,INSECTA,DIPTERA,EMPIDIDAE,HEMERODROMIA,HEMERODROMIA,3799,2,1,35.9720192890122,-88.26058993,LargeStreams,Region_04,NRS18_TN_10340,2019,6/12/2019,1,BERW,55.05,Good,US1TNCR0007
2013772,ARTHROPODA,ARACHNIDA,TROMBIDIFORMES,LEBERTIIDAE,LEBERTIA,LEBERTIA,3892,1,1,35.1463359552492,-89.23759803,LargeStreams,Region_04,NRS18_TN_10339,2019,6/11/2019,1,BERW,29.98,Poor,USC00400137
2013773,ANNELIDA,OLIGOCHAETA,HAPLOTAXIDA,TUBIFICIDAE,TUBIFEX,TUBIFEX,4390,1,1,42.1995646691316,-104.5859971,RiversOther,Region_08,NRS18_WY_11453,2019,6/12/2019,1,BERW,49.82,Good,US1WYGS0027
2013774,ARTHROPODA,INSECTA,DIPTERA,CHIRONOMIDAE,TANYTARSUS,TANYTARSUS,4348,17,1,39.30687601,-82.85680644,LargeStreams,Region_05,NRS18_OH_10658,2019,6/12/2019,1,BERW,32.47,Fair,USC00331523
2013775,ARTHROPODA,INSECTA,DIPTERA,CHIRONOMIDAE,DIAMESA,DIAMESA,3654,3,1,44.2982896042705,-72.94783568,SmallStreams,Region_01,NRS18_VT_10014,2019,6/12/2019,1,BERW,61.57,Good,US1VTCH0007
2013776,ARTHROPODA,INSECTA,DIPTERA,CHIRONOMIDAE,,CRICOTOPUS/ORTHOCLADIUS,3623,12,1,44.1377778084313,-100.8015808,LargeStreams,Region_08,NRS18_SD_10694,2019,6/12/2019,1,BERW,0,Poor,USC00398572
2013777,ARTHROPODA,INSECTA,DIPTERA,CHIRONOMIDAE,SAETHERIA,SAETHERIA,4260,30,1,35.5888732425683,-77.4127161,SmallStreams,Region_04,NRS18_NC_10111,2019,6/13/2019,1,BERW,44.02,Fair,US1NCPT0089
2013778,ANNELIDA,HIRUDINEA,RHYNCHOBDELLIDA,GLOSSIPHONIIDAE,HELOBDELLA,HELOBDELLA,3792,1,1,32.7238366999709,-80.49558657,SmallStreams,Region_04,NRS18_SC_10009,2019,6/13/2019,1,BETB,11.18,Poor,US1SCCL0014
2013779,ARTHROPODA,INSECTA,TRICHOPTERA,PSYCHOMYIIDAE,PSYCHOMYIA,PSYCHOMYIA,4225,1,1,39.9650466772444,-80.58732134,RiversOther,Region_03,NRS18_WV_10019,2019,6/12/2019,1,BETB,46.27,Good,US1WVMH0002
2013780,ARTHROPODA,INSECTA,DIPTERA,CHIRONOMIDAE,MICROPSECTRA,MICROPSECTRA,3981,1,1,,,,Region_03,NRS18_VA_RF011,,6/13/2019,1,BETB,79.82,,ACW00011604
2013781,ARTHROPODA,MALACOSTRACA,AMPHIPODA,GAMMARIDAE,GAMMARUS,GAMMARUS,3744,12,1,42.5200949891697,-89.8124624,RiversOther,Region_05,NRS18_WI_10054,2019,6/13/2019,1,BETB,23.32,Poor,USC00471250
2013782,ARTHROPODA,INSECTA,DIPTERA,CHIRONOMIDAE,,CHIRONOMIDAE,3581,3,0,46.7328287890006,-95.0939806,SmallStreams,Region_05,NRS18_MN_10039,2019,6/13/2019,1,BERW,7.07,Poor,US1MNWD0002
2013783,ARTHROPODA,INSECTA,DIPTERA,DOLICHOPODIDAE,,DOLICHOPODIDAE,3671,1,1,38.8090732376178,-111.3160004,LargeStreams,Region_08,NRS18_UT_10013,2019,6/13/2019,1,BERW,29.65,Poor,USC00429575
2013784,ARTHROPODA,INSECTA,EPHEMEROPTERA,EPHEMERELLIDAE,EURYLOPHELLA,EURYLOPHELLA,3726,14,1,44.2985202067468,-71.95877622,SmallStreams,Region_01,NRS18_NH_10016,2019,6/13/2019,1,BERW,64.33,Good,USC00275500
2013785,ARTHROPODA,MALACOSTRACA,ISOPODA,SPHAEROMATIDAE,CASSIDINIDEA,CASSIDINIDEA,3557,1,1,32.9608726922311,-80.15104513,SmallStreams,Region_04,NRS18_SC_10034,2019,6/14/2019,1,BETB,13.85,Poor,USC00384771
2013786,ARTHROPODA,INSECTA,DIPTERA,CHIRONOMIDAE,PSECTROCLADIUS,PSECTROCLADIUS,4206,1,1,47.8098151544876,-92.62816101,LargeStreams,Region_05,NRS18_MN_10058,2019,6/13/2019,1,BETB,33.57,Fair,USC00211771
2013787,ANNELIDA,OLIGOCHAETA,HAPLOTAXIDA,NAIDIDAE,DERO,DERO,3646,1,1,33.9308211375439,-117.5939787,RiversMajor,Region_09,NRS18_CA_10025,2019,6/11/2019,1,BERW,32.13,Poor,US1CARV0028
2013788,ARTHROPODA,INSECTA,EPHEMEROPTERA,CAENIDAE,CAENIS,CAENIS,3542,9,1,47.3098973432177,-91.8730277,LargeStreams,Region_05,NRS18_MN_10553,2019,6/14/2019,1,BETB,17.1,Poor,USC00210989
2013789,ARTHROPODA,INSECTA,DIPTERA,CERATOPOGONIDAE,,CERATOPOGONIDAE,3566,15,0,41.8330686366638,-104.148164,SmallStreams,Region_08,NRS18_WY_10251,2019,6/13/2019,1,BERW,19.77,Poor,US1WYGS0011
2013790,ARTHROPODA,INSECTA,DIPTERA,CHIRONOMIDAE,POLYPEDILUM,POLYPEDILUM,4178,2,1,32.2464552374338,-101.3921172,RiversOther,Region_06,NRS18_TX_10988,2019,6/13/2019,1,BERW,17.05,Poor,US1TXHWR004
2013791,ARTHROPODA,INSECTA,TRICHOPTERA,HYDROPTILIDAE,NEOTRICHIA,NEOTRICHIA,4032,1,1,35.135242105101,-88.18207379,RiversOther,Region_04,NRS18_TN_10023,2019,6/14/2019,1,BERW,65.4,Good,US1TNHN0009
2013792,ARTHROPODA,MALACOSTRACA,AMPHIPODA,HYALELLIDAE,HYALELLA,HYALELLA,3821,3,1,45.1247949709622,-93.99623622,RiversOther,Region_05,NRS18_MN_10012,2019,6/14/2019,1,BETB,15.65,Poor,US1MNWR0140
2013797,ARTHROPODA,INSECTA,TRICHOPTERA,HYDROPSYCHIDAE,HYDROPSYCHE,HYDROPSYCHE,3844,1,1,34.6117005537498,-82.43868786,RiversOther,Region_04,NRS18_SC_10779,2019,6/16/2019,1,BETB,11.78,Poor,USC00380613
2013798,ARTHROPODA,INSECTA,DIPTERA,CHIRONOMIDAE,,THIENEMANNIMYIA GENUS GR.,4362,1,1,45.3009425210563,-94.67625608,LargeStreams,Region_05,NRS18_MN_10060,2019,6/16/2019,1,BETB,14.55,Poor,US1MNMK0013
2013799,ARTHROPODA,INSECTA,DIPTERA,CHIRONOMIDAE,CLADOTANYTARSUS,CLADOTANYTARSUS,3594,15,1,43.0860526545606,-117.7117037,RiversMajor,Region_10,NRS18_OR_11118,2019,6/12/2019,1,BETB,41.38,Poor,USC00357310
2013800,ARTHROPODA,INSECTA,TRICHOPTERA,LEPTOCERIDAE,,LEPTOCERIDAE,3897,,,36.5438169104622,-76.89024763,LargeStreams,Region_04,NRS18_NC_10009,2019,6/16/2019,1,BETB,16.6,Poor,USC00448220
2013801,ARTHROPODA,ARACHNIDA,TROMBIDIFORMES,HYGROBATIDAE,HYGROBATES,HYGROBATES,3855,,,43.35868535,-104.3094053,RiversMajor,Region_08,NRS18_WY_11906,2019,6/14/2019,1,BERW,57.67,Good,USC00481032
2013802,ANNELIDA,OLIGOCHAETA,HAPLOTAXIDA,NAIDIDAE,NAIS,NAIS,4004,1,1,44.0532982802892,-105.2684427,RiversOther,Region_08,NRS18_WY_11305,2019,6/16/2019,1,BERW,42.23,Poor,USC00482580
2013803,ANNELIDA,OLIGOCHAETA,HAPLOTAXIDA,NAIDIDAE,NAIS,NAIS,4004,47,1,44.0896230023242,-105.166272,RiversOther,Region_08,NRS18_WY_11316,2019,6/16/2019,1,BERW,23.9,Poor,USC00482580
2013804,ARTHROPODA,ARACHNIDA,TROMBIDIFORMES,ARRENURIDAE,ARRENURUS,ARRENURUS,3481,3,1,38.689079181467,-75.76990306,LargeStreams,Region_03,NRS18_MD_10001,2019,6/17/2019,1,BETB,32.88,Poor,US1MDCL0014
2013805,ANNELIDA,OLIGOCHAETA,HAPLOTAXIDA,TUBIFICIDAE,LIMNODRILUS,LIMNODRILUS,3925,1,1,48.0355261410528,-92.9070676,SmallStreams,Region_05,NRS18_MN_10009,2019,6/16/2019,1,BERW,22.53,Poor,USC00216210
2013806,MOLLUSCA,GASTROPODA,BASOMMATOPHORA,LYMNAEIDAE,STAGNICOLA,STAGNICOLA,4304,5,1,43.5668935209754,-89.69697196,RiversMajor,Region_05,NRS18_WI_10028,2019,6/17/2019,1,BETB,21.13,Poor,US1WISK0017
2013808,ARTHROPODA,INSECTA,PLECOPTERA,PERLIDAE,ACRONEURIA,ACRONEURIA,3412,2,1,37.2046323051762,-83.52786634,SmallStreams,Region_04,NRS18_KY_10003,2019,6/17/2019,1,BERW,45.02,Good,USC00150687
2013809,MOLLUSCA,GASTROPODA,BASOMMATOPHORA,PLANORBIDAE,,PLANORBIDAE,4162,1,0,33.7676329198523,-80.07378602,SmallStreams,Region_04,NRS18_SC_10003,2019,6/17/2019,1,BERW,28.98,Poor,US1SCCD0015
2013810,ARTHROPODA,INSECTA,DIPTERA,CHIRONOMIDAE,DICROTENDIPES,DICROTENDIPES,3658,9,1,44.517651086546,-94.02857543,SmallStreams,Region_05,NRS18_MN_10007,2019,6/17/2019,1,BERW,34.02,Fair,USC00213678
2013811,ARTHROPODA,INSECTA,PLECOPTERA,PERLODIDAE,ISOPERLA,ISOPERLA,3867,1,1,44.9237741598132,-106.0024106,RiversOther,Region_08,NRS18_WY_11301,2019,6/17/2019,1,BETB,55.1,Fair,USR0000MBRA
2013812,ARTHROPODA,INSECTA,DIPTERA,EPHYDRIDAE,,EPHYDRIDAE,3711,1,1,40.9022573786886,-96.60625674,SmallStreams,Region_07,NRS18_NE_10058,2019,6/18/2019,1,BERW,3.68,Poor,US1Lanc5524
2013814,ARTHROPODA,INSECTA,PLECOPTERA,PERLIDAE,,PERLIDAE,4138,,,,,,Region_04,NRS18_AL_RF002,,6/17/2019,1,BETB,47.43,,ACW00011604
2013815,ARTHROPODA,INSECTA,ODONATA,COENAGRIONIDAE,ARGIA,ARGIA,3476,1,1,34.5312567470858,-94.71441654,LargeStreams,Region_06,NRS18_OK_10024,2019,6/17/2019,1,BERW,55.92,Good,USC00348285
2013816,ARTHROPODA,INSECTA,EPHEMEROPTERA,BAETIDAE,PROCLOEON,PROCLOEON,4192,11,1,48.3784586645378,-93.22725536,LargeStreams,Region_05,NRS18_MN_10010,2019,6/18/2019,1,BERW,33.62,Fair,USC00214191
2013817,ARTHROPODA,INSECTA,TRICHOPTERA,HYDROPTILIDAE,NEOTRICHIA,NEOTRICHIA,4032,19,1,,,,Region_04,NRS18_FL_RF002,,6/18/2019,1,BETB,74.02,,ACW00011604
2013818,ANNELIDA,OLIGOCHAETA,HAPLOTAXIDA,TUBIFICIDAE,LIMNODRILUS,LIMNODRILUS,3925,,,35.9869628708283,-94.91588598,RiversMajor,Region_06,NRS18_OK_10040,2019,6/17/2019,1,BETB,32.22,Fair,US1OKCH0003
2013819,MOLLUSCA,BIVALVIA,VENEROIDA,PISIDIIDAE,PISIDIUM,PISIDIUM,4159,1,1,36.9350347427634,-85.77766442,SmallStreams,Region_04,NRS18_KY_10004,2019,6/18/2019,1,BERW,42.32,Fair,US1KYBR0010
2013820,ARTHROPODA,INSECTA,EPHEMEROPTERA,HEPTAGENIIDAE,EPEORUS,EPEORUS,3703,58,1,44.0764845413552,-71.79800264,SmallStreams,Region_01,NRS18_NH_10012,2019,6/18/2019,1,BERW,55.47,Good,USC00270675
2013821,ARTHROPODA,INSECTA,DIPTERA,TIPULIDAE,TIPULA,TIPULA,4368,1,1,44.0172171674266,-85.75154523,SmallStreams,Region_05,NRS18_MI_10017,2019,6/18/2019,1,BERW,19.4,Poor,USC00204969
2013822,ARTHROPODA,INSECTA,EPHEMEROPTERA,BAETIDAE,FALLCEON,FALLCEON,3729,1,1,,,,Region_06,NRS18_TX_10017,,6/18/2019,2,BETB,42.93,,ACW00011604
2013823,ARTHROPODA,INSECTA,EPHEMEROPTERA,EPHEMERELLIDAE,TIMPANOGA,TIMPANOGA,4366,,,40.0019052279798,-121.2682255,RiversOther,Region_09,NRS18_CA_10015,2019,6/18/2019,1,BETB,33.85,Poor,USC00041159
2013824,ANNELIDA,OLIGOCHAETA,HAPLOTAXIDA,NAIDIDAE,STYLARIA,STYLARIA,4323,6,1,39.8038978796282,-120.3762174,RiversOther,Region_09,NRS18_CA_10049,2019,6/17/2019,1,BETB,19.92,Poor,US1CAPM0009
2013825,ARTHROPODA,INSECTA,PLECOPTERA,LEUCTRIDAE,LEUCTRA,LEUCTRA,3912,15,1,41.4124082869662,-74.74692932,SmallStreams,Region_03,NRS18_PA_10034,2019,6/18/2019,1,BERW,84.28,Good,USC00365470
2013826,ARTHROPODA,INSECTA,DIPTERA,PELECORHYNCHIDAE,GLUTOPS,GLUTOPS,3754,1,1,40.7240029353705,-124.1173927,SmallStreams,Region_09,NRS18_CA_10007,2019,6/18/2019,1,BERW,55.62,Good,US1CAHM0081
2013827,ARTHROPODA,INSECTA,EPHEMEROPTERA,HEPTAGENIIDAE,,HEPTAGENIIDAE,3802,,,,,,Region_04,NRS18_SC_10001,,6/18/2019,2,BERW,28.47,,ACW00011604
2013828,ARTHROPODA,INSECTA,EPHEMEROPTERA,BAETIDAE,,BAETIDAE,3500,1,1,,,,Region_04,NRS18_SC_10002,,6/19/2019,2,BETB,25.38,,ACW00011604
2013829,ARTHROPODA,INSECTA,EPHEMEROPTERA,EPHEMERELLIDAE,EPHEMERELLA,EPHEMERELLA,3705,4,1,43.7188028622575,-115.3064835,SmallStreams,Region_10,NRS18_ID_10053,2019,6/18/2019,1,BERW,58.22,Good,USS0015F04S
2013830,ARTHROPODA,INSECTA,PLECOPTERA,LEUCTRIDAE,,LEUCTRIDAE,3913,1,0,,,,Region_03,NRS18_WV_RF004,,6/18/2019,1,BETB,82.95,,ACW00011604
2013831,ARTHROPODA,INSECTA,DIPTERA,CHIRONOMIDAE,MICROTENDIPES,MICROTENDIPES,3982,2,1,39.6132139410826,-121.7793686,LargeStreams,Region_09,NRS18_CA_10019,2019,6/19/2019,1,BETB,59.63,Good,US1CABT0042
2013832,ARTHROPODA,INSECTA,DIPTERA,CHIRONOMIDAE,PARATENDIPES,PARATENDIPES,4121,1,1,44.8512709279977,-93.9828323,RiversOther,Region_05,NRS18_MN_10018,2019,6/19/2019,1,BETB,28.78,Fair,US1MNCV0071
2013833,ARTHROPODA,INSECTA,COLEOPTERA,DYTISCIDAE,NEOPORUS,NEOPORUS,5146,,,35.983411877694,-77.86095318,RiversOther,Region_04,NRS18_NC_10645,2019,6/18/2019,1,BERW,51.97,Fair,US1NCNS0034
2013834,ARTHROPODA,INSECTA,COLEOPTERA,ELMIDAE,MACRONYCHUS,MACRONYCHUS,3952,,,45.8581464883832,-90.42647469,LargeStreams,Region_05,NRS18_WI_10048,2019,6/19/2019,1,BETB,45.67,Good,US1WIPR0010
2013835,ARTHROPODA,INSECTA,TRICHOPTERA,CALAMOCERATIDAE,HETEROPLECTRON,HETEROPLECTRON,3812,1,1,40.7720397544849,-123.3027922,SmallStreams,Region_09,NRS18_CA_10094,2019,6/19/2019,1,BERW,61.62,Good,USR0000CBBR
2013837,ARTHROPODA,INSECTA,DIPTERA,CHIRONOMIDAE,CLADOTANYTARSUS,CLADOTANYTARSUS,3594,121,1,,,,Region_04,NRS18_FL_RF003,,6/19/2019,1,BETB,44.02,,ACW00011604
2013838,ARTHROPODA,INSECTA,DIPTERA,CHIRONOMIDAE,ABLABESMYIA,ABLABESMYIA,3406,6,1,37.2565872661277,-87.59639111,LargeStreams,Region_04,NRS18_KY_10016,2019,6/19/2019,1,BERW,35.62,Fair,USC00152407
2013839,ARTHROPODA,ARACHNIDA,TROMBIDIFORMES,LEBERTIIDAE,ESTELLOXUS,ESTELLOXUS,3720,1,1,30.5869873037536,-84.35733272,RiversOther,Region_04,NRS18_FL_10010,2019,6/19/2019,1,BETB,40.05,Poor,US1FLLN0001
2013840,ARTHROPODA,INSECTA,DIPTERA,CHIRONOMIDAE,PHAENOPSECTRA,PHAENOPSECTRA,4143,32,1,43.6890128349559,-108.1791191,RiversMajor,Region_08,NRS18_WY_10034,2019,6/19/2019,1,BETB,37.57,Poor,US1WYHS0015
2013841,ARTHROPODA,INSECTA,TRICHOPTERA,HYDROPTILIDAE,ITHYTRICHIA,ITHYTRICHIA,3870,3,1,43.6823724671956,-106.3391975,RiversOther,Region_08,NRS18_WY_11315,2019,6/18/2019,1,BERW,29.15,Poor,USC00488801
2013842,ARTHROPODA,INSECTA,PLECOPTERA,PERLODIDAE,REMENUS,REMENUS,4240,,,42.7567415856581,-72.46334804,SmallStreams,Region_01,NRS18_NH_10008,2019,6/20/2019,1,BERW,46.68,Fair,USC00438600
2013843,ARTHROPODA,INSECTA,DIPTERA,CHIRONOMIDAE,,CHIRONOMIDAE,3581,3,0,48.2500421131054,-93.88671437,LargeStreams,Region_05,NRS18_MN_10050,2019,6/20/2019,1,BETB,44.97,Good,US1MNKC0006
2013844,ARTHROPODA,ARACHNIDA,TROMBIDIFORMES,UNIONICOLIDAE,UNIONICOLA,UNIONICOLA,4400,3,1,48.2310693375914,-92.35028682,RiversOther,Region_05,NRS18_MN_10067,2019,6/19/2019,1,BETB,36.02,Fair,USC00211857
2013845,ARTHROPODA,INSECTA,EPHEMEROPTERA,EPHEMERELLIDAE,,EPHEMERELLIDAE,3706,1,1,39.2489047026725,-77.81410271,RiversMajor,Region_03,NRS18_WV_10008,2019,6/19/2019,1,BETB,49.8,Good,US1WVJF0012
2013846,ARTHROPODA,INSECTA,DIPTERA,CHIRONOMIDAE,ABLABESMYIA,ABLABESMYIA,3406,,,44.3134011670055,-89.89086382,RiversMajor,Region_05,NRS18_WI_10027,2019,6/20/2019,1,BETB,26.77,Fair,USC00476750
2013847,ARTHROPODA,INSECTA,DIPTERA,CHIRONOMIDAE,HYDROBAENUS,HYDROBAENUS,3831,1,1,44.7526932355475,-93.77072533,LargeStreams,Region_05,NRS18_MN_10052,2019,6/20/2019,1,BERW,42.15,Good,US1MNCV0066
2013848,ARTHROPODA,INSECTA,EPHEMEROPTERA,CAENIDAE,CAENIS,CAENIS,3542,7,1,29.6120370421701,-104.467439,RiversMajor,Region_06,NRS18_TX_10116,2019,6/20/2019,1,BETB,17.67,Poor,MXN00008241
2013849,ARTHROPODA,INSECTA,DIPTERA,CHIRONOMIDAE,STEMPELLINELLA,STEMPELLINELLA,4308,9,1,42.620080906243,-109.1883507,SmallStreams,Region_08,NRS18_WY_10400,2019,6/20/2019,1,BERW,46.55,Fair,USC00482780
2013850,MOLLUSCA,GASTROPODA,BASOMMATOPHORA,LYMNAEIDAE,,LYMNAEIDAE,3945,,,39.0007527861202,-75.49461224,SmallStreams,Region_03,NRS18_DE_10037,2019,6/20/2019,1,BERW,29.33,Poor,US1DEKN0001
2013851,ANNELIDA,OLIGOCHAETA,HAPLOTAXIDA,TUBIFICIDAE,AULODRILUS,AULODRILUS,3496,,,44.4072430786482,-93.61883431,SmallStreams,Region_05,NRS18_MN_10008,2019,6/21/2019,1,BERW,11.02,Poor,USC00215571
2013852,ARTHROPODA,INSECTA,DIPTERA,CHIRONOMIDAE,ABLABESMYIA,ABLABESMYIA,3406,2,1,48.49412822,-94.08020957,SmallStreams,Region_05,NRS18_MN_10046,2019,6/21/2019,1,BERW,2.8,Poor,USC00215081
2013853,ARTHROPODA,INSECTA,EPHEMEROPTERA,LEPTOHYPHIDAE,TRICORYTHODES,TRICORYTHODES,4384,2,1,41.00445546,-91.66528083,RiversOther,Region_07,NRS18_IA_10007,2019,6/21/2019,1,BETB,27.67,Fair,USC00135796
2013854,ANNELIDA,OLIGOCHAETA,HAPLOTAXIDA,TUBIFICIDAE,LIMNODRILUS,LIMNODRILUS,3925,1,1,36.1502123180618,-76.7378938,RiversOther,Region_04,NRS18_NC_10002,2019,6/19/2019,1,BETB,24.75,Poor,US1NCCW0031
2013855,ARTHROPODA,INSECTA,ODONATA,COENAGRIONIDAE,,COENAGRIONIDAE,3606,,,36.4817098443678,-77.65994012,RiversOther,Region_04,NRS18_NC_10006,2019,6/18/2019,1,BETB,17.6,Poor,USC00317319
2013856,ARTHROPODA,INSECTA,TRICHOPTERA,POLYCENTROPODIDAE,,POLYCENTROPODIDAE,4174,1,1,35.4580018942284,-77.67500814,RiversOther,Region_04,NRS18_NC_10008,2019,6/20/2019,1,BETB,46.58,Fair,USC00318060
2013857,ARTHROPODA,INSECTA,DIPTERA,CHIRONOMIDAE,POLYPEDILUM,POLYPEDILUM,4178,1,1,34.7958362283058,-78.80513137,RiversMajor,Region_04,NRS18_NC_10026,2019,6/21/2019,1,BETB,6.1,Poor,USC00311449
2013861,ARTHROPODA,INSECTA,DIPTERA,CHIRONOMIDAE,CLINOTANYPUS,CLINOTANYPUS,3600,1,1,35.5085180242731,-78.9607055,RiversMajor,Region_04,NRS18_NC_10027,2019,6/23/2019,1,BETB,11.7,Poor,US1NCHR0021
2013862,ARTHROPODA,MALACOSTRACA,ISOPODA,ASELLIDAE,CAECIDOTEA,CAECIDOTEA,3540,2,1,42.4783306410836,-89.0560394,RiversMajor,Region_05,NRS18_IL_10014,2019,6/23/2019,1,BETB,16.12,Poor,USC00470696
2013864,ARTHROPODA,INSECTA,DIPTERA,CHIRONOMIDAE,POLYPEDILUM,POLYPEDILUM,4178,1,1,42.9343452572408,-110.7209235,LargeStreams,Region_08,NRS18_WY_10025,2019,6/23/2019,1,BETB,46.05,Fair,USS0010G02S
2013865,ANNELIDA,OLIGOCHAETA,ENCHYTRAEIDA,ENCHYTRAEIDAE,,ENCHYTRAEIDAE,3697,3,1,42.8129909465328,-110.6890214,LargeStreams,Region_08,NRS18_WY_10005,2019,6/23/2019,1,BETB,49.22,Fair,USS0010G15S
2013866,ARTHROPODA,INSECTA,DIPTERA,CHIRONOMIDAE,MICROPSECTRA,MICROPSECTRA,3981,2,1,43.3155167535876,-110.6957377,RiversOther,Region_08,NRS18_WY_11594,2019,6/21/2019,1,BETB,40.77,Fair,US1WYTT0026
2013867,ARTHROPODA,INSECTA,TRICHOPTERA,HYDROPSYCHIDAE,HYDROPSYCHE,HYDROPSYCHE,3844,1,1,45.1697748740865,-120.4822805,RiversMajor,Region_10,NRS18_OR_10014,2019,6/22/2019,1,BETB,62.82,Good,USR0000ONPR
2013868,ARTHROPODA,INSECTA,DIPTERA,CHIRONOMIDAE,PROCLADIUS,PROCLADIUS,4191,1,1,39.2654476854131,-77.53817853,RiversMajor,Region_03,NRS18_MD_11081,2019,6/24/2019,1,BETB,41.78,Fair,US1VALD0040
2013869,ANNELIDA,OLIGOCHAETA,ENCHYTRAEIDA,ENCHYTRAEIDAE,,ENCHYTRAEIDAE,3697,4,1,42.6069514674844,-98.89009923,SmallStreams,Region_07,NRS18_NE_10079,2019,6/24/2019,1,BERW,25.02,Poor,US10holt022
2013870,ARTHROPODA,INSECTA,PLECOPTERA,PERLODIDAE,ISOPERLA,ISOPERLA,3867,,,46.7417817643903,-88.48809369,SmallStreams,Region_05,NRS18_MI_10035,2019,6/24/2019,1,BERW,63.32,Good,USC00204623
2013871,ARTHROPODA,INSECTA,EPHEMEROPTERA,BAETIDAE,ISWAEON,ISWAEON,3869,,,47.761432223104,-93.85485445,LargeStreams,Region_05,NRS18_MN_10054,2019,6/24/2019,1,BETB,16.15,Poor,US1MNIT0048
2013872,ARTHROPODA,INSECTA,TRICHOPTERA,LEPTOCERIDAE,NECTOPSYCHE,NECTOPSYCHE,4011,20,1,48.5797289776508,-95.69162612,SmallStreams,Region_05,NRS18_MN_10037,2019,6/23/2019,1,BERW,61.87,Good,USC00218656
2013873,ARTHROPODA,ARACHNIDA,,,,ARACHNIDA,3472,1,0,35.8224063743345,-81.18403673,RiversMajor,Region_04,NRS18_NC_10010,2019,6/24/2019,1,BETB,17.5,Poor,US1NCCT0005
2013876,ARTHROPODA,INSECTA,DIPTERA,CHIRONOMIDAE,HYDROBAENUS,HYDROBAENUS,3831,1,1,36.7588438531145,-97.45724645,SmallStreams,Region_06,NRS18_OK_11421,2019,6/24/2019,1,BERW,27.13,Fair,US1OKKY0003
2013877,ARTHROPODA,INSECTA,DIPTERA,CHIRONOMIDAE,PARACLADOPELMA,PARACLADOPELMA,4101,4,1,42.537291783049,-91.50170822,RiversOther,Region_07,NRS18_IA_10031,2019,6/24/2019,1,BETB,35.35,Fair,US1IADW0009
2013878,ARTHROPODA,INSECTA,DIPTERA,TIPULIDAE,ERIOPTERA,ERIOPTERA,3715,11,1,46.7649255001996,-96.77698153,RiversMajor,Region_05,NRS18_MN_10020,2019,6/23/2019,1,BETB,18.17,Poor,US1NDCS0068
2013879,ARTHROPODA,INSECTA,EPHEMEROPTERA,EPHEMERIDAE,HEXAGENIA,HEXAGENIA,3816,1,1,34.2270206175452,-95.49316527,RiversMajor,Region_06,NRS18_OK_10035,2019,6/24/2019,1,BETB,16.03,Poor,US1OKPH0001
2013880,ARTHROPODA,ARACHNIDA,TROMBIDIFORMES,SPERCHONIDAE,SPERCHON,SPERCHON,4296,7,1,38.2233276990406,-108.3525292,SmallStreams,Region_08,NRS18_CO_10398,2019,6/24/2019,1,BERW,53.05,Fair,US1COSM0001
2013881,ARTHROPODA,INSECTA,DIPTERA,CHIRONOMIDAE,ZAVRELIELLA,ZAVRELIELLA,4432,1,1,43.6560576501291,-75.56437327,SmallStreams,Region_02,NRS18_NY_10051,2019,6/25/2019,1,BERW,10.87,Poor,USC00303851
2013882,MOLLUSCA,GASTROPODA,NEOTAENIOGLOSSA,PLEUROCERIDAE,PLEUROCERA,PLEUROCERA,4169,2,1,35.2187650625603,-84.65150132,RiversOther,Region_04,NRS18_TN_10015,2019,6/25/2019,1,BETB,25.98,Poor,US1TNPK0001
2013883,ARTHROPODA,INSECTA,DIPTERA,SIMULIIDAE,,SIMULIIDAE,4280,4,0,42.7674430378102,-99.1385237,LargeStreams,Region_07,NRS18_NE_10030,2019,6/25/2019,1,BERW,57.1,Good,US10rock006
2013884,MOLLUSCA,GASTROPODA,BASOMMATOPHORA,PHYSIDAE,PHYSA,PHYSA,4149,2,1,43.2179334449342,-89.82450856,RiversMajor,Region_05,NRS18_WI_10010,2019,6/25/2019,1,BETB,52.7,Good,USC00475189
2013885,MOLLUSCA,GASTROPODA,NEOTAENIOGLOSSA,PLEUROCERIDAE,,PLEUROCERIDAE,4170,40,1,39.5985639548594,-77.88460965,RiversMajor,Region_03,NRS18_MD_10004,2019,6/25/2019,1,BETB,67.2,Good,US1WVBY0002
2013886,ARTHROPODA,INSECTA,MEGALOPTERA,SIALIDAE,SIALIS,SIALIS,4276,1,1,37.2961756078598,-83.06281405,SmallStreams,Region_04,NRS18_KY_10005,2019,6/25/2019,1,BERW,27.48,Poor,USC00151318
2013887,MOLLUSCA,BIVALVIA,VENEROIDA,PISIDIIDAE,,PISIDIIDAE,4158,8,1,46.2920557996612,-88.94178909,SmallStreams,Region_05,NRS18_MI_10006,2019,6/25/2019,1,BERW,14.78,Poor,US1MIIR0001
2013888,ARTHROPODA,INSECTA,DIPTERA,CERATOPOGONIDAE,,CERATOPOGONIDAE,3566,11,0,33.8750702479969,-84.4490267,RiversMajor,Region_04,NRS18_GA_10019,2019,6/25/2019,1,BETB,19.27,Poor,US1GACB0002
2013889,ARTHROPODA,INSECTA,DIPTERA,CHIRONOMIDAE,CRYPTOTENDIPES,CRYPTOTENDIPES,3628,1,1,46.5106952993502,-102.8201334,RiversMajor,Region_08,NRS18_ND_10044,2019,6/25/2019,1,BERW,32.33,Poor,USC00326315
2013890,ARTHROPODA,INSECTA,EPHEMEROPTERA,BAETIDAE,ACERPENNA,ACERPENNA,3408,1,1,47.7629783161004,-95.40422429,LargeStreams,Region_05,NRS18_MN_10028,2019,6/25/2019,1,BERW,43.67,Good,US1MNCL0005
2013891,ARTHROPODA,INSECTA,COLEOPTERA,ELMIDAE,MICROCYLLOEPUS,MICROCYLLOEPUS,3980,24,1,38.7614982531126,-109.3237165,RiversMajor,Region_08,NRS18_UT_10010,2019,6/25/2019,1,BETB,56.98,Fair,USC00422150
2013894,ARTHROPODA,INSECTA,DIPTERA,CHIRONOMIDAE,,CRICOTOPUS/ORTHOCLADIUS,3623,34,1,45.9998377484127,-96.57328838,RiversOther,Region_05,NRS18_MN_10068,2019,6/25/2019,1,BETB,11.88,Poor,USC00218260
2013895,ARTHROPODA,INSECTA,EPHEMEROPTERA,HEPTAGENIIDAE,MACCAFFERTIUM,MACCAFFERTIUM,3948,1,1,35.3816361132428,-95.12699571,RiversMajor,Region_06,NRS18_OK_10032,2019,6/25/2019,1,BETB,20.72,Poor,USC00349445
2013896,ARTHROPODA,INSECTA,ODONATA,GOMPHIDAE,,GOMPHIDAE,3759,6,1,42.8280541526996,-91.37593124,RiversOther,Region_07,NRS18_IA_10018,2019,6/25/2019,1,BETB,30.75,Fair,USC00132603
2013897,ARTHROPODA,INSECTA,ODONATA,AESHNIDAE,,AESHNIDAE,3418,,,44.4031492320489,-71.11012364,LargeStreams,Region_01,NRS18_NH_10017,2019,6/25/2019,1,BERW,46.48,Fair,US1NHCS0021
2013898,ARTHROPODA,INSECTA,ODONATA,COENAGRIONIDAE,,COENAGRIONIDAE,3606,1,1,43.2766256348133,-103.5200658,RiversMajor,Region_08,NRS18_SD_10061,2019,6/25/2019,1,BETB,18.43,Poor,USC00394010
2013899,ARTHROPODA,INSECTA,TRICHOPTERA,HYDROPTILIDAE,,HYDROPTILIDAE,3847,1,0,35.0436523255658,-80.46558258,LargeStreams,Region_04,NRS18_NC_10001,2019,6/25/2019,1,BERW,25.27,Poor,US1NCUN0001
2013900,ARTHROPODA,INSECTA,EPHEMEROPTERA,BAETIDAE,,BAETIDAE,3500,1,0,46.4808726971531,-90.55855213,LargeStreams,Region_05,NRS18_WI_10015,2019,6/25/2019,1,BERW,32.28,Fair,US1WIIR0008
2013901,ARTHROPODA,INSECTA,EPHEMEROPTERA,HEPTAGENIIDAE,EPEORUS,EPEORUS,3703,7,1,38.7693325473687,-106.4588986,SmallStreams,Region_08,NRS18_CO_10064,2019,6/25/2019,1,BERW,30.1,Poor,USS0006L05S
2013902,ARTHROPODA,INSECTA,EPHEMEROPTERA,EPHEMERELLIDAE,DRUNELLA,DRUNELLA,3676,3,1,39.7573871515813,-123.7248447,LargeStreams,Region_09,NRS18_CA_10026,2019,6/25/2019,1,BERW,61.1,Good,USC00041046
2013903,ARTHROPODA,INSECTA,EPHEMEROPTERA,BAETIDAE,LABIOBAETIS,LABIOBAETIS,4774,12,1,42.6501805088432,-90.03286359,RiversOther,Region_05,NRS18_WI_10014,2019,6/26/2019,1,BETB,17.62,Poor,USC00472001
2013904,ARTHROPODA,INSECTA,COLEOPTERA,ELMIDAE,OPTIOSERVUS,OPTIOSERVUS,4071,41,1,42.43041813,-111.7890883,SmallStreams,Region_10,NRS18_ID_10018,2019,6/25/2019,1,BERW,68.38,Good,US1IDCR0002
2013905,ARTHROPODA,INSECTA,COLEOPTERA,ELMIDAE,OPTIOSERVUS,OPTIOSERVUS,4071,34,1,43.6656792625234,-75.29471159,LargeStreams,Region_02,NRS18_NY_10089,2019,6/26/2019,1,BERW,46.48,Fair,USC00304944
2013906,MOLLUSCA,BIVALVIA,VENEROIDA,PISIDIIDAE,PISIDIUM,PISIDIUM,4159,6,1,34.9924676924428,-97.68385799,SmallStreams,Region_06,NRS18_OK_10432,2019,6/26/2019,1,BERW,5.75,Poor,USC00340830
2013907,ARTHROPODA,INSECTA,DIPTERA,CHIRONOMIDAE,EINFELDIA,EINFELDIA,3691,2,1,29.9382842564585,-82.10600451,SmallStreams,Region_04,NRS18_FL_10047,2019,6/25/2019,1,BERW,24.95,Poor,USC00088527
2013908,ARTHROPODA,ARACHNIDA,TROMBIDIFORMES,LEBERTIIDAE,LEBERTIA,LEBERTIA,3892,2,1,,,,Region_04,NRS18_TN_RF001,,6/26/2019,1,BETB,45.45,,ACW00011604
2013909,ARTHROPODA,INSECTA,DIPTERA,CHIRONOMIDAE,,CRICOTOPUS/ORTHOCLADIUS,3623,7,1,33.2692679340875,-100.0100893,RiversMajor,Region_06,NRS18_TX_10060,2019,6/25/2019,1,BETB,38.3,Good,US1TXHSK003
2013910,ARTHROPODA,INSECTA,DIPTERA,CHIRONOMIDAE,PHAENOPSECTRA,PHAENOPSECTRA,4143,7,1,45.4110686076848,-119.794268,LargeStreams,Region_10,NRS18_OR_10521,2019,6/26/2019,1,BERW,42.88,Fair,USC00353297
2013911,ARTHROPODA,INSECTA,TRICHOPTERA,LEPTOCERIDAE,OECETIS,OECETIS,4060,2,1,46.2655588400387,-89.43310093,LargeStreams,Region_05,NRS18_MI_10049,2019,6/26/2019,1,BERW,37.67,Good,USC00208682
2013912,ARTHROPODA,INSECTA,DIPTERA,CHIRONOMIDAE,PARALAUTERBORNIELLA,PARALAUTERBORNIELLA,4107,1,1,38.1279013127304,-81.21958276,RiversMajor,Region_03,NRS18_WV_10020,2019,6/25/2019,1,BETB,36.37,Fair,USC00464727
2013913,ARTHROPODA,INSECTA,DIPTERA,CHIRONOMIDAE,TANYTARSUS,TANYTARSUS,4348,24,1,46.9154609603806,-94.042166,SmallStreams,Region_05,NRS18_MN_10023,2019,6/26/2019,1,BERW,5.88,Poor,US1MNCS0031
2013914,ARTHROPODA,MALACOSTRACA,AMPHIPODA,CRANGONYCTIDAE,CRANGONYX,CRANGONYX,3622,5,1,40.0995136517637,-74.86764777,LargeStreams,Region_03,NRS18_PA_10022,2019,6/26/2019,1,BERW,35.98,Poor,US1PABK0058
2013915,ARTHROPODA,INSECTA,PLECOPTERA,PERLIDAE,ACRONEURIA,ACRONEURIA,3412,21,1,35.9587223286495,-82.8793366,LargeStreams,Region_04,NRS18_TN_10022,2019,6/26/2019,1,BERW,79.05,Good,USC00409847
2013916,ARTHROPODA,INSECTA,EPHEMEROPTERA,HEPTAGENIIDAE,,HEPTAGENIIDAE,3802,10,1,38.2311531520566,-109.8026767,RiversMajor,Region_08,NRS18_UT_10439,2019,6/26/2019,1,BETB,50.62,Fair,USC00421168
2013917,MOLLUSCA,GASTROPODA,BASOMMATOPHORA,ANCYLIDAE,FERRISSIA,FERRISSIA,3735,3,1,34.5191952729452,-84.59084079,LargeStreams,Region_04,NRS18_GA_10015,2019,6/26/2019,1,BETB,51.73,Good,US1GAGM0014
2013919,ARTHROPODA,INSECTA,DIPTERA,CHIRONOMIDAE,DICROTENDIPES,DICROTENDIPES,3658,1,1,42.8984317585456,-91.79367365,SmallStreams,Region_07,NRS18_IA_10206,2019,6/26/2019,1,BERW,22.8,Fair,USC00132864
2013920,MOLLUSCA,GASTROPODA,,,,GASTROPODA,3745,1,0,26.0700763879182,-97.73843663,SmallStreams,Region_06,NRS18_TX_10640,2019,6/25/2019,1,BETB,19.73,Poor,US1TXCMR087
2013921,ARTHROPODA,INSECTA,EPHEMEROPTERA,EPHEMERELLIDAE,EURYLOPHELLA,EURYLOPHELLA,3726,1,1,37.3735460028479,-83.39008857,SmallStreams,Region_04,NRS18_KY_10197,2019,6/26/2019,1,BERW,47.27,Good,US1KYBE0001
2013922,PLATYHELMINTHES,TURBELLARIA,,,,TURBELLARIA,4393,1,1,37.7513792415491,-107.3354216,LargeStreams,Region_08,NRS18_CO_10018,2019,6/26/2019,1,BETB,58.42,Good,USC00057050
2013923,ARTHROPODA,INSECTA,DIPTERA,CHIRONOMIDAE,CHIRONOMUS,CHIRONOMUS,3582,3,1,46.6122747739161,-96.03440847,LargeStreams,Region_05,NRS18_MN_10090,2019,6/26/2019,1,BETB,31.1,Fair,US1MNOT0059
2013924,ANNELIDA,OLIGOCHAETA,HAPLOTAXIDA,,,HAPLOTAXIDA,3783,1,1,43.9893060736262,-103.7802175,SmallStreams,Region_08,NRS18_SD_10071,2019,6/26/2019,1,BERW,11.23,Poor,USC00392231
2013925,ARTHROPODA,INSECTA,EPHEMEROPTERA,BAETIDAE,BAETIS,BAETIS,3501,,,43.7685378752016,-75.50135516,SmallStreams,Region_02,NRS18_NY_10080,2019,6/27/2019,1,BERW,24.47,Poor,USC00304912
2013926,ARTHROPODA,INSECTA,DIPTERA,CHIRONOMIDAE,CHIRONOMUS,CHIRONOMUS,3582,3,1,42.784923834439,-89.47780006,RiversOther,Region_05,NRS18_WI_10692,2019,6/27/2019,1,BETB,29.4,Fair,US1WIGN0001
2013927,ARTHROPODA,INSECTA,EPHEMEROPTERA,BAETIDAE,BAETIS,BAETIS,3501,101,1,44.8228482617031,-119.849957,RiversMajor,Region_10,NRS18_OR_10063,2019,6/25/2019,1,BETB,44,Fair,USC00358009
2013928,ARTHROPODA,INSECTA,COLEOPTERA,PSEPHENIDAE,PSEPHENUS,PSEPHENUS,4209,15,1,41.6835497367506,-75.10842232,LargeStreams,Region_03,NRS18_PA_10037,2019,6/27/2019,1,BERW,66.3,Good,US1PAWN0055
2013929,ARTHROPODA,INSECTA,DIPTERA,CHIRONOMIDAE,THIENEMANNIELLA,THIENEMANNIELLA,4361,,,40.6559450000152,-75.1245358,LargeStreams,Region_02,NRS18_NJ_10783,2019,6/27/2019,1,BERW,54.43,Good,US1NJWR0001
2013930,ARTHROPODA,INSECTA,TRICHOPTERA,HYDROPSYCHIDAE,DIPLECTRONA,DIPLECTRONA,3662,3,1,36.0787130799794,-82.50089682,SmallStreams,Region_04,NRS18_TN_10033,2019,6/27/2019,1,BERW,76.27,Good,US1TNUC0004
2013931,ARTHROPODA,INSECTA,EPHEMEROPTERA,BAETIDAE,PARACLOEODES,PARACLOEODES,4102,2,1,,,,Region_04,NRS18_GA_10002,,6/27/2019,2,BETB,41.48,,ACW00011604
2013932,ARTHROPODA,ARACHNIDA,TROMBIDIFORMES,SPERCHONIDAE,SPERCHON,SPERCHON,4296,,,38.0690664909948,-122.5344472,SmallStreams,Region_09,NRS18_CA_10059,2019,6/26/2019,1,BERW,8.38,Poor,US1CAMR0007
2013933,ARTHROPODA,INSECTA,ODONATA,GOMPHIDAE,,GOMPHIDAE,3759,1,1,46.4640753206337,-90.00448768,LargeStreams,Region_05,NRS18_MI_10037,2019,6/27/2019,1,BERW,46.13,Good,USC00200745
2013934,ARTHROPODA,INSECTA,EPHEMEROPTERA,LEPTOPHLEBIIDAE,NEOLEPTOPHLEBIA,NEOLEPTOPHLEBIA,5124,2,1,,,,Region_05,NRS18_WI_RF002,,6/26/2019,1,BERW,49.47,,ACW00011604
2013935,ARTHROPODA,INSECTA,DIPTERA,CHIRONOMIDAE,TANYTARSUS,TANYTARSUS,4348,9,1,45.9679823488215,-94.23937768,SmallStreams,Region_05,NRS18_MN_10045,2019,6/27/2019,1,BERW,35.33,Fair,US1MNMR0034
2013936,ARTHROPODA,INSECTA,DIPTERA,CERATOPOGONIDAE,,CERATOPOGONIDAE,3566,11,0,37.2237178785345,-109.2086919,RiversMajor,Region_08,NRS18_UT_10002,2019,6/27/2019,1,BETB,48.57,Fair,USC00420157
2013937,ANNELIDA,OLIGOCHAETA,HAPLOTAXIDA,TUBIFICIDAE,AULODRILUS,AULODRILUS,3496,,,48.3538235382313,-101.5475575,LargeStreams,Region_08,NRS18_ND_10525,2019,6/27/2019,1,BERW,29.23,Fair,USC00323217
2013938,ARTHROPODA,INSECTA,TRICHOPTERA,RHYACOPHILIDAE,RHYACOPHILA,RHYACOPHILA,4253,7,1,39.9145967538829,-105.5279179,LargeStreams,Region_08,NRS18_CO_10069,2019,6/27/2019,1,BERW,55.58,Good,US1COGL0017
2013939,ARTHROPODA,INSECTA,DIPTERA,CHIRONOMIDAE,PARATANYTARSUS,PARATANYTARSUS,4120,1,1,36.6812560471194,-84.70197529,SmallStreams,Region_04,NRS18_KY_10013,2019,6/27/2019,1,BERW,47.15,Good,USC00407141
2013940,ARTHROPODA,INSECTA,DIPTERA,CHIRONOMIDAE,,CHIRONOMIDAE,3581,3,0,43.012617892306,-91.87645281,RiversOther,Region_07,NRS18_IA_10033,2019,6/27/2019,1,BETB,58.6,Good,US1IAFY0001
2013941,ARTHROPODA,INSECTA,COLEOPTERA,ELMIDAE,DUBIRAPHIA,DUBIRAPHIA,3678,1,1,37.9794290891564,-82.67112507,RiversOther,Region_04,NRS18_KY_10010,2019,6/27/2019,1,BETB,24.92,Poor,USC00151517
2013942,ARTHROPODA,INSECTA,ODONATA,AESHNIDAE,BOYERIA,BOYERIA,3524,1,1,,,,Region_05,NRS18_WI_RF001,,6/27/2019,2,BERW,44.95,,ACW00011604
2013943,ARTHROPODA,INSECTA,TRICHOPTERA,BRACHYCENTRIDAE,MICRASEMA,MICRASEMA,3977,6,1,,,,Region_04,NRS18_TN_RF002,,6/27/2019,1,BETB,67.52,,ACW00011604
2013944,ARTHROPODA,ARACHNIDA,TROMBIDIFORMES,HYGROBATIDAE,HYGROBATES,HYGROBATES,3855,,,44.0346781971746,-116.9170337,RiversOther,Region_10,NRS18_ID_10025,2019,6/27/2019,1,BETB,70.77,Good,USC00356294
2013945,ARTHROPODA,INSECTA,DIPTERA,CHIRONOMIDAE,THIENEMANNIELLA,THIENEMANNIELLA,4361,4,1,43.5622336694379,-75.98671449,SmallStreams,Region_02,NRS18_NY_10259,2019,6/28/2019,1,BERW,51.47,Fair,USC00300608
2013946,ARTHROPODA,INSECTA,DIPTERA,CHIRONOMIDAE,DICROTENDIPES,DICROTENDIPES,3658,2,1,32.7862766743254,-98.19313939,RiversMajor,Region_06,NRS18_TX_10027,2019,6/27/2019,1,BETB,41.5,Good,USW00003944
2013947,ARTHROPODA,INSECTA,EPHEMEROPTERA,BAETIDAE,ANAFROPTILUM,ANAFROPTILUM,5112,3,1,30.0174093537011,-81.97160702,LargeStreams,Region_04,NRS18_FL_10006,2019,6/27/2019,1,BERW,52.8,Fair,USC00081218
2013948,ARTHROPODA,ARACHNIDA,SARCOPTIFORMES,,,SARCOPTIFORMES,4263,1,1,41.7717051510853,-72.90107758,RiversOther,Region_01,NRS18_CT_10010,2019,6/28/2019,1,BETB,56.55,Good,USC00060973
2013949,ARTHROPODA,INSECTA,DIPTERA,CHIRONOMIDAE,SYNORTHOCLADIUS,SYNORTHOCLADIUS,4337,1,1,42.6264596955609,-77.26525447,SmallStreams,Region_02,NRS18_NY_10260,2019,6/30/2019,1,BERW,20.87,Poor,US1NYYT0008
2013950,ARTHROPODA,INSECTA,DIPTERA,CHIRONOMIDAE,CHIRONOMUS,CHIRONOMUS,3582,7,1,41.9538364200622,-73.36991106,RiversOther,Region_01,NRS18_CT_10019,2019,6/30/2019,1,BETB,23.62,Poor,USC00062658
2013951,MOLLUSCA,BIVALVIA,VENEROIDA,PISIDIIDAE,SPHAERIUM,SPHAERIUM,4300,2,1,43.2252698133692,-92.80637975,RiversOther,Region_07,NRS18_IA_10017,2019,6/30/2019,1,BETB,43.37,Good,USC00136305
2013952,ANNELIDA,OLIGOCHAETA,HAPLOTAXIDA,TUBIFICIDAE,LIMNODRILUS,LIMNODRILUS,3925,2,1,40.1696155717918,-106.5672612,SmallStreams,Region_08,NRS18_CO_10065,2019,6/28/2019,1,BERW,5.73,Poor,US1COGR0031
2013953,ARTHROPODA,INSECTA,DIPTERA,CHIRONOMIDAE,MICROPSECTRA,MICROPSECTRA,3981,,,44.5318256036246,-109.0734246,RiversOther,Region_08,NRS18_WY_11790,2019,6/30/2019,1,BETB,55.37,Fair,US1WYPK0026
2013954,ARTHROPODA,MALACOSTRACA,AMPHIPODA,CRANGONYCTIDAE,CRANGONYX,CRANGONYX,3622,1,1,43.007107790772,-76.68105289,SmallStreams,Region_02,NRS18_NY_10068,2019,7/1/2019,1,BERW,4.98,Poor,US1NYCY0014
2013955,MOLLUSCA,GASTROPODA,BASOMMATOPHORA,PHYSIDAE,PHYSA,PHYSA,4149,8,1,44.1839175428518,-86.17118475,LargeStreams,Region_05,NRS18_MI_10050,2019,7/1/2019,1,BERW,20.72,Poor,USC00205065
2013956,ARTHROPODA,INSECTA,TRICHOPTERA,HYDROPSYCHIDAE,CHEUMATOPSYCHE,CHEUMATOPSYCHE,3578,11,1,42.2751074146449,-73.28968466,LargeStreams,Region_01,NRS18_MA_10018,2019,7/1/2019,1,BETB,19.75,Poor,US1MABE0039
2013957,ARTHROPODA,INSECTA,TRICHOPTERA,LEPTOCERIDAE,NECTOPSYCHE,NECTOPSYCHE,4011,10,1,35.2724251810532,-99.74130357,RiversOther,Region_06,NRS18_OK_11330,2019,7/1/2019,1,BERW,46.48,Good,USC00342948
2013958,ARTHROPODA,INSECTA,DIPTERA,TIPULIDAE,CRYPTOLABIS,CRYPTOLABIS,3626,3,1,44.3931925349024,-71.21993301,LargeStreams,Region_01,NRS18_NH_10003,2019,7/1/2019,1,BERW,65.88,Good,USC00273486
2013959,ARTHROPODA,INSECTA,DIPTERA,CHIRONOMIDAE,RHEOTANYTARSUS,RHEOTANYTARSUS,4247,35,1,39.0338585193783,-75.69706883,SmallStreams,Region_03,NRS18_DE_10012,2019,7/1/2019,1,BERW,49.18,Fair,US1DEKN0004
2013960,ANNELIDA,OLIGOCHAETA,HAPLOTAXIDA,NAIDIDAE,,NAIDIDAE,4003,2,0,42.3878476358638,-92.08821835,LargeStreams,Region_07,NRS18_IA_10358,2019,7/1/2019,1,BERW,62.3,Good,US1IABT0011
2013961,ARTHROPODA,INSECTA,TRICHOPTERA,HELICOPSYCHIDAE,HELICOPSYCHE,HELICOPSYCHE,3789,,,44.2697536949782,-85.95569078,RiversOther,Region_05,NRS18_MI_10053,2019,7/2/2019,1,BETB,45.12,Good,USC00208772
2013962,ARTHROPODA,INSECTA,DIPTERA,SIMULIIDAE,SIMULIUM,SIMULIUM,4281,173,1,44.032912842023,-101.5472192,RiversOther,Region_08,NRS18_SD_10022,2019,7/2/2019,1,BERW,21.42,Poor,USW00024024
2013963,ARTHROPODA,INSECTA,DIPTERA,CERATOPOGONIDAE,,CERATOPOGONINAE,3567,1,1,43.1160327111536,-75.22303996,LargeStreams,Region_02,NRS18_NY_10704,2019,7/2/2019,1,BETB,9.85,Poor,USC00308733
2013964,MOLLUSCA,GASTROPODA,BASOMMATOPHORA,PHYSIDAE,PHYSA,PHYSA,4149,2,1,42.685092506033,-89.42526368,RiversOther,Region_05,NRS18_WI_10695,2019,7/2/2019,1,BETB,42.53,Good,US1WIGN0022
2013965,ARTHROPODA,INSECTA,DIPTERA,CHIRONOMIDAE,ENDOCHIRONOMUS,ENDOCHIRONOMUS,3698,6,1,46.5148527696958,-102.8278212,RiversMajor,Region_08,NRS18_ND_10040,2019,7/2/2019,1,BERW,40.37,Poor,USC00326315
2013966,ARTHROPODA,INSECTA,DIPTERA,CHIRONOMIDAE,CHIRONOMUS,CHIRONOMUS,3582,4,1,36.787660235124,-99.1576446,RiversMajor,Region_06,NRS18_OK_10054,2019,7/2/2019,1,BERW,36.87,Good,US1OKWD0003
2013967,ANNELIDA,OLIGOCHAETA,HAPLOTAXIDA,NAIDIDAE,PRISTINA,PRISTINA,4188,1,1,37.0507938251834,-98.71547714,SmallStreams,Region_07,NRS18_KS_10142,2019,7/1/2019,1,BERW,39.82,Good,USC00144341
2013972,ARTHROPODA,INSECTA,DIPTERA,CHIRONOMIDAE,PSECTROCLADIUS,PSECTROCLADIUS,4206,1,1,41.7276638488651,-71.75491447,SmallStreams,Region_01,NRS18_RI_10202,2019,7/5/2019,1,BERW,72.33,Good,US1RIKN0014
2013973,ARTHROPODA,INSECTA,DIPTERA,CHIRONOMIDAE,,CHIRONOMIDAE,3581,5,0,42.631707387933,-72.12900217,LargeStreams,Region_01,NRS18_MA_10001,2019,7/4/2019,1,BETB,10.88,Poor,USC00190666
2013974,ARTHROPODA,INSECTA,EPHEMEROPTERA,BAETIDAE,ISWAEON,ISWAEON,3869,20,1,43.7611866628662,-108.1578966,RiversMajor,Region_08,NRS18_WY_12345,2019,7/5/2019,1,BETB,38.42,Poor,USC00488884
2013975,ARTHROPODA,INSECTA,DIPTERA,CHIRONOMIDAE,PHAENOPSECTRA,PHAENOPSECTRA,4143,,,,,,Region_08,NRS18_WY_10034,,7/5/2019,2,BETB,18.75,,ACW00011604
2013976,ARTHROPODA,INSECTA,DIPTERA,CHIRONOMIDAE,CORYNONEURA,CORYNONEURA,3620,,,44.9478202294061,-109.3645701,SmallStreams,Region_08,NRS18_WY_10394,2019,7/1/2019,1,BERW,40.6,Fair,USC00481770
2013977,MOLLUSCA,BIVALVIA,VENEROIDA,CORBICULIDAE,CORBICULA,CORBICULA,3612,2,1,31.5504146736361,-97.09174253,RiversMajor,Region_06,NRS18_TX_10085,2019,7/7/2019,1,BETB,7.68,Poor,USC00419421
2013978,ARTHROPODA,INSECTA,DIPTERA,CHIRONOMIDAE,TANYPUS,TANYPUS,4347,6,1,,,,Region_04,NRS18_NC_10009,,7/7/2019,2,BETB,22,,ACW00011604
2013979,ARTHROPODA,INSECTA,DIPTERA,CHIRONOMIDAE,STEMPELLINELLA,STEMPELLINELLA,4308,2,1,42.5756574975496,-113.6292099,RiversMajor,Region_10,NRS18_ID_10002,2019,7/2/2019,1,BETB,20.23,Poor,USC00107968
2013980,ANNELIDA,OLIGOCHAETA,HAPLOTAXIDA,NAIDIDAE,,NAIDIDAE,4003,28,0,42.7294324561709,-106.1733609,SmallStreams,Region_08,NRS18_WY_10406,2019,7/7/2019,1,BERW,24.12,Poor,US1WYNT0025
2013981,ARTHROPODA,INSECTA,COLEOPTERA,HYDROPHILIDAE,PARACYMUS,PARACYMUS,4104,1,1,44.9899987138608,-88.38117959,RiversOther,Region_05,NRS18_WI_10844,2019,7/8/2019,1,BETB,34.95,Fair,USC00471044
2013982,ARTHROPODA,INSECTA,ODONATA,CORDULIIDAE,,CORDULIIDAE,3614,1,1,34.9801642037415,-86.82705852,SmallStreams,Region_04,NRS18_AL_10189,2019,7/8/2019,1,BERW,13.08,Poor,USC00400235
2013983,ARTHROPODA,INSECTA,COLEOPTERA,ELMIDAE,DUBIRAPHIA,DUBIRAPHIA,3678,4,1,40.1148718890934,-99.44458026,LargeStreams,Region_07,NRS18_NE_10683,2019,7/8/2019,1,BERW,18.77,Poor,US10harl007
2013984,ARTHROPODA,MALACOSTRACA,DECAPODA,CAMBARIDAE,,CAMBARIDAE,3548,1,1,,,,Region_09,NRS18_CA_10019,,7/8/2019,2,BETB,59.22,,ACW00011604
2013985,MOLLUSCA,BIVALVIA,VENEROIDA,DREISSENIDAE,DREISSENA,DREISSENA,3674,9,1,33.783718756417,-96.17145104,RiversMajor,Region_06,NRS18_OK_10028,2019,7/8/2019,1,BETB,40.22,Poor,USC00349841
2013986,ARTHROPODA,INSECTA,DIPTERA,CHIRONOMIDAE,GLYPTOTENDIPES,GLYPTOTENDIPES,3756,,,,,,Region_04,NRS18_NC_10002,,7/8/2019,2,BETB,16.87,,ACW00011604
2013987,ANNELIDA,OLIGOCHAETA,HAPLOTAXIDA,TUBIFICIDAE,,TUBIFICIDAE,4391,1,0,45.8430488698563,-88.14312205,RiversOther,Region_05,NRS18_WI_10023,2019,7/9/2019,1,BETB,22.9,Fair,USW00094893
2013988,ARTHROPODA,INSECTA,EPHEMEROPTERA,HEPTAGENIIDAE,,HEPTAGENIIDAE,3802,,,42.8285242843645,-73.98933489,RiversOther,Region_02,NRS18_NY_10012,2019,7/9/2019,1,BETB,0.55,Poor,USC00307568
2013989,ARTHROPODA,INSECTA,DIPTERA,CHIRONOMIDAE,ZAVRELIMYIA,ZAVRELIMYIA,4433,4,1,46.6857671807938,-89.41586628,SmallStreams,Region_05,NRS18_MI_10028,2019,7/9/2019,1,BERW,3.07,Poor,USC00208955
2013990,ARTHROPODA,INSECTA,PLECOPTERA,CHLOROPERLIDAE,PLUMIPERLA,PLUMIPERLA,4171,1,1,43.755126276331,-109.5922634,SmallStreams,Region_08,NRS18_WY_10396,2019,7/8/2019,1,BERW,61,Good,USC00488820
2013991,ARTHROPODA,INSECTA,EPHEMEROPTERA,BAETIDAE,,BAETIDAE,3500,1,1,40.1351408175058,-101.2484445,RiversMajor,Region_07,NRS18_NE_10056,2019,7/9/2019,1,BERW,31.02,Fair,USC00258255
2013992,ANNELIDA,OLIGOCHAETA,HAPLOTAXIDA,TUBIFICIDAE,SPIROSPERMA,SPIROSPERMA,4302,26,1,44.5336733041143,-121.6289074,LargeStreams,Region_10,NRS18_OR_10368,2019,7/9/2019,1,BETB,38.88,Fair,USC00353424
2013993,ARTHROPODA,INSECTA,EPHEMEROPTERA,LEPTOHYPHIDAE,TRICORYTHODES,TRICORYTHODES,4384,1,1,32.0082543041969,-83.29546049,RiversMajor,Region_04,NRS18_GA_10007,2019,7/9/2019,1,BETB,37.02,Poor,USC00090006
2013994,ARTHROPODA,ARACHNIDA,TROMBIDIFORMES,EYLAIDAE,EYLAIS,EYLAIS,3728,2,1,45.9788909328389,-98.16757544,RiversMajor,Region_08,NRS18_ND_10002,2019,7/9/2019,1,BETB,11,Poor,US1SDBR0004
2013996,ARTHROPODA,INSECTA,COLEOPTERA,ELMIDAE,STENELMIS,STENELMIS,4310,4,1,38.5141620694355,-95.96179912,SmallStreams,Region_07,NRS18_KS_10145,2019,7/9/2019,1,BERW,35.42,Fair,USC00146719
2013997,ARTHROPODA,INSECTA,DIPTERA,SIMULIIDAE,SIMULIUM,SIMULIUM,4281,6,1,38.9104143075823,-96.45214179,SmallStreams,Region_07,NRS18_KS_10115,2019,7/8/2019,1,BERW,57.35,Good,US1KSWB0009
2013998,ARTHROPODA,INSECTA,DIPTERA,CHIRONOMIDAE,NATARSIA,NATARSIA,4008,6,1,34.0248342302782,-94.99782264,LargeStreams,Region_06,NRS18_OK_10585,2019,7/9/2019,1,BETB,64.4,Good,USC00347080
2013999,ARTHROPODA,INSECTA,MEGALOPTERA,CORYDALIDAE,CORYDALUS,CORYDALUS,3619,1,1,,,,Region_03,NRS18_WV_10008,,7/9/2019,2,BETB,26.42,,ACW00011604
2014000,ARTHROPODA,INSECTA,DIPTERA,CHIRONOMIDAE,LABRUNDINIA,LABRUNDINIA,3882,4,1,38.3571113003402,-82.22414472,RiversOther,Region_03,NRS18_WV_10006,2019,7/9/2019,1,BETB,25.05,Poor,USC00466912
2014001,ARTHROPODA,INSECTA,EPHEMEROPTERA,BAETIDAE,,BAETIDAE,3500,3,0,36.8193255824519,-88.51525843,LargeStreams,Region_04,NRS18_KY_10024,2019,7/9/2019,1,BERW,56.42,Good,USC00153821
2014002,ARTHROPODA,INSECTA,COLEOPTERA,GYRINIDAE,GYRINUS,GYRINUS,3774,1,1,44.1324414618666,-91.72951931,RiversMajor,Region_05,NRS18_MN_10002,2019,7/9/2019,1,BETB,61.85,Good,US1MNWN0009
2014003,ARTHROPODA,INSECTA,DIPTERA,CHIRONOMIDAE,DEMICRYPTOCHIRONOMUS,DEMICRYPTOCHIRONOMUS,3644,1,1,43.8187932001454,-71.19523953,LargeStreams,Region_01,NRS18_NH_10001,2019,7/9/2019,1,BERW,44.7,Fair,US1NHCR0051
2014004,ARTHROPODA,INSECTA,DIPTERA,CHIRONOMIDAE,PARAKIEFFERIELLA,PARAKIEFFERIELLA,4106,1,1,,,,Region_08,NRS18_WY_10025,,7/9/2019,2,BETB,49.57,,ACW00011604
2014005,MOLLUSCA,GASTROPODA,,,,GASTROPODA,3745,4,0,,,,Region_02,NRS18_NY_10039,,7/10/2019,2,BETB,3.92,,ACW00011604
2014006,ARTHROPODA,INSECTA,COLEOPTERA,HALIPLIDAE,HALIPLUS,HALIPLUS,3780,3,1,43.0356229630444,-111.971311,LargeStreams,Region_10,NRS18_ID_10036,2019,7/9/2019,1,BERW,42.05,Poor,USR0000IPCN
2014007,ARTHROPODA,INSECTA,ODONATA,COENAGRIONIDAE,,COENAGRIONIDAE,3606,,,41.8223843987337,-96.85704492,SmallStreams,Region_07,NRS18_NE_10016,2019,7/10/2019,1,BERW,0.98,Poor,US10cumi010
2014008,ARTHROPODA,ARACHNIDA,TROMBIDIFORMES,SPERCHONIDAE,SPERCHON,SPERCHON,4296,1,1,45.835894704194,-88.20639929,RiversOther,Region_05,NRS18_WI_10057,2019,7/10/2019,1,BETB,41.23,Good,USC00471039
2014009,ARTHROPODA,INSECTA,TRICHOPTERA,HYDROPSYCHIDAE,CHEUMATOPSYCHE,CHEUMATOPSYCHE,3578,1,1,32.6163308776077,-83.54926467,RiversMajor,Region_04,NRS18_GA_10012,2019,7/10/2019,1,BETB,59.43,Good,USW00013860
2014012,MOLLUSCA,BIVALVIA,VENEROIDA,PISIDIIDAE,PISIDIUM,PISIDIUM,4159,8,1,43.6857232022406,-91.25394126,RiversMajor,Region_05,NRS18_MN_10072,2019,7/10/2019,1,BETB,40.92,Good,US1WIVR0006
2014013,ARTHROPODA,INSECTA,DIPTERA,CHIRONOMIDAE,CHIRONOMUS,CHIRONOMUS,3582,101,1,31.6553881954346,-86.71585127,LargeStreams,Region_04,NRS18_AL_10013,2019,7/9/2019,1,BERW,17.98,Poor,USC00013271
2014014,ARTHROPODA,INSECTA,DIPTERA,CHIRONOMIDAE,NILOTHAUMA,NILOTHAUMA,4043,1,1,31.3438086155257,-85.60881312,RiversMajor,Region_04,NRS18_AL_10008,2019,7/10/2019,1,BETB,37.45,Poor,USC00015875
2014015,ARTHROPODA,ARACHNIDA,TROMBIDIFORMES,KRENDOWSKIIDAE,KRENDOWSKIA,KRENDOWSKIA,3878,1,1,,,,Region_04,NRS18_NC_10001,,7/10/2019,2,BERW,20.5,,ACW00011604
2014016,ARTHROPODA,INSECTA,DIPTERA,CHIRONOMIDAE,PHAENOPSECTRA,PHAENOPSECTRA,4143,9,1,38.6619431696769,-75.56498376,RiversOther,Region_03,NRS18_DE_10006,2019,7/10/2019,1,BETB,35.42,Poor,US1DESS0035
2014017,ARTHROPODA,ARACHNIDA,TROMBIDIFORMES,HYGROBATIDAE,ATRACTIDES,ATRACTIDES,3490,1,1,45.9102915746374,-114.1590114,RiversOther,Region_08,NRS18_MT_10068,2019,7/10/2019,1,BETB,53.7,Good,USC00241968
2014018,ARTHROPODA,INSECTA,TRICHOPTERA,LEPIDOSTOMATIDAE,LEPIDOSTOMA,LEPIDOSTOMA,3895,,,42.2897793028379,-114.0244185,LargeStreams,Region_10,NRS18_ID_10020,2019,7/1/2019,1,BERW,80.02,Good,USC00106542
2014019,ARTHROPODA,INSECTA,DIPTERA,CHIRONOMIDAE,PHAENOPSECTRA,PHAENOPSECTRA,4143,10,1,44.1254397833634,-120.7986734,RiversOther,Region_10,NRS18_OR_10668,2019,7/10/2019,1,BETB,20.55,Poor,US1ORCK0010
2014020,ANNELIDA,HIRUDINEA,RHYNCHOBDELLIDA,GLOSSIPHONIIDAE,HELOBDELLA,HELOBDELLA,3792,1,1,33.9643069998831,-95.66246891,SmallStreams,Region_06,NRS18_OK_10043,2019,7/10/2019,1,BERW,33.5,Poor,USC00344384
2014021,ARTHROPODA,INSECTA,DIPTERA,CHIRONOMIDAE,STEMPELLINELLA,STEMPELLINELLA,4308,4,1,42.4155414145949,-115.3669287,LargeStreams,Region_10,NRS18_ID_10542,2019,7/10/2019,1,BERW,72.42,Good,USR0000IHSB
2014022,ARTHROPODA,INSECTA,DIPTERA,CHIRONOMIDAE,THIENEMANNIELLA,THIENEMANNIELLA,4361,3,1,42.8255866770332,-116.7700917,RiversOther,Region_10,NRS18_ID_10847,2019,7/9/2019,1,BERW,46.17,Fair,USS0016G01S
2014023,ARTHROPODA,INSECTA,DIPTERA,CHIRONOMIDAE,PAGASTIA,PAGASTIA,4088,3,1,41.3183572330034,-123.0505146,LargeStreams,Region_09,NRS18_CA_10008,2019,7/10/2019,1,BERW,58.25,Good,USR0000CSAW
2014025,ARTHROPODA,INSECTA,DIPTERA,CHIRONOMIDAE,TANYTARSUS,TANYTARSUS,4348,3,1,,,,Region_04,NRS18_FL_10006,,7/10/2019,2,BERW,27.12,,ACW00011604
2014026,ARTHROPODA,INSECTA,DIPTERA,CHIRONOMIDAE,TANYTARSUS,TANYTARSUS,4348,12,1,31.3824572731181,-85.38047134,SmallStreams,Region_04,NRS18_AL_10039,2019,7/11/2019,1,BERW,55.97,Good,USC00013761
2014027,ARTHROPODA,ARACHNIDA,TROMBIDIFORMES,TORRENTICOLIDAE,TORRENTICOLA,TORRENTICOLA,4371,10,1,41.3185285168987,-123.5279597,RiversMajor,Region_09,NRS18_CA_10002,2019,7/10/2019,1,BETB,26.93,Poor,USC00046508
2014028,ANNELIDA,OLIGOCHAETA,HAPLOTAXIDA,NAIDIDAE,PRISTINA,PRISTINA,4188,,,41.270346405821,-123.603967,RiversMajor,Region_09,NRS18_CA_10034,2019,7/10/2019,1,BETB,7.98,Poor,US1CAHM0126
2014029,MOLLUSCA,GASTROPODA,NEOTAENIOGLOSSA,HYDROBIIDAE,,HYDROBIIDAE,3832,8,1,41.8433106926416,-122.8997348,RiversMajor,Region_09,NRS18_CA_10065,2019,7/9/2019,1,BETB,17.08,Poor,USC00046329
2014030,ARTHROPODA,ARACHNIDA,TROMBIDIFORMES,HYDRACHNIDAE,HYDRACHNA,HYDRACHNA,3827,10,1,46.4101590401907,-100.6711446,RiversMajor,Region_08,NRS18_ND_10018,2019,7/11/2019,1,BETB,45.73,Fair,USC00321052
2014031,ARTHROPODA,INSECTA,DIPTERA,CHIRONOMIDAE,NILOTANYPUS,NILOTANYPUS,4042,1,1,42.3167412934982,-75.94377155,RiversOther,Region_02,NRS18_NY_10034,2019,7/11/2019,1,BETB,49.12,Fair,US1NYBM0014
2014032,MOLLUSCA,BIVALVIA,VENEROIDA,PISIDIIDAE,,PISIDIIDAE,4158,7,1,46.5157869238699,-85.26036191,SmallStreams,Region_05,NRS18_MI_10233,2019,7/11/2019,1,BERW,31.83,Fair,USC00206353
2014033,ARTHROPODA,INSECTA,TRICHOPTERA,HYDROPSYCHIDAE,CHEUMATOPSYCHE,CHEUMATOPSYCHE,3578,21,1,40.0227960684948,-96.23836363,SmallStreams,Region_07,NRS18_NE_10071,2019,7/11/2019,1,BERW,32.07,Fair,US1NEPN0004
2014034,ARTHROPODA,INSECTA,EPHEMEROPTERA,BAETIDAE,PROCLOEON,PROCLOEON,4192,,,45.5843935961086,-89.46553785,RiversMajor,Region_05,NRS18_WI_10016,2019,7/11/2019,1,BETB,29.03,Fair,USC00477113
2014037,ARTHROPODA,ARACHNIDA,TROMBIDIFORMES,TORRENTICOLIDAE,TORRENTICOLA,TORRENTICOLA,4371,1,1,43.6149879497577,-122.7664578,SmallStreams,Region_10,NRS18_OR_10003,2019,7/11/2019,1,BERW,46.83,Fair,USC00352004
2014038,ARTHROPODA,INSECTA,DIPTERA,CHIRONOMIDAE,LIMNOPHYES,LIMNOPHYES,3928,2,1,43.9190473824166,-71.53722396,SmallStreams,Region_01,NRS18_NH_10031,2019,7/11/2019,1,BERW,41.15,Fair,USC00278961
2014039,ARTHROPODA,INSECTA,DIPTERA,CHIRONOMIDAE,,CRICOTOPUS/ORTHOCLADIUS,3623,3,1,30.5430814618469,-100.0189159,SmallStreams,Region_06,NRS18_TX_10449,2019,7/9/2019,1,BERW,54.77,Good,USC00417735
2014040,ARTHROPODA,INSECTA,TRICHOPTERA,HYDROPSYCHIDAE,,HYDROPSYCHIDAE,3845,2,0,30.9200699218262,-98.5446311,SmallStreams,Region_06,NRS18_TX_10453,2019,7/10/2019,1,BERW,56.8,Good,USC00419099
2014041,ARTHROPODA,INSECTA,DIPTERA,CHIRONOMIDAE,TANYTARSUS,TANYTARSUS,4348,1,1,,,,Region_04,NRS18_NC_10010,,7/11/2019,2,BETB,10.75,,ACW00011604
2014042,ARTHROPODA,ARACHNIDA,TROMBIDIFORMES,LEBERTIIDAE,LEBERTIA,LEBERTIA,3892,1,1,36.6829626278688,-88.70134294,SmallStreams,Region_04,NRS18_KY_10048,2019,7/11/2019,1,BERW,31,Poor,USC00155232
2014043,ARTHROPODA,INSECTA,DIPTERA,CHIRONOMIDAE,DICROTENDIPES,DICROTENDIPES,3658,3,1,36.5110671620325,-88.67582415,SmallStreams,Region_04,NRS18_KY_10039,2019,7/10/2019,1,BERW,54.63,Fair,USC00155059
2014044,ANNELIDA,OLIGOCHAETA,HAPLOTAXIDA,NAIDIDAE,PARANAIS,PARANAIS,4113,,,42.1985330504707,-77.41110065,LargeStreams,Region_02,NRS18_NY_10090,2019,7/12/2019,1,BETB,63.95,Good,USC00309125
2014045,ARTHROPODA,INSECTA,DIPTERA,CHIRONOMIDAE,TANYTARSUS,TANYTARSUS,4348,57,1,31.4114228449129,-86.0645204,RiversOther,Region_04,NRS18_AL_10015,2019,7/12/2019,1,BETB,42.48,Fair,USC00012577
2014046,ARTHROPODA,INSECTA,DIPTERA,CHIRONOMIDAE,CRYPTOTENDIPES,CRYPTOTENDIPES,3628,1,1,47.341810979179,-101.3604595,RiversMajor,Region_08,NRS18_ND_10042,2019,7/12/2019,1,BETB,14.77,Poor,USC00328298
2014047,ARTHROPODA,INSECTA,DIPTERA,MUSCIDAE,,MUSCIDAE,3996,1,1,47.0464617527066,-101.1047045,LargeStreams,Region_08,NRS18_ND_10003,2019,7/11/2019,1,BERW,53.5,Fair,US1NDOL0004
2014048,ARTHROPODA,INSECTA,DIPTERA,PSYCHODIDAE,,PSYCHODIDAE,4223,,,,,,Region_07,NRS18_NE_10058,,7/12/2019,2,BERW,17.98,,ACW00011604
2014049,ARTHROPODA,INSECTA,DIPTERA,CHIRONOMIDAE,STICTOCLADIUS,ORTHOCLADIINAE,5110,4,1,46.3633216164114,-113.930266,SmallStreams,Region_08,NRS18_MT_10272,2019,7/11/2019,1,BERW,55.08,Good,US1MTRV0007
2014050,ARTHROPODA,ARACHNIDA,TROMBIDIFORMES,LEBERTIIDAE,LEBERTIA,LEBERTIA,3892,1,1,45.6084298879665,-113.4619921,RiversOther,Region_08,NRS18_MT_10113,2019,7/12/2019,1,BERW,50.08,Fair,USC00249067
2014051,ARTHROPODA,INSECTA,COLEOPTERA,ELMIDAE,OPTIOSERVUS,OPTIOSERVUS,4071,1,1,42.0347466703804,-77.55208966,SmallStreams,Region_02,NRS18_NY_10081,2019,7/14/2019,1,BERW,47.62,Fair,USC00360313
2014054,ARTHROPODA,INSECTA,EPHEMEROPTERA,HEPTAGENIIDAE,MACCAFFERTIUM,MACCAFFERTIUM,3948,1,1,40.7902160624261,-85.82738988,RiversMajor,Region_05,NRS18_IN_10046,2019,7/14/2019,1,BETB,32.12,Fair,USC00129138
2014055,ARTHROPODA,INSECTA,DIPTERA,CHIRONOMIDAE,LIMNOPHYES,LIMNOPHYES,3928,,,43.7648154114755,-94.04070848,LargeStreams,Region_05,NRS18_MN_10001,2019,7/14/2019,1,BERW,37.73,Fair,USC00219046
2014056,ARTHROPODA,INSECTA,DIPTERA,CHIRONOMIDAE,CRYPTOCHIRONOMUS,CRYPTOCHIRONOMUS,3625,7,1,31.0752436719921,-87.01265329,RiversMajor,Region_04,NRS18_AL_10938,2019,7/14/2019,1,BETB,45.25,Fair,USC00011084
2014057,ARTHROPODA,INSECTA,DIPTERA,TABANIDAE,,TABANIDAE,4340,1,1,38.8785713402313,-75.87091471,SmallStreams,Region_03,NRS18_MD_10034,2019,7/15/2019,1,BERW,16,Poor,US1MDCL0008
2014058,ARTHROPODA,INSECTA,DIPTERA,CERATOPOGONIDAE,,CERATOPOGONIDAE,3566,1,0,45.3548904422314,-87.65432043,RiversOther,Region_05,NRS18_WI_10853,2019,7/15/2019,1,BETB,69.2,Good,USC00207867
2014059,ARTHROPODA,INSECTA,DIPTERA,CHIRONOMIDAE,NANOCLADIUS,NANOCLADIUS,4005,1,1,41.6946526787229,-85.9174007,RiversMajor,Region_05,NRS18_IN_10006,2019,7/15/2019,1,BETB,27.75,Fair,US1INEL0062
2014060,ARTHROPODA,ARACHNIDA,TROMBIDIFORMES,LIMNESIIDAE,LIMNESIA,LIMNESIA,3920,1,1,48.9126347890902,-101.9138059,RiversOther,Region_08,NRS18_ND_10037,2019,7/15/2019,1,BETB,17.8,Poor,USC00328049
2014061,ANNELIDA,OLIGOCHAETA,HAPLOTAXIDA,NAIDIDAE,NAIS,NAIS,4004,,,43.5631066866019,-91.73164628,LargeStreams,Region_05,NRS18_MN_10019,2019,7/15/2019,1,BERW,9.73,Poor,USC00214990
2014062,ARTHROPODA,INSECTA,DIPTERA,CHIRONOMIDAE,CHIRONOMUS,CHIRONOMUS,3582,45,1,47.469720339321,-101.4078266,RiversMajor,Region_08,NRS18_ND_10038,2019,7/14/2019,1,BETB,22.13,Poor,USC00327585
2014063,ARTHROPODA,INSECTA,EPHEMEROPTERA,CAENIDAE,CAENIS,CAENIS,3542,5,1,39.1126957772621,-99.84059319,SmallStreams,Region_07,NRS18_KS_10122,2019,7/15/2019,1,BERW,42.48,Good,US1KSTR0038
2014064,ARTHROPODA,INSECTA,COLEOPTERA,ELMIDAE,OPTIOSERVUS,OPTIOSERVUS,4071,4,1,38.4693601329752,-82.27877882,SmallStreams,Region_03,NRS18_WV_10004,2019,7/15/2019,1,BERW,29.02,Poor,USC00336853
2014065,ANNELIDA,OLIGOCHAETA,HAPLOTAXIDA,NAIDIDAE,SLAVINA,SLAVINA,4288,1,1,42.4372787742883,-93.34562831,LargeStreams,Region_07,NRS18_IA_10015,2019,7/15/2019,1,BERW,44.13,Good,USC00130999
2014066,ARTHROPODA,INSECTA,DIPTERA,CHIRONOMIDAE,DICROTENDIPES,DICROTENDIPES,3658,1,1,37.5641030869691,-82.45177334,LargeStreams,Region_04,NRS18_KY_10015,2019,7/15/2019,1,BETB,15.73,Poor,USC00155370
2014067,ARTHROPODA,INSECTA,TRICHOPTERA,HYDROPTILIDAE,,HYDROPTILIDAE,3847,1,0,39.7826465337734,-75.70137914,SmallStreams,Region_03,NRS18_DE_10014,2019,7/15/2019,1,BERW,18.55,Poor,US1PACH0022
2014068,MOLLUSCA,BIVALVIA,VENEROIDA,,,VENEROIDA,4412,1,0,30.2142286851268,-85.11153682,RiversMajor,Region_04,NRS18_FL_10007,2019,7/15/2019,1,BETB,23.68,Poor,US1FLGF0007
2014075,ARTHROPODA,INSECTA,EPHEMEROPTERA,LEPTOHYPHIDAE,TRICORYTHODES,TRICORYTHODES,4384,63,1,44.6555740102679,-88.60491028,RiversOther,Region_05,NRS18_WI_10060,2019,7/16/2019,1,BETB,56.05,Good,USC00471676
2014076,ARTHROPODA,MALACOSTRACA,DECAPODA,CAMBARIDAE,ORCONECTES,ORCONECTES,4072,2,1,40.8572559099829,-77.48308446,LargeStreams,Region_03,NRS18_PA_10816,2019,7/16/2019,1,BERW,45.53,Good,US1PACN0042
2014077,ANNELIDA,OLIGOCHAETA,HAPLOTAXIDA,TUBIFICIDAE,AULODRILUS,AULODRILUS,3496,1,1,41.6826134086573,-85.95749296,RiversOther,Region_05,NRS18_IN_10014,2019,7/16/2019,1,BETB,24.93,Fair,USC00122589
2014078,ARTHROPODA,INSECTA,DIPTERA,CERATOPOGONIDAE,DASYHELEA,DASYHELEA,3641,1,1,44.2462926755001,-92.23763048,LargeStreams,Region_05,NRS18_MN_10059,2019,7/16/2019,1,BERW,7.85,Poor,USC00218227
2014079,ARTHROPODA,INSECTA,EPHEMEROPTERA,CAENIDAE,SPARBARUS,SPARBARUS,4294,2,1,36.95482751,-96.93871595,RiversMajor,Region_06,NRS18_OK_10008,2019,7/15/2019,1,BETB,40.37,Good,USC00346278
2014080,ARTHROPODA,INSECTA,DIPTERA,CHIRONOMIDAE,DICROTENDIPES,DICROTENDIPES,3658,5,1,47.655529786393,-100.0890743,LargeStreams,Region_08,NRS18_ND_10528,2019,7/16/2019,1,BERW,20.63,Poor,USC00325610
2014081,ARTHROPODA,INSECTA,DIPTERA,CHIRONOMIDAE,DICROTENDIPES,DICROTENDIPES,3658,1,1,34.9638493924493,-96.49501811,RiversOther,Region_06,NRS18_OK_10016,2019,7/15/2019,1,BERW,43.2,Good,US1OKPN0017
2014082,ARTHROPODA,INSECTA,DIPTERA,EMPIDIDAE,HEMERODROMIA,HEMERODROMIA,3799,2,1,46.6540725502746,-97.9348043,RiversOther,Region_08,NRS18_ND_10036,2019,7/16/2019,1,BETB,52.13,Good,USC00325230
2014083,ANNELIDA,OLIGOCHAETA,HAPLOTAXIDA,NAIDIDAE,NAIS,NAIS,4004,34,1,42.7929770430125,-100.9973071,RiversMajor,Region_07,NRS18_NE_10050,2019,7/16/2019,1,BETB,71.98,Good,USC00254432
2014084,ARTHROPODA,INSECTA,DIPTERA,CHIRONOMIDAE,ABLABESMYIA,ABLABESMYIA,3406,8,1,37.1144080396174,-119.1692797,SmallStreams,Region_09,NRS18_CA_10024,2019,7/16/2019,1,BERW,32.82,Poor,USR0000CSHA
2014085,ARTHROPODA,INSECTA,DIPTERA,CHIRONOMIDAE,,CRICOTOPUS/ORTHOCLADIUS,3623,27,1,44.5757631929225,-104.0129633,RiversOther,Region_08,NRS18_SD_10046,2019,7/16/2019,1,BERW,38.6,Fair,US1SDLW0002
2014086,ARTHROPODA,INSECTA,TRICHOPTERA,HYDROPSYCHIDAE,HYDROPSYCHE,HYDROPSYCHE,3844,11,1,44.0415064340095,-92.33873694,SmallStreams,Region_05,NRS18_MN_10003,2019,7/16/2019,1,BERW,15.45,Poor,US1MNOL0010
2014087,ARTHROPODA,ARACHNIDA,TROMBIDIFORMES,UNIONICOLIDAE,UNIONICOLA,UNIONICOLA,4400,2,1,34.1782317504388,-95.36344359,SmallStreams,Region_06,NRS18_OK_10922,2019,7/16/2019,1,BERW,62.9,Good,USC00348407
2014088,NEMERTEA,ENOPLA,HOPLONEMERTEA,TETRASTEMMATIDAE,PROSTOMA,PROSTOMA,4199,1,1,37.7856327528439,-80.90760137,RiversOther,Region_03,NRS18_WV_10011,2019,7/16/2019,1,BETB,50.95,Good,USC00463672
2014089,ARTHROPODA,ARACHNIDA,TROMBIDIFORMES,UNIONICOLIDAE,KOENIKEA,KOENIKEA,3876,,,,,,Region_02,NRS18_NY_10068,,7/16/2019,2,BERW,17.43,,ACW00011604
2014090,ARTHROPODA,INSECTA,DIPTERA,CHIRONOMIDAE,RHEOTANYTARSUS,RHEOTANYTARSUS,4247,2,1,37.04281754,-84.04662422,LargeStreams,Region_04,NRS18_KY_10011,2019,7/16/2019,1,BERW,20.77,Poor,US1KYLL0006
2014091,ARTHROPODA,INSECTA,EPHEMEROPTERA,LEPTOHYPHIDAE,TRICORYTHODES,TRICORYTHODES,4384,2,1,37.6211649166646,-83.49985783,RiversOther,Region_04,NRS18_KY_10007,2019,7/16/2019,1,BETB,18.25,Poor,US1KYWL0001
2014092,ARTHROPODA,INSECTA,DIPTERA,CERATOPOGONIDAE,,CERATOPOGONINAE,3567,,,32.3841070998189,-98.11017131,LargeStreams,Region_06,NRS18_TX_10694,2019,7/16/2019,1,BERW,64.8,Good,USC00416060
2014093,ARTHROPODA,INSECTA,DIPTERA,EMPIDIDAE,,EMPIDIDAE,3695,1,1,43.8394678633733,-71.89916744,LargeStreams,Region_01,NRS18_NH_10006,2019,7/16/2019,1,BERW,67.85,Good,USC00279091
2014094,ARTHROPODA,INSECTA,DIPTERA,CHIRONOMIDAE,THIENEMANNIELLA,THIENEMANNIELLA,4361,1,1,43.6926663154408,-72.27664413,LargeStreams,Region_01,NRS18_NH_10009,2019,7/17/2019,1,BERW,60.02,Good,USC00273850
2014095,ANNELIDA,OLIGOCHAETA,HAPLOTAXIDA,NAIDIDAE,,NAIDIDAE,4003,8,0,40.4917969670435,-76.94812928,RiversMajor,Region_03,NRS18_PA_10010,2019,7/17/2019,1,BETB,41.68,Fair,USC00368303
2014096,ARTHROPODA,INSECTA,LEPIDOPTERA,PYRALIDAE,PETROPHILA,PETROPHILA,4142,1,1,35.764453120504,-86.16621375,LargeStreams,Region_04,NRS18_TN_10490,2019,7/16/2019,1,BERW,40.63,Fair,US1TNCN0013
2014097,ARTHROPODA,INSECTA,DIPTERA,CHIRONOMIDAE,,THIENEMANNIMYIA GENUS GR.,4362,,,33.0134237890874,-87.08607699,RiversMajor,Region_04,NRS18_AL_10018,2019,7/15/2019,1,BETB,29.48,Poor,US1ALBB0008
2014098,ARTHROPODA,INSECTA,DIPTERA,CHIRONOMIDAE,RHEOTANYTARSUS,RHEOTANYTARSUS,4247,3,1,42.776753480783,-100.8528734,RiversMajor,Region_07,NRS18_NE_10054,2019,7/17/2019,1,BETB,64.98,Good,USC00251280
2014099,ARTHROPODA,INSECTA,EPHEMEROPTERA,BAETIDAE,CALLIBAETIS,CALLIBAETIS,3544,1,1,44.191627679959,-88.80697007,RiversOther,Region_05,NRS18_WI_10055,2019,7/17/2019,1,BETB,23.98,Poor,US1WIWN0026
2014100,ARTHROPODA,MALACOSTRACA,AMPHIPODA,GAMMARIDAE,GAMMARUS,GAMMARUS,3744,2,1,41.7412922726178,-86.2728023,RiversOther,Region_05,NRS18_IN_10033,2019,7/17/2019,1,BETB,16.3,Poor,US1INSJ0012
2014101,ARTHROPODA,INSECTA,DIPTERA,CHIRONOMIDAE,EUKIEFFERIELLA,EUKIEFFERIELLA,3722,7,1,43.5344297675884,-91.3839322,LargeStreams,Region_05,NRS18_MN_10055,2019,7/17/2019,1,BERW,29.75,Fair,US1MNHS0027
2014102,ARTHROPODA,INSECTA,DIPTERA,CHIRONOMIDAE,PSEUDOCHIRONOMUS,PSEUDOCHIRONOMUS,4212,,,,,,Region_03,NRS18_MD_10001,,7/17/2019,2,BETB,29.93,,ACW00011604
2014103,MOLLUSCA,GASTROPODA,,,,GASTROPODA,3745,1,0,,,,Region_07,NRS18_IA_10011,,7/17/2019,2,BETB,28.53,,ACW00011604
2014104,ARTHROPODA,INSECTA,TRICHOPTERA,LEPTOCERIDAE,OECETIS,OECETIS,4060,26,1,30.3524343153466,-84.68591558,RiversOther,Region_04,NRS18_FL_10002,2019,7/17/2019,1,BETB,35.88,Poor,US1FLLB0001
2014105,ANNELIDA,OLIGOCHAETA,HAPLOTAXIDA,NAIDIDAE,,NAIDIDAE,4003,27,1,39.8007173014955,-75.43364349,LargeStreams,Region_03,NRS18_DE_10332,2019,7/17/2019,1,BETB,17.83,Poor,USC00365390
2014106,ARTHROPODA,INSECTA,DIPTERA,CHIRONOMIDAE,DICROTENDIPES,DICROTENDIPES,3658,1,1,39.3294967770306,-95.35688326,SmallStreams,Region_07,NRS18_KS_10045,2019,7/17/2019,1,BERW,29.32,Fair,USC00148340
2014107,ANNELIDA,OLIGOCHAETA,HAPLOTAXIDA,TUBIFICIDAE,,TUBIFICIDAE,4391,1,1,36.5857683249631,-97.03390159,RiversMajor,Region_06,NRS18_OK_10052,2019,7/17/2019,1,BETB,28.33,Fair,USC00349609
2014108,ARTHROPODA,INSECTA,DIPTERA,CHIRONOMIDAE,,CRICOTOPUS/ORTHOCLADIUS,3623,32,1,43.2759759641531,-111.2418615,LargeStreams,Region_10,NRS18_ID_10015,2019,7/16/2019,1,BERW,60.15,Good,USC00106764
2014109,ARTHROPODA,INSECTA,DIPTERA,CHIRONOMIDAE,RHEOTANYTARSUS,RHEOTANYTARSUS,4247,2,1,43.7297124586144,-111.8671014,RiversMajor,Region_10,NRS18_ID_11142,2019,7/17/2019,1,BETB,66.3,Good,US1IDJF0001
2014110,ARTHROPODA,INSECTA,COLEOPTERA,ELMIDAE,MACRONYCHUS,MACRONYCHUS,3952,3,1,41.7091374361737,-86.26789626,RiversMajor,Region_05,NRS18_IN_10017,2019,7/18/2019,1,BETB,35.45,Fair,US1INSJ0027
2014111,ARTHROPODA,INSECTA,DIPTERA,CHIRONOMIDAE,MICROTENDIPES,MICROTENDIPES,3982,183,1,36.9637051333491,-119.2314146,LargeStreams,Region_09,NRS18_CA_10001,2019,7/17/2019,1,BERW,52.87,Fair,USR0000CFEN
2014112,ARTHROPODA,MALACOSTRACA,AMPHIPODA,,,AMPHIPODA,3450,1,1,41.3975630932436,-76.5766731,SmallStreams,Region_03,NRS18_PA_10220,2019,7/18/2019,1,BERW,67.15,Good,USC00362343
2014113,ARTHROPODA,INSECTA,DIPTERA,SIMULIIDAE,SIMULIUM,SIMULIUM,4281,1,1,39.3675838827098,-81.2372602,LargeStreams,Region_03,NRS18_WV_10018,2019,7/17/2019,1,BERW,41.48,Fair,USC00335939
2014114,ARTHROPODA,INSECTA,ODONATA,COENAGRIONIDAE,,COENAGRIONIDAE,3606,26,1,46.2159267870549,-102.6036725,RiversOther,Region_08,NRS18_ND_10071,2019,7/18/2019,1,BERW,37.7,Poor,USC00324186
2014115,ARTHROPODA,INSECTA,EPHEMEROPTERA,LEPTOPHLEBIIDAE,,LEPTOPHLEBIIDAE,3904,,,42.044895560488,-118.4328368,LargeStreams,Region_10,NRS18_OR_10021,2019,7/17/2019,1,BERW,66.48,Good,USC00262229
2014116,ARTHROPODA,INSECTA,DIPTERA,CHIRONOMIDAE,EUKIEFFERIELLA,EUKIEFFERIELLA,3722,16,1,42.0497249857027,-118.6336642,SmallStreams,Region_10,NRS18_OR_10249,2019,7/16/2019,1,BERW,54.47,Fair,USC00262229
2014117,ANNELIDA,OLIGOCHAETA,HAPLOTAXIDA,NAIDIDAE,NAIS,NAIS,4004,3,1,42.0033846444096,-117.9535998,RiversOther,Region_10,NRS18_OR_10818,2019,7/18/2019,1,BERW,64.4,Good,USC00264935
2014118,ARTHROPODA,INSECTA,DIPTERA,CHIRONOMIDAE,NILOTANYPUS,NILOTANYPUS,4042,1,1,43.4925387413003,-92.98828732,RiversOther,Region_07,NRS18_IA_10028,2019,7/18/2019,1,BETB,62.93,Good,USC00137326
2014119,ARTHROPODA,INSECTA,EPHEMEROPTERA,CAENIDAE,CAENIS,CAENIS,3542,35,1,33.0946273040217,-97.53958394,SmallStreams,Region_06,NRS18_TX_10827,2019,7/17/2019,1,BERW,31.45,Fair,USC00410996
2014120,ARTHROPODA,INSECTA,ODONATA,GOMPHIDAE,GOMPHUS,GOMPHUS,3760,1,1,31.7078734408355,-96.73234936,LargeStreams,Region_06,NRS18_TX_10054,2019,7/18/2019,1,BETB,42.57,Good,US1TXLT0003
2014121,ARTHROPODA,INSECTA,EPHEMEROPTERA,HEPTAGENIIDAE,MACCAFFERTIUM,MACCAFFERTIUM,3948,11,1,44.8008823658814,-93.53805042,RiversMajor,Region_05,NRS18_MN_10073,2019,7/18/2019,1,BETB,40.58,Good,US1MNSC0058
2014122,ARTHROPODA,INSECTA,EPHEMEROPTERA,BAETIDAE,BAETIS,BAETIS,3501,171,1,40.4704455497612,-108.5667253,RiversMajor,Region_08,NRS18_CO_10048,2019,7/14/2019,1,BETB,58.72,Good,USC00053609
2014123,ARTHROPODA,INSECTA,EPHEMEROPTERA,POLYMITARCYIDAE,EPHORON,EPHORON,3709,1,1,40.4879879376231,-108.7551399,RiversMajor,Region_08,NRS18_CO_10072,2019,7/15/2019,1,BETB,40.18,Poor,USR0000CDIN
2014124,ARTHROPODA,INSECTA,DIPTERA,CHIRONOMIDAE,CARDIOCLADIUS,CARDIOCLADIUS,3556,2,1,40.4779687391896,-108.908221,RiversMajor,Region_08,NRS18_CO_10060,2019,7/16/2019,1,BETB,55.2,Fair,USR0000CDIN
2014126,MOLLUSCA,GASTROPODA,BASOMMATOPHORA,ANCYLIDAE,FERRISSIA,FERRISSIA,3735,1,1,41.6284242655306,-87.17635418,RiversOther,Region_05,NRS18_IN_10030,2019,7/19/2019,1,BETB,26.03,Fair,US1INPT0059
2014127,ARTHROPODA,INSECTA,COLEOPTERA,ELMIDAE,,ELMIDAE,3694,,,42.8281268033902,-100.1625959,RiversMajor,Region_07,NRS18_NE_10048,2019,7/18/2019,1,BETB,73.73,Good,US10keya004
2014128,ARTHROPODA,INSECTA,DIPTERA,CHIRONOMIDAE,,THIENEMANNIMYIA GENUS GR.,4362,8,1,44.9438804018079,-93.01252412,SmallStreams,Region_05,NRS18_MN_10024,2019,7/19/2019,1,BERW,24.85,Fair,US1MNRM0207
2014129,ARTHROPODA,INSECTA,DIPTERA,CHIRONOMIDAE,RHEOTANYTARSUS,RHEOTANYTARSUS,4247,2,1,44.7995597191241,-93.53311891,RiversMajor,Region_05,NRS18_MN_10015,2019,7/19/2019,1,BETB,65.77,Good,US1MNSC0058
2014130,ARTHROPODA,INSECTA,DIPTERA,CHIRONOMIDAE,,THIENEMANNIMYIA GENUS GR.,4362,11,1,43.5529842318568,-118.4666511,SmallStreams,Region_10,NRS18_OR_10232,2019,7/19/2019,1,BERW,58.77,Good,USR0000OBAL
2014131,ARTHROPODA,ARACHNIDA,TROMBIDIFORMES,HYGROBATIDAE,HYGROBATES,HYGROBATES,3855,3,1,45.5885770633545,-94.03795065,LargeStreams,Region_05,NRS18_MN_10056,2019,7/21/2019,1,BERW,48.48,Good,US1MNBN0022
2014132,MOLLUSCA,BIVALVIA,,,,BIVALVIA,3517,2,0,,,,Region_05,NRS18_IL_10014,,7/21/2019,2,BETB,27.6,,ACW00011604
2014133,ARTHROPODA,INSECTA,DIPTERA,CHIRONOMIDAE,DICROTENDIPES,DICROTENDIPES,3658,9,1,,,,Region_01,NRS18_MA_10001,,7/21/2019,2,BETB,18.12,,ACW00011604
2014134,ARTHROPODA,MALACOSTRACA,AMPHIPODA,HYALELLIDAE,HYALELLA,HYALELLA,3821,36,1,45.0517092468938,-105.2142902,LargeStreams,Region_08,NRS18_MT_10078,2019,7/20/2019,1,BERW,45.62,Fair,USC00240739
2014135,ARTHROPODA,INSECTA,DIPTERA,CHIRONOMIDAE,CRYPTOCHIRONOMUS,CRYPTOCHIRONOMUS,3625,1,1,45.3850538470437,-105.3056374,RiversOther,Region_08,NRS18_MT_11020,2019,7/20/2019,1,BERW,53.95,Fair,US1MTPR0012
2014136,ARTHROPODA,INSECTA,DIPTERA,CHIRONOMIDAE,ROBACKIA,ROBACKIA,4257,1,1,,,,Region_01,NRS18_NH_10001,,7/22/2019,2,BERW,38.9,,ACW00011604
2014137,ARTHROPODA,INSECTA,DIPTERA,CHIRONOMIDAE,,THIENEMANNIMYIA GENUS GR.,4362,7,1,44.582337176114,-94.2292413,LargeStreams,Region_05,NRS18_MN_10402,2019,7/22/2019,1,BERW,53.43,Good,US1MNSB0012
2014138,ARTHROPODA,INSECTA,DIPTERA,CHIRONOMIDAE,ABLABESMYIA,ABLABESMYIA,3406,6,1,35.1922898794487,-97.14230347,LargeStreams,Region_06,NRS18_OK_10006,2019,7/22/2019,1,BERW,29.33,Fair,US1OKCV0101
2014139,ANNELIDA,OLIGOCHAETA,ENCHYTRAEIDA,ENCHYTRAEIDAE,,ENCHYTRAEIDAE,3697,2,1,42.1922345642208,-90.39957322,LargeStreams,Region_07,NRS18_IA_10025,2019,7/22/2019,1,BERW,19.35,Poor,US1IAJC0005
2014140,ARTHROPODA,INSECTA,DIPTERA,CHIRONOMIDAE,CRYPTOTENDIPES,CRYPTOTENDIPES,3628,1,1,48.5283069829881,-94.58501815,LargeStreams,Region_05,NRS18_MN_10554,2019,7/22/2019,1,BETB,35.03,Fair,USC00218763
2014141,ANNELIDA,HIRUDINEA,RHYNCHOBDELLIDA,GLOSSIPHONIIDAE,HELOBDELLA,HELOBDELLA,3792,,,48.655562027877,-94.98697239,SmallStreams,Region_05,NRS18_MN_10006,2019,7/21/2019,1,BERW,29.35,Fair,US1MNLW0005
2014142,ARTHROPODA,INSECTA,DIPTERA,CERATOPOGONIDAE,,CERATOPOGONIDAE,3566,20,0,43.4988543927495,-70.46422695,RiversOther,Region_01,NRS18_ME_10004,2019,7/22/2019,1,BETB,3.35,Poor,USC00177349
2014143,ARTHROPODA,INSECTA,DIPTERA,CHIRONOMIDAE,CLADOPELMA,CLADOPELMA,3593,1,1,38.6221823196488,-75.6254785,RiversOther,Region_03,NRS18_DE_10019,2019,7/22/2019,1,BETB,21.42,Poor,US1DESS0016
2014144,ANNELIDA,OLIGOCHAETA,HAPLOTAXIDA,NAIDIDAE,,NAIDIDAE,4003,6,0,,,,Region_10,NRS18_ID_10002,,7/22/2019,2,BETB,23.03,,ACW00011604
2014145,ARTHROPODA,INSECTA,DIPTERA,CHIRONOMIDAE,PRODIAMESA,PRODIAMESA,4193,1,1,41.5031943969698,-96.34987916,LargeStreams,Region_07,NRS18_NE_10005,2019,7/23/2019,1,BERW,35.62,Fair,USC00250348
2014146,ARTHROPODA,INSECTA,DIPTERA,SIMULIIDAE,SIMULIUM,SIMULIUM,4281,9,1,37.5638806360176,-118.7547913,SmallStreams,Region_09,NRS18_CA_10010,2019,7/23/2019,1,BERW,82.37,Good,US1CAMN0005
2014156,ARTHROPODA,ARACHNIDA,SARCOPTIFORMES,,,SARCOPTIFORMES,4263,1,1,43.5315779406705,-74.55172604,SmallStreams,Region_02,NRS18_NY_10004,2019,7/23/2019,1,BERW,54.75,Fair,USC00306623
2014157,ARTHROPODA,INSECTA,EPHEMEROPTERA,HEPTAGENIIDAE,STENACRON,STENACRON,4309,1,1,46.3340767205958,-94.01816982,SmallStreams,Region_05,NRS18_MN_10004,2019,7/23/2019,1,BERW,67.9,Good,US1MNCW0097
2014158,ARTHROPODA,INSECTA,DIPTERA,CHIRONOMIDAE,DIAMESA,DIAMESA,3654,1,1,45.0342059973391,-107.5853158,LargeStreams,Region_08,NRS18_MT_10012,2019,7/22/2019,1,BERW,97.15,Good,US1WYSH0012
2014159,ANNELIDA,OLIGOCHAETA,HAPLOTAXIDA,NAIDIDAE,PARANAIS,PARANAIS,4113,1,1,45.7363638353263,-107.5750151,RiversMajor,Region_08,NRS18_MT_10047,2019,7/23/2019,1,BETB,74.75,Good,USC00243124
2014160,ARTHROPODA,INSECTA,TRICHOPTERA,HYDROPSYCHIDAE,CHEUMATOPSYCHE,CHEUMATOPSYCHE,3578,27,1,46.0479432487071,-102.0506694,RiversOther,Region_08,NRS18_ND_10034,2019,7/23/2019,1,BERW,52.63,Fair,USC00328396
2014161,ARTHROPODA,INSECTA,EPHEMEROPTERA,CAENIDAE,SPARBARUS,SPARBARUS,4294,2,1,39.9216424308021,-96.71631982,SmallStreams,Region_07,NRS18_KS_10120,2019,7/22/2019,1,BERW,45.42,Good,USC00141003
2014162,ARTHROPODA,INSECTA,ODONATA,CORDULIIDAE,,CORDULIIDAE,3614,1,1,39.9944192904794,-96.57905059,SmallStreams,Region_07,NRS18_KS_10024,2019,7/23/2019,1,BERW,40.77,Good,USC00145964
2014163,ARTHROPODA,INSECTA,EPHEMEROPTERA,BAETIDAE,ACERPENNA,ACERPENNA,3408,2,1,41.3041127496913,-92.3516684,RiversOther,Region_07,NRS18_IA_10658,2019,7/23/2019,1,BETB,62.1,Good,US1IAKK0007
2014164,ARTHROPODA,MALACOSTRACA,AMPHIPODA,GAMMARIDAE,,GAMMARIDAE,3743,10,0,43.4989373449056,-70.48889328,RiversOther,Region_01,NRS18_ME_10012,2019,7/23/2019,1,BETB,3.5,Poor,USC00170593
2014165,ARTHROPODA,INSECTA,EPHEMEROPTERA,HEPTAGENIIDAE,,HEPTAGENIIDAE,3802,2,1,43.7199129943094,-100.3152879,RiversOther,Region_08,NRS18_SD_10048,2019,7/23/2019,1,BETB,51.83,Fair,USC00390535
2014166,ANNELIDA,OLIGOCHAETA,HAPLOTAXIDA,TUBIFICIDAE,AULODRILUS,AULODRILUS,3496,3,1,33.7211806899937,-87.27143789,SmallStreams,Region_04,NRS18_AL_10188,2019,7/24/2019,1,BERW,12.9,Poor,US1ALWK0009
2014167,ARTHROPODA,INSECTA,DIPTERA,CHIRONOMIDAE,,CRICOTOPUS/ORTHOCLADIUS,3623,2,1,33.8727255564127,-85.5809654,SmallStreams,Region_04,NRS18_AL_10191,2019,7/23/2019,1,BERW,71.65,Good,US1ALCN0001
2014168,ARTHROPODA,INSECTA,DIPTERA,TIPULIDAE,DICRANOTA,DICRANOTA,3657,3,1,38.9255569712686,-76.64383345,SmallStreams,Region_03,NRS18_MD_10039,2019,7/24/2019,1,BERW,38.68,Poor,US1MDPG0101
2014169,ARTHROPODA,INSECTA,DIPTERA,CHIRONOMIDAE,POLYPEDILUM,POLYPEDILUM,4178,12,1,47.2413172116773,-94.98502757,SmallStreams,Region_05,NRS18_MN_10260,2019,7/24/2019,1,BERW,45.07,Good,US1MNHB0006
2014170,ARTHROPODA,INSECTA,TRICHOPTERA,LEPTOCERIDAE,TRIAENODES,TRIAENODES,4378,1,1,,,,Region_04,NRS18_GA_10012,,7/24/2019,2,BETB,65.7,,ACW00011604
2014171,MOLLUSCA,GASTROPODA,,,,GASTROPODA,3745,1,0,41.7146240334247,-76.32307464,RiversMajor,Region_03,NRS18_PA_10027,2019,7/24/2019,1,BETB,57.27,Good,US1PABF0005
2014172,ARTHROPODA,INSECTA,DIPTERA,SIMULIIDAE,SIMULIUM,SIMULIUM,4281,1,1,37.4714884730012,-87.11364779,RiversOther,Region_04,NRS18_KY_10041,2019,7/23/2019,1,BETB,19.98,Poor,USC00154836
2014173,ARTHROPODA,MALACOSTRACA,MYSIDA,MYSIDAE,TAPHROMYSIS,TAPHROMYSIS,4349,2,1,,,,Region_04,NRS18_KY_10012,,7/24/2019,2,BETB,5.2,,ACW00011604
2014174,ARTHROPODA,INSECTA,EPHEMEROPTERA,EPHEMERELLIDAE,DRUNELLA,DRUNELLA,3676,6,1,43.0969524169814,-122.4115125,SmallStreams,Region_10,NRS18_OR_10001,2019,7/23/2019,1,BERW,52.75,Good,USS0022F45S
2014175,ARTHROPODA,ARACHNIDA,TROMBIDIFORMES,TORRENTICOLIDAE,TESTUDACARUS,TESTUDACARUS,4354,,,43.3321982482268,-122.3924031,SmallStreams,Region_10,NRS18_OR_10030,2019,7/24/2019,1,BERW,29.87,Poor,USC00358536
2014176,ARTHROPODA,INSECTA,DIPTERA,SIMULIIDAE,SIMULIUM,SIMULIUM,4281,1,1,41.1484685315679,-92.53797631,SmallStreams,Region_07,NRS18_IA_10048,2019,7/24/2019,1,BERW,6.75,Poor,USC00132541
2014177,ANNELIDA,HIRUDINEA,ARHYNCHOBDELLIDA,ERPOBDELLIDAE,ERPOBDELLA,ERPOBDELLA,3717,,,43.6220079307555,-70.86188808,LargeStreams,Region_01,NRS18_ME_10193,2019,7/24/2019,1,BERW,41.72,Fair,US1MEYK0041
2014178,ARTHROPODA,INSECTA,DIPTERA,CHIRONOMIDAE,PARATENDIPES,PARATENDIPES,4121,4,1,36.055031255898,-98.12901111,RiversMajor,Region_06,NRS18_OK_10057,2019,7/23/2019,1,BERW,2.38,Poor,US1OKKN0003
2014179,ARTHROPODA,INSECTA,TRICHOPTERA,LEPIDOSTOMATIDAE,LEPIDOSTOMA,LEPIDOSTOMA,3895,3,1,41.8835449261405,-115.4308766,LargeStreams,Region_09,NRS18_NV_10011,2019,7/24/2019,1,BERW,62.38,Good,USC00264037
2014180,ARTHROPODA,INSECTA,DIPTERA,CHIRONOMIDAE,MICROPSECTRA,MICROPSECTRA,3981,36,1,42.9997291179233,-101.3749867,SmallStreams,Region_08,NRS18_SD_10244,2019,7/24/2019,1,BERW,11.45,Poor,USC00251750
2014181,ARTHROPODA,INSECTA,TRICHOPTERA,LIMNEPHILIDAE,CRYPTOCHIA,CRYPTOCHIA,3624,,,38.2711292502285,-119.3316508,SmallStreams,Region_09,NRS18_CA_10006,2019,7/24/2019,1,BERW,73.15,Good,USR0000CBR4
2014182,ARTHROPODA,INSECTA,TRICHOPTERA,HYDROPSYCHIDAE,CHEUMATOPSYCHE,CHEUMATOPSYCHE,3578,54,1,46.0526647005932,-101.4819041,RiversOther,Region_08,NRS18_ND_10017,2019,7/24/2019,1,BERW,55.67,Fair,USC00329219
2014183,ARTHROPODA,INSECTA,DIPTERA,CHIRONOMIDAE,MICROTENDIPES,MICROTENDIPES,3982,54,1,39.4912844353505,-74.65824516,SmallStreams,Region_02,NRS18_NJ_10009,2019,7/24/2019,1,BERW,47.72,Fair,US1NJAT0039
2014184,ANNELIDA,OLIGOCHAETA,HAPLOTAXIDA,NAIDIDAE,,NAIDIDAE,4003,13,0,,,,Region_03,NRS18_DE_10006,,7/24/2019,2,BETB,31.77,,ACW00011604
2014185,ANNELIDA,OLIGOCHAETA,HAPLOTAXIDA,NAIDIDAE,,NAIDIDAE,4003,12,0,40.4222993891988,-74.09782754,SmallStreams,Region_02,NRS18_NJ_10034,2019,7/25/2019,1,BERW,23.42,Poor,USC00286154
2014186,ARTHROPODA,INSECTA,DIPTERA,CHIRONOMIDAE,MICROTENDIPES,MICROTENDIPES,3982,17,1,41.1869332861537,-111.9922677,RiversMajor,Region_08,NRS18_UT_10025,2019,7/24/2019,1,BERW,38.35,Poor,US1UTWB0030
2014187,MOLLUSCA,GASTROPODA,BASOMMATOPHORA,ANCYLIDAE,FERRISSIA,FERRISSIA,3735,,,43.0019097233364,-89.5908838,LargeStreams,Region_05,NRS18_WI_10042,2019,7/25/2019,1,BERW,27.9,Fair,US1WIDA0094
2014188,ARTHROPODA,INSECTA,EPHEMEROPTERA,CAENIDAE,CAENIS,CAENIS,3542,4,1,41.587556989147,-94.39743921,LargeStreams,Region_07,NRS18_IA_10006,2019,7/25/2019,1,BERW,49.98,Good,USC00133509
2014189,ARTHROPODA,INSECTA,ODONATA,,,ODONATA,4056,3,0,31.4852753406588,-94.59703,SmallStreams,Region_06,NRS18_TX_10254,2019,7/24/2019,1,BERW,41.28,Fair,USC00419854
2014190,MOLLUSCA,GASTROPODA,,,,GASTROPODA,3745,7,0,31.5160955609542,-95.11218309,LargeStreams,Region_06,NRS18_TX_10001,2019,7/23/2019,1,BERW,55.33,Good,USC00410190
2014191,ARTHROPODA,INSECTA,EPHEMEROPTERA,BAETIDAE,,BAETIDAE,3500,1,0,46.4708013229452,-98.41742325,RiversMajor,Region_08,NRS18_ND_10045,2019,7/25/2019,1,BETB,64.57,Good,USC00323665
2014192,ARTHROPODA,INSECTA,DIPTERA,TIPULIDAE,HEXATOMA,HEXATOMA,3817,2,1,43.1678019348176,-123.6912637,SmallStreams,Region_10,NRS18_OR_10045,2019,7/25/2019,1,BERW,73.6,Good,USC00357112
2014193,ARTHROPODA,INSECTA,EPHEMEROPTERA,LEPTOPHLEBIIDAE,,LEPTOPHLEBIIDAE,3904,4,1,47.0151908759574,-108.1650041,RiversOther,Region_08,NRS18_MT_10025,2019,7/24/2019,1,BERW,48.22,Fair,US1MTPT0001
2014194,ARTHROPODA,INSECTA,EPHEMEROPTERA,HEPTAGENIIDAE,,HEPTAGENIIDAE,3802,4,0,46.7919300306092,-107.8371055,RiversMajor,Region_08,NRS18_MT_11470,2019,7/24/2019,1,BERW,73.22,Good,USC00245596
2014195,ARTHROPODA,INSECTA,DIPTERA,CHIRONOMIDAE,CRYPTOTENDIPES,CRYPTOTENDIPES,3628,2,1,33.1734555563427,-83.82379567,RiversMajor,Region_04,NRS18_GA_10010,2019,7/25/2019,1,BETB,11.33,Poor,US1GAMN0004
2014196,ARTHROPODA,INSECTA,EPHEMEROPTERA,BAETIDAE,LABIOBAETIS,LABIOBAETIS,4774,3,1,,,,Region_04,NRS18_KY_10002,,7/25/2019,2,BETB,18.18,,ACW00011604
2014197,ARTHROPODA,INSECTA,DIPTERA,CHIRONOMIDAE,DICROTENDIPES,DICROTENDIPES,3658,3,1,43.3127280693346,-114.1155635,LargeStreams,Region_10,NRS18_ID_10007,2019,7/24/2019,1,BERW,37.17,Poor,USC00107040
2014198,ARTHROPODA,ARACHNIDA,TROMBIDIFORMES,SPERCHONIDAE,SPERCHON,SPERCHON,4296,1,1,37.7731997121306,-82.32323926,RiversOther,Region_04,NRS18_KY_10018,2019,7/25/2019,1,BETB,47.08,Good,USC00464816
2014199,ARTHROPODA,ARACHNIDA,TROMBIDIFORMES,HYGROBATIDAE,ATRACTIDES,ATRACTIDES,3490,1,1,44.8992783955282,-112.2600543,LargeStreams,Region_08,NRS18_MT_10035,2019,7/25/2019,1,BERW,46.68,Fair,USS0012E07S
2014200,ARTHROPODA,INSECTA,DIPTERA,CHIRONOMIDAE,,CRICOTOPUS/ORTHOCLADIUS,3623,4,1,38.7772713973563,-119.7590081,LargeStreams,Region_09,NRS18_CA_10548,2019,7/25/2019,1,BERW,43.27,Fair,USC00049775
2014201,ARTHROPODA,INSECTA,DIPTERA,MUSCIDAE,,MUSCIDAE,3996,2,1,46.1105894941128,-106.4503916,RiversOther,Region_08,NRS18_MT_10087,2019,7/25/2019,1,BERW,66.7,Good,USC00246440
2014202,ARTHROPODA,MALACOSTRACA,AMPHIPODA,GAMMARIDAE,,GAMMARIDAE,3743,6,0,30.0037646816572,-94.2970705,SmallStreams,Region_06,NRS18_TX_10645,2019,7/25/2019,1,BERW,40.28,Poor,USC00410613
2014203,ARTHROPODA,INSECTA,COLEOPTERA,DRYOPIDAE,HELICHUS,HELICHUS,3788,,,44.1400378482368,-70.28093883,SmallStreams,Region_01,NRS18_ME_10044,2019,7/26/2019,1,BERW,78.48,Good,US1MEAN0041
2014204,ARTHROPODA,INSECTA,DIPTERA,CHIRONOMIDAE,PRODIAMESA,PRODIAMESA,4193,,,43.7664441821408,-70.76903158,SmallStreams,Region_01,NRS18_ME_10008,2019,7/25/2019,1,BERW,23.32,Poor,USC00171670
2014205,ANNELIDA,OLIGOCHAETA,HAPLOTAXIDA,NAIDIDAE,DERO,DERO,3646,1,1,,,,Region_08,NRS18_ND_10002,,7/26/2019,2,BETB,14.57,,ACW00011604
2014206,ARTHROPODA,INSECTA,DIPTERA,CHIRONOMIDAE,LOPESCLADIUS,LOPESCLADIUS,3939,16,1,41.372929576821,-97.4436625,RiversMajor,Region_07,NRS18_NE_10052,2019,7/24/2019,1,BETB,31.68,Fair,US10plat001
2014207,ARTHROPODA,INSECTA,TRICHOPTERA,HYDROPTILIDAE,HYDROPTILA,HYDROPTILA,3846,1,1,34.2571478091619,-87.37077566,RiversOther,Region_04,NRS18_AL_10025,2019,7/25/2019,1,BETB,44.82,Fair,US1ALWN0001
2014208,ARTHROPODA,INSECTA,DIPTERA,CHIRONOMIDAE,PROCLADIUS,PROCLADIUS,4191,20,1,40.8436730954301,-95.17025791,LargeStreams,Region_07,NRS18_IA_10356,2019,7/26/2019,1,BETB,23.35,Poor,USC00136119
2014209,ARTHROPODA,INSECTA,DIPTERA,CHIRONOMIDAE,BRILLIA,BRILLIA,3535,3,1,45.5316212787205,-112.1075117,LargeStreams,Region_08,NRS18_MT_10006,2019,7/26/2019,1,BERW,59.2,Good,US1MTMD0001
2014210,ARTHROPODA,INSECTA,DIPTERA,CHIRONOMIDAE,POLYPEDILUM,POLYPEDILUM,4178,14,1,44.6575047231837,-74.00524373,SmallStreams,Region_02,NRS18_NY_10072,2019,7/28/2019,1,BERW,57.72,Good,USC00301387
2014211,ARTHROPODA,INSECTA,DIPTERA,CHIRONOMIDAE,NATARSIA,NATARSIA,4008,2,1,44.1359445287538,-74.15509121,SmallStreams,Region_02,NRS18_NY_10055,2019,7/25/2019,1,BERW,28.25,Poor,USC00304520
2014212,ARTHROPODA,INSECTA,DIPTERA,CHIRONOMIDAE,CRYPTOCHIRONOMUS,CRYPTOCHIRONOMUS,3625,1,1,46.5919233647768,-101.791832,RiversOther,Region_08,NRS18_ND_10028,2019,7/25/2019,1,BERW,50.85,Fair,USC00324091
2014213,ARTHROPODA,INSECTA,DIPTERA,CHIRONOMIDAE,POLYPEDILUM,POLYPEDILUM,4178,26,1,47.2211637493689,-96.77776864,RiversOther,Region_05,NRS18_MN_10069,2019,7/28/2019,1,BETB,64.47,Good,US1NDTR0003
2014214,ARTHROPODA,INSECTA,TRICHOPTERA,LEPTOCERIDAE,NECTOPSYCHE,NECTOPSYCHE,4011,17,1,47.1513204023819,-96.84095244,RiversMajor,Region_05,NRS18_MN_10036,2019,7/28/2019,1,BETB,55.13,Good,USC00213104
2014215,ARTHROPODA,INSECTA,DIPTERA,CHIRONOMIDAE,RHEOTANYTARSUS,RHEOTANYTARSUS,4247,10,1,39.3057342283472,-87.60748238,RiversMajor,Region_05,NRS18_IN_11547,2019,7/28/2019,1,BETB,31.23,Fair,USC00127099
2014216,ARTHROPODA,INSECTA,PLECOPTERA,PERLODIDAE,,PERLODIDAE,4141,2,0,45.9936923691118,-113.0349307,SmallStreams,Region_08,NRS18_MT_10030,2019,7/27/2019,1,BERW,59.03,Good,USC00249092
2014217,ARTHROPODA,INSECTA,EPHEMEROPTERA,HEPTAGENIIDAE,CINYGMULA,CINYGMULA,3590,,,45.8066941183393,-110.7093344,SmallStreams,Region_08,NRS18_MT_10120,2019,7/28/2019,1,BERW,86.77,Good,USC00245845
2014218,ARTHROPODA,INSECTA,TRICHOPTERA,LEPTOCERIDAE,OECETIS,OECETIS,4060,4,1,29.9916562009138,-84.74754789,LargeStreams,Region_04,NRS18_FL_10183,2019,7/29/2019,1,BETB,37.83,Poor,USC00081356
2014219,ARTHROPODA,INSECTA,DIPTERA,CHIRONOMIDAE,PARAMETRIOCNEMUS,PARAMETRIOCNEMUS,4112,5,1,44.4995411922583,-74.88521954,LargeStreams,Region_02,NRS18_NY_10071,2019,7/29/2019,1,BERW,68.77,Good,USC00307925
2014220,ARTHROPODA,INSECTA,TRICHOPTERA,POLYCENTROPODIDAE,,POLYCENTROPODIDAE,4174,1,0,43.894540778597,-116.6221557,RiversOther,Region_10,NRS18_ID_10843,2019,7/29/2019,1,BETB,64.9,Good,US1IDGM0002
2014221,ANNELIDA,OLIGOCHAETA,ENCHYTRAEIDA,ENCHYTRAEIDAE,,ENCHYTRAEIDAE,3697,3,1,,,,Region_05,NRS18_MN_10020,,7/29/2019,2,BETB,26.97,,ACW00011604
2014222,ARTHROPODA,INSECTA,DIPTERA,CHIRONOMIDAE,STICTOCLADIUS,ORTHOCLADIINAE,5110,1,1,44.6340028407117,-69.74449431,SmallStreams,Region_01,NRS18_ME_10016,2019,7/28/2019,1,BETB,1.95,Poor,USC00175800
2014223,ARTHROPODA,INSECTA,PLECOPTERA,CHLOROPERLIDAE,SWELTSA,SWELTSA,4332,6,1,,,,Region_08,NRS18_CO_RF007,,7/29/2019,1,BERW,48.58,,ACW00011604
2014224,ARTHROPODA,INSECTA,COLEOPTERA,DYTISCIDAE,,DYTISCIDAE,3679,3,1,44.9387263994588,-69.32349831,SmallStreams,Region_01,NRS18_ME_10019,2019,7/29/2019,1,BERW,26.53,Poor,USC00171628
2014225,ARTHROPODA,ARACHNIDA,TROMBIDIFORMES,ARRENURIDAE,ARRENURUS,ARRENURUS,3481,1,1,48.2668629551422,-96.09200371,LargeStreams,Region_05,NRS18_MN_10405,2019,7/29/2019,1,BETB,8.65,Poor,USC00215693
2014226,ARTHROPODA,INSECTA,DIPTERA,CHIRONOMIDAE,CHIRONOMUS,CHIRONOMUS,3582,2,1,39.9280431971593,-87.42775738,RiversMajor,Region_05,NRS18_IN_10009,2019,7/29/2019,1,BETB,45.63,Good,US1INVR0004
2014227,ARTHROPODA,INSECTA,EPHEMEROPTERA,BAETIDAE,,BAETIDAE,3500,1,0,42.097370698425,-101.1664842,LargeStreams,Region_07,NRS18_NE_10003,2019,7/29/2019,1,BERW,59.13,Good,US1Hook1800
2014228,ARTHROPODA,INSECTA,TRICHOPTERA,HYDROPSYCHIDAE,POTAMYIA,POTAMYIA,4186,10,1,34.9709095063333,-96.22299622,RiversMajor,Region_06,NRS18_OK_10031,2019,7/29/2019,1,BERW,22.15,Poor,USC00341391
2014229,ARTHROPODA,INSECTA,EPHEMEROPTERA,HEPTAGENIIDAE,STENONEMA,STENONEMA,4313,1,1,37.2097047130063,-95.54539085,LargeStreams,Region_07,NRS18_KS_10012,2019,7/29/2019,1,BERW,38.63,Fair,USC00141478
2014230,ARTHROPODA,INSECTA,DIPTERA,CHIRONOMIDAE,,CRICOTOPUS/ORTHOCLADIUS,3623,5,1,46.8437301869243,-89.33006437,RiversMajor,Region_05,NRS18_MI_10024,2019,7/29/2019,1,BETB,48.3,Good,USC00206215
2014231,ARTHROPODA,INSECTA,PLECOPTERA,CHLOROPERLIDAE,,CHLOROPERLIDAE,3583,2,0,41.4665764281135,-117.7079796,SmallStreams,Region_09,NRS18_NV_10192,2019,7/29/2019,1,BERW,57.27,Good,USR0000NMOR
2014232,ARTHROPODA,INSECTA,EPHEMEROPTERA,LEPTOPHLEBIIDAE,TRAVERELLA,TRAVERELLA,4376,98,1,46.343236591348,-105.8018705,RiversOther,Region_08,NRS18_MT_10114,2019,7/26/2019,1,BERW,62.7,Good,US1MTCS0013
2014233,ARTHROPODA,INSECTA,DIPTERA,CHIRONOMIDAE,TANYTARSUS,TANYTARSUS,4348,74,1,48.042507227241,-104.7702413,LargeStreams,Region_08,NRS18_MT_10108,2019,7/28/2019,1,BERW,25.68,Poor,USC00241164
2014234,ARTHROPODA,INSECTA,COLEOPTERA,ELMIDAE,DUBIRAPHIA,DUBIRAPHIA,3678,39,1,47.0677987204753,-104.1518971,LargeStreams,Region_08,NRS18_MT_10589,2019,7/28/2019,1,BERW,55.7,Fair,USC00248957
2014235,ARTHROPODA,ARACHNIDA,TROMBIDIFORMES,UNIONICOLIDAE,NEUMANIA,NEUMANIA,4038,,,48.8794988216936,-104.922924,LargeStreams,Region_08,NRS18_MT_10593,2019,7/29/2019,1,BERW,31.33,Poor,US1MTSH0003
2014236,ARTHROPODA,INSECTA,EPHEMEROPTERA,BAETIDAE,,BAETIDAE,3500,,,45.9935032640026,-110.7352828,LargeStreams,Region_08,NRS18_MT_10083,2019,7/29/2019,1,BERW,68.8,Good,USC00249018
2014237,MOLLUSCA,BIVALVIA,VENEROIDA,CORBICULIDAE,CORBICULA,CORBICULA,3612,,,40.0245409036337,-74.92162645,RiversOther,Region_02,NRS18_NJ_10016,2019,7/30/2019,1,BETB,10.27,Poor,US1NJBT0009
2014238,ARTHROPODA,INSECTA,DIPTERA,CHIRONOMIDAE,CRYPTOCHIRONOMUS,CRYPTOCHIRONOMUS,3625,2,1,48.7030558341877,-94.33570175,RiversOther,Region_05,NRS18_MN_10017,2019,7/30/2019,1,BETB,21.05,Poor,USC00211426
2014239,ARTHROPODA,INSECTA,DIPTERA,CHIRONOMIDAE,TANYPUS,TANYPUS,4347,1,1,43.0447320078227,-88.80877493,RiversMajor,Region_05,NRS18_WI_10992,2019,7/30/2019,1,BETB,4.4,Poor,US1WIJF0017
2014240,ARTHROPODA,INSECTA,DIPTERA,CHIRONOMIDAE,CHAETOCLADIUS,CHAETOCLADIUS,3571,1,1,,,,Region_08,NRS18_CO_RF006,,7/30/2019,1,BERW,48.6,,ACW00011604
2014241,ARTHROPODA,INSECTA,TRICHOPTERA,HYDROPTILIDAE,OXYETHIRA,OXYETHIRA,4085,2,1,44.670949620524,-68.6770121,LargeStreams,Region_01,NRS18_ME_10010,2019,7/30/2019,1,BETB,1.03,Poor,USC00171867
2014242,ARTHROPODA,INSECTA,TRICHOPTERA,HYDROPSYCHIDAE,SMICRIDEA,SMICRIDEA,4289,2,1,28.9504206738677,-100.6493661,RiversMajor,Region_06,NRS18_TX_10015,2019,7/29/2019,1,BETB,82.28,Good,US1TXMVR002
2014243,ARTHROPODA,INSECTA,TRICHOPTERA,,,TRICHOPTERA,4382,,,37.8231174553374,-97.0303315,SmallStreams,Region_07,NRS18_KS_10099,2019,7/30/2019,1,BERW,43.03,Good,US1KSBU0017
2014244,ARTHROPODA,INSECTA,DIPTERA,CHIRONOMIDAE,PARALAUTERBORNIELLA,PARALAUTERBORNIELLA,4107,10,1,39.2617471000156,-86.79815932,RiversOther,Region_05,NRS18_IN_10015,2019,7/30/2019,1,BETB,22.28,Poor,USC00128290
2014245,ARTHROPODA,INSECTA,EPHEMEROPTERA,CAENIDAE,SPARBARUS,SPARBARUS,4294,,,38.2096597706162,-80.04872664,LargeStreams,Region_03,NRS18_WV_10001,2019,7/30/2019,1,BERW,54.97,Good,USC00465672
2014246,ARTHROPODA,INSECTA,TRICHOPTERA,LEPTOCERIDAE,NECTOPSYCHE,NECTOPSYCHE,4011,2,1,43.3279405582815,-96.21083875,RiversOther,Region_07,NRS18_IA_10027,2019,7/30/2019,1,BETB,62.48,Good,US1IALY0011
2014247,ARTHROPODA,INSECTA,COLEOPTERA,ELMIDAE,OPTIOSERVUS,OPTIOSERVUS,4071,16,1,42.0721461173146,-124.0083425,SmallStreams,Region_10,NRS18_OR_10005,2019,7/30/2019,1,BERW,50.3,Good,USR0000OWCR
2014248,ARTHROPODA,ARACHNIDA,TROMBIDIFORMES,SPERCHONIDAE,SPERCHON,SPERCHON,4296,,,38.5715497187037,-75.67425567,RiversOther,Region_03,NRS18_DE_10009,2019,7/30/2019,1,BETB,20.87,Poor,US1DESS0081
2014249,ARTHROPODA,INSECTA,DIPTERA,CHIRONOMIDAE,DICROTENDIPES,DICROTENDIPES,3658,9,1,48.9432367599002,-106.8565294,LargeStreams,Region_08,NRS18_MT_10010,2019,7/30/2019,1,BERW,45.77,Fair,USC00248202
2014250,ARTHROPODA,INSECTA,DIPTERA,CHIRONOMIDAE,CRYPTOCHIRONOMUS,CRYPTOCHIRONOMUS,3625,3,1,48.9226031267268,-106.7993967,LargeStreams,Region_08,NRS18_MT_10040,2019,7/30/2019,1,BERW,35.82,Poor,USC00248202
2014251,ARTHROPODA,INSECTA,COLEOPTERA,DYTISCIDAE,,DYTISCIDAE,3679,1,1,46.1667664977716,-110.5490897,LargeStreams,Region_08,NRS18_MT_10003,2019,7/30/2019,1,BERW,94.77,Good,USS0010C03S
2014252,ARTHROPODA,INSECTA,EPHEMEROPTERA,EPHEMERELLIDAE,,EPHEMERELLIDAE,3706,2,1,,,,Region_01,NRS18_NH_10006,,7/31/2019,2,BERW,56.85,,ACW00011604
2014253,ARTHROPODA,INSECTA,DIPTERA,CHIRONOMIDAE,NANOCLADIUS,NANOCLADIUS,4005,1,1,42.5228841223456,-89.03751415,RiversMajor,Region_05,NRS18_WI_10061,2019,7/31/2019,1,BETB,13.87,Poor,USC00470696
2014254,ARTHROPODA,INSECTA,DIPTERA,CHIRONOMIDAE,PARATANYTARSUS,PARATANYTARSUS,4120,1,1,,,,Region_04,NRS18_FL_10002,,7/31/2019,2,BETB,39.42,,ACW00011604
2014255,ANNELIDA,OLIGOCHAETA,HAPLOTAXIDA,TUBIFICIDAE,AULODRILUS,AULODRILUS,3496,8,1,44.6082766474215,-73.96279699,SmallStreams,Region_02,NRS18_NY_10268,2019,7/31/2019,1,BERW,12.6,Poor,US1NYFK0002
2014256,ARTHROPODA,INSECTA,EPHEMEROPTERA,HEPTAGENIIDAE,,HEPTAGENIIDAE,3802,1,0,38.6427924306027,-87.61438338,RiversMajor,Region_05,NRS18_IN_10002,2019,7/31/2019,1,BETB,42.32,Good,US1ILLW0002
2014257,ARTHROPODA,INSECTA,TRICHOPTERA,LEPTOCERIDAE,NECTOPSYCHE,NECTOPSYCHE,4011,164,1,43.4510629897869,-94.86715932,RiversMajor,Region_07,NRS18_IA_10009,2019,7/31/2019,1,BETB,44.17,Good,USC00132724
2014258,ARTHROPODA,INSECTA,COLEOPTERA,ELMIDAE,MACRONYCHUS,MACRONYCHUS,3952,2,1,40.9310745368676,-80.37396527,RiversOther,Region_03,NRS18_PA_10011,2019,7/31/2019,1,BETB,35.02,Poor,US1PALW0017
2014260,ARTHROPODA,INSECTA,PLECOPTERA,PTERONARCYIDAE,PTERONARCELLA,PTERONARCELLA,4227,,,,,,Region_08,NRS18_CO_RF015,,7/31/2019,1,BERW,47.47,,ACW00011604
2014261,ARTHROPODA,INSECTA,DIPTERA,CHIRONOMIDAE,TANYTARSUS,TANYTARSUS,4348,2,1,46.0753211148082,-110.0509399,SmallStreams,Region_08,NRS18_MT_10094,2019,7/31/2019,1,BERW,77.92,Good,USC00245603
2014262,ARTHROPODA,INSECTA,TRICHOPTERA,BRACHYCENTRIDAE,AMIOCENTRUS,AMIOCENTRUS,3445,1,1,41.5392605713911,-123.5267321,RiversMajor,Region_09,NRS18_CA_10013,2019,7/30/2019,1,BETB,56.85,Good,US1CASK0014
2014263,ARTHROPODA,INSECTA,EPHEMEROPTERA,EPHEMERELLIDAE,SERRATELLA,SERRATELLA,4272,1,1,,,,Region_09,NRS18_CA_10002,,7/29/2019,2,BETB,14.23,,ACW00011604
2014264,ARTHROPODA,INSECTA,DIPTERA,CHIRONOMIDAE,PARACLADOPELMA,PARACLADOPELMA,4101,1,1,42.503163291745,-101.4197201,LargeStreams,Region_07,NRS18_NE_10678,2019,7/30/2019,1,BERW,45.92,Good,USC00259266
2014265,ARTHROPODA,INSECTA,DIPTERA,PSYCHODIDAE,MARUINA,MARUINA,3961,1,1,42.0174885238676,-123.9496604,SmallStreams,Region_10,NRS18_OR_10069,2019,7/31/2019,1,BERW,65.48,Good,USR0000OWCR
2014266,ANNELIDA,OLIGOCHAETA,HAPLOTAXIDA,NAIDIDAE,,NAIDIDAE,4003,1,0,47.905250179417,-90.21860332,SmallStreams,Region_05,NRS18_MN_10257,2019,7/31/2019,1,BERW,46.93,Good,US1MNCK0021
2014267,ARTHROPODA,INSECTA,TRICHOPTERA,LEPTOCERIDAE,NECTOPSYCHE,NECTOPSYCHE,4011,3,1,48.602586608225,-107.6191811,RiversMajor,Region_08,NRS18_MT_10072,2019,7/31/2019,1,BETB,80.32,Good,USC00247267
2014268,ARTHROPODA,INSECTA,EPHEMEROPTERA,LEPTOHYPHIDAE,TRICORYTHODES,TRICORYTHODES,4384,5,1,45.2064722906055,-87.7321759,RiversOther,Region_05,NRS18_MI_10057,2019,7/31/2019,1,BETB,63.13,Good,US1MIMM0008
2014269,ARTHROPODA,ARACHNIDA,TROMBIDIFORMES,PROTZIIDAE,PROTZIA,PROTZIA,4204,1,1,40.4110825974424,-116.9237429,SmallStreams,Region_09,NRS18_NV_10188,2019,7/31/2019,1,BERW,55.03,Fair,USS0016J01S
2014270,ARTHROPODA,INSECTA,EPHEMEROPTERA,BAETIDAE,BAETIS,BAETIS,3501,52,1,40.191371213642,-117.2531401,LargeStreams,Region_09,NRS18_NV_10010,2019,7/30/2019,1,BERW,39.88,Poor,USC00266754
2014271,ARTHROPODA,INSECTA,EPHEMEROPTERA,BAETIDAE,LABIOBAETIS,LABIOBAETIS,4774,,,45.7470753270514,-87.8664876,RiversOther,Region_05,NRS18_MI_10055,2019,7/31/2019,1,BETB,28.63,Fair,US1WIMR0007
2014272,ARTHROPODA,INSECTA,DIPTERA,CHIRONOMIDAE,TRIBELOS,TRIBELOS,4379,26,1,41.3113780887716,-74.79188278,RiversMajor,Region_02,NRS18_NJ_10008,2019,8/1/2019,1,BETB,34.98,Fair,USC00365752
2014273,ARTHROPODA,INSECTA,DIPTERA,TIPULIDAE,DICRANOTA,DICRANOTA,3657,2,1,38.0199184764595,-111.654475,SmallStreams,Region_08,NRS18_UT_10011,2019,7/30/2019,1,BERW,21.63,Poor,USR0000BUCF
2014274,ARTHROPODA,INSECTA,TRICHOPTERA,MOLANNIDAE,MOLANNA,MOLANNA,3987,2,1,45.257332845259,-68.94965527,RiversOther,Region_01,NRS18_ME_10005,2019,8/1/2019,1,BETB,32.48,Poor,USC00175347
2014275,ARTHROPODA,INSECTA,MEGALOPTERA,SIALIDAE,SIALIS,SIALIS,4276,1,1,46.8259141089481,-100.9301159,RiversOther,Region_08,NRS18_ND_10032,2019,8/1/2019,1,BERW,71.92,Good,USC00325479
2014276,ARTHROPODA,INSECTA,TRICHOPTERA,POLYCENTROPODIDAE,,POLYCENTROPODIDAE,4174,1,0,47.0060292033321,-93.23164389,LargeStreams,Region_05,NRS18_MN_10556,2019,8/1/2019,1,BETB,42.32,Good,US1MNIT0063
2014277,ARTHROPODA,INSECTA,DIPTERA,CHIRONOMIDAE,CHIRONOMUS,CHIRONOMUS,3582,2,1,43.0422188462033,-95.05469764,RiversOther,Region_07,NRS18_IA_10659,2019,8/1/2019,1,BETB,50.77,Good,US1IACY0006
2014278,ARTHROPODA,INSECTA,DIPTERA,CHIRONOMIDAE,,THIENEMANNIMYIA GENUS GR.,4362,1,1,45.5493214505921,-109.2430792,LargeStreams,Region_08,NRS18_MT_10592,2019,8/1/2019,1,BERW,34.55,Poor,US1MTSW0013
2014279,ARTHROPODA,MALACOSTRACA,DECAPODA,CAMBARIDAE,,CAMBARIDAE,3548,1,1,38.4517839356742,-87.59800228,RiversOther,Region_05,NRS18_IN_10007,2019,8/1/2019,1,BETB,30.87,Fair,US1INGB0008
2014280,ARTHROPODA,INSECTA,DIPTERA,CHIRONOMIDAE,STENOCHIRONOMUS,STENOCHIRONOMUS,4311,2,1,,,,Region_04,NRS18_FL_10007,,8/1/2019,2,BETB,46.52,,ACW00011604
2014281,ARTHROPODA,INSECTA,ODONATA,GOMPHIDAE,,GOMPHIDAE,3759,1,1,48.3459787301315,-107.5838055,RiversOther,Region_08,NRS18_MT_10019,2019,8/1/2019,1,BETB,32.48,Poor,USC00245338
2014282,MOLLUSCA,GASTROPODA,BASOMMATOPHORA,ANCYLIDAE,FERRISSIA,FERRISSIA,3735,3,1,41.0479924022904,-79.6624337,RiversMajor,Region_03,NRS18_PA_10045,2019,8/1/2019,1,BETB,38.73,Fair,USC00366721
2014283,ARTHROPODA,INSECTA,DIPTERA,CHIRONOMIDAE,CLADOPELMA,CLADOPELMA,3593,2,1,30.8392409997901,-96.72311752,RiversOther,Region_06,NRS18_TX_10018,2019,8/1/2019,1,BETB,46.53,Fair,US1TXMLM018
2014284,ARTHROPODA,INSECTA,DIPTERA,CHIRONOMIDAE,GLYPTOTENDIPES,GLYPTOTENDIPES,3756,3,1,,,,Region_06,NRS18_TX_10085,,7/31/2019,2,BETB,10.77,,ACW00011604
2014285,ARTHROPODA,INSECTA,EPHEMEROPTERA,CAENIDAE,SPARBARUS,SPARBARUS,4294,2,1,46.019425418632,-86.22127085,RiversOther,Region_05,NRS18_MI_10021,2019,8/1/2019,1,BETB,40.83,Good,US1MISH0001
2014286,ARTHROPODA,INSECTA,DIPTERA,CHIRONOMIDAE,STICTOCLADIUS,ORTHOCLADIINAE,5110,,,43.9220182402817,-114.1142041,LargeStreams,Region_10,NRS18_ID_10022,2019,7/31/2019,1,BERW,53.05,Good,USC00106985
2014287,ARTHROPODA,INSECTA,DIPTERA,CHIRONOMIDAE,KRENOSMITTIA,KRENOSMITTIA,3881,1,1,44.0541872786303,-113.4389387,SmallStreams,Region_10,NRS18_ID_10117,2019,8/1/2019,1,BERW,55.7,Good,USS0013E27S
2014288,ARTHROPODA,INSECTA,DIPTERA,CHIRONOMIDAE,GLYPTOTENDIPES,GLYPTOTENDIPES,3756,1,1,38.5740766439743,-86.85303476,RiversOther,Region_05,NRS18_IN_10027,2019,8/2/2019,1,BETB,30.07,Poor,USC00128036
2014289,PLATYHELMINTHES,TURBELLARIA,NEOOPHORA,PLANARIIDAE,POLYCELIS,POLYCELIS,4173,5,1,39.2700219304044,-114.3144801,LargeStreams,Region_09,NRS18_NV_10495,2019,8/1/2019,1,BERW,30.77,Poor,USS0014K07S
2014290,ARTHROPODA,INSECTA,DIPTERA,CERATOPOGONIDAE,,CERATOPOGONINAE,3567,1,1,45.0082492191043,-108.9111304,LargeStreams,Region_08,NRS18_MT_10063,2019,8/2/2019,1,BERW,8.07,Poor,USC00240617
2014291,ARTHROPODA,INSECTA,DIPTERA,CHIRONOMIDAE,RHEOCRICOTOPUS,RHEOCRICOTOPUS,4245,1,1,46.5760352992755,-68.08781271,LargeStreams,Region_01,NRS18_ME_10006,2019,8/2/2019,1,BERW,53.85,Fair,US1MEAR0028
2014292,ARTHROPODA,INSECTA,MEGALOPTERA,CORYDALIDAE,CHAULIODES,CHAULIODES,3574,1,1,44.8883826573153,-93.17842386,RiversOther,Region_05,NRS18_MN_10032,2019,8/2/2019,1,BETB,16.9,Poor,US1MNRM0065
2014293,ARTHROPODA,INSECTA,DIPTERA,CHIRONOMIDAE,RHEOTANYTARSUS,RHEOTANYTARSUS,4247,1,1,44.2364332796553,-92.32519778,RiversOther,Region_05,NRS18_MN_10031,2019,8/4/2019,1,BETB,33.92,Fair,USC00219235
2014294,ARTHROPODA,INSECTA,DIPTERA,CHIRONOMIDAE,RHEOTANYTARSUS,RHEOTANYTARSUS,4247,,,,,,Region_09,NRS18_CA_10001,,7/30/2019,2,BERW,82.63,,ACW00011604
2014295,MOLLUSCA,BIVALVIA,VENEROIDA,PISIDIIDAE,PISIDIUM,PISIDIUM,4159,1,1,48.3658359571233,-108.1536959,RiversMajor,Region_08,NRS18_MT_10028,2019,8/2/2019,1,BERW,67.5,Good,USC00242438
2014296,ARTHROPODA,INSECTA,EPHEMEROPTERA,HEPTAGENIIDAE,,HEPTAGENIIDAE,3802,8,0,46.4577505615911,-110.3713055,RiversOther,Region_08,NRS18_MT_10021,2019,8/4/2019,1,BERW,89.4,Good,USC00245387
2014297,MOLLUSCA,GASTROPODA,,,,GASTROPODA,3745,3,0,45.0721146518942,-109.0366393,SmallStreams,Region_08,NRS18_MT_10421,2019,8/4/2019,1,BERW,42.8,Fair,USC00240617
2014298,ARTHROPODA,INSECTA,DIPTERA,CHIRONOMIDAE,,CHIRONOMIDAE,3581,6,0,46.7043920048944,-68.67903911,SmallStreams,Region_01,NRS18_ME_10018,2019,8/5/2019,1,BERW,51.95,Fair,USC00170238
2014299,ARTHROPODA,INSECTA,DIPTERA,CHIRONOMIDAE,RHEOTANYTARSUS,RHEOTANYTARSUS,4247,6,1,46.5824509601922,-68.69484212,LargeStreams,Region_01,NRS18_ME_10025,2019,8/4/2019,1,BERW,64,Good,USC00170238
2014300,ARTHROPODA,ARACHNIDA,TROMBIDIFORMES,LIMNESIIDAE,LIMNESIA,LIMNESIA,3920,1,1,44.5676596250173,-92.48587244,RiversMajor,Region_05,NRS18_MN_10034,2019,8/4/2019,1,BETB,28.1,Fair,USW00004967
2014301,ARTHROPODA,INSECTA,DIPTERA,CHIRONOMIDAE,PAGASTIA,PAGASTIA,4088,6,1,,,,Region_05,NRS18_MN_10019,,8/5/2019,2,BERW,25.62,,ACW00011604
2014302,ARTHROPODA,INSECTA,COLEOPTERA,HYDRAENIDAE,HYDRAENA,HYDRAENA,3829,,,46.8453780388681,-111.1382684,SmallStreams,Region_08,NRS18_MT_10029,2019,8/5/2019,1,BERW,39.83,Poor,USC00245712
2014303,ANNELIDA,OLIGOCHAETA,HAPLOTAXIDA,,,HAPLOTAXIDA,3783,1,1,43.7193996293289,-95.0462199,RiversMajor,Region_05,NRS18_MN_10011,2019,8/2/2019,1,BETB,58.77,Good,USC00214453
2014304,ARTHROPODA,ARACHNIDA,TROMBIDIFORMES,LIMNESIIDAE,LIMNESIA,LIMNESIA,3920,1,1,42.5070744384926,-90.64462962,RiversMajor,Region_07,NRS18_IA_10012,2019,8/5/2019,1,BETB,56.67,Good,US1ILJD0009
2014305,ARTHROPODA,INSECTA,EPHEMEROPTERA,HEPTAGENIIDAE,MACCAFFERTIUM,MACCAFFERTIUM,3948,2,1,38.9293993085572,-77.87369583,LargeStreams,Region_03,NRS18_VA_10009,2019,8/5/2019,1,BERW,42.78,Fair,USC00442326
2014306,ARTHROPODA,INSECTA,DIPTERA,CHIRONOMIDAE,TANYTARSUS,TANYTARSUS,4348,6,1,33.8790699503724,-95.91292172,RiversMajor,Region_06,NRS18_OK_10030,2019,7/30/2019,1,BETB,60.15,Good,USC00416050
2014307,ARTHROPODA,INSECTA,DIPTERA,CHIRONOMIDAE,,CRICOTOPUS/ORTHOCLADIUS,3623,8,1,40.8935385701985,-96.60388611,RiversOther,Region_07,NRS18_NE_10073,2019,8/5/2019,1,BERW,17.93,Poor,US1Lanc5524
2014308,ARTHROPODA,INSECTA,COLEOPTERA,GYRINIDAE,GYRINUS,GYRINUS,3774,1,1,47.4483654737809,-111.3010562,RiversMajor,Region_08,NRS18_MT_10073,2019,8/4/2019,1,BETB,24.2,Poor,US1MTCC0016
2014309,ARTHROPODA,INSECTA,EPHEMEROPTERA,EPHEMERIDAE,HEXAGENIA,HEXAGENIA,3816,3,1,47.4516106964137,-111.301288,RiversMajor,Region_08,NRS18_MT_10024,2019,8/4/2019,1,BETB,45.7,Fair,US1MTCC0016
2014310,ARTHROPODA,INSECTA,DIPTERA,CHIRONOMIDAE,RHEOTANYTARSUS,RHEOTANYTARSUS,4247,8,1,47.4143467177219,-111.4986289,RiversMajor,Region_08,NRS18_MT_10017,2019,8/5/2019,1,BETB,42.95,Fair,USC00248455
2014311,ARTHROPODA,INSECTA,DIPTERA,CHIRONOMIDAE,STICTOCHIRONOMUS,STICTOCHIRONOMUS,4315,1,1,31.3404654654475,-81.48488794,RiversOther,Region_04,NRS18_GA_10017,2019,8/6/2019,1,BETB,6.12,Poor,USC00092552
2014312,ARTHROPODA,INSECTA,DIPTERA,CHIRONOMIDAE,CRYPTOCHIRONOMUS,CRYPTOCHIRONOMUS,3625,3,1,47.1318268714626,-67.89809741,RiversOther,Region_01,NRS18_ME_10002,2019,8/6/2019,1,BETB,11.08,Poor,USC00178963
2014313,ARTHROPODA,INSECTA,ODONATA,GOMPHIDAE,,GOMPHIDAE,3759,6,0,42.1761836118271,-90.32202566,RiversOther,Region_07,NRS18_IA_10032,2019,8/6/2019,1,BETB,31.87,Fair,US1ILJD0006
2014314,ARTHROPODA,INSECTA,DIPTERA,CHIRONOMIDAE,PARAMETRIOCNEMUS,PARAMETRIOCNEMUS,4112,1,1,44.0438614886741,-101.4511155,RiversOther,Region_08,NRS18_SD_10011,2019,8/6/2019,1,BETB,41.78,Poor,USW00024024
2014315,ARTHROPODA,INSECTA,DIPTERA,CHIRONOMIDAE,LARSIA,LARSIA,3890,1,1,44.0245990304188,-88.79457222,RiversOther,Region_05,NRS18_WI_10024,2019,8/6/2019,1,BETB,18.3,Poor,US1WIWN0007
2014316,ARTHROPODA,INSECTA,EPHEMEROPTERA,EPHEMERIDAE,HEXAGENIA,HEXAGENIA,3816,1,1,46.050645323164,-102.0129711,RiversOther,Region_08,NRS18_ND_10027,2019,8/6/2019,1,BERW,40.5,Poor,USC00328396
2014317,ARTHROPODA,INSECTA,DIPTERA,TIPULIDAE,GONOMYIA,GONOMYIA,3763,1,1,37.8311995630961,-77.122197,RiversMajor,Region_03,NRS18_VA_10010,2019,8/6/2019,1,BETB,53.93,Fair,US1VAKW0005
2014318,ARTHROPODA,INSECTA,ODONATA,,,ODONATA,4056,,,,,,Region_05,NRS18_MN_10002,,8/6/2019,2,BETB,22.4,,ACW00011604
2014319,ARTHROPODA,INSECTA,DIPTERA,DIXIDAE,DIXA,DIXA,3667,2,1,40.1307956110408,-121.4652129,SmallStreams,Region_09,NRS18_CA_10108,2019,8/6/2019,1,BERW,69.83,Good,USR0000CBUT
2014320,ARTHROPODA,INSECTA,DIPTERA,CHIRONOMIDAE,ABLABESMYIA,ABLABESMYIA,3406,1,1,48.1432112673171,-112.1246194,SmallStreams,Region_08,NRS18_MT_10011,2019,8/6/2019,1,BERW,28.92,Poor,USC00241974
2014321,ARTHROPODA,INSECTA,EPHEMEROPTERA,BAETIDAE,CENTROPTILUM,CENTROPTILUM,3564,6,1,41.4563960605852,-123.9355648,RiversMajor,Region_09,NRS18_CA_10014,2019,8/6/2019,1,BETB,15.07,Poor,US1CADN0012
2014322,ARTHROPODA,INSECTA,ODONATA,GOMPHIDAE,,GOMPHIDAE,3759,4,0,,,,Region_04,NRS18_KY_10011,,8/6/2019,2,BERW,11.63,,ACW00011604
2014323,PLATYHELMINTHES,TURBELLARIA,,,,TURBELLARIA,4393,15,1,46.5855886703596,-111.2657085,SmallStreams,Region_08,NRS18_MT_10009,2019,8/6/2019,1,BERW,56.75,Good,USS0011C02S
2014324,ARTHROPODA,ARACHNIDA,TROMBIDIFORMES,SPERCHONIDAE,SPERCHON,SPERCHON,4296,3,1,,,,Region_03,NRS18_PA_RF001,,8/6/2019,1,BETB,48.78,,ACW00011604
2014325,ARTHROPODA,INSECTA,DIPTERA,CHIRONOMIDAE,STEMPELLINA,STEMPELLINA,4307,1,1,44.6744891997581,-84.32746796,RiversMajor,Region_05,NRS18_MI_10014,2019,8/7/2019,1,BETB,46.03,Good,US1MIOD0003
2014326,ARTHROPODA,INSECTA,DIPTERA,CHIRONOMIDAE,PARACLADOPELMA,PARACLADOPELMA,4101,3,1,41.152045691357,-96.54845474,RiversOther,Region_07,NRS18_NE_10010,2019,8/7/2019,1,BERW,38.92,Fair,USC00255362
2014327,ARTHROPODA,ARACHNIDA,TROMBIDIFORMES,MIDEOPSIDAE,MIDEOPSIS,MIDEOPSIS,3986,4,1,47.2086580886605,-68.82281706,RiversOther,Region_01,NRS18_ME_10013,2019,8/7/2019,1,BETB,57.55,Good,USC00177407
2014328,ARTHROPODA,INSECTA,ODONATA,,,ODONATA,4056,1,0,40.0733624594426,-75.2235382,LargeStreams,Region_03,NRS18_PA_10046,2019,8/7/2019,1,BERW,23.38,Poor,US1PAPH0006
2014329,ARTHROPODA,INSECTA,DIPTERA,CHIRONOMIDAE,DICROTENDIPES,DICROTENDIPES,3658,5,1,30.9619999594229,-84.55846955,RiversMajor,Region_04,NRS18_GA_10035,2019,8/7/2019,1,BETB,35.92,Poor,USC00090581
2014330,ARTHROPODA,INSECTA,DIPTERA,CHIRONOMIDAE,STENOCHIRONOMUS,STENOCHIRONOMUS,4311,19,1,32.7574417874084,-94.84784005,SmallStreams,Region_06,NRS18_TX_10099,2019,8/7/2019,1,BERW,45.3,Fair,US1TXUP0011
2014331,MOLLUSCA,BIVALVIA,VENEROIDA,PISIDIIDAE,,PISIDIIDAE,4158,2,0,32.7609952793088,-94.30026949,LargeStreams,Region_06,NRS18_TX_10093,2019,8/6/2019,1,BETB,19.13,Poor,USC00414577
2014332,ARTHROPODA,INSECTA,PLECOPTERA,LEUCTRIDAE,,LEUCTRIDAE,3913,2,0,39.9052137540938,-121.0465597,SmallStreams,Region_09,NRS18_CA_10005,2019,8/7/2019,1,BERW,69.58,Good,US1CAPM0002
2014333,ARTHROPODA,INSECTA,COLEOPTERA,GYRINIDAE,DINEUTUS,DINEUTUS,3660,1,1,36.9289636037001,-96.18837345,LargeStreams,Region_06,NRS18_OK_10004,2019,8/5/2019,1,BETB,0,Poor,USC00344064
2014334,MOLLUSCA,BIVALVIA,VENEROIDA,PISIDIIDAE,MUSCULIUM,MUSCULIUM,3997,1,1,44.4000429280327,-88.77581716,RiversOther,Region_05,NRS18_WI_10056,2019,8/7/2019,1,BETB,26.9,Fair,USC00475932
2014335,ARTHROPODA,INSECTA,DIPTERA,CHIRONOMIDAE,DICROTENDIPES,DICROTENDIPES,3658,6,1,46.3547679076847,-102.1690376,RiversMajor,Region_08,NRS18_ND_10975,2019,8/7/2019,1,BERW,53.62,Fair,USC00326155
2014336,ARTHROPODA,INSECTA,EPHEMEROPTERA,LEPTOHYPHIDAE,TRICORYTHODES,TRICORYTHODES,4384,3,1,,,,Region_05,NRS18_MN_RF002,,8/6/2019,1,BETB,39.75,,ACW00011604
2014337,ARTHROPODA,INSECTA,DIPTERA,CHIRONOMIDAE,PARATANYTARSUS,PARATANYTARSUS,4120,1,1,,,,Region_07,NRS18_IA_10007,,8/7/2019,2,BETB,52.13,,ACW00011604
2014338,ARTHROPODA,INSECTA,DIPTERA,CERATOPOGONIDAE,DASYHELEA,DASYHELEA,3641,,,,,,Region_10,NRS18_OR_10001,,8/7/2019,2,BERW,40.68,,ACW00011604
2014339,ARTHROPODA,ARACHNIDA,TROMBIDIFORMES,SPERCHONIDAE,SPERCHON,SPERCHON,4296,1,1,43.781769491966,-100.8664395,RiversMajor,Region_08,NRS18_SD_11899,2019,8/7/2019,1,BETB,49.47,Fair,US1SDML0015
2014340,ARTHROPODA,MALACOSTRACA,DECAPODA,PALAEMONIDAE,PALAEMONETES,PALAEMONETES,4091,1,1,43.9993579559018,-88.88959504,RiversOther,Region_05,NRS18_WI_10691,2019,8/8/2019,1,BETB,21.73,Poor,USC00470742
2014341,ARTHROPODA,INSECTA,PLECOPTERA,PERLIDAE,ACRONEURIA,ACRONEURIA,3412,6,1,41.4522264065225,-76.4526647,LargeStreams,Region_03,NRS18_PA_10038,2019,8/8/2019,1,BERW,65.2,Good,USC00362325
2014342,ARTHROPODA,INSECTA,DIPTERA,CHIRONOMIDAE,LABRUNDINIA,LABRUNDINIA,3882,1,1,43.0563109224963,-85.59420601,RiversOther,Region_05,NRS18_MI_10002,2019,8/8/2019,1,BETB,19.3,Poor,USC00207072
2014343,ARTHROPODA,INSECTA,DIPTERA,CHIRONOMIDAE,PAGASTIELLA,PAGASTIELLA,4089,9,1,,,,Region_03,NRS18_WV_RF001,,8/8/2019,1,BETB,39.15,,ACW00011604
2014344,ARTHROPODA,INSECTA,DIPTERA,CERATOPOGONIDAE,,CERATOPOGONINAE,3567,3,1,42.8564100597107,-123.1434089,SmallStreams,Region_10,NRS18_OR_10017,2019,8/8/2019,1,BERW,51.32,Good,USC00352295
2014345,ARTHROPODA,INSECTA,DIPTERA,CHIRONOMIDAE,HETEROTRISSOCLADIUS,HETEROTRISSOCLADIUS,3814,2,1,46.9755637983931,-69.37838052,SmallStreams,Region_01,NRS18_ME_10001,2019,8/8/2019,1,BERW,49.6,Fair,US1MEAR0004
2014346,ARTHROPODA,INSECTA,DIPTERA,CERATOPOGONIDAE,,CERATOPOGONINAE,3567,1,1,,,,Region_05,NRS18_MN_RF003,,8/7/2019,1,BERW,67.15,,ACW00011604
2014347,ARTHROPODA,INSECTA,COLEOPTERA,ELMIDAE,MACRONYCHUS,MACRONYCHUS,3952,2,1,43.4017844480971,-100.9843349,LargeStreams,Region_08,NRS18_SD_10013,2019,8/8/2019,1,BERW,78.47,Good,USC00396477
2014348,ARTHROPODA,ARACHNIDA,TROMBIDIFORMES,SPERCHONIDAE,SPERCHONOPSIS,SPERCHONOPSIS,4298,1,1,,,,Region_05,NRS18_MN_RF001,,8/8/2019,1,BERW,57.2,,ACW00011604
2014349,ARTHROPODA,INSECTA,DIPTERA,SIMULIIDAE,SIMULIUM,SIMULIUM,4281,22,1,40.855735160143,-110.4569517,LargeStreams,Region_08,NRS18_UT_10285,2019,8/8/2019,1,BERW,37.82,Fair,USS0010J20S
2014350,ANNELIDA,OLIGOCHAETA,HAPLOTAXIDA,NAIDIDAE,DERO,DERO,3646,1,1,48.5494709599842,-109.3916757,LargeStreams,Region_08,NRS18_MT_10080,2019,8/8/2019,1,BERW,29.82,Poor,USC00241722
2014351,ARTHROPODA,INSECTA,DIPTERA,CHIRONOMIDAE,LABRUNDINIA,LABRUNDINIA,3882,1,1,48.8008972891878,-110.1348123,RiversMajor,Region_08,NRS18_MT_10070,2019,8/7/2019,1,BETB,64.03,Good,USC00243992
2014352,ARTHROPODA,INSECTA,EPHEMEROPTERA,BAETIDAE,ANAFROPTILUM,ANAFROPTILUM,5112,13,1,42.9765979546973,-85.51225004,RiversOther,Region_05,NRS18_MI_10023,2019,8/9/2019,1,BETB,45.4,Good,USC00200015
2014357,ARTHROPODA,INSECTA,DIPTERA,TABANIDAE,CHRYSOPS,CHRYSOPS,3587,6,1,46.3735725751698,-85.98251537,LargeStreams,Region_05,NRS18_MI_10532,2019,8/11/2019,1,BETB,28.05,Fair,USC00203123
2014359,ARTHROPODA,INSECTA,TRICHOPTERA,HYDROPSYCHIDAE,,HYDROPSYCHIDAE,3845,1,0,43.7870498224113,-101.2892818,RiversMajor,Region_08,NRS18_SD_10055,2019,8/11/2019,1,BETB,31.1,Poor,USC00390574
2014360,ARTHROPODA,INSECTA,DIPTERA,PSYCHODIDAE,,PSYCHODIDAE,4223,1,1,,,,Region_10,NRS18_ID_10015,,8/5/2019,2,BERW,34.9,,ACW00011604
2014361,ARTHROPODA,INSECTA,TRICHOPTERA,LIMNEPHILIDAE,ONOCOSMOECUS,ONOCOSMOECUS,4067,1,1,44.4073620652948,-111.5839679,RiversOther,Region_10,NRS18_ID_10024,2019,8/7/2019,1,BERW,61.03,Good,USC00104910
2014362,ARTHROPODA,INSECTA,EPHEMEROPTERA,EPHEMERELLIDAE,EPHEMERELLA,EPHEMERELLA,3705,22,1,44.358651883712,-111.4414907,RiversOther,Region_10,NRS18_ID_10037,2019,8/8/2019,1,BETB,22.25,Poor,USR0000IISP
2014363,ARTHROPODA,INSECTA,DIPTERA,CHIRONOMIDAE,TVETENIA,TVETENIA,4394,1,1,44.5947738173522,-111.4556269,SmallStreams,Region_10,NRS18_ID_10056,2019,8/6/2019,1,BERW,60.93,Good,USS0011E36S
2014364,ANNELIDA,HIRUDINEA,RHYNCHOBDELLIDA,GLOSSIPHONIIDAE,,GLOSSIPHONIIDAE,3751,,,39.893503296898,-86.12889282,RiversOther,Region_05,NRS18_IN_11097,2019,8/12/2019,1,BETB,24.45,Poor,US1INMR0153
2014365,ARTHROPODA,INSECTA,ODONATA,GOMPHIDAE,STYLURUS,STYLURUS,4326,1,1,43.6049887046781,-89.75164612,RiversMajor,Region_05,NRS18_WI_11142,2019,8/12/2019,1,BETB,28.77,Fair,USC00479319
2014366,ARTHROPODA,INSECTA,DIPTERA,CERATOPOGONIDAE,,CERATOPOGONINAE,3567,2,1,,,,Region_08,NRS18_CO_RF016,,8/12/2019,1,BERW,58.28,,ACW00011604
2014367,ARTHROPODA,INSECTA,EPHEMEROPTERA,EPHEMERELLIDAE,EURYLOPHELLA,EURYLOPHELLA,3726,2,1,46.7152654979363,-89.39489377,SmallStreams,Region_05,NRS18_MI_10072,2019,8/12/2019,1,BERW,50.75,Good,USC00203410
2014368,ARTHROPODA,INSECTA,EPHEMEROPTERA,HEPTAGENIIDAE,HEPTAGENIA,HEPTAGENIA,3801,1,1,43.6838866013498,-100.2086812,RiversMajor,Region_08,NRS18_SD_10025,2019,8/12/2019,1,BETB,35.72,Poor,US1SDLY0038
2014369,ARTHROPODA,INSECTA,DIPTERA,CHIRONOMIDAE,ABLABESMYIA,ABLABESMYIA,3406,2,1,32.8449786567782,-89.99038419,RiversMajor,Region_04,NRS18_MS_10010,2019,8/12/2019,1,BETB,15.87,Poor,USR0000MDRD
2014370,ARTHROPODA,INSECTA,DIPTERA,CHIRONOMIDAE,CHIRONOMUS,CHIRONOMUS,3582,19,1,,,,Region_04,NRS18_AL_10004,,8/11/2019,2,BERW,26.6,,ACW00011604
2014371,ARTHROPODA,ARACHNIDA,TROMBIDIFORMES,SPERCHONIDAE,SPERCHON,SPERCHON,4296,2,1,46.4412608081558,-116.2131745,RiversMajor,Region_10,NRS18_ID_10041,2019,8/12/2019,1,BETB,47.35,Fair,US1IDCW0001
2014374,ARTHROPODA,INSECTA,EPHEMEROPTERA,ISONYCHIIDAE,ISONYCHIA,ISONYCHIA,3866,6,1,45.0041010767127,-91.74488109,RiversOther,Region_05,NRS18_WI_10843,2019,8/13/2019,1,BETB,66.58,Good,US1WIDN0016
2014375,ARTHROPODA,MALACOSTRACA,CUMACEA,NANNASTACIDAE,ALMYRACUMA,ALMYRACUMA,3436,1,1,39.8769761357262,-75.30212927,LargeStreams,Region_03,NRS18_PA_10036,2019,8/13/2019,1,BETB,9.2,Poor,USC00367166
2014376,ARTHROPODA,INSECTA,ODONATA,CALOPTERYGIDAE,,CALOPTERYGIDAE,3546,2,0,46.3367764275344,-89.67835099,LargeStreams,Region_05,NRS18_MI_10019,2019,8/13/2019,1,BETB,48.8,Good,US1MIGG0001
2014377,ARTHROPODA,INSECTA,DIPTERA,CHIRONOMIDAE,NANOCLADIUS,NANOCLADIUS,4005,8,1,,,,Region_05,NRS18_IN_10009,,8/13/2019,2,BETB,22.57,,ACW00011604
2014378,ARTHROPODA,INSECTA,TRICHOPTERA,PHILOPOTAMIDAE,CHIMARRA,CHIMARRA,3579,1,1,36.9247980312833,-79.23007866,LargeStreams,Region_03,NRS18_VA_10017,2019,8/13/2019,1,BERW,49.52,Good,US1VAPT0013
2014379,ARTHROPODA,ARACHNIDA,TROMBIDIFORMES,HYGROBATIDAE,HYGROBATES,HYGROBATES,3855,2,1,40.8472283190517,-73.22628625,SmallStreams,Region_02,NRS18_NY_10043,2019,8/13/2019,1,BERW,49.4,Fair,US1NYSF0079
2014380,ARTHROPODA,ARACHNIDA,TROMBIDIFORMES,SPERCHONIDAE,SPERCHON,SPERCHON,4296,,,41.1210209643072,-81.51975745,LargeStreams,Region_05,NRS18_OH_10016,2019,8/13/2019,1,BERW,29.17,Poor,US1OHSM0027
2014381,ARTHROPODA,INSECTA,TRICHOPTERA,HYDROPTILIDAE,HYDROPTILA,HYDROPTILA,3846,3,1,47.616661867284,-112.6810545,RiversOther,Region_08,NRS18_MT_10090,2019,8/12/2019,1,BETB,48,Fair,USC00243489
2014382,ARTHROPODA,INSECTA,COLEOPTERA,ELMIDAE,MICROCYLLOEPUS,MICROCYLLOEPUS,3980,1,1,43.6155244595101,-100.6914902,RiversOther,Region_08,NRS18_SD_10042,2019,8/13/2019,1,BETB,57.5,Good,US1SDML0002
2014383,ARTHROPODA,MALACOSTRACA,AMPHIPODA,HYALELLIDAE,HYALELLA,HYALELLA,3821,110,1,45.9845139314804,-119.004127,RiversMajor,Region_10,NRS18_OR_10041,2019,8/13/2019,1,BETB,11.6,Poor,USC00455656
2014384,ARTHROPODA,INSECTA,TRICHOPTERA,HYDROPSYCHIDAE,CHEUMATOPSYCHE,CHEUMATOPSYCHE,3578,25,1,46.1348843772944,-115.9599482,RiversMajor,Region_10,NRS18_ID_10009,2019,8/13/2019,1,BETB,61.3,Good,USC00105011
2014385,ARTHROPODA,INSECTA,DIPTERA,CHIRONOMIDAE,ZAVRELIMYIA,ZAVRELIMYIA,4433,9,1,47.5766858619381,-113.8351452,LargeStreams,Region_08,NRS18_MT_10106,2019,8/13/2019,1,BERW,57.68,Good,USR0000MCON
2014386,ARTHROPODA,INSECTA,DIPTERA,CHIRONOMIDAE,SAETHERIA,SAETHERIA,4260,1,1,44.3835963880579,-102.4205923,RiversOther,Region_08,NRS18_SD_10040,2019,8/13/2019,1,BETB,59.7,Good,USC00392647
2014387,MOLLUSCA,GASTROPODA,BASOMMATOPHORA,PHYSIDAE,PHYSA,PHYSA,4149,1,1,39.7720000677008,-75.57881988,RiversOther,Region_03,NRS18_DE_10020,2019,8/13/2019,1,BETB,13.38,Poor,US1DENC0032
2014388,ARTHROPODA,ARACHNIDA,TROMBIDIFORMES,KRENDOWSKIIDAE,GEAYIA,GEAYIA,3746,2,1,29.2367999174118,-95.79754603,RiversOther,Region_06,NRS18_TX_10599,2019,8/13/2019,1,BETB,17.82,Poor,USC00416286
2014389,ARTHROPODA,INSECTA,TRICHOPTERA,HYDROPSYCHIDAE,CHEUMATOPSYCHE,CHEUMATOPSYCHE,3578,1,1,35.0025250367915,-97.85449891,RiversMajor,Region_06,NRS18_OK_10055,2019,8/12/2019,1,BETB,50.33,Good,USC00341756
2014390,ARTHROPODA,INSECTA,DIPTERA,CHIRONOMIDAE,TANYTARSUS,TANYTARSUS,4348,3,1,41.6562624405725,-72.62596911,RiversMajor,Region_01,NRS18_CT_10011,2019,8/14/2019,1,BETB,8.52,Poor,US1CTHR0094
2014391,ANNELIDA,OLIGOCHAETA,ENCHYTRAEIDA,ENCHYTRAEIDAE,,ENCHYTRAEIDAE,3697,1,1,30.9698187460873,-86.99358916,SmallStreams,Region_04,NRS18_FL_10021,2019,8/13/2019,1,BERW,74.62,Good,US1FLSR0007
2014392,ANNELIDA,OLIGOCHAETA,ENCHYTRAEIDA,ENCHYTRAEIDAE,,ENCHYTRAEIDAE,3697,,,39.922032553189,-75.21125802,RiversOther,Region_03,NRS18_PA_10041,2019,8/14/2019,1,BETB,13.5,Poor,USC00366899
2014393,ARTHROPODA,INSECTA,ODONATA,LIBELLULIDAE,,LIBELLULIDAE,3915,3,1,31.0598880173026,-88.88820285,SmallStreams,Region_04,NRS18_MS_10004,2019,8/14/2019,1,BERW,20.33,Poor,USC00220581
2014394,ARTHROPODA,ARACHNIDA,TROMBIDIFORMES,HYGROBATIDAE,ATRACTIDES,ATRACTIDES,3490,1,1,36.8764529455586,-79.06775804,RiversOther,Region_03,NRS18_VA_10007,2019,8/14/2019,1,BETB,50.78,Good,US1VAPT0013
2014395,ARTHROPODA,INSECTA,DIPTERA,CHIRONOMIDAE,EUKIEFFERIELLA,EUKIEFFERIELLA,3722,9,1,46.5727608476734,-88.99455083,LargeStreams,Region_05,NRS18_MI_10045,2019,8/14/2019,1,BERW,46.6,Good,USC00204328
2014396,ARTHROPODA,INSECTA,ODONATA,GOMPHIDAE,,GOMPHIDAE,3759,1,0,31.4703775464881,-89.72312974,SmallStreams,Region_04,NRS18_MS_10019,2019,8/13/2019,1,BERW,37.78,Poor,US1MSJD0001
2014397,ARTHROPODA,INSECTA,DIPTERA,CHIRONOMIDAE,CRYPTOCHIRONOMUS,CRYPTOCHIRONOMUS,3625,1,1,44.7490588804503,-91.05699217,RiversOther,Region_05,NRS18_WI_10850,2019,8/14/2019,1,BETB,27.43,Fair,USR0000WAUG
2014398,ARTHROPODA,INSECTA,ODONATA,GOMPHIDAE,GOMPHUS,GOMPHUS,3760,1,1,35.0605664510376,-84.02452301,SmallStreams,Region_04,NRS18_NC_10003,2019,8/14/2019,1,BERW,43.62,Fair,US1NCCK0018
2014399,ARTHROPODA,INSECTA,EPHEMEROPTERA,CAENIDAE,SPARBARUS,SPARBARUS,4294,1,1,,,,Region_05,NRS18_IN_10002,,8/14/2019,2,BETB,12.67,,ACW00011604
2014400,ARTHROPODA,INSECTA,TRICHOPTERA,HYDROPTILIDAE,HYDROPTILA,HYDROPTILA,3846,2,1,47.9094845502358,-113.8706947,RiversOther,Region_08,NRS18_MT_10023,2019,8/14/2019,1,BETB,39.85,Fair,USC00248087
2014401,ARTHROPODA,INSECTA,EPHEMEROPTERA,BAETIDAE,FALLCEON,FALLCEON,3729,1,1,43.6864996315323,-99.92719432,RiversMajor,Region_08,NRS18_SD_11894,2019,8/14/2019,1,BETB,30.17,Poor,US1SDLY0003
2014403,ARTHROPODA,INSECTA,DIPTERA,CHIRONOMIDAE,,THIENEMANNIMYIA GENUS GR.,4362,3,1,41.6130192121596,-74.10549041,SmallStreams,Region_02,NRS18_NY_10402,2019,8/15/2019,1,BERW,8.68,Poor,US1NYUL0034
2014404,ARTHROPODA,INSECTA,DIPTERA,CHIRONOMIDAE,TVETENIA,TVETENIA,4394,2,1,,,,Region_08,NRS18_CO_RF017,,8/14/2019,1,BERW,63.57,,ACW00011604
2014405,ANNELIDA,POLYCHAETA,SCOLECIDA,AEOLOSOMATIDAE,AEOLOSOMA,AEOLOSOMA,4939,1,1,,,,Region_08,NRS18_CO_RF011,,8/13/2019,1,BERW,11.18,,ACW00011604
2014406,ARTHROPODA,INSECTA,EPHEMEROPTERA,BAETIDAE,PLAUDITUS,PLAUDITUS,4166,1,1,39.804944220183,-79.32561228,RiversOther,Region_03,NRS18_PA_10025,2019,8/14/2019,1,BETB,29.93,Poor,USC00361705
2014407,ARTHROPODA,INSECTA,DIPTERA,CHIRONOMIDAE,CORYNONEURA,CORYNONEURA,3620,,,46.2441789873482,-116.0405007,RiversMajor,Region_10,NRS18_ID_10027,2019,8/14/2019,1,BETB,26.35,Poor,USC00104793
2014408,ARTHROPODA,INSECTA,TRICHOPTERA,BRACHYCENTRIDAE,MICRASEMA,MICRASEMA,3977,4,1,39.1112656209023,-119.8309349,LargeStreams,Region_09,NRS18_NV_10405,2019,8/15/2019,1,BERW,38.45,Fair,US1NVDG0006
2014409,ARTHROPODA,INSECTA,ODONATA,GOMPHIDAE,,GOMPHIDAE,3759,2,1,38.8634106668857,-119.1150261,RiversMajor,Region_09,NRS18_NV_10936,2019,8/14/2019,1,BERW,62.85,Good,US1NVLY0003
2014410,ARTHROPODA,INSECTA,TRICHOPTERA,HYDROPSYCHIDAE,,HYDROPSYCHIDAE,3845,2,0,39.4473240315018,-78.97642063,RiversMajor,Region_03,NRS18_MD_10006,2019,8/15/2019,1,BETB,42.43,Fair,USC00464836
2014411,ARTHROPODA,INSECTA,DIPTERA,CHIRONOMIDAE,STEMPELLINELLA,STEMPELLINELLA,4308,4,1,45.5424153917582,-93.40050135,RiversOther,Region_05,NRS18_MN_10065,2019,8/15/2019,1,BETB,45.52,Good,US1MNIS0022
2014412,MOLLUSCA,BIVALVIA,VENEROIDA,PISIDIIDAE,PISIDIUM,PISIDIUM,4159,10,1,41.5405880955692,-72.55125787,RiversMajor,Region_01,NRS18_CT_10005,2019,8/15/2019,1,BETB,4.53,Poor,USC00064757
2014413,ARTHROPODA,INSECTA,EPHEMEROPTERA,EPHEMERELLIDAE,DRUNELLA,DRUNELLA,3676,35,1,45.966182299565,-118.0295615,SmallStreams,Region_10,NRS18_OR_10029,2019,8/15/2019,1,BERW,62.92,Good,USC00358985
2014414,ARTHROPODA,INSECTA,DIPTERA,CHIRONOMIDAE,BRILLIA,BRILLIA,3535,2,1,45.8720321849066,-117.9261908,SmallStreams,Region_10,NRS18_OR_10055,2019,8/14/2019,1,BERW,23.27,Poor,USS0017D20S
2014415,ARTHROPODA,INSECTA,TRICHOPTERA,HYDROPSYCHIDAE,HYDROPSYCHE,HYDROPSYCHE,3844,1,1,42.716381707052,-97.91290413,RiversOther,Region_07,NRS18_NE_10045,2019,8/15/2019,1,BETB,27.52,Fair,US10knox016
2014416,ANNELIDA,OLIGOCHAETA,HAPLOTAXIDA,NAIDIDAE,,NAIDIDAE,4003,1,1,30.7780070617123,-87.30595997,RiversMajor,Region_04,NRS18_FL_10020,2019,8/15/2019,1,BETB,58.45,Good,USC00085850
2014417,ARTHROPODA,ARACHNIDA,TROMBIDIFORMES,PIONIDAE,,PIONIDAE,4156,1,1,48.0774647407646,-114.0187178,RiversOther,Region_08,NRS18_MT_10015,2019,8/15/2019,1,BETB,19.53,Poor,US1MTFH0016
2014418,ARTHROPODA,INSECTA,PLECOPTERA,PERLODIDAE,MEGARCYS,MEGARCYS,3964,1,1,45.1060860436978,-113.6464047,SmallStreams,Region_10,NRS18_ID_10120,2019,8/15/2019,1,BERW,66.83,Good,USS0013D19S
2014419,ARTHROPODA,INSECTA,EPHEMEROPTERA,HEPTAGENIIDAE,CINYGMA,CINYGMA,3589,5,1,44.8440373191446,-113.8166768,SmallStreams,Region_10,NRS18_ID_10006,2019,8/14/2019,1,BERW,34.43,Poor,USS0013E16S
2014424,ARTHROPODA,INSECTA,DIPTERA,CHIRONOMIDAE,ABLABESMYIA,ABLABESMYIA,3406,4,1,44.9626262984428,-90.86513133,LargeStreams,Region_05,NRS18_WI_10548,2019,8/15/2019,1,BERW,42.65,Good,USC00478110
2014426,ARTHROPODA,INSECTA,DIPTERA,CHIRONOMIDAE,,THIENEMANNIMYIA GENUS GR.,4362,,,29.9558498307817,-95.7117401,LargeStreams,Region_06,NRS18_TX_10504,2019,8/15/2019,1,BERW,24.83,Poor,US1TXHRR251
2014427,ARTHROPODA,ARACHNIDA,TROMBIDIFORMES,UNIONICOLIDAE,UNIONICOLA,UNIONICOLA,4400,3,1,41.4848469109108,-72.50888016,RiversMajor,Region_01,NRS18_CT_10007,2019,8/16/2019,1,BETB,16.37,Poor,USC00061488
2014428,MOLLUSCA,BIVALVIA,VENEROIDA,CORBICULIDAE,CORBICULA,CORBICULA,3612,47,1,31.0002660997158,-91.0394967,LargeStreams,Region_04,NRS18_MS_10005,2019,8/16/2019,1,BERW,57.55,Good,USC00167822
2014429,ARTHROPODA,INSECTA,DIPTERA,CERATOPOGONIDAE,,CERATOPOGONINAE,3567,1,1,42.6053688195971,-98.03394099,RiversOther,Region_07,NRS18_NE_10983,2019,8/16/2019,1,BETB,44.28,Fair,US10knox009
2014430,ARTHROPODA,INSECTA,DIPTERA,EPHYDRIDAE,,EPHYDRIDAE,3711,1,1,45.5650914618247,-92.79529856,RiversMajor,Region_05,NRS18_MN_10016,2019,8/16/2019,1,BETB,57.48,Good,USC00218061
2014431,ARTHROPODA,INSECTA,DIPTERA,CHIRONOMIDAE,TANYTARSUS,TANYTARSUS,4348,3,1,46.7234095150462,-102.8171841,LargeStreams,Region_08,NRS18_ND_10377,2019,8/15/2019,1,BERW,36.28,Poor,USW00024012
2014432,ARTHROPODA,INSECTA,DIPTERA,CHIRONOMIDAE,,CHIRONOMIDAE,3581,3,0,42.3517638442393,-72.62633488,RiversMajor,Region_01,NRS18_MA_10010,2019,8/18/2019,1,BETB,20.25,Poor,US1MAHS0058
2014433,ARTHROPODA,INSECTA,ODONATA,COENAGRIONIDAE,ISCHNURA,ISCHNURA,3863,1,1,46.7085421402213,-104.2339646,LargeStreams,Region_08,NRS18_MT_10037,2019,8/18/2019,1,BERW,36.72,Poor,USC00241518
2014434,ARTHROPODA,INSECTA,EPHEMEROPTERA,BAETIDAE,FALLCEON,FALLCEON,3729,13,1,44.7318081306409,-101.1529445,RiversMajor,Region_08,NRS18_SD_11908,2019,8/18/2019,1,BETB,54.62,Fair,US1SDST0004
2014435,ARTHROPODA,INSECTA,EPHEMEROPTERA,HEPTAGENIIDAE,CINYGMA,CINYGMA,3589,49,1,48.6030042743118,-113.8529123,SmallStreams,Region_08,NRS18_MT_10096,2019,8/18/2019,1,BERW,46.93,Fair,USC00248486
2014436,ARTHROPODA,INSECTA,DIPTERA,CHIRONOMIDAE,RHEOCRICOTOPUS,RHEOCRICOTOPUS,4245,1,1,48.1741841868961,-113.8790734,SmallStreams,Region_08,NRS18_MT_10274,2019,8/16/2019,1,BERW,50.13,Good,USS0013A25S
2014437,ARTHROPODA,INSECTA,EPHEMEROPTERA,BAETIDAE,PROCLOEON,PROCLOEON,4192,1,1,42.3500168482764,-72.6362297,RiversMajor,Region_01,NRS18_MA_10631,2019,8/19/2019,1,BETB,13.38,Poor,US1MAHS0058
2014438,ARTHROPODA,INSECTA,TRICHOPTERA,LEPTOCERIDAE,NECTOPSYCHE,NECTOPSYCHE,4011,1,1,40.5010138742056,-100.3195904,RiversOther,Region_07,NRS18_NE_11133,2019,8/19/2019,1,BERW,37.02,Good,USC00258220
2014439,MOLLUSCA,GASTROPODA,BASOMMATOPHORA,PHYSIDAE,PHYSA,PHYSA,4149,,,,,,Region_03,NRS18_VA_10009,,8/19/2019,2,BERW,29.83,,ACW00011604
2014440,ARTHROPODA,INSECTA,EPHEMEROPTERA,BAETIDAE,LABIOBAETIS,LABIOBAETIS,4774,1,1,42.5313653395955,-90.64118173,RiversMajor,Region_05,NRS18_WI_10009,2019,8/19/2019,1,BETB,17.77,Poor,USC00132364
2014441,ARTHROPODA,INSECTA,DIPTERA,CHIRONOMIDAE,LOPESCLADIUS,LOPESCLADIUS,3939,1,1,43.7432607981192,-99.55803265,RiversMajor,Region_08,NRS18_SD_11910,2019,8/19/2019,1,BETB,21.12,Poor,US1SDLY0018
2014442,ARTHROPODA,INSECTA,EPHEMEROPTERA,OLIGONEURIIDAE,HOMOEONEURIA,HOMOEONEURIA,3819,1,1,35.0867146402641,-98.16888211,RiversMajor,Region_06,NRS18_OK_10011,2019,8/19/2019,1,BERW,23.6,Fair,US1OKCD0011
2014443,ARTHROPODA,INSECTA,TRICHOPTERA,LEPTOCERIDAE,OECETIS,OECETIS,4060,1,1,30.8674355793259,-88.92198107,RiversMajor,Region_04,NRS18_MS_10018,2019,8/19/2019,1,BETB,62.7,Good,USR0000MBLC
2014444,ARTHROPODA,INSECTA,DIPTERA,SIMULIIDAE,SIMULIUM,SIMULIUM,4281,9,1,46.8854358538516,-104.9552163,RiversMajor,Region_08,NRS18_MT_10051,2019,8/19/2019,1,BETB,69.2,Good,USC00244302
2014445,ARTHROPODA,INSECTA,TRICHOPTERA,GLOSSOSOMATIDAE,PROTOPTILA,PROTOPTILA,4203,1,1,46.8678361727215,-104.9952027,RiversOther,Region_08,NRS18_MT_10022,2019,8/19/2019,1,BETB,81.17,Good,USC00244302
2014446,ARTHROPODA,INSECTA,EPHEMEROPTERA,BAETIDAE,FALLCEON,FALLCEON,3729,32,1,37.0718535695442,-97.50849573,SmallStreams,Region_07,NRS18_KS_10018,2019,8/19/2019,1,BERW,57.85,Good,US1KSSU0012
2014447,ARTHROPODA,INSECTA,EPHEMEROPTERA,LEPTOPHLEBIIDAE,,LEPTOPHLEBIIDAE,3904,4,0,48.0050464251911,-116.0016728,LargeStreams,Region_08,NRS18_MT_10001,2019,8/19/2019,1,BERW,74.3,Good,USC00244084
2014448,ARTHROPODA,MALACOSTRACA,AMPHIPODA,GAMMARIDAE,,GAMMARIDAE,3743,4,0,42.202000377566,-90.33230625,RiversMajor,Region_07,NRS18_IA_10008,2019,8/19/2019,1,BETB,29.62,Fair,US1ILJD0006
2014449,ARTHROPODA,INSECTA,EPHEMEROPTERA,BAETIDAE,PROCLOEON,PROCLOEON,4192,1,1,43.8274479789765,-91.27192892,RiversMajor,Region_05,NRS18_WI_10011,2019,8/20/2019,1,BETB,40.2,Good,USC00474379
2014450,ARTHROPODA,MALACOSTRACA,AMPHIPODA,GAMMARIDAE,GAMMARUS,GAMMARUS,3744,5,1,42.8031254011966,-77.06017097,SmallStreams,Region_02,NRS18_NY_10272,2019,8/20/2019,1,BERW,2.02,Poor,US1NYON0011
2014451,ARTHROPODA,INSECTA,DIPTERA,CHIRONOMIDAE,LABRUNDINIA,LABRUNDINIA,3882,1,1,,,,Region_07,NRS18_NE_RF001,,8/20/2019,1,BERW,48.43,,ACW00011604
2014452,ARTHROPODA,INSECTA,DIPTERA,CHIRONOMIDAE,SAETHERIA,SAETHERIA,4260,7,1,40.8080810053766,-97.43349866,LargeStreams,Region_07,NRS18_NE_10033,2019,8/20/2019,1,BERW,14.8,Poor,US10york027
2014453,MOLLUSCA,BIVALVIA,VENEROIDA,,,VENEROIDA,4412,1,0,,,,Region_03,NRS18_VA_10010,,8/20/2019,2,BETB,28.2,,ACW00011604
2014454,ARTHROPODA,INSECTA,DIPTERA,CHIRONOMIDAE,,THIENEMANNIMYIA GENUS GR.,4362,5,1,,,,Region_09,NRS18_NV_10010,,8/19/2019,2,BERW,27,,ACW00011604
2014455,ARTHROPODA,INSECTA,DIPTERA,CHIRONOMIDAE,CRYPTOCHIRONOMUS,CRYPTOCHIRONOMUS,3625,4,1,42.5783633148091,-72.56957473,RiversMajor,Region_01,NRS18_MA_10004,2019,8/20/2019,1,BETB,51.9,Fair,USC00194903
2014456,ARTHROPODA,INSECTA,EPHEMEROPTERA,BAETIDAE,,BAETIDAE,3500,,,32.2972292968966,-94.49081819,LargeStreams,Region_06,NRS18_TX_10033,2019,8/20/2019,1,BERW,38.47,Poor,USC00418859
2014457,ARTHROPODA,INSECTA,EPHEMEROPTERA,HEPTAGENIIDAE,,HEPTAGENIIDAE,3802,6,0,46.0643515524253,-105.0682452,RiversOther,Region_08,NRS18_MT_10044,2019,8/20/2019,1,BETB,63.88,Good,USC00244078
2014458,ARTHROPODA,INSECTA,DIPTERA,CHIRONOMIDAE,NANOCLADIUS,NANOCLADIUS,4005,1,1,42.8542012284532,-97.28015814,RiversMajor,Region_08,NRS18_SD_10002,2019,8/20/2019,1,BETB,29.93,Fair,US1SDYN0009
2014459,ARTHROPODA,INSECTA,DIPTERA,CHIRONOMIDAE,STEMPELLINELLA,STEMPELLINELLA,4308,3,1,43.5173192236279,-72.3696471,LargeStreams,Region_01,NRS18_NH_10018,2019,8/20/2019,1,BERW,57.62,Good,US1NHSL0001
2014460,ANNELIDA,OLIGOCHAETA,ENCHYTRAEIDA,ENCHYTRAEIDAE,,ENCHYTRAEIDAE,3697,3,1,39.2632442523014,-79.26234742,LargeStreams,Region_03,NRS18_WV_10180,2019,8/20/2019,1,BERW,68.2,Good,USC00466293
2014461,ANNELIDA,OLIGOCHAETA,HAPLOTAXIDA,NAIDIDAE,,NAIDIDAE,4003,2,1,39.8061351031971,-75.46540517,SmallStreams,Region_03,NRS18_DE_10021,2019,8/20/2019,1,BERW,13.72,Poor,US1DENC0065
2014462,MOLLUSCA,GASTROPODA,BASOMMATOPHORA,LYMNAEIDAE,,LYMNAEIDAE,3945,6,0,43.9496182956116,-98.03315535,RiversMajor,Region_08,NRS18_SD_12194,2019,8/20/2019,1,BETB,34.32,Fair,US1SDSB0004
2014463,ARTHROPODA,INSECTA,TRICHOPTERA,POLYCENTROPODIDAE,,POLYCENTROPODIDAE,4174,1,1,47.5397991907451,-115.0797274,RiversMajor,Region_08,NRS18_MT_10049,2019,8/20/2019,1,BETB,44,Fair,US1MTSN0005
2014464,ARTHROPODA,INSECTA,ODONATA,COENAGRIONIDAE,ISCHNURA,ISCHNURA,3863,1,1,47.3463396339846,-114.7239445,RiversMajor,Region_08,NRS18_MT_10117,2019,8/20/2019,1,BETB,16.28,Poor,USC00246364
2014465,ARTHROPODA,INSECTA,DIPTERA,CHIRONOMIDAE,PSILOMETRIOCNEMUS,PSILOMETRIOCNEMUS,4219,1,1,,,,Region_07,NRS18_NE_RF002,,8/21/2019,1,BERW,51,,ACW00011604
2014466,ARTHROPODA,INSECTA,EPHEMEROPTERA,ISONYCHIIDAE,ISONYCHIA,ISONYCHIA,3866,1,1,,,,Region_07,NRS18_IA_10012,,8/21/2019,2,BETB,33.22,,ACW00011604
2014467,ARTHROPODA,INSECTA,ODONATA,CORDULIIDAE,,CORDULIIDAE,3614,2,1,44.0884062565752,-91.1701339,RiversOther,Region_05,NRS18_WI_10846,2019,8/21/2019,1,BETB,64.63,Good,US1WITR0010
2014468,ARTHROPODA,INSECTA,DIPTERA,CHIRONOMIDAE,SAETHERIA,SAETHERIA,4260,1,1,38.898761606608,-119.7126984,RiversOther,Region_09,NRS18_NV_10022,2019,8/20/2019,1,BERW,75.05,Good,US1NVDG0021
2014469,ARTHROPODA,INSECTA,EPHEMEROPTERA,BAETIDAE,ANAFROPTILUM,ANAFROPTILUM,5112,1,1,,,,Region_05,NRS18_WI_RF003,,8/20/2019,1,BETB,30.88,,ACW00011604
2014470,ARTHROPODA,INSECTA,EPHEMEROPTERA,LEPTOHYPHIDAE,TRICORYTHODES,TRICORYTHODES,4384,1,1,,,,Region_03,NRS18_VA_RF014,,8/21/2019,1,BETB,33.23,,ACW00011604
2014471,ARTHROPODA,INSECTA,MEGALOPTERA,CORYDALIDAE,CORYDALUS,CORYDALUS,3619,1,1,34.1218863828448,-84.81018192,RiversOther,Region_04,NRS18_GA_10018,2019,8/21/2019,1,BETB,25.45,Poor,USW00053873
2014472,ARTHROPODA,INSECTA,EPHEMEROPTERA,CAENIDAE,CERCOBRACHYS,CERCOBRACHYS,3568,7,1,46.1296028703628,-105.1490378,RiversOther,Region_08,NRS18_MT_10064,2019,8/21/2019,1,BETB,56.23,Fair,US1MTCS0007
2014473,ARTHROPODA,INSECTA,DIPTERA,CHIRONOMIDAE,CHIRONOMUS,CHIRONOMUS,3582,2,1,37.04883137,-89.17516353,RiversMajor,Region_04,NRS18_KY_10031,2019,8/20/2019,1,BETB,1.97,Poor,USW00093809
2014474,ARTHROPODA,INSECTA,DIPTERA,CHIRONOMIDAE,GOELDICHIRONOMUS,GOELDICHIRONOMUS,3757,26,1,,,,Region_06,NRS18_TX_10093,,8/21/2019,2,BETB,29,,ACW00011604
2014475,ARTHROPODA,INSECTA,DIPTERA,CHIRONOMIDAE,CRYPTOCHIRONOMUS,CRYPTOCHIRONOMUS,3625,4,1,41.9617882492659,-70.91978517,RiversOther,Region_01,NRS18_MA_10002,2019,8/21/2019,1,BETB,16.88,Poor,US1MAPL0031
2014476,ARTHROPODA,INSECTA,DIPTERA,CHIRONOMIDAE,ODONTOMESA,ODONTOMESA,4058,3,1,,,,Region_05,NRS18_WI_10015,,8/21/2019,2,BERW,30.62,,ACW00011604
2014477,ARTHROPODA,INSECTA,DIPTERA,CHIRONOMIDAE,THIENEMANNIELLA,THIENEMANNIELLA,4361,1,1,43.9054926959897,-96.48497479,LargeStreams,Region_08,NRS18_SD_10001,2019,8/21/2019,1,BERW,52.85,Good,US1MNPS0004
2014478,ARTHROPODA,INSECTA,DIPTERA,CHIRONOMIDAE,EUKIEFFERIELLA,EUKIEFFERIELLA,3722,,,47.2310144797518,-116.2730928,SmallStreams,Region_10,NRS18_ID_10110,2019,8/20/2019,1,BERW,73.68,Good,USS0016B14S
2014479,ARTHROPODA,INSECTA,MEGALOPTERA,CORYDALIDAE,,CORYDALIDAE,3618,1,1,,,,Region_06,NRS18_OK_10028,,8/20/2019,2,BETB,45.9,,ACW00011604
2014480,ARTHROPODA,INSECTA,EPHEMEROPTERA,BAETIDAE,FALLCEON,FALLCEON,3729,3,1,39.2095868395644,-110.0732182,RiversMajor,Region_08,NRS18_UT_10018,2019,8/21/2019,1,BETB,51.15,Fair,US1UTEM0004
2014481,ARTHROPODA,INSECTA,DIPTERA,CHIRONOMIDAE,MICROPSECTRA,MICROPSECTRA,3981,4,1,46.0458257109124,-115.8645184,LargeStreams,Region_10,NRS18_ID_10547,2019,8/19/2019,1,BERW,82.42,Good,US1IDID0012
2014482,ARTHROPODA,INSECTA,DIPTERA,CHIRONOMIDAE,TANYTARSUS,TANYTARSUS,4348,1,1,,,,Region_05,NRS18_MI_10014,,8/22/2019,2,BETB,46.98,,ACW00011604
2014483,ARTHROPODA,INSECTA,DIPTERA,TIPULIDAE,TIPULA,TIPULA,4368,1,1,,,,Region_02,NRS18_NY_10012,,8/22/2019,2,BETB,2.45,,ACW00011604
2014484,ARTHROPODA,INSECTA,DIPTERA,CHIRONOMIDAE,CRYPTOCHIRONOMUS,CRYPTOCHIRONOMUS,3625,3,1,37.4703956130027,-88.09642214,RiversMajor,Region_04,NRS18_KY_10009,2019,8/21/2019,1,BETB,25.75,Poor,USC00152961
2014485,ARTHROPODA,INSECTA,DIPTERA,CHIRONOMIDAE,TANYTARSUS,TANYTARSUS,4348,56,1,38.1904064706901,-77.65247662,SmallStreams,Region_03,NRS18_VA_10020,2019,8/22/2019,1,BERW,34.12,Fair,US1VASP0012
2014486,ARTHROPODA,INSECTA,TRICHOPTERA,HYDROPSYCHIDAE,HYDROPSYCHE,HYDROPSYCHE,3844,2,1,,,,Region_03,NRS18_WV_10001,,8/21/2019,2,BERW,68.32,,ACW00011604
2014487,ARTHROPODA,INSECTA,COLEOPTERA,ELMIDAE,MICROCYLLOEPUS,MICROCYLLOEPUS,3980,1,1,31.3080508171673,-84.33709933,RiversMajor,Region_04,NRS18_GA_10950,2019,8/22/2019,1,BETB,50.58,Fair,USC00096356
2014488,ARTHROPODA,INSECTA,PLECOPTERA,PERLODIDAE,,PERLODIDAE,4141,1,1,47.0663646426019,-114.7698541,RiversMajor,Region_08,NRS18_MT_10002,2019,8/21/2019,1,BETB,61.55,Good,USR0000MCAM
2014489,ARTHROPODA,INSECTA,DIPTERA,CHIRONOMIDAE,ABLABESMYIA,ABLABESMYIA,3406,1,1,42.2608759497681,-90.27300743,RiversOther,Region_05,NRS18_IL_11715,2019,8/22/2019,1,BETB,31.1,Fair,US1ILJD0006
2014490,ARTHROPODA,INSECTA,DIPTERA,TIPULIDAE,TIPULA,TIPULA,4368,2,1,44.2660984757279,-69.05398813,SmallStreams,Region_01,NRS18_ME_10020,2019,8/22/2019,1,BERW,5.37,Poor,US1MEWL0025
2014491,ARTHROPODA,INSECTA,TRICHOPTERA,LEPTOCERIDAE,NECTOPSYCHE,NECTOPSYCHE,4011,53,1,43.1793233699093,-90.63418689,RiversMajor,Region_05,NRS18_WI_11141,2019,8/22/2019,1,BETB,42.08,Good,USW00094994
2014492,ARTHROPODA,INSECTA,DIPTERA,CHIRONOMIDAE,LARSIA,LARSIA,3890,1,1,34.2193691126281,-90.78067537,SmallStreams,Region_04,NRS18_MS_10031,2019,8/21/2019,1,BETB,23.92,Poor,US1MSCH0003
2014493,ARTHROPODA,INSECTA,EPHEMEROPTERA,LEPTOPHLEBIIDAE,,LEPTOPHLEBIIDAE,3904,1,1,46.8950558256308,-113.8147573,RiversOther,Region_08,NRS18_MT_10043,2019,8/22/2019,1,BETB,67.97,Good,US1MTMS0020
2014494,ARTHROPODA,INSECTA,EPHEMEROPTERA,BAETIDAE,DIPHETOR,DIPHETOR,3661,4,1,46.87209897,-114.08173,RiversMajor,Region_08,NRS18_MT_11621,2019,8/22/2019,1,BETB,53.32,Good,US1MTMS0030
2014495,MOLLUSCA,GASTROPODA,,,,GASTROPODA,3745,2,1,42.6916501885593,-73.70884307,RiversMajor,Region_02,NRS18_NY_10040,2019,8/23/2019,1,BETB,7.38,Poor,US1NYRN0023
2014496,ARTHROPODA,INSECTA,DIPTERA,CHIRONOMIDAE,LARSIA,LARSIA,3890,1,1,46.4164193484927,-90.7411621,RiversOther,Region_05,NRS18_WI_10013,2019,8/22/2019,1,BERW,18.15,Poor,US1WIAS0029
2014497,ARTHROPODA,INSECTA,DIPTERA,CERATOPOGONIDAE,,CERATOPOGONINAE,3567,2,1,43.4622360999222,-91.4190783,LargeStreams,Region_07,NRS18_IA_10507,2019,8/23/2019,1,BERW,26.75,Fair,US1MNHS0027
2014498,ARTHROPODA,INSECTA,EPHEMEROPTERA,BAETIDAE,FALLCEON,FALLCEON,3729,10,1,46.3596312451452,-105.8140483,RiversOther,Region_08,NRS18_MT_10018,2019,8/22/2019,1,BERW,63.07,Good,US1MTCS0013
2014499,ARTHROPODA,INSECTA,EPHEMEROPTERA,CAENIDAE,CAENIS,CAENIS,3542,25,1,47.2347989729562,-103.7640739,RiversOther,Region_08,NRS18_ND_10029,2019,8/22/2019,1,BERW,38.95,Poor,USC00328807
2014500,ARTHROPODA,INSECTA,DIPTERA,CHIRONOMIDAE,STENOCHIRONOMUS,STENOCHIRONOMUS,4311,1,1,44.640174503651,-69.59274287,RiversMajor,Region_01,NRS18_ME_10015,2019,8/23/2019,1,BETB,11.67,Poor,USC00172740
2014501,MOLLUSCA,BIVALVIA,VENEROIDA,PISIDIIDAE,,PISIDIIDAE,4158,1,1,34.6668410632502,-90.21998438,RiversOther,Region_04,NRS18_MS_10015,2019,8/22/2019,1,BETB,42.3,Fair,USC00227807
2014502,ARTHROPODA,INSECTA,ODONATA,COENAGRIONIDAE,ARGIA,ARGIA,3476,1,1,43.472350448731,-73.84034429,RiversMajor,Region_02,NRS18_NY_10042,2019,8/25/2019,1,BETB,55.15,Good,US1NYWR0010
2014503,ARTHROPODA,INSECTA,DIPTERA,CHIRONOMIDAE,ABLABESMYIA,ABLABESMYIA,3406,4,1,44.7387192248854,-69.76380198,RiversMajor,Region_01,NRS18_ME_10493,2019,8/25/2019,1,BETB,15.13,Poor,US1MESM0024
2014504,ARTHROPODA,INSECTA,DIPTERA,CHIRONOMIDAE,,THIENEMANNIMYIA GENUS GR.,4362,3,1,,,,Region_05,NRS18_MN_10001,,8/25/2019,2,BERW,37.93,,ACW00011604
2014505,ANNELIDA,OLIGOCHAETA,HAPLOTAXIDA,TUBIFICIDAE,QUISTADRILUS,QUISTADRILUS,4235,,,38.8147827647477,-85.52807281,LargeStreams,Region_05,NRS18_IN_10649,2019,8/25/2019,1,BERW,22.22,Poor,US1INJF0003
2014506,ARTHROPODA,INSECTA,TRICHOPTERA,LEPTOCERIDAE,NECTOPSYCHE,NECTOPSYCHE,4011,1,1,44.6935688816356,-103.7398439,RiversOther,Region_08,NRS18_SD_11294,2019,8/25/2019,1,BETB,74.35,Good,USC00397418
2014507,ARTHROPODA,INSECTA,PLECOPTERA,PERLODIDAE,,PERLODIDAE,4141,1,0,46.4058638582606,-112.3703983,SmallStreams,Region_08,NRS18_MT_10032,2019,8/25/2019,1,BERW,48.38,Fair,USC00240845
2014508,ARTHROPODA,INSECTA,DIPTERA,CHIRONOMIDAE,PARATENDIPES,PARATENDIPES,4121,1,1,42.4741293875952,-73.78701551,RiversMajor,Region_02,NRS18_NY_10016,2019,8/26/2019,1,BETB,2.97,Poor,USC00301598
2014509,MOLLUSCA,GASTROPODA,BASOMMATOPHORA,LYMNAEIDAE,,LYMNAEIDAE,3945,9,0,44.8213325516943,-68.70376994,RiversMajor,Region_01,NRS18_ME_10014,2019,8/26/2019,1,BETB,1.7,Poor,US1MEPN0061
2014510,ARTHROPODA,INSECTA,DIPTERA,CHIRONOMIDAE,LIMNOPHYES,LIMNOPHYES,3928,1,1,37.0223788472087,-94.6211974,SmallStreams,Region_07,NRS18_KS_10141,2019,8/26/2019,1,BERW,0.83,Poor,US1MONW0018
2014511,ARTHROPODA,INSECTA,DIPTERA,CHIRONOMIDAE,RHEOTANYTARSUS,RHEOTANYTARSUS,4247,2,1,38.0890458001848,-87.93263453,SmallStreams,Region_05,NRS18_IN_10040,2019,8/26/2019,1,BERW,17.85,Poor,US1INPS0005
2014512,ARTHROPODA,INSECTA,DIPTERA,CHIRONOMIDAE,STENOCHIRONOMUS,STENOCHIRONOMUS,4311,6,1,,,,Region_08,NRS18_SD_10013,,8/26/2019,2,BERW,72.3,,ACW00011604
2014513,ARTHROPODA,INSECTA,DIPTERA,CHIRONOMIDAE,RHEOTANYTARSUS,RHEOTANYTARSUS,4247,,,46.6089841726965,-111.0761684,RiversOther,Region_08,NRS18_MT_10112,2019,8/26/2019,1,BERW,77.1,Good,USC00243157
2014514,ANNELIDA,OLIGOCHAETA,HAPLOTAXIDA,,,HAPLOTAXIDA,3783,,,46.594224678861,-111.0444186,LargeStreams,Region_08,NRS18_MT_10027,2019,8/26/2019,1,BERW,54.53,Fair,USC00243157
2014515,ARTHROPODA,INSECTA,TRICHOPTERA,HYDROPTILIDAE,,HYDROPTILIDAE,3847,1,0,39.6922473333698,-75.7342312,LargeStreams,Region_03,NRS18_DE_10018,2019,8/26/2019,1,BERW,36.35,Fair,US1DENC0017
2014516,ARTHROPODA,INSECTA,EPHEMEROPTERA,BAETIDAE,,BAETIDAE,3500,,,43.9031519047802,-71.98528329,LargeStreams,Region_01,NRS18_NH_10035,2019,8/27/2019,1,BERW,4.38,Poor,USC00279091
2014517,ARTHROPODA,INSECTA,DIPTERA,CHIRONOMIDAE,TANYTARSUS,TANYTARSUS,4348,20,1,37.7985155645015,-79.77552806,LargeStreams,Region_03,NRS18_VA_10019,2019,8/27/2019,1,BETB,63.72,Good,US1VAAL0005
2014518,ARTHROPODA,INSECTA,ODONATA,COENAGRIONIDAE,ARGIA,ARGIA,3476,1,1,34.2220826811934,-96.7068832,RiversMajor,Region_06,NRS18_OK_10013,2019,8/26/2019,1,BETB,23.1,Fair,USC00348884
2014519,ARTHROPODA,INSECTA,EPHEMEROPTERA,HEPTAGENIIDAE,MACCAFFERTIUM,MACCAFFERTIUM,3948,1,1,35.8075846653367,-95.3981027,RiversMajor,Region_06,NRS18_OK_10010,2019,8/27/2019,1,BETB,11.72,Poor,USC00346130
2014520,ARTHROPODA,INSECTA,DIPTERA,CHIRONOMIDAE,PHAENOPSECTRA,PHAENOPSECTRA,4143,7,1,,,,Region_03,NRS18_PA_10046,,8/27/2019,2,BERW,9.85,,ACW00011604
2014521,ARTHROPODA,INSECTA,DIPTERA,CHIRONOMIDAE,,THIENEMANNIMYIA GENUS GR.,4362,,,37.9279733064218,-87.21043043,SmallStreams,Region_05,NRS18_IN_10019,2019,8/27/2019,1,BERW,16.32,Poor,US1INSP0004
2014522,ARTHROPODA,INSECTA,DIPTERA,CHIRONOMIDAE,,CHIRONOMIDAE,3581,1,0,,,,Region_08,NRS18_MT_10028,,8/27/2019,2,BERW,61.43,,ACW00011604
2014523,MOLLUSCA,BIVALVIA,VENEROIDA,PISIDIIDAE,PISIDIUM,PISIDIUM,4159,,,41.9825730614626,-74.00777223,LargeStreams,Region_02,NRS18_NY_10707,2019,8/27/2019,1,BETB,22.58,Poor,US1NYUL0022
2014524,ARTHROPODA,INSECTA,DIPTERA,CHIRONOMIDAE,PSEUDOCHIRONOMUS,PSEUDOCHIRONOMUS,4212,1,1,,,,Region_04,NRS18_SC_RF002,,8/27/2019,1,BETB,24.12,,ACW00011604
2014525,ARTHROPODA,INSECTA,TRICHOPTERA,HYDROPSYCHIDAE,POTAMYIA,POTAMYIA,4186,2,1,,,,Region_08,NRS18_UT_10010,,8/27/2019,2,BETB,55.2,,ACW00011604
2014526,ARTHROPODA,INSECTA,EPHEMEROPTERA,CAENIDAE,CAENIS,CAENIS,3542,12,1,41.9393285599029,-96.14472252,RiversMajor,Region_07,NRS18_NE_10059,2019,8/27/2019,1,BETB,48.05,Good,US1Burt1930
2014527,ARTHROPODA,INSECTA,DIPTERA,CERATOPOGONIDAE,,CERATOPOGONIDAE,3566,5,0,,,,Region_07,NRS18_MO_RF003,,8/27/2019,1,BETB,52.32,,ACW00011604
2014528,ARTHROPODA,INSECTA,DIPTERA,CERATOPOGONIDAE,,CERATOPOGONIDAE,3566,1,0,43.0879982310555,-101.1786875,RiversOther,Region_08,NRS18_SD_11446,2019,8/27/2019,1,BETB,34.1,Fair,USC00393574
2014529,ARTHROPODA,INSECTA,COLEOPTERA,ELMIDAE,STENELMIS,STENELMIS,4310,1,1,43.3615608078612,-101.6937126,LargeStreams,Region_08,NRS18_SD_10959,2019,8/26/2019,1,BERW,49.32,Good,US1SDBN0009
2014530,ARTHROPODA,INSECTA,EPHEMEROPTERA,CAENIDAE,CAENIS,CAENIS,3542,34,1,44.5935851854402,-68.72522043,RiversOther,Region_01,NRS18_ME_10026,2019,8/27/2019,1,BETB,20,Poor,US1MEHN0042
2014531,ARTHROPODA,INSECTA,EPHEMEROPTERA,BAETIDAE,,BAETIDAE,3500,2,0,44.6690397634862,-103.356063,LargeStreams,Region_08,NRS18_SD_10020,2019,8/27/2019,1,BERW,49.8,Fair,US1SDBT0022
2014532,ARTHROPODA,INSECTA,COLEOPTERA,ELMIDAE,CLEPTELMIS,CLEPTELMIS,3597,1,1,42.4132403282189,-123.157974,RiversOther,Region_10,NRS18_OR_10012,2019,8/27/2019,1,BETB,34.77,Poor,US1ORJC0093
2014533,ARTHROPODA,INSECTA,DIPTERA,SIMULIIDAE,SIMULIUM,SIMULIUM,4281,,,,,,Region_07,NRS18_MO_RF005,,8/28/2019,1,BETB,39.78,,ACW00011604
2014534,ARTHROPODA,INSECTA,EPHEMEROPTERA,BAETIDAE,LABIOBAETIS,LABIOBAETIS,4774,1,1,46.2214896282933,-101.5025463,RiversMajor,Region_08,NRS18_ND_10009,2019,8/27/2019,1,BERW,61.15,Good,US1NDGT0009
2014535,ANNELIDA,OLIGOCHAETA,HAPLOTAXIDA,NAIDIDAE,DERO,DERO,3646,,,43.0252334176056,-88.85448487,RiversOther,Region_05,NRS18_WI_10694,2019,8/28/2019,1,BETB,34.72,Fair,US1WIJF0017
2014536,ARTHROPODA,INSECTA,DIPTERA,CHIRONOMIDAE,,CRICOTOPUS/ORTHOCLADIUS,3623,3,1,,,,Region_04,NRS18_SC_RF003,,8/28/2019,1,BETB,31.93,,ACW00011604
2014537,ARTHROPODA,INSECTA,DIPTERA,CHIRONOMIDAE,CRYPTOTENDIPES,CRYPTOTENDIPES,3628,1,1,42.9763039969268,-98.48784517,RiversMajor,Region_07,NRS18_NE_11433,2019,8/28/2019,1,BETB,34.42,Poor,USC00253478
2014538,ARTHROPODA,ARACHNIDA,TROMBIDIFORMES,HYGROBATIDAE,ATRACTIDES,ATRACTIDES,3490,2,1,,,,Region_03,NRS18_VA_RF015,,8/28/2019,1,BETB,55.78,,ACW00011604
2014539,ARTHROPODA,INSECTA,COLEOPTERA,PSEPHENIDAE,PSEPHENUS,PSEPHENUS,4209,11,1,,,,Region_07,NRS18_MO_RF004,,8/28/2019,1,BETB,57.38,,ACW00011604
2014540,ARTHROPODA,INSECTA,DIPTERA,CHIRONOMIDAE,POLYPEDILUM,POLYPEDILUM,4178,14,1,46.3927388291247,-100.8437704,RiversMajor,Region_08,NRS18_ND_10043,2019,8/27/2019,1,BETB,71.13,Good,USC00321052
2014541,ARTHROPODA,INSECTA,DIPTERA,TIPULIDAE,,TIPULIDAE,4369,1,1,39.705219643038,-87.07881596,LargeStreams,Region_05,NRS18_IN_10012,2019,8/28/2019,1,BERW,50.2,Good,US1INMY0009
2014542,ARTHROPODA,INSECTA,DIPTERA,CHIRONOMIDAE,LOPESCLADIUS,LOPESCLADIUS,3939,1,1,30.708921163987,-86.83567095,RiversOther,Region_04,NRS18_FL_10334,2019,8/28/2019,1,BETB,42.22,Fair,US1FLSR0042
2014543,ARTHROPODA,INSECTA,ODONATA,GOMPHIDAE,,GOMPHIDAE,3759,12,1,,,,Region_08,NRS18_UT_10002,,8/28/2019,2,BETB,66.6,,ACW00011604
2014544,ARTHROPODA,INSECTA,DIPTERA,EMPIDIDAE,HEMERODROMIA,HEMERODROMIA,3799,3,1,35.3545280771805,-79.05784611,SmallStreams,Region_04,NRS18_NC_10155,2019,8/28/2019,1,BERW,35.35,Poor,USC00318430
2014545,ARTHROPODA,INSECTA,DIPTERA,CHIRONOMIDAE,PHAENOPSECTRA,PHAENOPSECTRA,4143,10,1,39.8109138133392,-75.56714584,SmallStreams,Region_03,NRS18_DE_10007,2019,8/28/2019,1,BERW,29.12,Poor,US1DENC0031
2014546,ARTHROPODA,INSECTA,DIPTERA,CHIRONOMIDAE,THIENEMANNIELLA,THIENEMANNIELLA,4361,1,1,42.8231592059863,-84.93878071,RiversOther,Region_05,NRS18_MI_10011,2019,8/29/2019,1,BETB,67.48,Good,USC00206690
2014547,ANNELIDA,OLIGOCHAETA,HAPLOTAXIDA,NAIDIDAE,STYLARIA,STYLARIA,4323,3,1,42.896867061946,-88.89542253,RiversMajor,Region_05,NRS18_WI_10071,2019,8/29/2019,1,BETB,4.35,Poor,USC00472869
2014548,ARTHROPODA,INSECTA,DIPTERA,CHIRONOMIDAE,POLYPEDILUM,POLYPEDILUM,4178,28,1,40.0172447263414,-95.33154776,RiversMajor,Region_07,NRS18_NE_10014,2019,8/29/2019,1,BETB,50.27,Good,USC00257399
2014549,MOLLUSCA,BIVALVIA,VENEROIDA,CORBICULIDAE,CORBICULA,CORBICULA,3612,3,1,,,,Region_03,NRS18_VA_RF003,,8/29/2019,1,BETB,58.4,,ACW00011604
2014550,MOLLUSCA,GASTROPODA,NEOTAENIOGLOSSA,PLEUROCERIDAE,,PLEUROCERIDAE,4170,,,40.2755000119277,-86.880289,LargeStreams,Region_05,NRS18_IN_10650,2019,8/29/2019,1,BERW,58.48,Good,USC00124715
2014551,ARTHROPODA,INSECTA,DIPTERA,CHIRONOMIDAE,CORYNONEURA,CORYNONEURA,3620,1,1,45.8986659429455,-68.61411606,RiversMajor,Region_01,NRS18_ME_10007,2019,8/29/2019,1,BETB,48.57,Fair,USC00176595
2014552,ARTHROPODA,INSECTA,DIPTERA,CHIRONOMIDAE,POLYPEDILUM,POLYPEDILUM,4178,39,1,36.9282747626083,-89.06258213,RiversOther,Region_04,NRS18_KY_10952,2019,8/28/2019,1,BETB,19,Poor,USC00150402
2014553,ARTHROPODA,INSECTA,TRICHOPTERA,LEPTOCERIDAE,NECTOPSYCHE,NECTOPSYCHE,4011,5,1,,,,Region_04,NRS18_FL_10021,,8/29/2019,2,BERW,63.92,,ACW00011604
2014554,ARTHROPODA,INSECTA,DIPTERA,CHIRONOMIDAE,CRYPTOCHIRONOMUS,CRYPTOCHIRONOMUS,3625,2,1,47.7995509855909,-109.0182369,RiversMajor,Region_08,NRS18_MT_10071,2019,8/29/2019,1,BETB,79.15,Good,USR0000MLIT
2014555,ANNELIDA,OLIGOCHAETA,HAPLOTAXIDA,NAIDIDAE,,NAIDIDAE,4003,3,0,36.981502981387,-88.53262658,RiversOther,Region_04,NRS18_KY_10030,2019,8/29/2019,1,BETB,19.9,Poor,US1KYMK0010
2014556,ARTHROPODA,INSECTA,COLEOPTERA,ELMIDAE,STENELMIS,STENELMIS,4310,3,1,46.1264451141478,-101.3410806,RiversMajor,Region_08,NRS18_ND_10039,2019,8/29/2019,1,BERW,61.17,Good,USC00328065
2014557,ARTHROPODA,INSECTA,TRICHOPTERA,POLYCENTROPODIDAE,NYCTIOPHYLAX,NYCTIOPHYLAX,4049,2,1,35.6553492459568,-84.15339585,LargeStreams,Region_04,NRS18_TN_10489,2019,8/29/2019,1,BERW,25.22,Poor,US1TNLN0010
2014558,ARTHROPODA,INSECTA,TRICHOPTERA,HYDROPSYCHIDAE,HYDROPSYCHE,HYDROPSYCHE,3844,15,1,41.0492099292388,-85.72037088,LargeStreams,Region_05,NRS18_IN_10036,2019,8/30/2019,1,BERW,44.97,Good,US1INWB0021
2014559,ARTHROPODA,INSECTA,ODONATA,GOMPHIDAE,STYLOGOMPHUS,STYLOGOMPHUS,4325,,,44.8521555504694,-68.07279956,LargeStreams,Region_01,NRS18_ME_10194,2019,8/30/2019,1,BERW,59.43,Good,USC00174505
2014560,ARTHROPODA,INSECTA,ODONATA,COENAGRIONIDAE,ARGIA,ARGIA,3476,1,1,44.7373755989431,-67.54984117,RiversOther,Region_01,NRS18_ME_10003,2019,9/2/2019,1,BETB,15.55,Poor,USC00174878
2014561,ARTHROPODA,INSECTA,TRICHOPTERA,BRACHYCENTRIDAE,BRACHYCENTRUS,BRACHYCENTRUS,3526,4,1,45.5973204042879,-109.3115993,RiversOther,Region_08,NRS18_MT_10089,2019,9/1/2019,1,BETB,82.3,Good,US1MTSW0007
2014562,ARTHROPODA,INSECTA,EPHEMEROPTERA,BAETIDAE,ACENTRELLA,ACENTRELLA,3407,30,1,45.3477126728596,-109.1693866,LargeStreams,Region_08,NRS18_MT_10013,2019,8/30/2019,1,BERW,86.48,Good,USC00247128
2014563,ARTHROPODA,INSECTA,DIPTERA,CHIRONOMIDAE,STICTOCHIRONOMUS,STICTOCHIRONOMUS,4315,1,1,45.8064791064357,-109.9562699,RiversOther,Region_08,NRS18_MT_10065,2019,9/2/2019,1,BETB,44.05,Fair,USC00240780
2014564,ARTHROPODA,INSECTA,TRICHOPTERA,BRACHYCENTRIDAE,BRACHYCENTRUS,BRACHYCENTRUS,3526,,,,,,Region_05,NRS18_MI_10002,,9/3/2019,2,BETB,32.6,,ACW00011604
2014565,ARTHROPODA,INSECTA,DIPTERA,CHIRONOMIDAE,MICROTENDIPES,MICROTENDIPES,3982,20,1,,,,Region_01,NRS18_NH_RF001,,9/3/2019,1,BERW,34.47,,ACW00011604
2014566,ARTHROPODA,INSECTA,EPHEMEROPTERA,LEPTOHYPHIDAE,TRICORYTHODES,TRICORYTHODES,4384,10,1,45.7913928689961,-110.5031308,RiversOther,Region_08,NRS18_MT_10067,2019,9/3/2019,1,BERW,78.15,Good,USC00241842
2014567,ANNELIDA,OLIGOCHAETA,HAPLOTAXIDA,NAIDIDAE,,NAIDIDAE,4003,2,1,39.7544727640295,-95.69903262,SmallStreams,Region_07,NRS18_KS_10029,2019,9/3/2019,1,BERW,18.17,Poor,USC00146531
2014568,ARTHROPODA,INSECTA,DIPTERA,CHIRONOMIDAE,DICROTENDIPES,DICROTENDIPES,3658,8,1,44.0964581018938,-87.66364728,RiversOther,Region_05,NRS18_WI_10693,2019,9/3/2019,1,BETB,25.7,Poor,USC00475017
2014569,ARTHROPODA,INSECTA,DIPTERA,CHIRONOMIDAE,DICROTENDIPES,DICROTENDIPES,3658,,,46.9289149975804,-101.6470576,LargeStreams,Region_08,NRS18_ND_10378,2019,9/3/2019,1,BERW,34.6,Poor,USC00326365
2014570,ARTHROPODA,INSECTA,COLEOPTERA,PSEPHENIDAE,ECTOPRIA,ECTOPRIA,3688,,,38.882695902511,-78.68466031,LargeStreams,Region_03,NRS18_VA_10016,2019,9/3/2019,1,BERW,44.82,Fair,USC00445822
2014571,ARTHROPODA,INSECTA,DIPTERA,EMPIDIDAE,HEMERODROMIA,HEMERODROMIA,3799,1,1,,,,Region_03,NRS18_DE_10021,,9/3/2019,2,BERW,11.2,,ACW00011604
2014572,ARTHROPODA,INSECTA,DIPTERA,CERATOPOGONIDAE,,CERATOPOGONINAE,3567,2,1,36.969695029902,-96.19866056,RiversOther,Region_06,NRS18_OK_10014,2019,9/3/2019,1,BETB,10.2,Poor,USC00141460
2014573,ARTHROPODA,INSECTA,DIPTERA,CHIRONOMIDAE,ABLABESMYIA,ABLABESMYIA,3406,1,1,42.3268071728226,-86.13681824,LargeStreams,Region_05,NRS18_MI_10075,2019,9/4/2019,1,BERW,30.63,Fair,USC00200476
2014574,ARTHROPODA,INSECTA,DIPTERA,CHIRONOMIDAE,XENOCHIRONOMUS,XENOCHIRONOMUS,4421,1,1,,,,Region_05,NRS18_WI_10016,,9/4/2019,2,BETB,35.07,,ACW00011604
2014575,ARTHROPODA,INSECTA,DIPTERA,EMPIDIDAE,HEMERODROMIA,HEMERODROMIA,3799,2,1,,,,Region_07,NRS18_MO_RF007,,9/4/2019,1,BETB,47.55,,ACW00011604
2014576,ARTHROPODA,INSECTA,DIPTERA,CHIRONOMIDAE,PARACHIRONOMUS,PARACHIRONOMUS,4099,3,1,34.1819227237898,-85.40972253,RiversMajor,Region_04,NRS18_GA_10029,2019,9/4/2019,1,BETB,3.83,Poor,US1GAFL0013
2014577,ARTHROPODA,INSECTA,DIPTERA,CERATOPOGONIDAE,,CERATOPOGONINAE,3567,1,1,,,,Region_04,NRS18_GA_RF002,,9/4/2019,1,BETB,48.03,,ACW00011604
2014578,ARTHROPODA,ARACHNIDA,TROMBIDIFORMES,LEBERTIIDAE,LEBERTIA,LEBERTIA,3892,,,37.8441753193324,-111.8499488,SmallStreams,Region_08,NRS18_UT_10020,2019,9/4/2019,1,BERW,50.65,Good,USS0011M03S
2014579,ARTHROPODA,INSECTA,DIPTERA,CHIRONOMIDAE,STEMPELLINELLA,STEMPELLINELLA,4308,,,44.9735660219074,-109.7782293,LargeStreams,Region_08,NRS18_WY_10996,2019,9/4/2019,1,BERW,58.97,Good,USC00482160
2014580,ARTHROPODA,INSECTA,EPHEMEROPTERA,BAETIDAE,PSEUDOCENTROPTILOIDES,PSEUDOCENTROPTILOIDES,4211,5,1,41.9069431851758,-85.62352696,LargeStreams,Region_05,NRS18_MI_10046,2019,9/5/2019,1,BETB,55.98,Good,USC00208184
2014581,ARTHROPODA,INSECTA,EPHEMEROPTERA,HEPTAGENIIDAE,STENACRON,STENACRON,4309,1,1,,,,Region_07,NRS18_MO_RF006,,9/5/2019,1,BERW,68.83,,ACW00011604
2014582,ARTHROPODA,ARACHNIDA,TROMBIDIFORMES,,,TROMBIDIFORMES,4388,1,1,35.8531655895221,-78.72632168,LargeStreams,Region_04,NRS18_NC_10555,2019,9/4/2019,1,BERW,28.8,Poor,US1NCWK0113
2014583,ARTHROPODA,INSECTA,DIPTERA,CHIRONOMIDAE,CHIRONOMUS,CHIRONOMUS,3582,39,1,45.1578203471389,-96.50603829,RiversOther,Region_08,NRS18_SD_11594,2019,9/4/2019,1,BERW,40.27,Fair,US1SDGT0005
2014584,ARTHROPODA,INSECTA,DIPTERA,CHIRONOMIDAE,LOPESCLADIUS,LOPESCLADIUS,3939,72,1,31.0868632685372,-87.08175172,RiversOther,Region_04,NRS18_AL_10006,2019,9/4/2019,1,BERW,47.87,Fair,USC00011084
2014585,ARTHROPODA,ARACHNIDA,TROMBIDIFORMES,LEBERTIIDAE,LEBERTIA,LEBERTIA,3892,4,1,,,,Region_03,NRS18_MD_10006,,9/5/2019,2,BETB,54.33,,ACW00011604
2014586,ARTHROPODA,INSECTA,EPHEMEROPTERA,BAETIDAE,BAETIS,BAETIS,3501,1,1,38.8983137379491,-110.3699263,RiversOther,Region_08,NRS18_UT_10396,2019,9/5/2019,1,BERW,60.78,Good,USC00423418
2014587,ARTHROPODA,INSECTA,DIPTERA,CHIRONOMIDAE,POTTHASTIA,POTTHASTIA,4187,,,45.0854859292369,-109.0271572,RiversOther,Region_08,NRS18_MT_11320,2019,9/5/2019,1,BETB,66.4,Good,USC00240617
2014588,ARTHROPODA,INSECTA,COLEOPTERA,ELMIDAE,OPTIOSERVUS,OPTIOSERVUS,4071,1,1,45.3953543831089,-122.149373,RiversOther,Region_10,NRS18_OR_10010,2019,9/5/2019,1,BETB,28.47,Poor,US1ORCC0117
2014589,ARTHROPODA,INSECTA,TRICHOPTERA,HYDROPSYCHIDAE,CHEUMATOPSYCHE,CHEUMATOPSYCHE,3578,2,1,36.687630187914,-86.79188602,LargeStreams,Region_04,NRS18_KY_10025,2019,9/5/2019,1,BETB,54.78,Good,USC00150020
2014590,ARTHROPODA,INSECTA,MEGALOPTERA,CORYDALIDAE,NIGRONIA,NIGRONIA,4041,5,1,45.9475056574038,-88.21920144,RiversOther,Region_05,NRS18_WI_10861,2019,9/5/2019,1,BETB,67.9,Good,USC00471139
2014591,ARTHROPODA,INSECTA,LEPIDOPTERA,,,LEPIDOPTERA,3894,1,1,44.3916864348807,-74.67485054,SmallStreams,Region_02,NRS18_NY_10284,2019,9/8/2019,1,BERW,0.75,Poor,USC00307925
2014592,ARTHROPODA,INSECTA,TRICHOPTERA,HYDROPSYCHIDAE,DIPLECTRONA,DIPLECTRONA,3662,6,1,44.7415842449655,-85.64073472,SmallStreams,Region_05,NRS18_MI_10236,2019,9/9/2019,1,BERW,29.2,Fair,USC00208249
2014593,ARTHROPODA,MALACOSTRACA,ISOPODA,ASELLIDAE,CAECIDOTEA,CAECIDOTEA,3540,3,1,43.4098707092616,-89.54122976,RiversMajor,Region_05,NRS18_WI_10991,2019,9/9/2019,1,BETB,45.88,Good,USC00476796
2014594,ARTHROPODA,INSECTA,COLEOPTERA,ELMIDAE,HETERLIMNIUS,HETERLIMNIUS,3809,29,1,,,,Region_08,NRS18_CO_RF018,,9/9/2019,1,BERW,55,,ACW00011604
2014595,ARTHROPODA,INSECTA,DIPTERA,CHIRONOMIDAE,RHEOCRICOTOPUS,RHEOCRICOTOPUS,4245,1,1,39.2525217901897,-96.32659742,RiversOther,Region_07,NRS18_KS_10049,2019,9/9/2019,1,BETB,44.93,Good,US1KSPT0032
2014596,MOLLUSCA,BIVALVIA,VENEROIDA,PISIDIIDAE,,PISIDIIDAE,4158,6,0,44.3223769336068,-75.4136353,SmallStreams,Region_02,NRS18_NY_10255,2019,9/9/2019,1,BETB,53.58,Fair,USC00303346
2014597,ARTHROPODA,MALACOSTRACA,AMPHIPODA,HYALELLIDAE,HYALELLA,HYALELLA,3821,1,1,39.8720396062406,-95.02724099,RiversMajor,Region_07,NRS18_KS_10002,2019,9/9/2019,1,BETB,50.38,Good,USC00148250
2014598,ARTHROPODA,MALACOSTRACA,AMPHIPODA,GAMMARIDAE,GAMMARUS,GAMMARUS,3744,169,1,40.671572828477,-75.17844197,RiversMajor,Region_02,NRS18_NJ_10032,2019,9/9/2019,1,BETB,21.97,Poor,USC00286974
2014599,ARTHROPODA,INSECTA,DIPTERA,CHIRONOMIDAE,PARATENDIPES,PARATENDIPES,4121,2,1,40.0134958138211,-99.37044728,RiversOther,Region_07,NRS18_NE_11149,2019,9/9/2019,1,BETB,29.9,Fair,USC00149028
2014600,MOLLUSCA,GASTROPODA,,,,GASTROPODA,3745,1,0,45.3852755449355,-115.5332862,RiversMajor,Region_10,NRS18_ID_10014,2019,8/26/2019,1,BETB,50.87,Good,USR0000ISFK
2014601,ARTHROPODA,INSECTA,ODONATA,COENAGRIONIDAE,,COENAGRIONIDAE,3606,,,44.6490701065857,-110.9576214,LargeStreams,Region_08,NRS18_WY_10995,2019,9/9/2019,1,BETB,16.2,Poor,USC00248858
2014602,ARTHROPODA,INSECTA,ODONATA,GOMPHIDAE,OPHIOGOMPHUS,OPHIOGOMPHUS,4069,1,1,44.6939596562443,-111.0906601,LargeStreams,Region_08,NRS18_MT_10079,2019,9/9/2019,1,BETB,32.2,Poor,US1MTGN0024
2014603,ARTHROPODA,INSECTA,EPHEMEROPTERA,HEPTAGENIIDAE,,HEPTAGENIIDAE,3802,1,0,45.1265481702741,-110.8041464,RiversMajor,Region_08,NRS18_MT_10052,2019,9/7/2019,1,BETB,61.7,Good,USC00242054
2014604,ARTHROPODA,INSECTA,EPHEMEROPTERA,EPHEMERELLIDAE,DRUNELLA,DRUNELLA,3676,7,1,45.3078731257083,-109.5258197,LargeStreams,Region_08,NRS18_MT_10084,2019,9/6/2019,1,BERW,95.4,Good,USC00247182
2014605,ARTHROPODA,ARACHNIDA,TROMBIDIFORMES,SPERCHONIDAE,SPERCHON,SPERCHON,4296,4,1,44.8391516346324,-114.7851599,RiversOther,Region_10,NRS18_ID_10013,2019,9/4/2019,1,BETB,52.65,Good,USC00107878
2014606,ARTHROPODA,INSECTA,DIPTERA,CHIRONOMIDAE,PHAENOPSECTRA,PHAENOPSECTRA,4143,2,1,,,,Region_07,NRS18_IA_RF003,,9/10/2019,1,BERW,30.03,,ACW00011604
2014607,ANNELIDA,OLIGOCHAETA,HAPLOTAXIDA,TUBIFICIDAE,LIMNODRILUS,LIMNODRILUS,3925,,,40.7412907482044,-99.51560166,RiversOther,Region_07,NRS18_NE_10043,2019,9/10/2019,1,BETB,43.17,Good,USC00256435
2014608,ARTHROPODA,INSECTA,ODONATA,COENAGRIONIDAE,,COENAGRIONIDAE,3606,1,1,44.6867367015802,-92.69128721,RiversMajor,Region_05,NRS18_WI_10002,2019,9/10/2019,1,BETB,20.82,Poor,US1WIPC0045
2014609,ARTHROPODA,INSECTA,DIPTERA,CHIRONOMIDAE,PSEUDOCHIRONOMUS,PSEUDOCHIRONOMUS,4212,1,1,43.7823072478896,-75.14646536,LargeStreams,Region_02,NRS18_NY_10702,2019,9/10/2019,1,BERW,61.05,Good,USC00306098
2014610,ARTHROPODA,INSECTA,DIPTERA,CHIRONOMIDAE,TANYPUS,TANYPUS,4347,5,1,39.8775448617361,-75.13151153,LargeStreams,Region_02,NRS18_NJ_10003,2019,9/10/2019,1,BETB,13.8,Poor,USC00281106
2014611,ARTHROPODA,INSECTA,DIPTERA,CHIRONOMIDAE,CLADOTANYTARSUS,CLADOTANYTARSUS,3594,15,1,39.8310475286437,-75.3484155,LargeStreams,Region_02,NRS18_NJ_10006,2019,9/10/2019,1,BETB,10.65,Poor,USC00361423
2014612,ANNELIDA,OLIGOCHAETA,ENCHYTRAEIDA,ENCHYTRAEIDAE,,ENCHYTRAEIDAE,3697,13,1,,,,Region_08,NRS18_CO_RF019,,9/10/2019,1,BERW,54.43,,ACW00011604
2014613,ARTHROPODA,INSECTA,DIPTERA,CHIRONOMIDAE,STENOCHIRONOMUS,STENOCHIRONOMUS,4311,1,1,34.507343749302,-88.05036704,LargeStreams,Region_04,NRS18_AL_10031,2019,9/10/2019,1,BERW,54.7,Fair,USC00016805
2014614,ARTHROPODA,ARACHNIDA,TROMBIDIFORMES,HYGROBATIDAE,HYGROBATES,HYGROBATES,3855,1,1,43.9306406,-86.02687062,LargeStreams,Region_05,NRS18_MI_10004,2019,9/10/2019,1,BETB,49.18,Good,USC00200446
2014615,ARTHROPODA,INSECTA,PLECOPTERA,CHLOROPERLIDAE,SWELTSA,SWELTSA,4332,11,1,,,,Region_01,NRS18_NH_RF002,,9/10/2019,1,BERW,50.02,,ACW00011604
2014616,ARTHROPODA,ARACHNIDA,TROMBIDIFORMES,PIONIDAE,,PIONIDAE,4156,1,1,,,,Region_08,NRS18_SD_10001,,9/10/2019,2,BERW,63.2,,ACW00011604
2014617,ANNELIDA,OLIGOCHAETA,HAPLOTAXIDA,TUBIFICIDAE,AULODRILUS,AULODRILUS,3496,2,1,,,,Region_03,NRS18_VA_RF001,,9/10/2019,1,BETB,59.57,,ACW00011604
2014618,ARTHROPODA,INSECTA,DIPTERA,CHIRONOMIDAE,TANYTARSUS,TANYTARSUS,4348,1,1,40.9780962100841,-75.73480962,RiversOther,Region_03,NRS18_PA_10043,2019,9/10/2019,1,BETB,75.63,Good,USC00364932
2014619,ARTHROPODA,INSECTA,PLECOPTERA,NEMOURIDAE,ZAPADA,ZAPADA,4430,9,1,45.2646451965694,-111.3106917,LargeStreams,Region_08,NRS18_MT_10062,2019,9/10/2019,1,BERW,36.8,Fair,USC00240775
2014620,ARTHROPODA,INSECTA,DIPTERA,SIMULIIDAE,SIMULIUM,SIMULIUM,4281,,,39.2683030829941,-76.79422599,RiversOther,Region_03,NRS18_MD_10009,2019,9/10/2019,1,BETB,56.87,Good,US1MDBL0030
2014621,ARTHROPODA,INSECTA,DIPTERA,CHIRONOMIDAE,POLYPEDILUM,POLYPEDILUM,4178,13,1,35.2124482343912,-94.54958161,RiversMajor,Region_06,NRS18_OK_10033,2019,9/10/2019,1,BETB,20.35,Poor,USC00348416
2014622,ARTHROPODA,INSECTA,TRICHOPTERA,POLYCENTROPODIDAE,POLYCENTROPUS,POLYCENTROPUS,4175,1,1,40.2190040739064,-121.9974197,LargeStreams,Region_09,NRS18_CA_10004,2019,9/10/2019,1,BERW,64.75,Good,US1CATH0028
2014623,ARTHROPODA,INSECTA,EPHEMEROPTERA,BAETISCIDAE,BAETISCA,BAETISCA,3502,15,1,43.7387300985053,-74.95859878,LargeStreams,Region_02,NRS18_NY_10028,2019,9/11/2019,1,BETB,45.17,Fair,US1NYHR0020
2014624,ARTHROPODA,INSECTA,DIPTERA,CHIRONOMIDAE,POLYPEDILUM,POLYPEDILUM,4178,13,1,41.3996194278032,-74.73714352,RiversOther,Region_03,NRS18_PA_10044,2019,9/11/2019,1,BETB,75.88,Good,USC00365470
2014625,ARTHROPODA,ARACHNIDA,TROMBIDIFORMES,LEBERTIIDAE,LEBERTIA,LEBERTIA,3892,1,1,37.8951604419384,-88.09551216,RiversMajor,Region_05,NRS18_IN_10032,2019,9/11/2019,1,BETB,30.25,Fair,US1ILGL0001
2014626,ARTHROPODA,INSECTA,DIPTERA,CHIRONOMIDAE,TANYTARSUS,TANYTARSUS,4348,22,1,,,,Region_07,NRS18_IA_RF002,,9/11/2019,1,BERW,32.12,,ACW00011604
2014627,ARTHROPODA,INSECTA,PLECOPTERA,PERLODIDAE,SKWALA,SKWALA,4287,1,1,44.5154912196668,-119.6248102,RiversMajor,Region_10,NRS18_OR_10040,2019,9/11/2019,1,BERW,69.85,Good,US1ORGR0006
2014628,ARTHROPODA,INSECTA,DIPTERA,CHIRONOMIDAE,,CRICOTOPUS/ORTHOCLADIUS,3623,3,1,40.0154233377652,-75.03391151,RiversMajor,Region_02,NRS18_NJ_11233,2019,9/11/2019,1,BETB,4.15,Poor,US1NJBT0071
2014629,ARTHROPODA,INSECTA,EPHEMEROPTERA,EPHEMERIDAE,,EPHEMERIDAE,3707,1,0,,,,Region_04,NRS18_MS_10010,,9/11/2019,2,BETB,46.1,,ACW00011604
2014630,ARTHROPODA,INSECTA,TRICHOPTERA,LEPTOCERIDAE,OECETIS,OECETIS,4060,8,1,,,,Region_03,NRS18_VA_RF002,,9/11/2019,1,BETB,66.78,,ACW00011604
2014631,ARTHROPODA,INSECTA,PLECOPTERA,CAPNIIDAE,,CAPNIIDAE,3555,1,0,,,,Region_08,NRS18_CO_RF020,,9/11/2019,1,BERW,51.48,,ACW00011604
2014632,ARTHROPODA,INSECTA,TRICHOPTERA,HYDROPSYCHIDAE,HYDROPSYCHE,HYDROPSYCHE,3844,14,1,39.7262441358263,-94.91122091,RiversMajor,Region_07,NRS18_KS_10009,2019,9/17/2019,1,BETB,57.3,Good,US1KSDP0007
2014633,ARTHROPODA,ARACHNIDA,TROMBIDIFORMES,HYGROBATIDAE,HYGROBATES,HYGROBATES,3855,1,1,38.6199529057786,-95.27727329,SmallStreams,Region_07,NRS18_KS_10113,2019,9/11/2019,1,BETB,7.13,Poor,USC00146128
2014634,ARTHROPODA,INSECTA,DIPTERA,CHIRONOMIDAE,,CHIRONOMIDAE,3581,1,0,45.9395376912345,-110.5224726,LargeStreams,Region_08,NRS18_MT_10107,2019,9/11/2019,1,BERW,95.42,Good,USC00249023
2014635,ARTHROPODA,INSECTA,TRICHOPTERA,HYDROPSYCHIDAE,HYDROPSYCHE,HYDROPSYCHE,3844,1,1,,,,Region_08,NRS18_SD_10002,,9/11/2019,2,BETB,32.17,,ACW00011604
2014636,ARTHROPODA,INSECTA,PLECOPTERA,CHLOROPERLIDAE,SWELTSA,SWELTSA,4332,1,1,43.4776138804642,-74.23156023,SmallStreams,Region_02,NRS18_NY_10279,2019,9/12/2019,1,BERW,45.63,Fair,USC00308080
2014637,ANNELIDA,OLIGOCHAETA,HAPLOTAXIDA,,,HAPLOTAXIDA,3783,,,,,,Region_08,NRS18_MT_10027,,9/12/2019,2,BERW,47.27,,ACW00011604
2014638,ARTHROPODA,INSECTA,EPHEMEROPTERA,BAETIDAE,,BAETIDAE,3500,1,0,41.4599829734634,-77.50980034,RiversOther,Region_03,NRS18_PA_10024,2019,9/12/2019,1,BERW,79.52,Good,USC00367214
2014639,ARTHROPODA,INSECTA,COLEOPTERA,ELMIDAE,STENELMIS,STENELMIS,4310,32,1,39.4635644455982,-77.3875051,RiversOther,Region_03,NRS18_MD_10018,2019,9/12/2019,1,BETB,60.52,Good,US1MDFR0040
2014640,MOLLUSCA,BIVALVIA,VENEROIDA,PISIDIIDAE,,PISIDIIDAE,4158,3,1,,,,Region_01,NRS18_ME_10006,,9/12/2019,2,BERW,81.22,,ACW00011604
2014641,ARTHROPODA,INSECTA,TRICHOPTERA,GLOSSOSOMATIDAE,PROTOPTILA,PROTOPTILA,4203,5,1,40.8128161048239,-75.09568382,RiversMajor,Region_02,NRS18_NJ_10020,2019,9/12/2019,1,BETB,34.67,Fair,USC00280734
2014642,ANNELIDA,OLIGOCHAETA,HAPLOTAXIDA,TUBIFICIDAE,BRANCHIURA,BRANCHIURA,3532,1,1,33.513007469051,-84.82876669,RiversMajor,Region_04,NRS18_GA_10020,2019,9/12/2019,1,BETB,26.63,Poor,US1GACW0020
2014643,ARTHROPODA,INSECTA,EPHEMEROPTERA,BAETIDAE,BAETIS,BAETIS,3501,1,1,39.2075069332896,-94.81716042,SmallStreams,Region_07,NRS18_KS_10041,2019,9/18/2019,1,BETB,37.53,Fair,US1MOPT0008
2014644,ARTHROPODA,INSECTA,EPHEMEROPTERA,BAETIDAE,LABIOBAETIS,LABIOBAETIS,4774,5,1,39.0602725319598,-94.84194972,RiversMajor,Region_07,NRS18_KS_10051,2019,9/19/2019,1,BETB,51.13,Good,US1KSJO0038
2014645,ARTHROPODA,MALACOSTRACA,DECAPODA,PALAEMONIDAE,PALAEMONETES,PALAEMONETES,4091,2,1,36.0726263380103,-77.86767156,LargeStreams,Region_04,NRS18_NC_10346,2019,9/12/2019,1,BERW,30.1,Poor,US1NCNS0020
2014646,ARTHROPODA,INSECTA,PLECOPTERA,CHLOROPERLIDAE,SWELTSA,SWELTSA,4332,4,1,42.8111887080482,-74.69352931,SmallStreams,Region_02,NRS18_NY_10283,2019,9/13/2019,1,BERW,19.25,Poor,USC00307664
2014647,ARTHROPODA,INSECTA,DIPTERA,CHIRONOMIDAE,SUBLETTEA,SUBLETTEA,4327,4,1,42.6910615356481,-75.45007772,SmallStreams,Region_02,NRS18_NY_10286,2019,9/13/2019,1,BERW,30.08,Poor,US1NYCN0008
2014648,ARTHROPODA,INSECTA,DIPTERA,CHIRONOMIDAE,CRYPTOCHIRONOMUS,CRYPTOCHIRONOMUS,3625,3,1,,,,Region_01,NRS18_ME_10002,,9/13/2019,2,BETB,8.25,,ACW00011604
2014649,ARTHROPODA,MALACOSTRACA,AMPHIPODA,GAMMARIDAE,GAMMARUS,GAMMARUS,3744,53,1,42.1009928772779,-75.91593829,RiversOther,Region_02,NRS18_NY_10091,2019,9/15/2019,1,BETB,6.98,Poor,USW00014798
2014650,ARTHROPODA,INSECTA,DIPTERA,TIPULIDAE,HEXATOMA,HEXATOMA,3817,,,31.2261890336665,-88.7917482,SmallStreams,Region_04,NRS18_MS_10013,2019,9/13/2019,1,BERW,54.75,Fair,USC00220347
2014651,ARTHROPODA,INSECTA,DIPTERA,MUSCIDAE,,MUSCIDAE,3996,2,1,,,,Region_01,NRS18_ME_10001,,9/15/2019,2,BERW,59.5,,ACW00011604
2014652,ARTHROPODA,INSECTA,EPHEMEROPTERA,BAETIDAE,BAETIS,BAETIS,3501,2,1,45.9913900470035,-111.4634049,RiversMajor,Region_08,NRS18_MT_10048,2019,9/13/2019,1,BETB,58.68,Good,USC00248363
2014653,ARTHROPODA,INSECTA,EPHEMEROPTERA,BAETIDAE,BAETIS,BAETIS,3501,1,1,,,,Region_08,NRS18_MT_10002,,9/15/2019,2,BETB,46.35,,ACW00011604
2014654,ANNELIDA,OLIGOCHAETA,HAPLOTAXIDA,NAIDIDAE,NAIS,NAIS,4004,,,39.2284347575187,-76.66950694,RiversOther,Region_03,NRS18_MD_10632,2019,9/16/2019,1,BETB,40.3,Poor,US1MDBL0051
2014655,ARTHROPODA,INSECTA,DIPTERA,CHIRONOMIDAE,STEMPELLINA,STEMPELLINA,4307,1,1,37.6228267211309,-78.34483344,SmallStreams,Region_03,NRS18_VA_10018,2019,9/16/2019,1,BERW,37.35,Fair,USC00442163
2014656,ARTHROPODA,ARACHNIDA,TROMBIDIFORMES,LIMNESIIDAE,LIMNESIA,LIMNESIA,3920,2,1,32.2888194766081,-87.29103471,RiversOther,Region_04,NRS18_AL_10638,2019,9/15/2019,1,BERW,65.25,Good,USC00016161
2014657,ANNELIDA,OLIGOCHAETA,HAPLOTAXIDA,NAIDIDAE,,NAIDIDAE,4003,2,1,31.741664998989,-88.09560019,RiversMajor,Region_04,NRS18_AL_10017,2019,9/16/2019,1,BETB,31.3,Poor,USC00011810
2014658,ARTHROPODA,INSECTA,DIPTERA,SIMULIIDAE,SIMULIUM,SIMULIUM,4281,1,1,42.1614409231335,-75.85677932,RiversOther,Region_02,NRS18_NY_10013,2019,9/16/2019,1,BETB,61.75,Good,US1NYBM0032
2014659,ARTHROPODA,ARACHNIDA,TROMBIDIFORMES,HYGROBATIDAE,HYGROBATES,HYGROBATES,3855,3,1,,,,Region_07,NRS18_KS_10012,,9/16/2019,2,BERW,36.22,,ACW00011604
2014660,ARTHROPODA,INSECTA,DIPTERA,EPHYDRIDAE,,EPHYDRIDAE,3711,1,1,,,,Region_07,NRS18_NE_10059,,9/16/2019,2,BETB,61.65,,ACW00011604
2014661,ARTHROPODA,INSECTA,EPHEMEROPTERA,EPHEMERELLIDAE,EPHEMERELLA,EPHEMERELLA,3705,3,1,,,,Region_01,NRS18_ME_10007,,9/16/2019,2,BETB,62.38,,ACW00011604
2014662,ARTHROPODA,INSECTA,DIPTERA,CHIRONOMIDAE,PARAMETRIOCNEMUS,PARAMETRIOCNEMUS,4112,1,1,40.9829547714052,-111.4506502,RiversMajor,Region_08,NRS18_UT_10007,2019,9/16/2019,1,BERW,16.82,Poor,USC00422385
2014663,ANNELIDA,OLIGOCHAETA,ENCHYTRAEIDA,ENCHYTRAEIDAE,,ENCHYTRAEIDAE,3697,1,1,41.4515225355132,-74.76150688,SmallStreams,Region_02,NRS18_NY_10290,2019,9/15/2019,1,BERW,41.03,Fair,USC00365470
2014664,ARTHROPODA,INSECTA,TRICHOPTERA,HYDROPSYCHIDAE,HYDROPSYCHE,HYDROPSYCHE,3844,1,1,43.4527886516084,-74.86123359,SmallStreams,Region_02,NRS18_NY_10251,2019,9/16/2019,1,BERW,48.27,Fair,USC00305987
2014665,PLATYHELMINTHES,TURBELLARIA,,,,TURBELLARIA,4393,1,1,42.8593155366816,-84.91912977,RiversOther,Region_05,NRS18_MI_10054,2019,9/17/2019,1,BETB,60.7,Good,USC00206690
2014666,ARTHROPODA,INSECTA,ODONATA,GOMPHIDAE,GOMPHUS,GOMPHUS,3760,1,1,,,,Region_07,NRS18_NE_10014,,9/17/2019,2,BETB,31.28,,ACW00011604
2014667,ARTHROPODA,ARACHNIDA,TROMBIDIFORMES,LEBERTIIDAE,LEBERTIA,LEBERTIA,3892,6,1,41.5925486177503,-111.1414781,RiversMajor,Region_08,NRS18_UT_10006,2019,9/17/2019,1,BERW,30.65,Poor,USC00427165
2014668,ARTHROPODA,INSECTA,DIPTERA,CHIRONOMIDAE,POLYPEDILUM,POLYPEDILUM,4178,3,1,35.3993593915435,-95.79264844,RiversOther,Region_06,NRS18_OK_10012,2019,9/16/2019,1,BETB,23.12,Fair,USC00342485
2014669,ANNELIDA,OLIGOCHAETA,HAPLOTAXIDA,NAIDIDAE,PRISTINA,PRISTINA,4188,1,1,42.0662138423022,-78.4661779,RiversMajor,Region_02,NRS18_NY_11299,2019,9/17/2019,1,BETB,29.15,Poor,USC00306196
2014670,ARTHROPODA,INSECTA,DIPTERA,CHIRONOMIDAE,POLYPEDILUM,POLYPEDILUM,4178,71,1,,,,Region_07,NRS18_KS_10029,,9/17/2019,2,BERW,37.33,,ACW00011604
2014671,ARTHROPODA,INSECTA,DIPTERA,CHIRONOMIDAE,ABLABESMYIA,ABLABESMYIA,3406,1,1,45.5632277216663,-101.5487173,LargeStreams,Region_08,NRS18_SD_10006,2019,9/17/2019,1,BERW,24.88,Poor,USC00394273
2014672,ARTHROPODA,INSECTA,DIPTERA,CHIRONOMIDAE,AXARUS,AXARUS,3498,3,1,32.086811178796,-90.94759444,RiversMajor,Region_04,NRS18_MS_10008,2019,9/17/2019,1,BETB,39.37,Poor,US1MSWR0007
2014673,ARTHROPODA,INSECTA,EPHEMEROPTERA,HEPTAGENIIDAE,MACCAFFERTIUM,MACCAFFERTIUM,3948,,,39.8342987381287,-75.57709346,RiversOther,Region_03,NRS18_DE_10004,2019,9/17/2019,1,BETB,27.02,Poor,US1DENC0031
2014674,ARTHROPODA,INSECTA,PLECOPTERA,LEUCTRIDAE,,LEUCTRIDAE,3913,2,1,47.6457553231903,-115.6609505,SmallStreams,Region_08,NRS18_MT_10270,2019,9/17/2019,1,BERW,64.57,Good,US1MTSN0004
2014675,ARTHROPODA,INSECTA,DIPTERA,CHIRONOMIDAE,TVETENIA,TVETENIA,4394,3,1,,,,Region_08,NRS18_MT_10001,,9/16/2019,2,BERW,68.72,,ACW00011604
2014676,ARTHROPODA,INSECTA,EPHEMEROPTERA,LEPTOPHLEBIIDAE,,LEPTOPHLEBIIDAE,3904,4,1,38.3641717225057,-119.4447781,LargeStreams,Region_09,NRS18_CA_10027,2019,9/17/2019,1,BERW,89.15,Good,USS0019L42S
2014677,ARTHROPODA,INSECTA,TRICHOPTERA,APATANIIDAE,APATANIA,APATANIA,3466,1,1,40.8333481516796,-74.98271063,LargeStreams,Region_02,NRS18_NJ_10633,2019,9/18/2019,1,BERW,62.93,Good,US1NJWR0049
2014678,ARTHROPODA,INSECTA,DIPTERA,EMPIDIDAE,HEMERODROMIA,HEMERODROMIA,3799,2,1,42.9034550082701,-90.94248159,SmallStreams,Region_05,NRS18_WI_10248,2019,9/18/2019,1,BERW,23.85,Fair,US1WIGT0011
2014679,ARTHROPODA,INSECTA,TRICHOPTERA,ODONTOCERIDAE,PSILOTRETA,PSILOTRETA,4220,2,1,46.0243044591162,-68.60342836,LargeStreams,Region_01,NRS18_ME_10011,2019,9/17/2019,1,BETB,63.75,Good,US1MEPN0006
2014680,ARTHROPODA,INSECTA,TRICHOPTERA,LEPIDOSTOMATIDAE,LEPIDOSTOMA,LEPIDOSTOMA,3895,5,1,46.0328276595103,-68.60542015,SmallStreams,Region_01,NRS18_ME_10009,2019,9/17/2019,1,BERW,50.05,Fair,US1MEPN0006
2014681,ARTHROPODA,INSECTA,DIPTERA,CHIRONOMIDAE,LABRUNDINIA,LABRUNDINIA,3882,2,1,,,,Region_03,NRS18_VA_RF006,,9/17/2019,1,BETB,24.58,,ACW00011604
2014682,ARTHROPODA,INSECTA,ODONATA,COENAGRIONIDAE,ARGIA,ARGIA,3476,7,1,32.1167161662138,-90.87776704,RiversMajor,Region_04,NRS18_MS_10017,2019,9/18/2019,1,BETB,33.47,Poor,US1MSWR0007
2014683,ARTHROPODA,INSECTA,COLEOPTERA,ELMIDAE,STENELMIS,STENELMIS,4310,1,1,44.7746721566496,-67.49839354,SmallStreams,Region_01,NRS18_ME_10021,2019,9/18/2019,1,BETB,8.8,Poor,USC00174878
2014684,ARTHROPODA,INSECTA,TRICHOPTERA,BRACHYCENTRIDAE,,BRACHYCENTRIDAE,3525,2,0,48.7863051909363,-115.9950231,SmallStreams,Region_08,NRS18_MT_10097,2019,9/18/2019,1,BERW,77.95,Good,USC00248395
2014685,ARTHROPODA,INSECTA,EPHEMEROPTERA,LEPTOHYPHIDAE,TRICORYTHODES,TRICORYTHODES,4384,6,1,40.3391040033828,-110.3032913,RiversOther,Region_08,NRS18_UT_10039,2019,9/18/2019,1,BERW,78.63,Good,USC00420074
2014686,ARTHROPODA,INSECTA,DIPTERA,CHIRONOMIDAE,TANYTARSUS,TANYTARSUS,4348,13,1,39.6568174283923,-78.40977244,LargeStreams,Region_03,NRS18_MD_10481,2019,9/19/2019,1,BERW,60.28,Good,USC00360256
2014687,ARTHROPODA,ARACHNIDA,TROMBIDIFORMES,ARRENURIDAE,ARRENURUS,ARRENURUS,3481,10,1,41.880512963896,-85.65127107,RiversMajor,Region_05,NRS18_MI_10982,2019,9/19/2019,1,BETB,21.93,Poor,US1MISJ0004
2014688,ARTHROPODA,INSECTA,EPHEMEROPTERA,LEPTOPHLEBIIDAE,,LEPTOPHLEBIIDAE,3904,,,33.6018824469054,-88.84010781,RiversOther,Region_04,NRS18_MS_10016,2019,9/19/2019,1,BERW,51.22,Fair,USC00226670
2014689,ARTHROPODA,INSECTA,COLEOPTERA,ELMIDAE,OULIMNIUS,OULIMNIUS,4082,8,1,35.3551439388197,-83.02465971,SmallStreams,Region_04,NRS18_NC_10035,2019,9/19/2019,1,BERW,74.13,Good,USC00310490
2014690,ARTHROPODA,INSECTA,COLEOPTERA,ELMIDAE,DUBIRAPHIA,DUBIRAPHIA,3678,5,1,45.7285000745009,-101.9843773,RiversMajor,Region_08,NRS18_SD_10009,2019,9/18/2019,1,BERW,81.92,Good,USC00394493
2014691,ARTHROPODA,INSECTA,DIPTERA,CHIRONOMIDAE,TANYTARSUS,TANYTARSUS,4348,1,1,,,,Region_01,NRS18_MA_10002,,9/20/2019,2,BETB,11.7,,ACW00011604
2014692,ARTHROPODA,ARACHNIDA,TROMBIDIFORMES,UNIONICOLIDAE,UNIONICOLA,UNIONICOLA,4400,1,1,,,,Region_01,NRS18_CT_10007,,9/22/2019,2,BETB,1.03,,ACW00011604
2014693,ARTHROPODA,INSECTA,DIPTERA,CHIRONOMIDAE,NANOCLADIUS,NANOCLADIUS,4005,,,47.290457181217,-110.9028238,LargeStreams,Region_08,NRS18_MT_10603,2019,9/20/2019,1,BERW,77.63,Good,USC00246902
2014694,MOLLUSCA,GASTROPODA,BASOMMATOPHORA,LYMNAEIDAE,STAGNICOLA,STAGNICOLA,4304,66,1,43.7843391655432,-89.95721463,RiversOther,Region_05,NRS18_WI_10841,2019,9/23/2019,1,BETB,59.17,Good,US1WIJN0011
2014695,ARTHROPODA,INSECTA,DIPTERA,STRATIOMYIDAE,,STRATIOMYIDAE,4318,1,1,39.6531731744641,-98.88144118,SmallStreams,Region_07,NRS18_KS_10106,2019,9/23/2019,1,BERW,52.53,Good,US1KSSM0014
2014696,ARTHROPODA,MALACOSTRACA,AMPHIPODA,HYALELLIDAE,HYALELLA,HYALELLA,3821,5,1,41.4310050899113,-72.44427755,RiversMajor,Region_01,NRS18_CT_10020,2019,9/23/2019,1,BETB,1.85,Poor,US1CTMD0030
2014697,ARTHROPODA,INSECTA,DIPTERA,CHIRONOMIDAE,ABLABESMYIA,ABLABESMYIA,3406,1,1,,,,Region_02,NRS18_NJ_10032,,9/23/2019,2,BETB,36.42,,ACW00011604
2014698,ARTHROPODA,INSECTA,DIPTERA,CHIRONOMIDAE,THIENEMANNIELLA,THIENEMANNIELLA,4361,4,1,42.3476418794505,-98.09792178,LargeStreams,Region_07,NRS18_NE_10544,2019,9/23/2019,1,BERW,42.97,Fair,USC00257347
2014699,ARTHROPODA,INSECTA,TRICHOPTERA,HYDROPSYCHIDAE,CHEUMATOPSYCHE,CHEUMATOPSYCHE,3578,1,1,46.510680797804,-90.70870421,SmallStreams,Region_05,NRS18_WI_10018,2019,9/23/2019,1,BERW,42.83,Good,US1WIAS0017
2014700,ARTHROPODA,INSECTA,DIPTERA,CHIRONOMIDAE,DICROTENDIPES,DICROTENDIPES,3658,24,1,44.0206236668912,-82.99065842,LargeStreams,Region_05,NRS18_MI_10077,2019,9/24/2019,1,BERW,33.37,Fair,USC00206662
2014701,ANNELIDA,OLIGOCHAETA,HAPLOTAXIDA,TUBIFICIDAE,,TUBIFICIDAE,4391,3,1,44.4221968801946,-92.08192414,RiversMajor,Region_05,NRS18_WI_10026,2019,9/24/2019,1,BETB,71.98,Good,USC00216777
2014702,ARTHROPODA,INSECTA,COLEOPTERA,ELMIDAE,OPTIOSERVUS,OPTIOSERVUS,4071,10,1,41.2887064241072,-77.34122825,RiversOther,Region_03,NRS18_PA_10013,2019,9/24/2019,1,BERW,75.93,Good,USC00369328
2014703,ARTHROPODA,INSECTA,DIPTERA,CHIRONOMIDAE,TANYTARSUS,TANYTARSUS,4348,9,1,39.4915962370976,-119.9936908,RiversMajor,Region_09,NRS18_NV_10025,2019,9/23/2019,1,BERW,34.15,Poor,USC00262903
2014704,ANNELIDA,OLIGOCHAETA,ENCHYTRAEIDA,ENCHYTRAEIDAE,,ENCHYTRAEIDAE,3697,2,1,,,,Region_02,NRS18_NJ_10003,,9/24/2019,2,BETB,21.58,,ACW00011604
2014705,ARTHROPODA,INSECTA,DIPTERA,CHIRONOMIDAE,RHEOTANYTARSUS,RHEOTANYTARSUS,4247,55,1,41.2106780096743,-98.11081879,RiversOther,Region_07,NRS18_NE_10075,2019,9/24/2019,1,BETB,22.33,Fair,US10merr008
2014706,ARTHROPODA,INSECTA,DIPTERA,CHIRONOMIDAE,PARATANYTARSUS,PARATANYTARSUS,4120,2,1,47.3073309448478,-93.83195833,RiversMajor,Region_05,NRS18_MN_10035,2019,9/24/2019,1,BETB,31.03,Fair,US1MNIT0010
2014707,ARTHROPODA,INSECTA,DIPTERA,TIPULIDAE,,TIPULIDAE,4369,1,1,47.1159185131861,-103.5773164,RiversOther,Region_08,NRS18_ND_10676,2019,9/24/2019,1,BERW,27.65,Poor,USC00325818
2014708,ARTHROPODA,INSECTA,DIPTERA,CHIRONOMIDAE,POTTHASTIA,POTTHASTIA,4187,,,41.922584099611,-77.12922788,RiversOther,Region_03,NRS18_PA_10009,2019,9/25/2019,1,BERW,39.15,Poor,USC00368868
2014709,ARTHROPODA,INSECTA,EPHEMEROPTERA,BAETIDAE,LABIOBAETIS,LABIOBAETIS,4774,1,1,,,,Region_05,NRS18_WI_10002,,9/25/2019,2,BETB,30.07,,ACW00011604
2014710,ARTHROPODA,INSECTA,EPHEMEROPTERA,EPHEMERIDAE,HEXAGENIA,HEXAGENIA,3816,5,1,45.676091120853,-100.7860983,RiversMajor,Region_08,NRS18_SD_11901,2019,9/25/2019,1,BETB,67.63,Good,USC00394947
2014711,ARTHROPODA,ARACHNIDA,TROMBIDIFORMES,HYGROBATIDAE,HYGROBATES,HYGROBATES,3855,1,1,47.5805836050668,-103.2104375,RiversOther,Region_08,NRS18_ND_10033,2019,9/24/2019,1,BETB,61.13,Good,USC00329246
2014712,ARTHROPODA,INSECTA,DIPTERA,CHIRONOMIDAE,DICROTENDIPES,DICROTENDIPES,3658,1,1,38.0570843827556,-95.63541799,SmallStreams,Region_07,NRS18_KS_10101,2019,9/25/2019,1,BETB,59.92,Good,USC00144675
2014713,MOLLUSCA,BIVALVIA,UNIONOIDA,,,UNIONOIDA,4403,1,1,35.9360383603231,-78.57082561,RiversOther,Region_04,NRS18_NC_10016,2019,9/25/2019,1,BETB,15.75,Poor,US1NCWK0037
2014714,ARTHROPODA,INSECTA,DIPTERA,CHIRONOMIDAE,CHIRONOMUS,CHIRONOMUS,3582,2,1,43.0701322137376,-98.80039839,SmallStreams,Region_08,NRS18_SD_10005,2019,9/25/2019,1,BERW,27.37,Poor,US1SDGY0011
2014715,ARTHROPODA,INSECTA,EPHEMEROPTERA,BAETIDAE,BAETIS,BAETIS,3501,,,35.9966447188938,-80.3368354,RiversOther,Region_04,NRS18_NC_10897,2019,9/24/2019,1,BERW,28.55,Poor,US1NCFR0002
2014716,ARTHROPODA,INSECTA,EPHEMEROPTERA,BAETIDAE,ACERPENNA,ACERPENNA,3408,2,1,47.2333499429092,-94.09288761,RiversOther,Region_05,NRS18_MN_10064,2019,9/25/2019,1,BETB,47.7,Good,US1MNCS0025
2014717,ARTHROPODA,INSECTA,COLEOPTERA,ELMIDAE,OPTIOSERVUS,OPTIOSERVUS,4071,12,1,45.2668619634108,-91.7086505,RiversOther,Region_05,NRS18_WI_10025,2019,9/26/2019,1,BETB,71.72,Good,US1WIBR0011
2014718,ANNELIDA,OLIGOCHAETA,HAPLOTAXIDA,NAIDIDAE,DERO,DERO,3646,,,34.3292922446446,-79.03642484,RiversOther,Region_04,NRS18_NC_10038,2019,9/26/2019,1,BETB,53.47,Fair,USC00312933
2014719,ARTHROPODA,INSECTA,EPHEMEROPTERA,BAETIDAE,FALLCEON,FALLCEON,3729,1,1,43.8100867155221,-100.8971395,RiversMajor,Region_08,NRS18_SD_10065,2019,9/26/2019,1,BETB,41.1,Poor,US1SDJN0007
2014720,ARTHROPODA,INSECTA,DIPTERA,STRATIOMYIDAE,,STRATIOMYIDAE,4318,1,1,46.7997187970308,-101.1068408,RiversOther,Region_08,NRS18_ND_10049,2019,9/27/2019,1,BERW,64.07,Good,US1NDMT0003
2014721,ARTHROPODA,INSECTA,DIPTERA,CHIRONOMIDAE,DICROTENDIPES,DICROTENDIPES,3658,4,1,35.3186968496856,-82.01724709,RiversMajor,Region_04,NRS18_NC_10017,2019,9/27/2019,1,BETB,15.98,Poor,USC00313152
2014722,ARTHROPODA,INSECTA,DIPTERA,SIMULIIDAE,SIMULIUM,SIMULIUM,4281,1,1,36.2149171848822,-80.96029346,RiversOther,Region_04,NRS18_NC_10007,2019,9/29/2019,1,BETB,36.78,Fair,US1NCYD0010
2014723,ARTHROPODA,INSECTA,EPHEMEROPTERA,,,EPHEMEROPTERA,3708,1,0,39.01991425,-97.62109954,SmallStreams,Region_07,NRS18_KS_10027,2019,10/7/2019,1,BETB,48.7,Good,US1KSOT0014
2014724,MOLLUSCA,BIVALVIA,VENEROIDA,PISIDIIDAE,MUSCULIUM,MUSCULIUM,3997,13,1,37.7611647454756,-94.9562043,SmallStreams,Region_07,NRS18_KS_10097,2019,10/1/2019,1,BETB,12.33,Poor,US1KSBB0011
2014734,ANNELIDA,OLIGOCHAETA,HAPLOTAXIDA,TUBIFICIDAE,AULODRILUS,AULODRILUS,3496,26,1,46.9213670679123,-92.05263872,SmallStreams,Region_05,NRS18_MN_10261,2019,10/2/2019,1,BERW,67.73,Good,US1MNSL0105
2014736,ANNELIDA,OLIGOCHAETA,HAPLOTAXIDA,NAIDIDAE,,NAIDIDAE,4003,1,1,,,,Region_07,NRS18_KS_10051,,10/3/2019,2,BETB,29.37,,ACW00011604
2011534,ARTHROPODA,INSECTA,EPHEMEROPTERA,LEPTOHYPHIDAE,TRICORYTHODES,TRICORYTHODES,4384,2,1,39.4952256879638,-97.23190219,RiversMajor,Region_07,NRS18_KS_10050,2019,10/8/2019,1,BETB,48.82,Good,US1KSCY0015
